;content;design;functionalitate;livrare_ambalaj;calitate_pret;satisfactie_generala
0;se aud foarte bine si sunt confortabile. atata tot ca trebuie sa ai grija la portiunea de fir de langa mufa, caci e mai sensibila.;1.0;1;0;0.0;0
1;acumulatorul la raporul calitate pret este foarte bun. raspunde descrierii facute, mai putin la timpu de incarcare care este destul de mare. recomand.;0.0;1;0;1.0;1
2;acceptabil, pt pretul asta;0.0;0;0;1.0;1
3;"m am chinui prima oara vreo 5 minute sa il bag in locasul brichetei, pana i am gasit ""punctul"" in care intra. sta destul de bine odata pus acolo, se scoate tot greu, dar mai greu intra. incarca fast charge, e micut si e ok. mai ales la 20 de lei. are un mic led albastru, un punct de lumina care te anunta ca e la incarcat. per total un produs bun.";1.0;1;0;0.0;1
4;bun???????;0.0;0;0;0.0;1
5;este ok, dar lipseste usb c si un strat aderent ca sa nu alunece telefonul pus la incarcat pe wireless.;1.0;0;0;0.0;1
6;pro: finisaje bune, se misca destul de rapid  contra: rezolutia poate sa deranjeze;1.0;1;0;0.0;0
7;initial am achizitionat o tableta vonino magnet w10 de care am fost super dezamagit de lag-ul pe care il avea aceasta tableta de la vonino. am facut retur tableta vonino si am ales tableta aceasta de la huawei care are aproximativ aceleasi specificatii tehnice cu exceptia procesorului. am dat in plus 100 de lei si sunt foarte multumit de noua achizitie. functioneaza impecabil si fara nici un lag. recomand.  cei care zic ca nu are slot de sim si 3g/4g, eu nu am vazut in specificatii tehnice ale tablete sa scrie despre acestea. intr-adevar exista acelasi model de tableta care are si suport gsm, dar costa dublu. exista acelasi model si cu 3gb ram si 32gb memorie interna. si tot huawei mediapad t3 10 se numeste. deci atentie mare la ce cumparati.;0.0;1;0;0.0;1
8;+ livrare rapida, calitate buna  - nu este 100% compatibila cu asus z380 knl ( decupajul pt buton on/off, buton volum si decupajul pt camera spate nu sunt tocmai perfecte), apesi greu pe volum + si - si buton in/off iar camera spate este acoperita foarte putin de husa. am vrut sa o dau retur dar sau complicat lucrurile cu, curierul si am renuntat. multumit doar 90%.;0.0;0;1;0.0;1
9;am cautat mai mult pana sa gasesc un ceas pentru ce am nevoie. toate modelele sunt pentru sport si masoara prea multe. xiaomi are cate putin din fiecare. am conectat foarte repede, nu se deconecteaza usor si notificarile vin imediat. ce am gasit ca si problema si nu stiu de unde este, nu afiseaza numele apelantului, dar cred ca este o problema de permisivitate si sper sa o rezolv.;0.0;1;0;0.0;0
10;un produs bun in raport pret calitate!;0.0;0;0;1.0;1
11;capacitatea e adevarata, daca temperatura nu e prea coborata. la -10c nu mai da (aproape) nimic.;0.0;1;0;0.0;0
12;plusuri:  + magnet foarte puternic  + prindere cauciucata de grila de ventilatie  + punctul de rotatie ferm  + accesorii pentru toate marimile de telefon/tableta.    minusuri:  - cauciucul care ia contact cu grila de ventilatie este prins de partea de plastic a suportului cu o banda adeziva care aluneca usor in timp  - ca si solutie constructiva, greutatea telefonului in suport va trage in jos grila orizontala de ventilatie aceasta grila ajunge intr-o pozitie relativ orizontala, caci nu coboara mai jos datorita corpului de plastic al suportului, care si el se atinge de grila.    p. s.: in general, placuta metalica ce s-ar lipi de telefon impiedica incarcarea wireless eu am bagat-o intre husa de telefon si acesta (fara sa o lipesc), pentru un galaxy s8, in partea inferioara nu am probleme cu incarcatul wireless.    ca o concluzie: recomand!;1.0;1;0;0.0;1
13;produsul este ok, bateria tine 2 zile.;0.0;0;0;0.0;1
14;produsul este foarte bun, recomand acest produs deoarece nu este atat de scump pe cat de bun este. dau cu o stea mai putin deoarece cablul de incarcare cu care a venit mi s-a stricat dupa 4 luni, dar nu stiu de ce, adica se conecteaza, se deconecteaza si tot asa..;1.0;0;0;1.0;1
15;e ok, incarca un pic cam greu, cablu de incarcare cam scurt...;1.0;1;0;0.0;1
16;- acumulator cumparat de 2 sapt la 90 de lei: am incarcat de 4-5 ori full un i6s   - este destul de greu pt o geanta mica  - aspect placut, lucios  - saculetul cu care vine este f util  - ledurile care indica cat de incarcat este acumulatorul sunt f utile  - la incarcat - l am lasat peste noapte si dimineata era full;1.0;1;0;0.0;0
17;exact pe gustul meu;0.0;0;0;0.0;1
18;foarte, foarte bun produsul, recomand tuturor care doresc un produs de calitate.;0.0;0;0;1.0;1
19;produs ok.;0.0;0;0;0.0;1
20;il am de aproximativ 6 luni si il port in principiu zilnic. in acest timp l-am tinut conectat la iphone 6s. desi ceasul este ?limitat? cand este impreunat cu un iphone, tot pot spune ca sunt multumit de el si face tot ce asi fi asteptat de la un smartwatch. conexiunea bluetooth e in principiu buna, uneori se deconecteaza de la telefon, dar asta e o problema de compatibilitate si nu una a dispozitivului. display-ul este foarte luminos si frumoz, lizibil si in cea mai insorita zi. functiile s-health sunt destul de exacte (ex: pasi, km parcursi, ore de somn). bateria tine aproximativ o zi jumatate - doua cu always-on si bluethooth conectat constant, cateva convorbiri telefonice si putina joaca cu ceasul fara always-on si cu bluetooth ocazional poate tine 3-4 zile. am avut ocazii in care s-a blocat si a trebuit sa il resetez. am observat ca se intampla asta cand instalez multe aplicatii si fete. din acest motiv momentan am revenit la fetele din fabrica si putine aplicatii peste cele standard. daca tot veni vorba de aplicatii trebuie mentionat ca, magazinul tizen este destul de sarac, fiind putine aplicatii si fete de ceas si multe dintre cele existe sunt extrem de kitsch-oase. din punct de vedere estetic i-as acorda 10 stele. chiar si dupa cateva luni bune mi se pare ca arata grozav pe mana.;1.0;1;0;0.0;1
21;foarte bun, arata si bine;1.0;0;0;0.0;1
22;isi face treaba, radio functioneaza cu cablu conectat pt incarcare si fara card. in rest pate ok.;0.0;1;0;0.0;1
23;ceasul arata bine, este destul de solid, iar varianta de 46 (ce am eu) nu e atat de mare pe cat ma asteptam. dimensiunea zic eu ca e ok pentru oricine.  raspunde destul de repede atunci cand vrei sa vezi ora. in functie de setari... ecranul e inchis, iar cand misti mana sa te uiti la el se aprinde foarte repede.  sincronizarea cu telefonul e ok, iar conexiunea la internet de asemenea.  e placut si modul in care ticaie... cand se aprinde.  minus - sistemul de operare. nu sunt foarte multe aplicatii pe samsung market place, cum sunt pe google play.  alt minus, dar aici e legat de infrastructura din romania, versiunea disponibila nu are sim.;1.0;1;0;0.0;0
24;calitate - pret excelent;0.0;0;0;1.0;0
25;#name?;0.0;1;0;0.0;1
26;le-am bagat la masina de spalat si merg la fel de bine... isi merita bani;0.0;0;0;1.0;1
27;e bun, deocamdata.;0.0;0;0;0.0;1
28;se aude bine si distanta de acoperire este ok  o mica problema ar fi ca nu se aseaza perfect pe urechi si trebuie sa o asezi mai bine ca sa stea ok.;0.0;1;0;0.0;0
29;il am de aprox. 1 luna, nu ma dezamagit pana acum, pare ca functioneaza exact ca in specificatii. bateria tine in functie de cat de intens il folosesti.;0.0;1;0;0.0;0
30;se potriveste perfect... fara probleme la montaj sau la reglatul lungimii bratarii... recomand;1.0;0;0;0.0;1
31;raport calitate pret ok, dar nu gasesc functia de ascultare fara sa sun copilul? trebuie instalat ceva in plus? in rest ok;0.0;0;0;1.0;1
32;aparatul este destul de precis:  - pt. hr l-am comparat cu datele oferite de un ceas suunto m5 cu centura de puls si au dat rezultate similare  - pt. tensiunea l-am comparat cu un tensiometru automat (de tipul celor pe care le poti cumpara din farmacie) si, la fel, rezultatele au fost similare    pro: precizia in masuratori hr si puls, e usurel, bateria tine vreo 4-5 zile, arata bine, alea-alea.    contra: mare (-) pentru ca functia principala pentru care am luat bratara (notificare pentru apeluri, watsup etc.) lasa de dorit in sensul ca ceasul se deconecteaza. chiar daca pe telefon, in aplicatie, iti apare ca e conectat, pe ceas apare conexiune intrerupta. asta din senin, fara sa ma indepartez de telefon etc.   am sa incerc sa vad daca pe alt telefon are aceleasi deconectari aiurea dupa care ma decid daca il dau inapoi sau il pastrez.;1.0;1;0;0.0;0
33;foarte convenabil calitate/pret. un cadou perfect;0.0;0;0;1.0;1
34;sunetul este foarte ok pentru dimensiunea boxei si nivelul este suficient pentru o camera normala (oricum range-ul pe bluetooth nu permite distantarea prea mult si in niciun caz deplasarea in alta camera), dar si pentru afara, la un gratar cu prietenii, in curte, fara sa deranjezi vecinii.  se gasesc usor si case-uri ieftine pentru protectie / transport.  ca minus: m-a dezamagit ca nu poti vedea nivelul bateriei nicicum, nici macar prin conexiunea bluetooth (android), acea iconita mica de status care apare chiar si la casti chinezesti cu bluetooth de 5 dolari.  doar clipeste un led cand ajunge pe low battery. in fine, pana la urma pot trai cu asta.. cand am ocazia si imi aduc aminte, o mai incarc cate putin, nu neaparat full.  e ok si pentru browsing sau video pe laptop sau tableta, mai ales ca daca ai doua bucati le poti sincroniza;0.0;1;0;0.0;0
35;portabil e cam mult spus... sau nu in buzunar.     vine incarcat cam 75 % se incarca la 100% in 2 ore. probabil de la 0 dureaza cam 6  7 ore  am reusit sa incarc 3 telefoane si o camera foto si mai aveam aprox 35 40 %;1.0;1;0;0.0;0
36;are momente cand se misca mai greut si memorie reala cam mica, mi-am luat un card de memorie pentru a suplimenta spatiul. dar pe youtube merge bine. e ok la banii astia!;0.0;1;0;1.0;0
37;noi am cumparat 2. una pentru barbat si una pt femeie.    am ales pentru design si pentru ca stie mai multe sporturi.  materialul este bun, dupa 2 saptamani nu au aparut zgarieturi.  pedometrul am testat cu o alta bratara si este ok.  masoara tensiuniea bine.  bataile inimii ok.    trebuie incarcat in fiecare 4 zile.  bratara cand in cand opreste pt 5-6 minute.  am folosit numai functia de alergare, mi lipseste ca nu arata km parcursi, arata numai cate minutele am alergat si cate pasi am factut.    aplicatia este foarte prost. trebuie repronit zilnic de 2-3 ori, pentru ca nu sincronizeaza.   am plimbat impreuna 9 km., is cele doua bratari au aratat distante diferite, una 9 km si cealalta 7, dar ca problema vine de la program.  ar trebui o aplicatie mai buna.....    mie lipseste functia antilost.     pentru acest pret este o bratara buna.;1.0;1;0;1.0;1
38;cand umbli la bass si il scazi, cresc inaltele:))  pe radio nu poti face karaoke:)   la banii astia merita aparatul!!!;0.0;0;0;1.0;1
39;am un iphone 6s si il pote incarca de 4 pe zi  il pui noaptea la incarcat si se incarca full  se zgarie foarte rapid..;1.0;1;0;0.0;0
40;un card decent, nu-l setati ca si cale de salvare la video, ca nu merge asa de repede, dar pt fotografii, fisiere e super.  nu mi-a facut figuri, si l-am folosit intensiv, dar stiu sa nu cer mai mult decat poate duce.  il recomand!;0.0;0;0;0.0;1
41;bratara este buna pentru pretul pe care il are. are o precizie destul de buna si tine incarcata mai mult de 20 de zile.   am prmit comada foarte repede doar ca ecranul este putin ciobit.;1.0;1;1;1.0;0
42;raport calitate-pret e ok.;0.0;0;0;1.0;0
43;o folosesc de o saptamana, mai bine zis o foloseste fiul meu de 3 ani. totul pare in regula. wi-fi cam lasa de dorit. ma asteptam la mai mult. in rest totul dupa specificatii. bateria in schimb vad ca duce bine, nu se incalzesre prea tare etc. se merita sa o iei la banii astia!;0.0;1;0;1.0;1
44;husa este de calitate;0.0;0;0;0.0;1
45;este ok.;0.0;0;0;0.0;1
46;am luat. o la oferta cu 50lei... aseara cand am deschis pachetul era 75% incarcata.... am incarcat telefonul meu samsung de 3 ori si am tinut lanterna toata noaptea aprinsa... deci pot spune ca de maxim 5 ori o sa. l incarc cu siguranta, recomand!!!;0.0;1;0;0.0;1
47;scriu acest comentariu doar pentru a aduce la cunostinta celor care urmeaza sa achizitioneza acest produs, faptul ca modulul radio nu functioneaza atunci cand boxa este la incarcat. modului fm functioneaza doar cu un cablu micro usb conectat in aceeasi intrare prin care se incarca.    in rest nu am argumente nici pro nici contra, un produs ok la un pret ok.;0.0;0;0;1.0;1
48;un produs ok, rezista cu brio la socurile pe care i le administreaza un copil de 1 an.  raza de actiune 4-5 m in casa.;1.0;1;0;0.0;1
49;am achizitionat de la acelasi furnizor si modelul cu scai. foarte rapida livrarea (a doua zi de dimineata cu comanda lansata dupa ora 12, daca nu ma insel). calitativ si productiv cureaua este decenta comparand-o cu cele originale, insa nu lasa de dorit avand in vedere si pretul.;1.0;0;1;1.0;0
50;cam mare difuzorul care intra in ureche.  in rest se aude bine. isi face treaba.;0.0;1;0;0.0;1
51;aceasta baterie este absolut perfecta pentru calatorii, festivaluri, etc, datorita capacitatii mari de incarcare. nu am apucat sa imi incarc telefonul (iphone 7) de mai mult de 2 ori, fara sa pun apoi bateria la incarcat. cu 2 incarcari ale telefonului, capcacitatea bateriei a ajuns la 75 %.  singurele dezavataje sunt dimensiunile destul de mari si faptul ca este cam grea, 300 gr, dar acestea sunt deja specificate in descriere.;1.0;1;0;0.0;0
52;este un suport practic si universal. il folosesc pentru un iphone 5s cu tot cu husa si este stabil in mers. foarte practic pentru facetime.;0.0;1;0;0.0;0
53;este foarte util. in special pentru notificari. are multe fete interesante si este usor de folosit. o mica dezamagire a fost ca se lauda cu cateva aplicatii pe care nu pot sa le folosesc:    spotify - nu este in store. probabil din cauza tarii.  uber - nu functioneaza mai deloc. ii pui adresele din telefon, iti ia locatia din ceas, dar cand sa selectezi adresa, este empty. in plus, consuma foarte mult bateria, chiar daca nu o folosesti.    dar acestea sunt cauze care se pot remedia in timp. ceasul si functionalitatile lui sunt foarte utile.;1.0;1;0;0.0;0
54;am cumparat bratara dupa ce am cautt informatii pe internet. pretul este ok pentru ce face. am 3 probleme/ nelamuriri:  1. cineva scria ca se poate seta culoarea de fundal cred ca era postat gresit comentariul, eu nu gasesc setarea pentru asa ceva  2. nu pot seta decat notificari pentru sms si apel, nu pentru wapp, facebook, twitter etc., nici nu am optiunile astea  3. nu apare id-ul apelantului, nu am gasit optiunea pentru importarea contactelor.;0.0;0;0;1.0;0
55;nemultumiti de cureaua, e foarte rigida pentru asteptarile mele.   curierul a venit la 6 zile dupa ce am facut comanda. (urgent curier). meniul este slab.;1.0;1;1;0.0;0
56;"pro - feluri diferite pentru conectare cu device-uri  - sunet curat, placut care umple incaperea cu un bass prezent cat ai nevoie  - bateria tine cateva zile cu o folosire moderata.  - design placut  contra - ce nu e trecut in descriere si anume faptul ca ""vorbeste"".  vorbeste atunci cand se conenteaza, deconecteaza, cand urmeaza sa se inchida si atunci cand e conctat la telefon iti spune nr de telefon. partea negativa este ca nu poti anula functia respectiva. noi folosim boxa pentru o aplicatie din telefon cu sunete din natura la somnul copilului si cand ti e lumea mai draga si suna cineva asta taie sunetele si incepe sa dicteze nr de telefon. la fel face si cand se termina bateria.     ar fi primit 5 stele daca functia respectiva se putea anula cumva.";1.0;1;0;0.0;0
57;foarte bun, l-am achizitionat la pretul de 60 de lei, inca il folosesc, imi incarc telefonul de aproximativ 4 ori. afisajul electronic este util. lanterna e un mare plus.;1.0;1;0;0.0;1
58;bun, multumit de produs;0.0;0;0;0.0;1
59;tine un pic mai mult decat cel vechi, insa cel vechi se stingea cand ajungea la 20%;0.0;1;0;0.0;0
60;sunt de o calitate deosebita;0.0;0;0;0.0;1
61;pro: este foarte tare mai ales daca ai un s7 cu 128 gb iti intra la jocuri de numa. anti: cand vrei sa bagi telefonul nu iti merge din prima sa te joci si nu se vede asa bine dar e foarte bun. as da 5 stele dar cu telefonul sa il bagi acolo sa mearga nu merge din prima. foarte tare.;0.0;0;0;0.0;1
62;merita, este peste asteptari!;0.0;0;0;0.0;1
63;pro:  nu se incalzeste  randament bun - din 10050 mah cat are bateria, te bucuri de vreo 9.000 mah  notificare led pentru a sti cat este de incarcata bateria    contra:  cablul de incarcare/descarcare sensibil - al meu s-a defectat dupa cateva utilizari, fara sa il fortez in vreun fel.;1.0;1;0;0.0;0
64;este in regula... problema e ca nu mi se activeaza optiunea de monitorizare somn. o sa mai incerc.;0.0;1;0;0.0;1
65;multumit.... in mare un produs ok. era mai interesant si mai practic sa aiba si un buton pt volum pe boxa, dar nu este.;1.0;0;0;0.0;1
66;sunetul este destul de bun: pentru asemenea marime basul este surprinzator, inaltele cam lipsesc si uneori gijiie. fiind foarte usoara vibreaza deranjant. dupa primirea unui apel, nu revine la modul muzica, astfel senzatia este ca s-a stricat, aceasta se poate remedia din setari apel telefon.;0.0;1;0;0.0;0
67;este ok pana am va recomand;0.0;0;0;0.0;1
68;produsul pe care l-am achizitionat nu este cu nimic mai bun ca in alt magazin, important este ca clientul sa se simta bine primit in magazin si sa primeasca asistenta necesara. lucru care de altfel s-a si intamplat. legat de pret, sunt multumit, calitate?! e totusi samsung. intotdeauna am recomandat emag ca magazin si sper sa fiti in continuare macar la fel. multumesc!;1.0;1;0;1.0;1
69;am cumparat de o saptamana acest acumulator, nu l-am incercat inca la capacitate maxima, dar se pare ca este ok. indicatorul de incarcare palpaie prea slab si se vede destul de greu daca s-a terminat incarcarea acumulatorului.;1.0;0;0;0.0;1
70;destul de ok, calitate/pret.  am achizitionat doua incarcatoare diferite. pe acesta si unul mai ieftin care le folosesc la incarcarea unui iphone se. pot sa spun ca aceste este foarte bun comparativ cu cel mai ieftin cu 10 lei. nu se intrerupe, adica pui telefonul la incarcat si il incarca, sau daca nu il asezi cum trebuie, atunci te anunta imediat ca nu se face incarcarea. cel mai ieftin face cam acelasi lucru doar ca te anunta dupa unul doaua minute ca nu se face incarcarea bine.;0.0;1;0;1.0;0
71;am prins-o de black friday cu 40 lei... incarca relativ ok ca si timp, cred ca miliamperii sunt reali.;0.0;1;0;0.0;0
72;daca era cu greutatea mai usoara era mai bine  sunt multumit de puterea de iesire 2.4  sunt multumit de livrarea rapida din partea emag si pretul aest produs ca mi a convins ca sa fac comanda pt inca un acumulator cu culoare albastru-);0.0;1;1;1.0;0
73;"am cumparat bratara in urma cu o saptamana din dorinta de a-mi evalua activitatea zilnica si somnul.  + bateria tine vreo 5 zile  + ecranul este suficient de mare si vizibilitatea textului pe el este buna  + combinata cu aplicatiile ce se pot instala pe telefonul mobil si pe calculator, bratara furnizeaza informatii despre nr. de pasi, km parcursi, etaje urcate, calorii consumate, calorii ingerate, somn etc.  + se pot adauga activitati fizice chiar daca bratara nu a fost purtata, putandu-se aproxima efortul si consumul de calorii se pot adauga inclusiv km parcursi  - bratara nu este rezistenta la apa (este usor rezistenta la umezeala)  - bratara este dintr-un plastic cauciucat ce se incalzeste la efort    am cumparat bratara la reducere pt. ca a fost pachet desigilat si consider ca acesta este un pret okay. daca ar fi fost si rezistenta la apa (pentru a nu fi nevoit sa o dau jos cand inot) ar fi fost de nota maxima. nu am avut asteptari de acuratete 100% a masuratorilor (probabil ca senzorul poate fi ""pacalit"" de anumite miscari), dar per ansamblu este un obiect util.";1.0;1;0;0.0;1
74;bateria tine intr-adevar peste asteptari. memoria ram in plus, ar facilita un mai bun raspuns multitouch in aplicatii, mai ales in android 7.0.;0.0;1;0;0.0;0
75;sunt multumita de raportul calitate-pret.  se aude bine atat cu fir, cat si prin bluetooth.   bateria nu prea tine de la o zi la alta, dar chiar daca luminita se aprinde mai poti asculta o perioada indelungata.   imi place ca se pliaza si nu ocupa mult spatiu.;1.0;1;0;1.0;0
76;conform specificatiilor. am dat de cap radioului cu un cablu lung de alimentare introdus in mufa de incarcare, nu in aceea de usb. radiatoarele de bas nu prea misca dar la 10 wati ai difuzoarelor asta este. are un sunet mai plin, mai cald fata de alte concurente care doar tipa tare! a-si fi dorit o h 20 sau a 6 dar de unde pe siturile romanesti! in cele straine si nu dau nume nu am incredere! apreciez expedierea rapida si am incredere in emag!;0.0;1;1;0.0;1
77;se aude foarte clar si destul de tare pentru puterea redusa. bateria tine foarte bine.    recomand;0.0;1;0;0.0;1
78;detin de 1 saptamina acest incarcator si se descurca foarte bine. am incarcat un telefon samsung cu bateria de putere 2100mah si o tableta. dupa care a mai ramas 2 leduri luminoase. deci consum de 60%. telefonul la incarcat in 1ora si 50min. acumulatorul dureaza 3, 5 ore pentru incarcare completa. sunt multumit de acest produs. contra -culoarea;1.0;1;0;0.0;1
79;sunt multumit, raport pret -calitate excelent;0.0;0;0;1.0;1
80;suna bine, dar plasticul nu e foarte bun;1.0;1;0;0.0;0
81;foarte multumit de alegerea facuta.;0.0;0;0;0.0;1
82;este mai mare decat pare in imagini, insa e foarte practic. plasticul e destul de rezistent. ventuza insa nu se prinde de bord, doar de parbriz.;1.0;1;0;0.0;0
83;produsul este in regula, insa cu siguranta puteti achizitiona de la alt furnizor. eset gsm nu accepta retur, in schimb nu livreaza comanda corecta. am comandat husa rosie si am primit-o neagra. asta dupa ce am fost sunata de o doamna sa ma intrebe daca sunt sigura ca tableta mea se potriveste cu husa comandata. deoarece ei nu accepta retur. cam mari mofturi intr-o piata saturata de produse. si, cand colo, nu sunt in stare sa livreze corect.;0.0;0;1;0.0;1
84;+  acumulatorul, asa cum l-am primit incarcat la 77%, a reusit sa tina 3 incarcari succesive pentru un telefon asus zenfone zoom. nu stiu daca mai avea capacitate pentru o alta incarcare, nu am mai incercat.  afisajul digital este de ajutor.    -  lanterna este o gluma, un led slabut si cam atat.  timpul de incarcare este mare, cel putin folosind incarcatorul telefonului mai sus mentionat.;0.0;1;0;0.0;0
85;concluzia finala este fix cat dai atata face, poate chiar putin mai slab produsul pt 120lei cat m au costat cu transport.;0.0;0;0;1.0;0
86;nu are 2 usb-uri  prezenta lanterna led este un plus  sa vedem cat tine!;1.0;0;0;0.0;0
87;se aude foarte bine pentru marimea si pretul ei.;0.0;1;0;1.0;0
88;boxa e foarte misto, conectivitatea cu aplicatia jbl connect e mai nasoala, e la fel de portabila ca un frigider de apartament, nu are baterie.  *probabil cei de la emag au gresit titlul*  sunetul e clar si designul misto.;1.0;1;0;0.0;1
89;se comporta ok.... doar in limba engleza arata si numele apelantului...;0.0;1;0;0.0;0
90;foarte buna, dar nu tine decat 4 zile maxim bateria.;0.0;1;0;0.0;1
91;produsul este chiar ok la banutii astia;0.0;0;0;1.0;1
92;un accesoriu foarte util care functioneaza conform specificatii;0.0;1;0;0.0;1
93;inafara de marime si greutate, lucruri stiute la achitie, in rest merita 100 lei - isi face treaba 4-5 incarcari iphone 7 si samsung s6 edge;0.0;1;0;0.0;1
94;incarca de 2 ori un asus zenfone 2, materialul destul de placut la atingere iar bateria in sine este destul de compacta;1.0;1;0;0.0;0
95;in primul rand vreau sa iti pun in vedere ca in general sunt extrem de pretentios.    m-a rugat sotia sa ii cumpar o boxa portabila si inital m-am oprint la gbl go care din ce observ are sute de review-uri pozitive... sute.    astazi am fost la magazin sa o probez- calitate ok, bass puternic... destul de ok boxa la banii astia... dar slaba ca si putere comparabil cu sony (cam 3/4w putere reala). design-ul este extrem de slabut- materiale kitcioase- nu o pot recomanda pentru femei pretentioase.    acolo era si philips bt100a- finisaje de calitate, putere decenta (cam 2/3w putere reala), inalte foarte bune... in general ok dar.... bass... pauza totala.    la magazinul respectiv era si sony srsxb10b. finisaje frumoase si foarte placuta la atingere... de boxa vorbesc)  cand am pornit sony-ul... game over - inalte, joase, fidelitate... bass si muuuuuulta putere. foarte multa putere pentru cat de mica este aceasta boxa.     calitatea sunetului este senzationala- daca va doriti o boxa cu finisaje deosebite, ultraportabila, sunet de senzatie si putere reala de 5w va recomand cu caldura sony srsxb10b;1.0;1;0;0.0;1
96;cam scurt dar multumit de el.;0.0;0;0;0.0;1
97;singurul incovenient este faptul ca tremura putin din cauza asta nu i-am acordat 5 stele.  mentionez ca eu nu il montez/demontez. odata montat acolo a ramas;0.0;1;0;0.0;0
98;foarte bun produsul dar daca vrei sa-i folosesti ca radio nu ai nici o sansa sau cel putin al meu nu prinde nimic;0.0;1;0;0.0;1
99;robusta, rezistenta si suna surprinzator de bine pt un speaker de marimea ei. fun gadget.;1.0;1;0;0.0;1
100;buna ziua. mi-am achizitionat recent o tableta samsung galaxy tab e t560, 9.6'', quad-core 1.3 ghz,1.5gb ram,8 gb. functioneaza impecabil insa problema este la incarcare. dureaza foarte multa incarcarea ei desi e incarcatorul ei original. poate dura si 8-10 ore sa ajunga la 100%. pute-ti va rog sa mi spune-ti care ar fi problema. multumesc.;0.0;1;0;0.0;0
101;e foarte bun, am un galaxy s7 edge, si pot spune ca incarca destul de repede pe fast, deferenta fata de cablu pe fast e undeva la 30 min care zic eu ca e ok avand in vedere ca e wireles, oricum pretul e cam mare;0.0;1;0;1.0;1
102;inafara de ce au scris persoanele care au achizitionat acest produs:  pro: acumulatorul are o autonomie mai mare decat cea precizata in descriptia produsului( dupa achizitie cu acumulatorul oferit de producator fara sa il incarc a avut o autonomie de 5 ore) me modul radio. are doua fasii de picioruse foarte aderente pe multiple suprafate: masa, masina, pervazul de la geam si nu iti fuge din mana daca vrei sa accesezi butoanele. o poti folosi si fara acumulator conectat la priza. poate fii folosit ca si reciver bluetooth la home cinema, hi-fi etc dar puterea muzicala scade la 1/3(de pe lumia 520). are buton on/off.  contra: basul lasa de dorit dar la pretul acesta si marime nu prea gasesti diferente uriase. probleme cu redarea pieselor prin bluetooth, la o distanta de max 3m interferente ca si la radio de parca ai avea semnal slab. dar dupa restartarea boxei problema s-a remediat(fiind in posesia produsului de 11 zile am muscat-o de 2 ori)  este un produs pe care pui mana si greu il poti refuza pentru ca iti ofera multe intr-o forma compacta, solida, practica si probleme avute cu bluetooth-ul nu ma vor convinge sa returnez produsul.  off: despre produs: am avut o placere placuta cand am ridicat produsul blaupunkt bt02wh, fm, white fiind blue cum este afisat in poze.;1.0;1;0;0.0;1
103;ii ok, imi place;0.0;0;0;0.0;1
104;"daca nu are defecte din fabricatie, este o boxa foarte buna, cu multe calitati: sunetul plin si placut, mateiale de buna calitate si baterie pentru 20 de ore. aplicatia de telefon merge bine si este foarte utila. pate fi pornita direct din aplicatie sa redea muzica sau cu functia de ""wake up"". am cumparat 3 boxe, doua le-am pastrat, una am facut-o cadou si de 2 ori le-am schimbat. primull defect intalnit consta in lipsa alimentarii prin cablu (nu se incarca) iar alt defect intalnit a fost functionarea defectuoasa a boxei la inceputul redarii unei melodii sunetul avea o intarziere si incepea cu paraituri. am vazut si pe forumuri ca sunt oarecum defecte frecvente ale celor de la logitech. inlocuirea nu a fost dificila iar utilizarea lor este azi o placere. sfatul meu: daca se poate, testati alimentarea si redarea inainte de a le cumpara.";1.0;1;0;0.0;1
105;nokia 520, merge fara probleme.;0.0;1;0;0.0;1
106;foarte bun, tinand cont de raportul calitate -pret;0.0;0;0;1.0;1
107;este o bratara foarte utila intrucat afiseaza continutul notificarilor, iti arata si vremea, are cronometru, find device pentru telefon si in rest e la fel ca xiaomi band 2. un mic minus: faptul ca se termina bateria mult mai repede decat band2. intr o saptamana a ajuns la 15%. nu pot sa zic oricum ca e un mare disconfort.   o recomand deoarece e o bratara care merita banii.;0.0;1;0;1.0;1
108;am cumparat acest produs cu aproximatie 3 saptamani sa apara pe piata romaneasca   functionare cu sony xperia xz 9/10  aplicatii 8/10  baterie cu functii heart pornit 1, 5 zile   bateria cu functii heart oprit 6 zile   materiale 8/ 10  bluetooth 3-4 m 6/10  telefon sms-uri notificare 8/10  garmin pay 1/10 disponibil in cateva tari si cateva banci probabilitatea in romania egala cu 0  nu am avut probleme cu apa   pret 249 euro germania   daca nu il cumparm din germania sigur il luam de la emag;1.0;1;0;0.0;0
109;pro: bass foarte bun   merg excelent;0.0;1;0;0.0;0
110;calitatea sunetului chiar surprinde.;0.0;1;0;0.0;0
111;multumita!;0.0;0;0;0.0;1
112;bratara arata foarte bine pe un gear s3 frontier, magnetul este suficient de puternic iar colaborarea cu vanzatorul este ireprosabila.;1.0;1;0;0.0;0
113;acumulatorul este bun, partea de conectica pare un pic labila insa este functionala.;0.0;1;0;0.0;0
114;aceste casti, sunt foarte bune, se aude destul de clar, si merita cumparate;0.0;1;0;0.0;1
115;se aud clar dar fara bass;0.0;1;0;0.0;0
116;se deschide destul de greu nu se poate pune problema sa cada singura de la mana.   partea metalica cam te trage de par la unele miscari dar cu putina grija si un patent se poate indeparta.   eu sunt multumit de ea se poate folosi ca simplu cablu de incarcat sau cablu de date.;1.0;0;0;0.0;1
117;foarte bun! iti faci treaba cu el.;0.0;0;0;0.0;1
118;un produs ok, consider ca dureaza cam mult incarcarea bateriei si este cam grea.;1.0;0;0;0.0;1
119;buna!! credeti ca poate suna dimineata, daca e conectata la un dispozitiv??;0.0;0;0;0.0;0
120;e foarte practic, arata bine, sunt multumit de el. vine la pachet cu un cablu de alimentare, pe care de cate ori l-am folosit imi incinge incarcatoarele;1.0;1;0;0.0;1
121;un card bun si fiabil. viteza decenta.;0.0;1;0;0.0;1
122;calitate buna, ramane de vazut cum se comporta in timp.;0.0;0;0;0.0;1
123;am primit produsul fara cureaua ce se ataseaza la aparat. as dori sa mi-o trimiteti deoarece imi este necesara. produsul era sosit la punctul de ridicare de 3 zile dar eu nu primisem nici un mesaj pe telefon. sony nu se dezminte, ramane un produs de calitate. sunet puternic, bas minunat, aparat mic, usor portabil. recomand.;1.0;1;1;0.0;1
124;salutare, am cumparat boxa de 1 saptamana si as vrea sa spun ca sunt multumit de ea, bass-ul este bun, face fata intr-o casa de dimensiuni medii fara probleme, la volum maxim isi pierde din bass, cum de altfel este normal, insa claritatea sunetului ramane perfecta. merita precizat faptul ca pentru o calitate audio buna, boxa trebuie orientata mereu cu fata catre cel care asculta (nu este 360). am folosit-o de cateva ori si in masina (din curiozitate) si ma ramas putin dezamagit, la volum maxim parca nu facea fata;0.0;1;0;0.0;1
125;am un sony xperia z3+, care are o baterie de 2930 mah.  am incarcat telefonul de la 1%.  s-a incarcat de 2 ori full, si a 3-a oara 40%.  rezulta ca asus zen power10050 mah are in realitate 7032 mah.  in rest totul ok, design frumos, arintiu, carcasa metalica.  conform specificatiilor din manualul produsului, asus-ul se incarca intre 6-9 ore, si este specificat ca atat acumulatorul asus cat si dispozitivul care se incarca de la asus sa fie facute cu cablul sau propriu(cel cu care vine in pachet pt ca asa e cel mai bine!;1.0;1;0;0.0;0
126;raportul calitate/pret ok, recomand;0.0;0;0;1.0;1
127;aceasta baterie merita folosita. recomand;0.0;1;0;0.0;1
128;ma ajuta sa imi incarc un iphone xsmax de 3 ori, dar e cam grea.;1.0;1;0;0.0;0
129;raport calitate-pret bun. am folosit-o de cateva ori si am ajuns la urmatoarele concluzii. poate incarca un telefon cu baterie 3000 mah de 2 ori, maxim 3 (daca incarci smartphone ul de la 35 % fara sa-l folosesti in timpul acela). eu am prins pretul redus la 60 lei. pentru situatii de urgenta este buna. ce m-a dezamagit pe mine este timpul de incarcare al bateriei externe pana la 100%. dureaza aproximativ 11-12 ore. din acest punct de vedere ar fi un minus, dar fiind de capacitate mare, presupun ca nu ar fi o problema majora. iar capacitatea reala, ca la orice baterie externa, nu este de 100%. sunt niste pierderi de curent, din pacate sau din fericire.  este de mare ajutor pentru cei care nu cer prea mult. de asemenea, functia de lanterna /lampa este binevenita.  pentru aceasta zona de pret este o alegere buna, din punctul meu de vedere. insa, fiecare are punctul lui de vedere.;0.0;1;0;1.0;1
130;raportul calitate pret este bun. recomand.;0.0;0;0;1.0;1
131;un raport pret/calitate foarte bun. este foarte bine construit cu materiale de calitate. microfonul functioneaza pe distante foarte mari si nu are nici o problema atunci cand vorbesti din camera de alaturi. este considerat drept boxa monitor asa ca sa nu te astepti la un bass foarte bun, in schimb calitatea sunetului este excelenta atunci cand sursa este una adecvata. bateria tine destul de mult chiar si in conditii de temperatura de sub 0 grade. functia de radio este departe de a fi buna datorita lipsei unei antene. personal recomand acest produs celor care nu au pretentii de bass profund si vor un volum puternic ce va umple cu sunet de calitate chiar si o camera de 50 de metrii patrati;1.0;1;0;1.0;0
132;este buna, dar cum are acces la frig nu mai incarca deloc si trebuie sa ai grija;0.0;0;0;0.0;1
133;bateria se dovedeste a fi ceea ce ar trebui sa fie, o baterie, desi telefonul la care o folosesc, bb q10, are display mai mic, cand este folosit intens si mai ales pe jocuri se descarca ca orice baterie si anume repede dar sunt multumit cand il folosesc pentru ceea ce a fost conceput un telefon si ceva internet bateria duce la 2 zile e ok dar nu extraordinar.;0.0;1;0;0.0;1
134;este foarte buna raport calitate/pret;0.0;0;0;1.0;0
135;foarte buna. incarca repede. de retinut orice baterie externa cu cat o reincarci de mai multe ori din atat se duce mai repede durata de viata.-asa scrie in carticica ei-;0.0;1;0;0.0;1
136;se aud tare si frumos. reda la calitate buna muzica sau alte materiale audio. toata gama de frecvente uzuale din audio este redata ok. functioneaza si cu un card micro sd pe care puteti pune muzica in format mp3. are pe langa bluetooth si intrare auxiliara. carcasa construita din aluminiu. nu este rezistenta la apa. nu are agatatoare de care poate fi atarnata. mica dar solid construita, destul de grea pentru dimensiunea ei.;1.0;1;0;0.0;0
137;"se misca excelent, bateria tine 2-3 zile. nu vine cu intructiuni de folosire... iar uneori se deconecteaza de la telefon si suna alarma de ""telefon uitat"" desi is amandoua langa mine (sau pe masa unul langa altu). are g sensor ceea ce il face ca atunci cand ridici mana se te uiti la ceas se aprinde automat, nu fiind necesar sa atingi ceasul. 4 stele din cauza alarmei antipierdere (dezactivat-o ca suna si noaptea:( )";1.0;1;0;0.0;0
138;incarca cam greu dar isi face treaba.  dimensiuni cam mari... se poate utiliza pt. autoaparare, chiar si impotriva cainilor agresivi datorita lanternei incorporate.  recomand achizitionarea unui rucsac pentru transport!;1.0;1;0;0.0;0
139;pro: are un sunet foarte decent.  con: nu are cablu plat, ca si pe poze. se strica usor cablul dupa o jumatate de an (este adevarat pentru cam fiecare casti in-ear sub200 ron, totusi, sa nu asteptati o viata lunga de ele).;1.0;1;0;0.0;0
140;cablul in 2 luni a cedat, in rest totul ok.  se incarca in 4, 5 ore full.;1.0;1;0;0.0;1
141;calitate ok, nu este fast charge, dar incarca bine. este bun daca nu mai vrei sa folosesti mufa de incarcare a telefonului.;1.0;1;0;0.0;0
142;o boxa mica care suna foarte bine si tare;1.0;1;0;0.0;0
143;se aude bine, avand in vedere dimensiunile. sper sa fie fiabil...;0.0;1;0;0.0;0
144;produsul este bun.;0.0;0;0;0.0;1
145;destul de ok. se aude bine.  bateria pare ca tine destul.  intrarile sunt ok, insa ma asteptam si la un jack 3.5.;0.0;1;0;0.0;1
146;partea buna este ca se aude foarte bine, si spre deosebire de alte boxe portabile ce le-am avut are egalizator in aplicatia de telefon din care se pot regla bas, medii si inalte.  pe de alta parte nu mi se pare ca are chiar asa mult bas cum se lauda.  bateria tine mult fara lumini, daca le aprinzi, mai ales toate (banda led si strobo) atunci chiar si la volum mediu nu tine foarte mult.  arata bestial intr-o camera intunecata cu luminile pornite. ce ar mai fi de mentionat e ca nu cred ca luminile sunt sincronizate cu melodia. se pot alege anumite preseturi din aplicatia de telefon.  cateva imagini din aplicatie atasate.;1.0;1;0;0.0;0
147;am purtat o un an scolar raportul calitate pret este excelent, abia astept sa fac cunostinta cu mi band 3. recomand;0.0;0;0;1.0;1
148;se aude foarte bine si tare pentru marimea lor. bateria tine cam 4 ore. cand ai mai multe deviceuri si schimbi de pe unul pe altu pierzi mai mult timp incercand sa conectezi boxa dar nici nu pretinde ca se conecteaza la mai multe deviceuri de-odata deci nu e o problema cu boxa in sine.;0.0;1;0;0.0;1
149;e ok.. incarca destul de repede.;0.0;1;0;0.0;1
150;tableta este ok,   chiar daca e budget(fata de pro) este ok isi face treaba bine   4 stele ii dau ca vine cu incarcator priza us dar cei de la emag ofera in pachet adaptor.;0.0;1;0;1.0;1
151;un ceas bun pt a avea contact cu copilul. localizarea cam inexacta.;0.0;1;0;0.0;1
152;bun elegant   singura chestie e la monitorizarea ritmului cardiac... cateodata dureaza mult pana da rezul tatul si de multe ori da rateu;1.0;1;0;0.0;1
153;super cablu. lung si cu protectie din plasa de plastic. cam abraziva dar destul de elegant. mufele arata foarte bine si par bine facute.;1.0;1;0;0.0;1
154;multumita de el isi merita toti banii;0.0;0;0;1.0;1
155;dupa o saptamana de folosire, pot sa zic ca este cu precadere o jucarie urbana. te ajuta sa te pui in miscare, mai ales daca ai job de birou. la turele de mountain bike insa, e mai greu cu connected gps, de aceea prefer sa le contorizez cu alta aplicatie. asa ca eu combin fitbit-ul cu strava si fitness pal. se impaca destul de bine. per total, imi place, desi pretul e destul de ridicat.;1.0;1;0;1.0;1
156;pret destul de mare, insa calitatea este foarte ok. daca nu aveti si protectia pentru spate o sa para ca este mai mare decat tableta.;0.0;0;0;1.0;1
157;il am de 1 luna zile si e ok il folosesc pentru a preincalzi cu un calorifer pe ulei o cabana. raspunde la comenzi de la distanta.;0.0;1;0;0.0;1
158;nu are 3g / 4g...  in rest este ok.;1.0;0;0;0.0;1
159;frumos. arata bine.;1.0;0;0;0.0;0
160;multumit!;0.0;0;0;0.0;1
161;constructie robusta. calitate acceptabila pentru pretul lor. le folosesc de peste 3 luni.;1.0;1;0;1.0;0
162;pret oke si calitate perfect;0.0;0;0;1.0;1
163;se prinde bine, tine bine telefonul dar e putin scurt bratul si trebuie sa ma intind sa ajung la el- tine de preferinte.;0.0;1;0;0.0;0
164;castile se aud foarte bine pentru pretul lor, dar am avut ghinionul ca dupa mai putin de o luna sa trag de ele din greseala si am smuls cablul din mufa. stau bine in ureche si sunt comode.;1.0;1;0;1.0;0
165;raport calitate / pret este bun pentru chestii nu foarte complicate gen citit, jocuri sau social media.;0.0;1;0;1.0;0
166;timpul de reincarcare este mai mare de 6 ore. (5v,2a). posibilitatea de a reincarca de 2 ori telefonul. finisaje ok. un pic cam greu dar compenseaza cu marimea redusa. recomand;1.0;0;0;0.0;1
167;salutare. am achizitionat si eu acest ceas la oferta( dupa ce citisem zeci de review-uri). da, arata premium. distanta de conectivitate cu telefonul? slab!!! (detin un huawei p9). daca te afli la mai mult de 3-4 metri, aleluia, ai pierdut conexiunea. uneori da rateuri la notificari(cu telefonul in buzunar). nu va asteptati la un ceas sper smart, ci mai degraba la un ceas-good looking, cu cateva chestii smart. imi place ca si romanii fac totusi ceva de calitate(e un conceput de o echipa de romani), bravooo!!;1.0;1;0;0.0;1
168;eu sunt multumit. am luat produsul resigilat, care arata ca si nou, la un pret bun. incarca iphone 6s de trei ori...;0.0;1;0;1.0;1
169;raport calitate pret f bun!;0.0;0;0;1.0;0
170;nu ma da pe spate.  o boxa ca oricare alta...  este o boxa bose mediocra... nu poti spune ca este din gama high class.  evident si pretul pe masura.  o pot compara cu 1 boxa sonny din linkul urmator   www.emag.ro/boxa-portabila-sony-srsxb31b-extra-bass-live-sound-bluetooth-nfc-wi-fi-wireless-party-chain-party-booster-rezistenta-la-apa-efect-de-lumini-negru-srsxb31b-ce7/pd/db8h1fbbm/    cred ca sonny este peste bose cu mult la capitolul boxe portabile, din puntul meu de vedere.  nu pot spune ca bose este o companie slaba dar poate uimesc produsele lor la alta calitate si functionabilitate.  pro:  design placut  utilitate  se conecteaza repede cu orice dispozitiv.  contra:  sunetul este slab.  doar bassul este peste  inalte slab...  la volum maxim devine'' galagioasa'' nu mai are claritate.;1.0;1;0;0.0;1
171;per ansamblu, un pret bun pentru calitatea oferita. cu toate acestea, sunt unele momente in care lasa impresia ca se ineaca si sunetul se pierde pentru 1-2 secunde.   deocamdata, functioneaza de 5 ore si nu a fost necesara reincarcarea.;0.0;1;0;1.0;0
172;e bun . singura chestie e greutatea care e un pic mare;1.0;0;0;0.0;1
173;bateriile raport calitate/pret decente aparent bine construite dintr-un plastic calitativ cu insertii pana cand apesi pe butonul de pornire/oprite care e badaran greu de apasat si produce un zgomot mult prea mare. functia de incarcare rapida este mai lenta cu aproximativ 10 minute mai lenta decat ceea de la priza decent. cel mai mare dezavantaj la cea de 20000 este durata de de reincarcarea a acumulatorului in sine aproximativ 12 ore pana la incarcarea completa cea de 5000 undeva intre 3-4 ore.;1.0;1;0;1.0;0
174;incarca un pic cam greu, nu asa cum este in anunt  in rest nu am comentarii negative, a venit sigilat, fara alte probleme! recomand produsul, doar sa aveti un pic rabdare la incarcarea telefonului.  aspect frumos si cat este telefonul la incarcat, vedere de ansamblu al telefonului.;1.0;1;0;0.0;1
175;nu se potriveste la fix, trebuie pus putin mai spre margine din cauza gaurii pentru camera nepozitionata bine, dar in rest e ok.;1.0;0;0;0.0;1
176;capacelul de la mufa usb se rupe usor   si bratara la un timp slabete si nu mai sta pe mana in timpul alergari   nu are calculator;1.0;0;0;0.0;0
177;dimensiune conteaza. e mai mic si de capacitate mai mare decat cel pe care l-am achizotionat acum 6 luni, pretul e mai mic, deci.. recomand cu incredere! an dat 4 stele doar pentru carcasa exterioara care e prea fina si din plastic destul de moale care se zgarie usor iar pe negru se vede tot. e o piesa pe care o misti de colo-colo, o transporti peste tot deci trebuie sa fie rezistenta.;1.0;0;0;1.0;1
178;produs comandat in data de 17.11ajuns in data de 27.11 la oficiul postal dorit.  lasand la o parte lunga perioade de asteptare pentru ca produsul sa imi ajunga, vreau sa va spun cateva despre acesta:    -cutia in care vine bateria este destul de interesanta, contine cablu usb, eu am luat varianta pe alb, cablul fiind de aceeasi culoare.  -bateria a venit incarcata 85%, am incarcat un iphone 7 de la 25% pana la 100% in ~1h 50 min, procentul bateriei scazand pana la 45%, lucru care ma ingrijoreaza putin avand in vedere bateria de 1970 mah a telefonului.  -cablul usb nu face probleme, nu este intrerupt, totul este ok.    voi reveni cu un edit maine, dupa ce o sa incerc bateria complet, sa vad ce poate.;1.0;1;1;0.0;0
179;cablul este original si isi indeplineste functiile, adica incarcare, sincronizare, transfer... pana nu schimba apple standardul din nou, e bine de avut prin casa...;1.0;1;0;0.0;0
180;per total acest smartwatch este unul bun tinand cont de pretul lui si de faptul ca il poti folosi cand conduci, cand e frig, ninge, ploua si cand tii umbrela cu o mana sau oricand nu ai cum sa scoti ditamai telefonul din buzunar.  * pro:  1. arata bine si are un design placut  2. vine cu folie de protectie  3. cureaua e dintr-un silicon fin iar carcasa din metal  4. se incarca foarte repede cu un incarcator normal aprox 50 min (in pachet gasim doar cablu usb)  5. touchscreen-ul raspunde bine iar sunetul in convorbire e ok  6. are sensor de miscare la pretul asta (folositor la pedometru, sleep monitor)  7. prin intermediul aplicatiei bluetooth notification afiseaza in timp real notificarile, agenda, mesajele, apelurile pierdute/primite, poti apela sau raspunde si poti accesa camera sau mp3 playerul.  * contra:  1. rezolutia ecranului cam mica  2. bluetouth-ul are o raza de actiune reala de doar 5-6 metri (nu 10 cat scrie pe cutie)  3. are un sunet deranjant atunci cand folosesti tastele senzitive  4. cand asculti muzica prin bt volumul este unul foarte mic si se intrerupe daca misti mult telefonul  5. bateria nu tine mult cam o zi maxim in conditii de utilizare mixta (niste setari, apeluri, notificari si apoi mai mult stand by)  6. cand aleg una din cele 2 teme de afisare a ceasului digital ora ramane inghetata la deblocare (trebuie sa intru in meniu apoi sa ies ca sa se actualizeze ora. noroc ca temele analogice afiseaza ora in timp real)  7. cand raspund la telefon am aceeasi problema ca si alti interlocutori si anume mi se aude in ceas nu in telefon desi microfonul activ e cel al telefonului.;1.0;1;0;1.0;0
181;este ok ca si raport calitate/pret. se aude bine ca si redare sunet. nu distorsioneaza semnalul audio la volum maxim. singura problema ar fi la butoanele de volum care se confunda la atingere cu cele de schimbare a melodiei (cum se atinge butonul, cum se schimba melodia chiar daca tu vrei sa dai mai tare sau mai incet prin atingere prelungita).;1.0;1;0;1.0;1
182;ok, calitate-pret;0.0;0;0;1.0;1
183;se ridica la nivelul. asteptarilor, multumit de raportul calitate pret, recomand.;0.0;0;0;1.0;1
184;este un produs bun!;0.0;0;0;0.0;1
185;bratara e ok, iti arata pulsul, nivelul de stres, numarul de pasi.   in cazul in care ai diferite tipuri de activitati, trebuie setate manual, nu le selecteaza automat.;0.0;1;0;0.0;1
186;foarte util in calatorii;0.0;0;0;0.0;1
187;mic compact si util, are putere destula sa faci chef in camera, desi ii lipseste basul;1.0;1;0;0.0;0
188;cam figurant la formatari! nu e atat de rapid pe cat scrie pe el!;0.0;1;0;0.0;0
189;claritatea sunetului excelenta chiar si la volum maxim.;0.0;1;0;0.0;0
190;bratara excelenta problema e ca soseste cu instructiuni doar in limba engleza;1.0;1;0;0.0;0
191;este a treia casca plantronics pe care o am, dupa un m50 si un m70. acelea m-au dezamagit din cauza pretului mare si a calitatii proaste a convorbirii, si au costat cam 160-180 lei. asa ca cu inima indoita am ales sa cumpar casca asta, era la reducere la 200 lei. am ales-o pentru ca foloseste bt ver 4 si hd voice.   pro: claritate si calitate buna cand 4g e activ si poate folosi hd voice. e comoda in ureche, ca si predecesoarele. se poate raspunde sau activa usor cu umarul. are strapul usb magnetic care sper ca o va face mai greu de pierdut.   contra: durata mica de viata a bateriei, 7 ore teoretice (practic vreo 4-5) fata de cele 10 anterioare. nu m-a interesat, o incarc oricum si nu vorbesc atata pe ea. piesa in-ear de silicon f moale, se va rupe prob rapid.   concluzie: la 200 lei merita. mai mult nu as da.;1.0;1;0;1.0;0
192;se aud decent, mai ales tinand cont de pretul lor.  totusi, pentru a amplifica sunetul si pentru o calitate mai buna a basului, trebuiesc directionate mai bine in ureche.;0.0;1;0;1.0;0
193;dupa prima incarcare si descarcare capacitatea reala e de 4,5a. cablul e prost dupa a -3a incarcare s-a intrerupt...;1.0;1;0;0.0;0
194;per total foarte ok;0.0;0;0;0.0;1
195;un ceas foarte bun. multe functii si baterie buna.  totusi, cam butucanos.;1.0;1;0;0.0;1
196;sunt multumita. o am de 2 saptamani si functioneaza bine. face tot ce scrie in descriere. are si un pret bun.  .;0.0;1;0;1.0;1
197;este un cablu bun, transmite date la o viteza buna nu doar incarca. singurul motiv ptr stele acordate este faptul ca usor ii slabeste fixarea ca bratara. se desprinde mai usor, poti sa il pierzi daca dai o bluza jos.   mufa ptr telefon se fixeaza foarte bine la fel si usb ul;1.0;1;0;0.0;1
198;incuietoarea face ce zice, doar un repros ( pentru ca functia autolock sa fie ceea ce trebuie se putea pune un senzor de proximitate ca autolock sa blocheze usa doar cand e inchisa. (ma refer lipita de toc ).;0.0;1;0;0.0;1
199;un produs bun.... compact..... un minus ar fi ca se incarca cam greu....;1.0;1;0;0.0;1
200;e ok;0.0;0;0;0.0;1
201;isi face treaba cu brio.  raportul pret / rezultate mi se pare foarte ok.;0.0;0;0;1.0;1
202;"ok, incepem cu disclaimer - nu sunt audiofil dar pot aprecia un sunet bun / peste medie, ce urmeaza este strict parerea mea, fara influente de review-uri profi de pe site-uri de profil.    boon, pentru banii ceruti sunt cliseic ""best bang for the buck"" dar asta nu inseamna ca primesti akg, beyer, sennheiser sau frati de-ai lor. efectiv primesti un pachet decent - casti bune zi de zi, fie ca alergi, stai pe canapea sau intr-un bar la o bere.  3 seturi de dopuri, 3 seturi de carlige - ca nu stiu cum altfel sa le denumesc si 3 seturi de suporti - ceva forma usor anatomica pe ureche + cablu, manual, etc. eu folosesc carligele pt ca nu infing dopul in ureche, ci prefer sa-l las sa pice usor pe canal - mai lasa si sunet din exterior pe care vreau sa-l aud, gen masini.  heads-up - dopurile sunt ferme, eu unul le-am inlocuit cu unele mai moi e la ceva casti htc din dotare - aici este dupa preferinta individuala.  la capitolul confort sunt.. in zona.. nu sunt nici pe departe perfecte dar sunt in regula, 3-4 ore de purtare si abia simt un usor disconfort. acum le port, ascultand muzica pe youtube iar nevasta foloseste mixerul la 2 metri: d volum pe la 70% si nu o mai aud.  cablul este destul de lung cat sa permita miscari naturale ale capului fara sa detaseze castile din urechi si in acelasi timp, destul de scurt incat sa nu creeze senzatia de casti cu fir.  microfonul este surprinzator de bun - l-am folosit destul de des iar interlocutorii nu au sesizat diferenta intre telefon stock si casca... deci, cel putin decent.  calitatea constructiva este iar, surprinzator de buna - plastic, dar placut la atingere, cauciuc, fin, parca de plush (scuze de h dar trebuia sa scot sunetul potrivit).  bateria, pe test, am impins 7 ore si ceva, bun, nu extraordinar dar totusi de apreciat pentru clasa si zona de pret. mentiune ca nu ascult la volum maxim iar distanta intre emitator si receptor, de regula, nu depaseste 1 metru.  conexiunea bt se face rapid, in medie 5-6 secunde si este stabila. nu sunt bip-uri deranjante, sunt de frecventa medie, alerte normale.  acum ajungem la partea importanta, sunetul.  in ansamblu sunetul este bun, inaltele pot sa zgarie putin dar asta tine si de timpan - eu sunt mai sensibilos si mai zgarie putin, bass prezent, nu exceleaza dar prezent si la datorie. zona medie este putin orientata pe inalt, configuratie buna pentru destul de multe genuri, preferinta proprie dicteaza daca da sau ba aici - la mine este putin spre ba, pt ca prefer zona de joase si sunete putin mai calde. exemplu, acum ascult jazz, trompeta si sunt obligat sa reduc volumul sub jumatate (implicit aud mixerul) pt a avea totusi un nivel de confort.  rock, suna bine, zgarie putin pe alocuri, rap - nu am de ce sa critic, blues - doar vocal si poate uneori, sa comentez ca sunt prea sus, generic lounge - pianul suna bine, foarte bine iar trompeta si saxofonul forteaza o reducere de volum - mai sunt multe dar sper ca am creat o idee.  contra:  dintr-un motiv sau altul, sunt destule momente in care apar artefacte audio, pocnituri, tin cam 10-20 secunde si se normalizeaza sunetul.  nu stiu daca este generica afectiunea sau daca am eu putin ghinion. am castile de 2 saptamani, timp in care, prima saptamana aparitiile au fost mai reduse, dar acum, saptamana 2 sunt destul de dese.  amr o saptamana pana la verdictul final - le tin sau le returnez.     parerea de ansamblu - sunt casti bune, isi merita pretul cu varf si indesat, pentru cativa lei in plus sunt disponibile si in varianta cu magneti (putin moft dar poate avea avantajele sale) iar la finalul zilei, ofera un sunet decent si o autonomie surprinzatoare.";1.0;1;0;1.0;1
203;suna ca un sony, e impecabila. doar 4 stele din cauza designerului beat (sper ca beat, ca altfel este tampit de-a dreptul) care a decis inscriptionarea butoanelor cu alb pe fond galben. imposibil de descifrat!;1.0;1;0;0.0;1
204;"imi place tableta. functioneaza frumos, fara poticneli. si raportul pret/calitate e foarte bun (la pretul platit de 1.199 lei). sper sa aibe o viata lunga, mai lunga decat modelul sm-t700, pe care am folosit-o pana de curand, dar care a ""murit"" din senin la varsta de numai 2 ani si 11 luni.";0.0;1;0;1.0;1
205;dupa ce am folosit cu multa satisfactie go 1 vreo doi ani, m-am gandit sa trec la generatia urmatoare.  pana acum sunt destul de multumit. nu sesizez diferente prea mari.   imi place mult designul mai rotunjit.  conectarea e la fel de facila (semnalele sonore sunt schimbate, in bine), dar conexiunea pare un pic instabila. sunetul e la fel de puternic si de calitate. desi are acumulatorul mai mare, n-am sesizat vreo imbunatatire la autonomie (cam 6 ore cu volumul la doua treimi).  inca n-am testat rezistenta la apa, dar constructia pare suficient ermetizata.;1.0;1;0;0.0;0
206;bateria ma tine 2 zile conectat la telefon, in rest e ok;0.0;1;0;0.0;1
207;se aude bine, se conecteaza repede.   de fiecare data cand tin apasat butonul de volum+ ramane blocat. am reusit cu greu sa-l deblochez... decat sa mai fac retururi mai bine nu mai apas pe el.;1.0;1;1;0.0;0
208;tableta este buna da ce ma enerveaza la ea se blocheaza din 30 de minute pe zi si nu prea mi place;0.0;1;0;0.0;1
209;pro: raport pret/calitate ok    contra: sistemul de operare android putin vechi si nu se poate da update la cel nou.;0.0;1;0;1.0;0
210;volumul si calitatea auditiei buna spre foarte buna.inalte si bass decente.  arata si se aude ca ce este, adica o boxa.  pret corect.;1.0;1;0;1.0;0
211;raport calitate / pret = bun;0.0;0;0;1.0;1
212;este bun, nu voiam decat un plus de memorie la tel. si pana acum face ce trebuie.;1.0;1;0;0.0;1
213;foarte bine se aude, dar e foarte mare.;1.0;1;0;0.0;0
214;ok la banii astia;0.0;0;0;1.0;1
215;"am luat mai multe bucati (10.000 si 15.000 mah) deoarece este foarte utila lumina ambientala.  la 1 din 5 (10.000 mah-alb), in mai putin de 1 an, nu a mai facut contact tot timpul mufa in care se incarca acumulatorul (acumulatorul cel mai folosit). am primit banii inapoi fara nici o problema (as fi preferat inlocuire, dar nu a fost pe stoc in acel moment).  la 1 din 5, (15.000 mah-albastru), o liniuta de la o cifra din afisaj nu a functionat de nou. am decis sa ignor problema deoarece acumulatorul functiona corect (se incarca si incarca).  pe iesirea de 2.1a tine fara problema o tableta de 8.1"" in utilizare (tableta primeste mai mult curent decat consuma).  afisajul nu cred ca este foarte precis si nu stiu cat va puteti baza pe el.  incarcarea acumulatorului (10.000 mah) de la 0% la 100% printr-o statie de incarcare cu iesire de 2.4a: 8:30 ore:  - 00% - 99% = 6 ore (5:45)  - 00% - 100% = 8:30 ore  (99% - 100% = 2:45 ore)";1.0;1;0;0.0;0
216;raportul calitate - pret este ok;0.0;0;0;1.0;0
217;multumit de raport pret calitate.;0.0;0;0;1.0;0
218;e decent, n-am probleme cu el;0.0;0;0;0.0;1
219;este buna! subtire, dar nu acopera chiar in intregime ecranul, mai lasa cam 2 milimetri, de fiecare parte, neaoperiti.;1.0;0;0;0.0;1
220;imi place ca are 20000 mah dar totusi nu incarca atat de mult cat m-am asteptat (consuma 20-15% pt a incarca un iphone 6 de la 0% la 100%) si de asemenea are o dimesiune foarte mare, dar in rest sunt foarte multumit de ea, si imi place ca se incarca full intr-o noapte sau mai putin...;1.0;1;0;0.0;1
221;atentie pentru cei care au doi copii (cazul de fata), smartwatchul foloseste o singura aplicatie. nu poti monitoriza ambele ceasuri cu aplicatia there, iar deest2 este doar pentru iphone.  aceste lucruri cei de la iuni. ro au uitat sa le specifice.  in rest smartwatchul este foarte ok, iar baietii de la service iuni chiar te ajuta sa-l setezi telefoic fara a te mai deplasa la firma (singur nu prea poti sa-l setezi, tinand cont ca aproape toate modelele u11 vin cu data expirata din 2017). respect maxim!  pro: ajutorul acordat de baietii din service telefonic.  contra: aplicatia there nu poate monitoriza doua sau mai multe smartwachuri in acelasi timp.;1.0;0;0;0.0;1
222;pana acum sunt ok. nu s-au intrerupt, desi firul pare destul de firav. sunt curios cat vor rezista.;0.0;1;0;0.0;1
223;produsul are un design interesant, este slim, relativ light, constructia pare ok. as recomanda un cablu mai lung intrucat daca vrei sa folosesti telefonul in timp ce incarca e destul de incomod.   are si charge passtrough - adica poti sa il tii la incarcat si el, la randu-i, sa incarce un device (telefon, tableta etc). inseamna ca poti incarca telefonul si acumulatorul peste noapte folosind un singur incarcator. foarte util, este unul din considerentele pentru care l-am ales, aceasta functie este disponibila si la xiaomi.  fata de alte incarcatoare incercate de mine acesta necesita apasarea butonului de test baterie pentru a incepe incarcarea. obisnuit cu xiaomi 16000 mah, care incepe incarcarea imediat dupa ce l-ai conectat, am stat cu telefonul si cu acumulatorul in aceiasi mana, back-to-back, pana cand a dat telefonul in rosu cu bateria. apoi mi-am dat seama sa apas butonul. se intampla frecvent treaba asta si poate fi considerat incomod.;1.0;1;0;0.0;0
224;l-am prins la o oferta de 299 de lei si intrucat il urmaream de mult n-am mai stat pe ganduri.  este un smartwatch foarte cuprinzator la banii astia. il recomand oricui ca primul smartwatch sau cuiva care nu are pretentii foarte mari pe partea sportiva si activitati sportive precise. trebuie sa spun ca inainte am avut garmin vivoactive hr pe care l-am cumparat dupa foarte mult research in review-uri aici si pe alte site-uri.  am dorit un smartwatch care sa aiba heart rate si eventual gps, acest amazfit le are pe ambele.  are un aspect foarte placut, multi privitori il confunda cu apple watch. display-ul este foarte clar, nu ca rezolutie ci dpdv al contrastului. in plus, cu cat ai mai multa lumina, cu atat se vede mai bine, invers fata de ecranele de la telefoane.  informatiile de pe display by default sunt, asa cum vine din fabrica si se vede si in pozele de prezentare constau in ora, pulsul din minutele anterioare si pasii din ziua respectiva. atentie, au fost comentarii pe aici care au spus ca ceasul nu sesizeaza primii pasi pe care incepi sa ii faci dupa ce te ridici de pe scaun. gresit. acest modul de informatii se updateaza, probabil pentru economisirea bateriei, odata pe minut, odata cu minutarul. tot atunci iti face update si la pasii pacursi intre timp, si la puls. deci ii numara imediat ce incepi sa ii faci, ii afiseaza dupa 1 minut. sigur ca se poate inlocui acest display by default cu altele, care fac update ecranului la secunda, avand si secundarul afisat. dar, asa cum te atentioneaza ceasul, acestea consuma mai multa baterie. n-am incercat niciun altul.  ca activitati dedicate, are doar outdoor bike, outdoor run, indoor run si walk. fara swim, fara hike. ceea ce imi lipseste mie pe langa numaratorul de pasi este numarul de etaje urcate. in specificatii spune ca are altimetru, pacat ca nu este si folosit ca sa-ti faca, la fel ca la pasi, un target zilnic ca sa incerci sa te tii de el.  numaratorul de pasi este surprizator de precis, bate perfect cu numaratorul de pe telefonul mobil (care la randul lui batea perfect cu vivoactive hr). targetul zilnic ti-l stabilesti zilnic, din pacate nu este ca la garmin unde iti analizeaza activitatea si in functie de asta iti creste sau stagneaza zilnic targetul privind numarul de pasi. sa speram ca vor imbunatati asta in viitoarele versiuni de soft.  pe partea de puls nu are din pacate un mod auto. ideal ar fi fost sa ia prin sondaj la cateva minute pulsul si in plus, sa ti-l ia de fiecare data cand incepi sa te misti, sa faci pasi, sa urci etc. din pacate nu are decat setarea off, setarea auto care nu este auto ci te intreaba la cate minute vrei sa iti ia pulsul (in loc sa ti-l ia, repet, cand incepi sa te misti) si o a treia setare, sleep assistant care spune ca creste acuratetea analizei somnului. insa daca vrei si pulsul pe auto si sleep assistant, nu poti. poate se va regla chestia asta la firmware-urile viitoare.  alt lucru care imi place este ca aplicatia de pe telefon face statistici, pentru cei care sunt pasionati de asa ceva. iti spune cum te situezi in comparatie cu alti utilizatori ai aplicatiei la ora culcarii, durata somnului, iti face recomandari etc.  din pacate, si asta e principalul motiv din care ii dau 4 stele si nu 5, desi aplicatia pentru telefon este bogata in functii si informatii, nu exista o aplicatie pentru pc sau o pagina de internet pe care sa sincronizezi aceste date. majoritatea smartwatch-urilor presupun conturi care exista si pentru mobil, si pentru web. vezi informatiile si pe pc de la birou, nu esti nevoit sa te chiorasti neaparat in telefon. de exemplu, pe activitatea outside run sau walk iti deschide gps-ul si iti afiseaza frumos pe google maps tot traseul. pacat insa ca trebuie sa te chiorasti in telefon e harta in loc s-o poti deschide pe pc sincronizata. sa speram ca lucreaza la o aplicatie web pentru pc.  bateria, cum s-a mai spus, tine foarte mult, il am de circa o saptamana, avea 70%, acum are 30, cu 3-4 activitati a cate 30 minute fiecare care au presupus gps.    poate daca nu as fi avut inainte vivoactive hr, care costa de trei ori mai mult, as fi fost si mai multumit de amazfit si nu as fi avut nicio critica. chiar si asa, il recomand oricui care nu e neaparat impatimit in ceea ce priveste sportul si monitorizarea sporturilor. e fff ok la 300 sau 400 lei. xiaomi face produse de calitate la preturi sub concurenta si intra din ce in ce mai tare pe piata.;0.0;1;0;1.0;0
225;pro:  -materiale de calitate superioara  -stabil  -elegant    contra:  -pretul putin cam ridicat;1.0;0;0;1.0;0
226;ambalajul firmei de curierat era rupt, iar ambalajul produsului nu era sigilat, in rest ok.;0.0;0;1;0.0;1
227;sunt un mic colectionar de boxe ieftine. am 6 si mi-au trecut prin mana multe. ce pot spune despre aceasta boxapare foarte bine construita. claritatea si bass-ul ok. sub asteptarile mele se aude incet. ma asteptam sa se auda mai tare. probabil nu se aude tare din cauza ca reda foarte bine un bass fara medii. cum mai am si alte boxe acelea redau medii mai mult si bass mai putin. am o boxa ce am achizitionat-o la pret 1/3 din aceasta, se aude de 2x mai tare dar calitatea sunetului incomparabila. ce pot spune la final. mi se pare ca se aude incet. o sa mai achizitionez una pentru a forma un minisistem stereo;1.0;1;0;0.0;0
228;tocmai ce mi-am achizitionat acest produs de la emag.  petreci timp de calitate pe el. per total sunt multumit, cu ceva exceptii    pro: se misca foarte bine, nu are lag, se vede frumos (detin un s6 edge), este usor    contra: sunt ceva aplicatii care se platesc (dar totusi sunt destule si gratuite care sa te bucure)  cand este conectat telefonul la casca gearvr, se incalzeste destul de repede pe jocuri si filme, iar la 30min trebuie facuta pauza (scrie si in manual), altfel sacadeaza (te averitizeaza cu un mesaj in prealabil)  din cand in cand se aburesc lentilele interioare, ceea ce devine cam deranjant;1.0;1;0;0.0;1
229;e ok. raportul calitate pret este ok.;0.0;0;0;1.0;0
230;pro: - se aude destul de tare,  - rezistenta  - usor de manevrat  contra: - deficitar la radio;1.0;1;0;0.0;0
231;super distractiv!!!;0.0;0;0;0.0;1
232;fara probleme de conectivitate si/sau pierdere a conexiunii bluetooth pe ios 11.4.1 si android ore 8.0. zidurile incaperii si usile termopan ecraneaza semnalul puternic, dar in aceeasi incapere telefonul si banda, e totul ok.;0.0;1;0;0.0;1
233;pentru un produs in plaja asta de pret este foarte ok. din nefericire vine fara niciun fel de marcaj (iesire 1a/2a), fara instructiuni, fara nimic;1.0;0;0;1.0;1
234;"am tableta de aproape 1 an jumate si i-am convertit rom-ul de la sm-t560 la sm-t561 pentru a-mi da posibilitatea actualizarii firmware-ului la versiunea din august 2017. dupa aceasta operatiunea, tableta a devenit mai rapida si poate rula aplicatii mai noi. spre exemplu nu rula aplicatia ""mi home"", acum functioneaza. din pacate os-ul a ramas 4.4.4, nu exista posibilitate momentan de actualizare la nici o versiunea mai mare de 4.4.4.";0.0;1;0;0.0;0
235;util mai ales pentru asezarea telefonului-phabletului pe bordul masinii. pozitia e totusi cam inclinata dar suportul face treaba in cazul aplicatiilor de navigatie.  ieftin, material destul de bun.;1.0;1;0;1.0;0
236;se descarca destul de rapid.;0.0;1;0;0.0;0
237;este exact ceea ce mi-am dorit, un raport calitate/pret excelent. masoara pulsul in timpul activitatilor cu precizie destul de buna, iar pentru ceas exista mai multe variante, cu/ fara secundar, cu/ fara alti parametri in functie de preferinta.;0.0;1;0;1.0;1
238;dupa aproximativ o luna de utilizat am venit sa scriu un review ca poate o sa intereseze pe cineva parerea mea.  castile le-am cumparat pe increderea review-urilor de aici si pe increderea firmei samsung......  dupa ce le-am primit, primul gand a fost sa le incerc la telefonul meu(un allview), dar spre supararea se auzea anapoda..... dupa lungi cautari pe net am gasit cum sa le rezolv, mai exact am luat o ata si am legat putonul de play si asa am reusit sa acult muzica.  dar microfonul nu se presteaza prea bine... pentru pretul lor mi se pare si normal.  ar mai fi un lucru de adaugat, firul care porneste din jack pare ca firav si in timp sar putea rupe, asa ca va recomand sa puneti un arc de la un pix.  intr-un final, castile sunt bune pentru pretul lor dar dupa o ora de utilizare te cam dor urechile;1.0;1;0;1.0;0
239;intr-o sufragerie obisnuita se aude super, dar la esterior este nevoie de un volum mai puternic, asa ca aproape de maxim distorsioneaza. am testat boxa prin cablu si prin bluetooth, pe laptop si pe mobil. calitatea este satisfacatoare, avand in vedere pretul platit si dimensiunile reduse ale boxei sony, merita investitia.;1.0;1;0;1.0;1
240;nu arata ca incarca rapid pe un lg g5. dar totusi incarca destul de repede;1.0;1;0;0.0;0
241;se misca destul de lent, dar pentru pretul pe care il afiseaza producatorul, merita.;0.0;1;0;1.0;1
242;tinand cont ca este primul smartwatch pot spune urmatoarele:   -bateria tine 1 saptamana(activat heart rate si ecranul sa se aprinda cand intorci mana, si mesajele de rigoare de pe whatsup, facebook si sms)  -totusi prea putine fete(poate cu update-urile vor veni si alte fete)  -nu masoara doar pasii, ci si anumite miscari ale mainii  -consuma bateria telefonului cu 1/3 mai mult decat se consuma in mod automat la telefon.  acestea deocamdata in prima saptamana de la cumparare.  a, era sa uit, draga emag, daca tot platesc serviciul de a veni coletul la o anumita ora, doresc macar sa ma anunte curierul ca intarzie, nu sa vina peste 3h diferenta. acesta este motivul pentru care dau 4 stele in rest produsul se comporta bine.;0.0;1;1;0.0;1
243;ok pentru pretul asta.;0.0;0;0;1.0;1
244;imi intrece asteptarile cam la orice categorie, inafara de puterea sunetului si faptul ca se aude relativ slab daca nu e indreptata spre tine;0.0;0;0;0.0;1
245;ok, face ce trebuie.;0.0;0;0;0.0;1
246;are o culoare placuta, greutatea si marimea sunt foarte mici, ceea ce avantajeaza mult, insa se incarca complet in 7 ore si 30-45 min:( ledurile se cam incalzesc dar in rest totul este ok, livrare in 2 zile;1.0;0;1;0.0;1
247;este ok. am incarcat 3 telefoane.;0.0;1;0;0.0;1
248;produs bun avind in vedere raportul pret/calitate. am avut impresia, ca totusi dureaza cam mult scrierea unui fisier de dimensiuni mari. merge bine in tableta pe care o am. pina acum nu am avut nici o problema cu vreo memorie kingston cumparata de la emag sper ca nici de aici in colo sa nu am. are garantie pe viata.;0.0;1;0;1.0;1
249;pro: tine mult si se incarca destul de repede, depinde de telefon cu incarcarea. de ex. daca ai bateria buna cu portul de 2.1a ar trebuie sa-ti incarce cu 1% pe minut am testat dupa 80% incarca putin mai greu.  iti arata cat la suta mai are bateria.  led-urile sunt puternice si te ajuta cand ai nevoie.    contra: cam grea.  la portul de 2.1a la unele telefoane se opreste din incarcare.;1.0;1;0;0.0;0
250;le am de la 4 ianuarie 2019 si consider ca este destul de bun, am luat un pachet cu 3 si de 2 luni si nu am avut vreo problema cu ele, mufa intra foarte bine si nu iese plus ca are un cablu gros, as fi preferat sa fie mai flexibil, dar cu o lungime buna.  mufa usb este la 45?, este folositoare im majoritatea cazurilor, dar cateodata incurca pe laptop cand ai 2 cabluri unul langa celalalt si dupa trebuie sa le inversezi sa nu se intercaleze.  la unul dintre cabluri am indoit mufa din greseala, dar merge la fel de bine ca inainte  l. am folosit si pentru controller-ul de la ps4 si merge excelent. sunt foarte multumit, dar daca va hotarati sa le luati asteptati o oferta mai buna in jur de 14 lei. sa aveti o zi frumoasa!;1.0;1;0;0.0;1
251;"ce-ti poti dori mai mult de la o tableta? sa fie rapida, sa aiba un ecran luminos si culori stralucitoare si sa reziste... conditii indeplinite la un nivel inalt de ipad-ul 2018, si chiar daca dispozitivul pare ceva mai scump, lucrul acesta este pe deplin justificat, deoarece componenetele sale sunt neindoielnic de calitate si peste cele oferite de concurenta. faptul ca tableta va beneficia de update-uri pe toata durata vietii ei, spre deosebire de celelalte, constituie un atu major.  acum, sunt utilizatori care se simt mai confortabil in lumea aplicatiilor apple si altii care se simt mai bine in lumea aplicatiilor google. in fond tableta este o platforma pe care iti instalezi aplicatiile. in mod ideal o tableta trebuie sa fie extrem de plictisitoare, sa nu-ti faca surprize, adica sa mearga... daca pornesti ceva, sa porneasca imediat, sa nu crape, sa faci multitasking, etc... eu am ales sa o ""google-tizez""cu totul, facand compromisul perfect: software-ul google cu care sunt obisnuit, peste hardware-ul foarte bun de la apple! rezultatul obtinut ma satisface pe deplin.  doar o mentiune, pentru formatul tabletei de 4:3. nu este formatul ideal in ceea ce priveste vizionarea filmelor, iar daca esti obisnuit cu formatul 16:9 vei avea o problema.  de buna seama ca perfectiunea nu exista, dar tinand cont de faptul ca cea mai buna tableta android la ora actuala, este fara indoiala samsung galaxy tab s3, dar pretul ei fiind cu cca 1000 de lei mai mare, alegerea va apartine.";1.0;1;0;1.0;1
252;super merita toti banii.;0.0;0;0;1.0;1
253;am cumparat aceasta baterie la recomandarea unei prietene care avea deja 2 modelul acesta si era foarte multumita de ele. in 6-8h obtii o incarcare completa a bateriei si 4 incarcari ale telefonului de la 1% la 100%:) e putin greuta, vine cu un cablu scurt de maxim 7cm pe care am inteles ca e indicat sa-l folosesc mai de graba decat un cablu de incarcator din cauza ca cel din urma s-ar uza mai repede, dat fiind amperajul mare al bateriei. all in all, sunt foarte multumita pana acum si chiar recomand produsele asus. si telefonul tot un asus zenfone este.;1.0;1;0;0.0;1
254;am cumparat o a doua casca dupa ce am vazut ca sotul este multumit de aceasta.;0.0;0;0;0.0;1
255;isi face treaba excelent, dar putea fi putin mai ifetina!;0.0;0;0;1.0;1
256;mica, usoara, versatila, sunet surprizator de bun.  merita;1.0;1;0;0.0;1
257;super multumita de acest acumulator extern!;0.0;0;0;0.0;1
258;este exact ce aveam nevoie! telefonul se prinde foarte bine datorita magnetului si e cu mult mai practic decat suporturile de plastic dotate cu ventuza! recomand cu incredere!;0.0;1;0;0.0;1
259;raportul pret calitate al boxei este excelent!  excelent a fost sa cumpar un produs vandut de avstore!;0.0;0;0;1.0;1
260;produsul merita din plin banii. se asaza perfect iar detaliile sunt exact ca in poza. cu ajutorul lui puteti acoperi toate zgarieturile de pe telefon.   ca la orice skin vinilic autoadeziv este nevoie la sfarsitul montajului sa folositi un uscator de par cu aer cald pentru ca vinilul sa se muleze pe curbele telefonului si totodata pentru a activa adezivul.   am montat skin-ul peste protectia de ecran care o aveam deja montata de cand am cumparat telefonul.  recomand sa cititi instructiunile inainte de a face montajul intrucat veti gasi informatii foarte utile.;1.0;1;0;1.0;0
261;pt un telefon este excelent ca spatiu suplimentar de stocare.;0.0;0;0;0.0;1
262;este ok si util;0.0;1;0;0.0;1
263;acumulator extern cumparat de la eastcom pe emag marketplace. daca este complet incarcat, se poate incarca cu el de 4 ori un telefon samsung galaxy s4 mini cu acumulator de 1900 mah. incarcarea telefonului este poate chiar mai rapida decat de la priza. (este doar o impresie subiectiva.)    incarcarea power bank-ului se realizeaza usor. daca se foloseste un incarcator de 2 a, incarcarea este completa in aprox. 5-6 ore. am incercat si cu un incarcator de 1 a, atunci timpul de incarcarea se dubleaza. (cum este logic de altfel.:) )    utilizare usoara, aparat simplu si robust. se pot incarca cu el si alte aparate, cum ar fi de ex. luminile pt. biciclete cu incarcare prin usb.    il am de aprox o saptamana, inca nu stiu cum se comporta in timp. un avantaj fata de alte marci este garantia de 2 ani oferit de comerciant. (la alte marci si alti furnizori am vazut doar intre 6 si 12 luni.);0.0;1;0;0.0;0
264;am cumparat ipadpro 10.5 resigilat. imi asum eroarea de a nu fi verificat si cablul de incarcare care era crapat. greseala mea. in rest, nimic de obiectat. a fost in stare perfecta, nici macar o urma dfe utilizare. oricum, diferenta de pret ca urmare a ambalajului desigilat imi permite clar sa cumpar un cablu nou:).... asta cand va fi cazul.;1.0;0;0;0.0;1
265;f bun, recomand!;0.0;0;0;0.0;1
266;recomand, se merita sa cumparati;0.0;0;0;0.0;1
267;100% original recomand.;0.0;0;0;0.0;1
268;cel mai bun produs in gama 10.000 mah. incarcare rapida, aluminiu, dimensiune redusa. in aceasta gama de pret si capacitate concureaza cu powerbankul de la xiaomi, ambele fiind otiuni excelente.;1.0;1;0;1.0;1
269;perfect! ca si viteza ca si stil;1.0;1;0;0.0;1
270;pentru dimensiunile ei aceasta boxa isi face treaba excelent. sunetul perfect chiar si la volum maxim. usor de transportat si bateria tine mai mult decat asteptat. foarte usor de folosit si conectat.;1.0;1;0;0.0;0
271;este usor de folosit, il recomand cu incredere.;1.0;0;0;0.0;1
272;folosesc acest card impreuna cu o camera auto si sunt foarte multumit.  recomand cu incredere acest card.;0.0;0;0;0.0;1
273;l-am cumparat pentru dimensiune si capacitate. e mai mic (scund si ingust) decat alte acumulatoare la aceeasi capacitate. e printre putinele la pret decent care incape in buzunarul lateral al ghiozdanului meu. incarca foarte repede, mai repede decat acumulatoarele a+ alea cu lanterna. nu am gasit minusuri.;1.0;1;0;1.0;0
274;determina pulsul corect. se comporta foarte bine in apa si la sauna.;0.0;1;0;0.0;0
275;un ceas smart bun. aplicatie simpla si intuitiva. meniul ceasului la fel. bateria tine in jur de 1 zi jumate - 2. acceptabil. curea moale si comoda. arata f bine ca design.;1.0;1;0;0.0;1
276;am cumparat o husa impreuna cu tableta acum 2 ani la achizitie, la pretul de atunci de 169 lei, acum se gasesc la 139 lei.  personal am cumparat din showroomul din constanta doua, si cu toate ca am o tableta alba si una aurie, la pretul de 14.99 lei era si pacat sa nu iau de rezerva inca una.;0.0;0;0;0.0;0
277;sunet slabut dar ii ok!;0.0;1;0;0.0;1
278;produs ok.;0.0;0;0;0.0;1
279;super sunet, calitate.;0.0;1;0;0.0;0
280;un produs ok care isi face treaba.;0.0;1;0;0.0;1
281;ok incarcatorul. merita;0.0;0;0;0.0;1
282;pro: design elegant, bateria buna  contra: gasesti greu huse in afara de cea dedicata;1.0;0;0;0.0;0
283;excelenta bateria, incarca rapid + vine cu propriul cablu;0.0;1;0;0.0;1
284;foarte bun, raport pret/calitate excelent. lanterna bonus...;0.0;0;0;1.0;1
285;se potriceste perfect pe ceas, se pune usor. nici nu iti dai seama ca are folie pe el;1.0;0;0;0.0;0
286;foarte bun raportul calitate-pret!;0.0;0;0;1.0;0
287;"este ok, incarca de 3 ori telefonul. este ok ca dimensiuni si greutate, incape in buzunar.  cablul fff scurt 12cm, la priza de perete ""atarna"", trebuie pus pe podea la incarcat";1.0;1;0;0.0;1
288;incarca foarte rapid telefonul! recomand!;0.0;1;0;0.0;1
289;merita, sunt multumit;0.0;0;0;0.0;1
290;o tableta minunata recomand;0.0;0;0;0.0;1
291;o boxa care la pretul acesta e cam best-buy.   bateria: o folosesc de 3-4 ore la volum peste 60% si inca nu mi-a palpait ledul rosu. (am pus-o la incarcat vreo 45 de minute ieri, caci atunci am luat-o)   sunet: jbl by harman. am spus tot cu asta. mai ales ca folosesc equaliser la telefon (samsung s8) pentru bass, sunetul este foarte placut si tare pentru 3.1w.  rezistenta la apa:inca nu m-am ivit de un accident xd. capacelul care ascunde porturile e foarte gros si eu zic ca rezista la o cadere in piscina.  am folosit boxa si cu cablu aux la pc si se aude foarte bine asemenea.     ce mi-ar fi placut: sa aibe si suport stereo. (ma gandeam sa mai cumpar inca una,imi place ca o pot pune in buzunar, fata de modelele mai mari de la jbl:) );0.0;1;0;1.0;0
292;recomand aceasta husa, se potriveste perfect la tableta si ofera protectie.;0.0;1;0;0.0;1
293;calitate f buna atat a materialelor cat si a sunetului;1.0;1;0;0.0;0
294;foarte performant. deci, nu pot sa cred ca youtube merge ca uns, prin wi-fi.;0.0;1;0;0.0;0
295;l-am achizitionat de 5 zile pana acum se comporta tare bine. sunt multumit!;0.0;1;0;0.0;1
296;foarte util daca ai nevoie sa urmaresti un serial sau ceva pe telefon. il poti lipi pe husa... foarte bun, nu e necesar... dar merita sa il ai, cumparati cu incredere!!!;0.0;1;0;0.0;1
297;nu se lipeste 100% perfect fiind ecranul la ceas foarte curbat insa nici nu deranjeaza (nu se vede decat daca te uiti super-mega-ultra atent). deja am spart 2 folii, urmeaza sa o comand tot de aici pe a 3-a.;1.0;0;0;0.0;1
298;f. bun.;0.0;0;0;0.0;1
299;produs ok, livrare rapida.;0.0;0;1;0.0;1
300;e foarte buna;0.0;0;0;0.0;1
301;detin boxa de doar 3 zile si pot sa spun ca este extraordinara    +  sunet 360, pusa pe noptiera/comoda se aude bine intr-o camera de 20 mp.  bass-ul este impresionant pentru marimea ei (este prezent inclusiv la volum mic)  medii si inalte foarte bine conturate.  nivelul indicatorului pentru baterie foarte intuitiv.    -  cand am desfacut-o am vrut sa o incarc la priza cu un incarcator de samsung fast charger. din pacate boxa nu este compatibila cu un astfel de incarcator si se inchide automat dupa 1 minut. (protectie la suprasarcina) se incarca totusi cu un incarcator normal 5v 1a in aproximativ 3 ore.;0.0;1;0;0.0;1
302;excelent raportul calitate / pret;0.0;0;0;1.0;0
303;castile sunt foarte bune. se aud foarte bine chiar peste asteptari. recomand!;0.0;1;0;0.0;1
304;excelenta pt. dimensiunile ei. sunet curat si un bass decent. pret/calitate = excelent;1.0;1;0;1.0;1
305;dupa 1 an inca tine ca la inceput;0.0;1;0;0.0;0
306;l-am luat pentru un asus zenfone selfie, rezista la 2 incercari jumatate, cum este specificat de fabricant.    mi-a rezistat la un drum de 5 ore cu gps si apel vocal 90% din timp, plus alte aplicatii.     recomand.;0.0;1;0;0.0;1
307;bratara arata si functioneaza excelent. este un accesoriu foarte util pentru sport dar si in viata de zi cu zi. multumesc emag!;1.0;1;0;0.0;1
308;este foarte ok, functioneza bine si volumul este destul de puternic;0.0;1;0;0.0;1
309;folia se incadreaza perfect pe tableta si arata bine. se aplica foarte usor cu ajutorul abtibild-urilor de care este insotita. sticla era ambalata foarte bine.;1.0;1;1;0.0;0
310;de multi ani folosesc telefoanele dect, si sunt f. multumit de ele.   un incovenient observat la aceste modele - seria 210, este ca nu poti transfera numerele din memorie intre receptoare, modelele mult mai scumpe permit acest lucru.  o alta problema, dar care este la cele mai multe modele dect, este legata de timpul in care afiseaza numarul care te apeleaza, adica daca persoana da un simplu bip, atunci nu apare numarul lui, acesta apare doar daca telefonul tau suna cam de 2 ori...   despre raza de actiune, este ok, dar depinde puternic de numarul de ziduri si de grosimea lor - am preferat sa montez baza in podul casei (unde nu am acces usor), iar raza de actiune s-a marit considerabil...;0.0;1;0;0.0;1
311;este mult mai mica decat ma asteptam, dar face fata foarte bine intr un birou de 17mp  ascultam radio in fiecare zi si este extraordinara, se aude foarte bine. bateria tine si ea toata ziua. sunt foarte multumita de produs.;1.0;1;0;0.0;1
312;am facut multe cautari, dar intr-un final am castigat-o la concrsul firmei. e mai mult decat pot folosi la un apartament. nu stiu altii ce pretentii au, dar eu nu pot cere mai mult la asemenea dimensiuni. sunet foarte clar si cu bass suficient. intentionez sa mai cumpar una deoarece le poti conecta la acelasi device. nu ap probat-o n apa, dar nu cred ca sunt interesat:))).;1.0;1;0;0.0;0
313;iphone 6s 1700mah ( 4 cicluri de incarcari )   deci, bateria are aproximativ: 6800mah  bateria nu se incalzeste.  sunt multumit.;0.0;0;0;0.0;1
314;baterie excelenta. recomand produsul!;0.0;0;0;0.0;1
315;buna ziua,    este foarte ok tableta, are spatiu de microsim si de micro sd.  se misca foarte bine si tine forte mult acumulatorul.;1.0;1;0;0.0;1
316;pentru ce pret are si cat de mica e, e super buna. are bass, are claritate, asta tinand cont de marime. nu e perfecta, dar e mica, practic incape in buzunar. ca minusuri, autonomia putea fi mai buna, nu se poate desface sa pui o baterie mai mare, dar am rezolvat cu un power bank. are deja doi ani. si merge ca noua.;1.0;1;0;0.0;1
317;am testat produsul, parametrii corespund intocmai, nimic de reprosat pana acum.;0.0;1;0;0.0;0
318;sunet foarte bun pentru un difuzor atat de mic!;1.0;1;0;0.0;0
319;comanda ok;0.0;0;0;0.0;1
320;nimic spectaculos, un mediu de stocare rapid si (sper) sigur. cat despre cei de la emag, nota 10 ca de obicei.;0.0;1;0;0.0;1
321;functioneaza ireprosabil pe s8 plus. toate aplocatiile ruleaza full screen, inclusiv netflix-hbogo... etc. singurul minus ar fi ca nu poti incarca telefonul in timp ce ai adaptorul conectat fapt ce poate fi rezolvat cu un wireless charger.;0.0;1;0;0.0;0
322;folosesc ceasul de 10 zile, design fain, touchscreen-ul se misca ok, masuratorile sunt bune, folosesc des gps -ul si chiar si asa ma tine bateria, per total calitate pret bun.;1.0;1;0;1.0;0
323;recomand. decat sa cumperi de 3 ori care nu functioneaza, mai bine iei o data si gata. 50 lei+20 lei transport...;0.0;0;0;0.0;1
324;e super! baiatul meu e foarte multumit!!!;0.0;0;0;0.0;1
325;super tare produsul super multumit;0.0;0;0;0.0;1
326;"ok! super!  5 zile standby!  de mers? ""meserie"", tipic samsung!";0.0;1;0;0.0;1
327;f ok, sunet bun;0.0;1;0;0.0;1
328;cea mai buna tableta am cumparati la pretul de 350 de lei sunt multumit de ea pentru pretul pe care il are am tras multe jocuri memoria este de 8gb si a am mai ramas cu 2gb ramul este de 1gb camera face poze destul de bune pe timp de zi dar noaptea nu ies asa de bine va recomand aceasta tableta;0.0;1;0;1.0;1
329;produs excelent. recomand cu incredere.;0.0;0;0;0.0;1
330;recomand 100%  este mica si o poti lua oriunde iar sunetul este puternic si clar si cu volumul dat la maxim;1.0;1;0;0.0;1
331;foarte buna! incarca un p9 lite 2016 de 3000mah in 2h30min. la pretul de 30 lei este mai mult decat convenabila. lanterna este foarte folositoare. va recomand sa o formatati la prima utilizare si sa folositi un cablu usb de calitate, nu cel din cutie deoarece este foarte scurt si se strica repede.;1.0;1;0;1.0;1
332;cel mai bun raport pret-calitate;0.0;0;0;1.0;0
333;micuta, eleganta, compacta si cu un volum/sunet excelent!;1.0;1;0;0.0;0
334;se incadreaza in bugetul meu. nu este prea greu sau voluminos. se potriveste foarte bine si nu intra lumina exterioara, sunteti literalmente in lumea voastra acolo. telefonul sta foarte bine fixat.;1.0;1;0;0.0;0
335;recomand pt toti parintii care vor sa si stie copii in siguranta;0.0;0;0;0.0;1
336;dincolo de asteptari. atat prinderea in fanta de aerisire cat si magnetii sunt extrem de puternice. telefonul n-o sa cada indiferent de denivelarile la care este supusa masina chiar si in cazul unui note 8 (pe care il folosesc).;0.0;1;0;0.0;1
337;este ok, am incarcat telefonul(s8) de 3 ori.;0.0;0;0;0.0;1
338;un acumulator f bun ce a venit incarcat 75%. l-am descarcat total cuplat la o tableta si incarcarea unui mobil, iar incarcarea a durat cam 6 ore cu un incarcator de lenovo k6, model 32 gb si 3 gb de ram!;0.0;0;0;0.0;1
339;am achizitionat de curand boxa pentru a o face cadou cuiva. am apucat sa testez produsul si am ramas placut surprins de fidelitatea si puterea sunetului, tinand cont de dimensiunile reduse. basul e bun la 80% din volum, dupa care se stinge usor, dar oricum e ok.  deja stau la panda sa achizitionez una si pentru mine.;1.0;1;0;0.0;1
340;isi face treaba bine, am incarcat telefonul si o boxa. dureaza cam 8 h sa se incarce el {acumulatorul) complet, dar apoi e ok. vine cu doua minicabluri de incarcare (foarte scurte, dar suficiente cat sa pui incarcatorul pe masa si sa incarci telefonul in timp ce faci chestii cu el.  incarca de 3 ori un telefon de 3000 mah., iat timpul de incarcare nu e diferit de cel de la priza.  minusuri - timpul mare de incarcare a acumulatorului greutatea;1.0;1;0;0.0;1
341;super... recomand;0.0;0;0;0.0;1
342;vine foarte ok pe telefon, se pliaza perfect, nu mai ai nevoie de husa;0.0;1;0;0.0;0
343;diagonala, viteza procesor si grafica, numar difuzoare harmankardon, baterie, viteza combinata bluetooth+wireless m5 mai mari decit t4    din pacate, m5 maninca bataie urita le pret: t4 domina majestuos, fiind de 2 ori mai mare...;0.0;1;0;0.0;0
344;daca aveti un iphone codat recomand acest produs! se introduce cipul sub cartela si gata, iphoneul merge struna!;0.0;1;0;0.0;1
345;sabilitate totala in sistemul de acordare bt, acumulatori excelenti. merita toti banii.;0.0;1;0;1.0;0
346;bateria tine, merita banii;0.0;1;0;1.0;0
347;foarte elegant, magnet puternic, foarte stabil. recomand;1.0;1;0;0.0;1
348;suna foarte bun.;0.0;1;0;0.0;0
349;se misca bine, bateria tine bine, e mai usor de folosit pentru citit pdf-uri decat o tableta de 10 inch.;0.0;1;0;0.0;0
350;sunet clar, puternic, calitate buna.;0.0;1;0;0.0;1
351;foarte ok. am achizitionat-o la pretul de 38 lei fara prea multe pretentii, insa m-a surprins.  sunet foarte bun si produs finut.;1.0;1;0;1.0;1
352;sunet foarte bun. foarte multumit. recomand!!!;0.0;1;0;0.0;1
353;excelenta. isi face treaba/;0.0;1;0;0.0;1
354;culoare foarte frumoasa, sincer arata mult mai bine in realitate.  recomand.;1.0;0;0;0.0;1
355;"per total consider ca aceasta boxa portabila merita 5 stele si am sa justific si de ce.   anterior acestei boxe am achizitionat o boxa akai ss023a-x10, de care fara discutii nu am fost multumit. mentionez faptul ca am anumite asteptari calitative de la o boxa. dupa 2 sapt de utilizare a boxei akai ss023a-x10 m-am hotarat sa incerc o alta boxa si anume akai abts-1002, avand in vedere ca diferenta de pret a fost de doar 159 de lei. boxa se aude foarte tare, are bass-ul suficient de puternic. luand in considerare faptul ca este portabila cu pretul de achitie de 659 de lei este cea mai buna boxa raport pret/calitate, fiind suficient de puternica pentru sali de evenimente mai mici (botezuri, zile de nastere, majorate, cabane - este insa mult prea mult pentru un apartament la bloc)  voi prezenta pe scurt anumite caracteristici tehnice care nu se regasesc pe site la prezentarea produsului:  -carcasa mdf+plastic  -difuzor de bass 10"",4?50w cu iluminare multicolora functie de ritmul melodiei ascultate protejat de grila metalica  -difuzoare inalte hs 3""-26, 4?10w protejate de grile metalice  -microfon wireless frecventa 259,1 mhz  -telecomada  -2 porturi pentru microfoane cu fir 6,5mm  -port usb si card sd  -alimtarea se face cu cablu vde 1.5m, 0.75mm  -acumulator pb acid 6fm9(12v9ah/20hr)/151*65*100  -suporta fisiere mp3, wma, bluetooth, radio fm (pachetul contine si antena fm), aux  pro:  -designul boxei deosebit, concureaza fara probleme cu boxele sony  -consola de control aflata in partea de sus a boxei cu design deosebit si iluminata albastru asematoare cu boxele sony acoperita cu un plastic ce imita folia de carbon. consola contine porturile pentru microfoanele cu fir, usb, card sd, potentiometrele pentru volumul microfonului, mic eq, echo, bass si inalte, volumul boxei, si butoaele pentru standby, mode redare, inainte, inapoi si oprire sau pornire iluminare led a boxei. are suport tip canal pentru telefoane si tablete.  -afisajul este amplasat frontal si de culoare albastru, iar caracterele afisate sunt mari  -in spatele boxei se regaseste butonul pentru modul de utilizare a energie ac sau dc si portul aux  -boxa este tip troliu cu roti si maner  -bass suficient de puternic  -frecvente redate 23-14000 hz  -ilumincare difuzor bass, perfect pentru petreceri  -microfonul se aude destul de bine spre foarte bine  -sunetul boxei este foarte curat si se aude foarte tare  -nu are sunet de fond  -nu distorsioneaza cu volumul la maxim  -radioul functioneaza perfect  -conectivitatea bluetooth este ireprosabila  -bateria tine foarte mult, la volum normal pentru un apartament tine lejer 3 zile, la maxim inca nu am reusit sa descarc bateria la un chef  contra:  -nu are manere pentru transport  -nu are alimentare la 12v, dar avand in vedere faptul ca acumulatorul este pe 12v se poate rezolva relativ usor";1.0;1;0;1.0;1
356;foarte ok boxa. raport pret -calitate f bun.;0.0;0;0;1.0;1
357;sunetul clar, puternic ne-deranjant. un pic cam grele. in rest sunt robuste iar mufa in unghi drept e perfecta pentru o folosire din buzunar.  le. s'au stricat in nici 6 luni!;1.0;1;0;0.0;0
358;am primit-o cadou de la sotul meu. este superba. pielea este fina, frumos lucrata. bateria externa este extrem de utila, iar telefonul se incarca destul de repede. chiar aveam o problema cand ieseam in oras cu fetele, mai ales seara, cand nivelul bateriei este mai mic si nu aveam unde sa-mi incarc telefonul. am devenit si un donator de curent pentru prietene. imi place mult, chiar ma nimerit cu acest cadou.:);1.0;1;0;0.0;1
359;demential.;0.0;0;0;0.0;1
360;foarte multumita;0.0;0;0;0.0;1
361;foarte eficienta;0.0;1;0;0.0;0
362;bratara are un sistem de prindere ok toate functiele merg bine iar pretul e foarte ieftin  in caz ca nu vati dat seama este iwach replica  dar face chear mai multe lucururi decat la ala de 46 de milioane  camera se vede ok daca intrii in setari>setari imagine> googd  este super si recomand cu incredere;1.0;1;0;1.0;1
363;calitatea sunetului foarte buna raportata la pret. initial daca tineam telefonul aproape se intrerupea, dar ulterior nu am mai avut problema asta.;0.0;1;0;1.0;0
364;conform asteptarilor.;0.0;0;0;0.0;1
365;am luat-o de black friday cu 89 lei! am fost impresionat de taote review-urile pozitive, iar cand am primit-o mi-am dat seama ca nu erau exagerate deloc. desi este mica (o poti tine in palma), calitatea sunetului si volumul intrec orice asteptare. se conecteaza usor la dispozitive. merita fiecare banutz!;1.0;1;0;1.0;0
366;ce sa zic, dupa cativa ani de windows (pana cand microsoft au distrus partea de windows phone/mobile), am trecut pe android, pe care il folosesc in prezent pe telefon si tableta.  insa am decis sa vad ce poate si lumea apple, prin achizitia acestei tablete (ipad 9.7 6th gen) 2018 (128 gb) si dupa o folosire intensa de cateva ore (setare, instalare aplicatii 2 jocuri, media - youtube, etc.) bateria a ajuns de la 90% la 50 si ceva de procente.    la capitolul performante, m-a socat efectiv si asta deoarece de curand achizitionasem o tableta galaxy tab s4 (destul de scumpa) si credeam ca este cea mai buna/performanta tableta, pana azi. efectiv in teste si viteza ipad este net superior fata de galaxy tab s4:  - in geekbench 4 pe single-core ipad a obtinut 3532 si 5963 pe multi-core iar tab s4 a obtinut 1882 puncte si 6506 puncte pe multi-core.   - in antutu benchmark, apple a lasat in urma tab s4, in timp ce eu ma uitam uluit cu o reactie de genul wtf...??? totusi ambele tablete au cam acelasi scor (201145 apple vs 201786 android) astfel ca nici nu vreau sa imi imaginez ce poate ipad pro.    experienta dintre android si apple este destul de mare - daca android se axeaza mai mult pe partea de entertainment, unde utilizatorul isi poate adapta si customiza dupa bunul plac intreg ecosistemul android, prin instalarea de teme si tot felul de widget-uri, la apple, ecosistemul este mult mai curat si bine organizat, mult mai profi, unde utilizatorul desi poate sa se simta umpic resctrictionat, are parte de mult mai multa stabilitate si performanta si asta la doar 2 gb de ram comparativ cu 4 gb de ram de la tab s4.  la display insa tab s4 este superior, ecranul amoled fiind peste ips-ul lui ipad. (ipad pro insa lucrurile banuiesc ca stau altfel...)    ce sa zic, si android-ul este un univers super cu care te obisnuiesti din prima, dar la apple lucrurile sunt mai mult orientate spre performanta si stil.    la spatiul de stocare, am facut bine ca pentru 600 ron in plus am ales varianta de 128 gb, nu de alta, dar inexistenta unui slot microsd, va face ca 32 gb, sa para o gluma buna, pentru ca spatiul se duce vazand cu ochii, un minim 64 gb de ram vor fi necesari pentru o utlizare si o experienta cat de cat normala (aplicatii, ceva jocuri, etc...).    recomand! desi apple are neajunsurile sale, este o experienta unica.;0.0;1;0;0.0;1
367;merge foarte bine, e usor de folosit, arata impecabil. singurul aspect negativ e bateria, care nu tine mai mult de 1,5 zile;1.0;1;0;0.0;0
368;am cumparat acest ceas si pot spune ca se misca foarte bine, are multe functii, raport calitate - pret excelent. per total nota 10. recomand acest produs. multumesc emag.;0.0;1;0;1.0;1
369;pot fi apelat si pot apela. acest lucru functioneaza foarte bine. normal ca nu se aude ca la un telefon obisnuit dar se poate folosi fara probleme. alte aspecte nu ma intereseaza si nu le-am testat.;0.0;1;0;0.0;0
370;apreciez cardurile de memorie kingston. au preturi bune si performante asemenea.;0.0;1;0;1.0;0
371;este foarte bun, poti incarca de 2-3 ori un telefon complet sau de mai multe ori de la 50-60%, si surprinzator, nu se incalzeste deloc, nici cand incarca, nici cand e incarcat! unul din produsele de cea mai buna calitate, nu ezitati sa cumparati si feriti-va de mizeriile 7 in 1, cu lanterne, displayuri colorate si 15 iesiri.;0.0;1;0;0.0;1
372;foarte stabil, bine inchegat si materiale de calitate. am avut alte 2 tipuri de suporti auto no. name si au sarit rotitele din ele, au crapat.   pana acum sup. auto samsung se comporta excelent. telefonul sta f. bine, se poate manevra f. usor. recomand 100%.;1.0;1;0;0.0;1
373;excelent.......;0.0;0;0;0.0;1
374;e mica adica portabila se aude bine are basul bun si dupa parerea mea e o boxa care isi merita banii;1.0;1;0;1.0;0
375;foarte calitativ. recomand.;0.0;0;0;0.0;1
376;un ceas frumos, bine finisat, functioneaza f bine. acumulatorul tine 2 zile si ceva in functie de cum este folosit. este in pic cam mare pt mina mea, dar nu este incomod la purtare. o singura problema am, se conecteaza la telefon fff greu(un sony z5 compact), trebuie sa restartez telefonul si apoi merge. in rest sunt multumit!;1.0;1;0;0.0;1
377;l-am cumparat pentru vacanta, incarca un s5 de 4 ori de la 20% la 100%. se incarca in 4 ore jumatate cu incarcator original samsung de s5, de 2a. cablul integrat nu e gandit sa fie flexibil pentru ca daca ar fi nu ar sta la locul lui, deci nu ii incercati limitele si nu o sa aveti probleme. e putin mai scump decat alti acumulatori, dar merita, daca telefonul are quick charge il incarca intr-o ora!  cautati-ma pe youtube pentru review video!;1.0;0;0;1.0;0
378;card sd foarte bun, recomand;0.0;0;0;0.0;1
379;am achizitionat acest produs de cateva zile si inca nu mi a disparut zambetul de pe fata. raport calitate- pret imbatabil in aceasta categorie! sunet incredibil de clar si puternic ptr o dimensiune asa mica. recomand!!!;1.0;1;0;1.0;1
380;dupa aproape 6 luni de folosire pot sa afirm ca este un acumulator pe care te poti baza.  pro:  - putere mare la output   - prezenta ledurilor $ la numar fiecare reprezentand aprox 2500 mah  - porneste aproape orice telefon cu necesar mare de baterie (lumia 950 xl, iphone 6s, samsung s6, s7) indiferent cat de epuizata ar fi bateria,  - efectueza incarcare rapida datorita amperajului mare la iesire.  - din practica (950xl/ samsung s7) - 3 cicluri complete de incarcare /  contra: destul de greu, durata de incarcare completa de la 0 aprox 6 ore (# o noapte)  dupa un an? parca ar fi prima zi de incarcare... bateria are in continuare forta si da a rama in stand by 1 luna si nu s-a descarcat de loc.... foarte multumit;1.0;1;0;0.0;1
381;bun, huawei p9.;0.0;0;0;0.0;1
382;sunet surprinzator de clar pentru o boxa asa mica, raport pret-calitate foarte bun. daca este utilizata la volum mai mare, surprinde prin claritate si putere, la volum mai mic bateria tine foarte mult.;1.0;1;0;1.0;0
383;sunt cam mici dar foarte bune, bass bun, se aseaza bine pe urechi;0.0;1;0;0.0;0
384;la 31lei 32gb si cu 100mb/sec e super!;0.0;0;0;1.0;0
385;raportul calitate-pret este foarte bun. nu stiu cum va rezista in timp, dar pare foarte calitativ.;0.0;0;0;1.0;0
386;excelent. recomand tuturor acest tablet.;0.0;0;0;0.0;1
387;un telefon ok, ecranul se vede bine din orice unghi. ( am vazut reviw- uri in care lumea se plangea de acest lucru ). are si o medoie polifonica ca ton de apel din repertoriul romanesc ( barca pe valuri.. parca ).;0.0;1;0;0.0;1
388;il folosesc intr-un bridge canon. isi face treaba foarte bine.;0.0;1;0;0.0;0
389;am scapat o de vreo 4 ori pe jos de la o inaltime de 1,50 m si are doar niste mici zgarieturi;1.0;0;0;0.0;0
390;eu sunt multumit imi incarca telefonul de trei ori.;0.0;1;0;0.0;1
391;am trecut de la un gear s2 la galaxy watch. pe partea de functionalitate nu este nimic diferit. speram ca senzorul de puls sa fie mai eficient, dar este la fel. merge bine noaptea, merge prost ziua cand te misti mult si/sau este galagie in jurul tau.  detectiile de workout se activeaza putin mai greu, in sensul ca s2 se prindea mai usor cand incepeam sa fac miscare.  detectiile de somn se activeaza de multe ori chiar daca nu dormi. de exemplu este cand stau destul de nemiscat, citesc o care, vreo 45-60 minute. dupa aceea imi vine notificare cum ca as fi dormit. cu gear s2 nu am avut aceasta problema.  primeste totusi 5 stele de la mine pentru ca:  1. bateria este fantastica. daca nu prea umblu la el, chiar si 5 zile tine. dar in nici un caz nu trebuie sa car incarcatorul dupa mine daca plec intr-o deplasare de 2-3 zile. de miercuri seara pana sambata seara am consumat 50% baterie.  2. design fizic excelent. arata bine, se simte bine pe mana, zimturile de la rama rotativa si de pe butoane fac manipularea acestora mult mai usoare fata de s2, in special in conditii de iarna si frig.;1.0;1;0;0.0;0
392;este de calitate, tine bine telefonul si e foarte usor de utilizat.;1.0;1;0;0.0;0
393;e bun... merge;0.0;1;0;0.0;1
394;un acumulatir foarte bun!;0.0;1;0;0.0;0
395;ba, deci nu am cuvinte sa spun cat de multumit sunt de ele.. ganditi-va ca mi s-a descarcat bateria la telefon de 2 ori pana sa trebuiasca sa bag castile la incarcat. cat despre sunt.. daca stai o ora cu ele in urechi cu volumul blana pe un trap turbat o sa ai impresia ca iti sangereaza urechile sau o sa incepi la latri.   prea bune pt pretul asta...;0.0;1;0;1.0;1
396;sunt foarte multumita de produs. am mai avut doua pana acum si aceasta mi se pare cea mai ok;0.0;0;0;0.0;1
397;o boxa excelenta, se aude impecabil, sunet clar si fara distorsiuni isi merita pretul din plin, eu am achizionat-o de bf cu 90 lei.;0.0;1;0;1.0;1
398;raport calitate pret f. bun, la 600lei nu gasesti ceva mai bun si sa aiba si 9.6 inch, sunetul ok, grafica la fel.;1.0;1;0;1.0;0
399;recomand, are putere si viteza de incarcare asemea incarcatorului original si aici ma refer la huawei p10!!;0.0;1;0;0.0;1
400;se fixeaza foarte bine.;0.0;1;0;0.0;0
401;super. foarte multumit;0.0;0;0;0.0;1
402;am luat boxa la reducere la pretul de 79. 99 lei si o recomand cu incredere. eu o conectez la ipad si iphone si functioneaza excelent. are autonomie mare, e usoara si are un design elegant. se aude foarte bine.;1.0;1;0;0.0;1
403;recomand cu toata increderea.;0.0;0;0;0.0;1
404;foarte multumita..;0.0;0;0;0.0;1
405;ce e fain la comutatorul acesta este ca te poti conecta direct la el si nu mai ai nevoie vreun hub.  am avut ceva temeri cu partea de montat ca nu sunt electrician, dar a fost ok, scrie pe el mic in si out.;1.0;1;0;0.0;0
406;tableta se misca foarte bine, pretul e destul de bun. eu am facut upgrade. ul de la un ipad mini 2, si e diferenta uriasa. raport pret-calitate bun. recomand;0.0;1;0;1.0;1
407;un pic cam greu si voluminos dar isi face treaba bine. lanterna functioneaza destul de bine.;1.0;1;0;0.0;0
408;foarte surprins de calitatea ei, avand in vedere dimensiunile.;0.0;0;0;0.0;1
409;sunt foarte multumit de produsul primit;0.0;0;0;0.0;1
410;foarte fain si suficient de smart.;0.0;1;0;0.0;1
411;ba frate boxa e foarte buna recomand cu cel mai mare drag! o tine bateria mult, bass-ul e bun, claritatea si volumul sunt excelente. ma bucur ca am facut aceasta alegere.;0.0;1;0;0.0;1
412;sunet foarte bun (pentru cei 3w), se conecteaza repede, micuta, usoara si pe handsfree se aude bine. recomand!;1.0;1;0;0.0;1
413;calitate super buna!;0.0;0;0;0.0;1
414;-calitate excelenta a sunetului datorita suprimarii vantului si zgomotului  -microfonul pare mai bun decat modelele anterioare  -bass excelent  -cablu lat pentru a reduce incurcarea  -castile vin cu auricular mic, mediu si mare si unul special cum este prezentat in prima imagine a produsului ce confera mai multa stabilitate in ureche  -calitatea sunetului este foarte buna  in concluzie, la pretul asta merita cu varf si indesat.  inca nu am descoperit nici un defect, cand se va intampla asta voi posta!;0.0;1;0;1.0;0
415;l-am cumparat pentru sotie si este foarte multumita de produs. uneori bateria tine mai mult de 7 zile, softul de android are grafica draguta, monitorizeaza destul de detaliat calitatea somnului. ulterior l-am cumparat si pt mine. am folosit doar functiile steps si heart rate iar  dupa o saptamana bateria este inca la jumatate.;1.0;1;0;0.0;1
416;cablu super ok, plat ( nu se incalceste ), destul de lung (1 metru )   recomand;1.0;1;0;0.0;1
417;cea mai tare lanterna pe care am avut-o vreodata.:)    e ok si ca acumulator, scoate 2a, si-a meritat cu prisosinta cei 37 lei platiti la black friday.;0.0;1;0;1.0;1
418;arata mult mai bine in realitate. am fost putin sceptic avand in vedere pretul mic, pielea chiar e naturala si foarte fina, moale, calitativa. 10+ din partea mea.;1.0;0;0;0.0;1
419;se misca bine, fluent, nu agatza... in antotoo a scos 44000 si ceva ceea ce e bine pt o tableta... ca display e ok... unghiurile sunt bune. sunt mici detalii care parerea mea, nu ii exclud capacitatile.. gen ai tendinta sa apesi aiurea tastele cand o tii.. dar poti invata noi pozitii... sau formatul display-ului... dar... o recomand cu caldura. aspfalt 8 ruleaza perfect... wi fi pe ac se misca beton... viteza mare, rezolutia display foarte buna... citeste carduri pe care sunt trase filme format mare... peste 5 gb. e un produs curat fara erori ce tine pasul cu aplicatiile actuale!;0.0;1;0;0.0;1
420;in primul rand -1 stea pentru cargus care sunt execrabili. despre bratara pot spune ca este in regula. nu m-a dezamagit. masoara precis in special pulsul si numarul de pasi.   cu managementul somnului nu ma inteleg prea bine pentru ca tot imi zice ca dorm la 22 cand defapt nu dorm. nu-mi dau seama insa pare sa se calibreze in timp (o am de o sapt doar)   bateria este si ea in regula... pana acum nu am incarcat-o si pare sa mai aiba destul pana moare.   ca si ergonomie imi place. nu o simt la mana ca pe un ceas greu. este usoara si este facuta din materiale bune bag de seama.   multumit. sa vedem pe parcurs  p. s.  neaparat trebuie purtata cum trebuie la mana pentru ca altfel are erori la puls si tensiune.;1.0;1;1;0.0;1
421;produsul e bun, peste asteptari. multiple functii!;0.0;1;0;0.0;1
422;raport foarte bun calitate/pret (achizitie facuta de black friday).;0.0;0;0;1.0;0
423;produs conform specificatiilor, comunicare foarte buna cu vanzatorul, livrat conform intelegerii telefonice.;0.0;0;1;0.0;1
424;sunt foarte multumit de aceste casti, sunt peste nivelul asteptarilor mele.;0.0;0;0;0.0;1
425;avand in vedere pretul acestei boxe eu sunt foarte multumit;0.0;0;0;1.0;1
426;este o boxa portabila exceptionala.;0.0;0;0;0.0;1
427;fata de macbook retina air 13, ipad-ul asta il bate cu mult! nu se supraincalzeste ca si macbook-ul si merge si la jocuri si apeluri video excelent! macbookul se incalzea la 83 de grade la un apel video de 5 minute! pe scurt, merita toti banii;0.0;1;0;1.0;0
428;aspect si material nota 10... dau nota 9 pentru cum isi fac ele treaba... iar lantrenta dupa baterie este geniala  per total sunt multumit de aceasta baterie.. acuma sper sa ma si tina:);1.0;0;0;0.0;1
429;l-am folosit pentru a accesa date de pe un stick usb 32 gb in portul tip c al unui lenovo yoga. a mers excelent.  nu am incercat sa alimentez prin intermediul lui!  drept inconvenient ar fi faptul ca - fiind foarte mic - se poate pierde usor.;1.0;1;0;0.0;0
430;calitate audio foarte buna, bateria tine destul de mult si dupa parerea mea este o achizitie care merita!!!!;0.0;1;0;0.0;1
431;un produs excelent, recomand!;0.0;0;0;0.0;1
432;o boxa extraordinara;0.0;0;0;0.0;1
433;este un produs exceptional;0.0;0;0;0.0;1
434;l-am cumparat sa-l dau cadou. incarcator de buna calitate.;0.0;0;0;0.0;1
435;multumita;0.0;0;0;0.0;1
436;pana acum fara probleme la acest pet!;0.0;0;0;1.0;0
437;pentru cei 90 de lei platiti, sunt f multumit. construita cu materiale de calitate, plastic rezistent, grila fixata f bine, nu bazaie la volum mare. se aude bine, volumul maxim este mai mult decat suficient si se aude bine. in functie de melodie se poate auzi putin distorsionat, dar in mare parte duce bine orice melodie. pe partea de bass ii dau un 7/10, dar eu folosesc un egalizator cu un plus de bas si asa se aude perfect. mai ales daca amplasati boxa pe un suport din lemn, datorita bass-reflexului aflat la baza, se aude f bine. distanta pentru conexiunea bluetooh e undeva la 4-5 m, avand bateria incarcata, atunci cand e mai slaba bateria si distanta se reduce. bateria tine f mult, aspect la care am fost surprins. la mine a functionat 5 zile cu o folosire medie de 4 ore pe zi, radio/bluetooth, la un volum de circa 40%. mai tare e deranjant si trebuie sa strigi unul la altul intr o camera de 14mp, cazul meu. radio functioneaza binisor, adica nu prinde perfect decat in anumite locatii din casa, dar in exterior nu am avut probleme cu el din acest punct de vedere. restul functiilor (usb, card, input prin jack) functioneaza la fel de bine. singurul minus gasit de mine e faptul ca iti explica la fiecare pornire cum sa te conectezi prin bluetooth si o face la un nivel cam mare, ca volum. per total, nota 10 pentru usurinta in utilizare si functii. cumparati cu incredere.;1.0;1;0;1.0;1
438;foarte practic. raport pret calitate excelent!;1.0;0;0;1.0;0
439;pro: sunet tare, clar si curat, bass corect ( nota 8 pe o scara de la 1-10) fara distorsiuni. atentie insa ca boxa poate intra in rezonanta cu suprafata pe care este asezata (blat lemn, sticla) si poate crea impresia de distorsiune.... deci atentie unde este asezata. constructie robusta. cititor de card, usb pairingul cu playerul (telefonul) odata facut este recunoscut la fiecare activare a bt.  contra: instructiunile repetate cap-coada la fiecare pornire. conexiunea radio ok pentru 2-3 posturi, iar pentru celelalte ar trebui sa tineti mana pe fir pe post de antena. setarea posturilor radio si ulterior selectarea unui post, ceva mai deficitar, insa nu pentru radio am facut achizitia.  concluzii: sunet suficient pentru o camera de 20-22 mp. autonomie suficienta pentru o auditie de 4 ore (volum maxim), insa oricum functioneaza mai departe conectata la priza.;1.0;1;0;0.0;0
440;recomand merge super usor ecran stabil imagine clara din diferite unghiuri;0.0;1;0;0.0;1
441;un card de memorie de calitate superioara;0.0;0;0;0.0;1
442;salut din punctul meu de vedere isi face bani o am de cateva luni si functioneaza bine;0.0;1;0;1.0;0
443;material ok, functioneaza bine!;1.0;1;0;0.0;0
444;foarte buna recomand;0.0;0;0;0.0;1
445;cumparata la reducere cu 70 ron.  verificat si radio si micro sd (citeste mai intai ce e in radacina si apoi parcurge si directoarele).  arata bine:-).  cu volumul aproape de maxim acumulatorul tine cca 4 ore. cu sunetul cam pe la jumatate m-a tinut chiar vreo 6 ore.  singurul minus (e posibil sa nu fi descoperit eu inca modalitatea prin care se poate face) e ca nu am putut scoate semnal sa-l trec prin aux-ul radioului de la masina...;1.0;1;0;0.0;0
446;am achiztionat produsul cu 3 luni in urma si sun foarte mutumita de el.  din punct de vedere estetic arata foarte bine, bratara este de buna calitate si se simte foarte comfortabil pe mana, are un display dragut customizabil.  din punct de vedere tehnic, masuratorile care le face mi se par foarte aproape de realitate, atat la pasi/distante cat si la heart rate, iar bateria tine mai mult de 7 zile. de asemenea aplicatia folosita fitbit, este una usoara, foarte ok de navigat si prietenoasa.  recomnd aceasta bratara.;1.0;1;0;0.0;1
447;un produs foarte bun. sistemul de prindere e excelent.;0.0;1;0;0.0;1
448;cand reda prin bluetooth la volum mare tinde sa distorioneze cam mult la unele melodi. in schimb cand reda prin jack-ul de 3. 5mm aproape ca nu distorsioneaza de loc... oricum se aude putin mai bine prin cablu (care apropo este foarte lung). din fericire asta poate fi rezolvata foarte usor din egalizatorul telefonului. in rest, finisaje placute, foarte mica si portabila, bass are indeajuns si bateria tine destul de mult (mai ales daca folosesti cablul si nu bluetooth-ul).  149 lei... nu ar merita chiar atat. 70 lei, cu cat am luat-o eu, la reducere... clar da, merita!;1.0;1;0;1.0;1
449;excelent raport calitate pret. se aude extrem de bine;0.0;1;0;1.0;0
450;se potriveste perfect la ceas si magnetul functioneaza foarte bine!;0.0;1;0;0.0;0
451;un produs apple excelent, mai ales ca are o capacitate de stocare imensa (am 30 de jocuri instalate si consuma doar 10 gb din 128), are multe aplicatii pentru studenti sau elevi (keynote, pages etc..) foarte utile si o camera foarte buna!! un produs super fain! merita toti banii!;0.0;1;0;1.0;1
452;sunt foarte multumit, imi place foarte mult!;0.0;0;0;0.0;1
453;foarte multumita...;0.0;0;0;0.0;1
454;acestea sunt cele mai bune earbuds le-am folosit pana acum si am folosit suficient de multe ca sa stiu care sunt bune si care nu.   avantaje:  - acumulator extern este o ideea superba.  - calitate excelenta a sunetului si volum suficient.  - se conecteaza foarte usor la telefon.  - sunt destul de mici incat sa poti dormi cu ele    dezavantaje:  - bass-ul este mai bun decat apple airpods. dar nu e ca la casti cu fir.  - pretul este cam scump. dar, primesti ceea ce platesti    in general, sunt foarte multumit de ele.;1.0;1;0;1.0;1
455;se conecteaza la minimum 30 de sateliti, inclusiv cei sovietici. este monitorizat de cia fbi kgt si sri.     poate fi localizat la 10 metri sub pamant.   daca elodia avea asa un ceas putea fi gasita.;0.0;1;0;0.0;0
456;a fost exact ce am cautat. mic si subtil. il poti roti 360 de grade. daca ai un telefon mai greu, s-ar putea sa nu stea exact cum vrei tu, mai ales daca treci prin multe gropi. sunt curios cat tine arcul, momentan merge perfect.;1.0;1;0;0.0;1
457;este compatibila pentru lenovo tab 10. protejeaza destul de bine.;0.0;1;0;0.0;0
458;perfecte din orice punct de vedere.;0.0;0;0;0.0;1
459;sotia mea este fericita, obiectiv atins!;0.0;0;0;0.0;1
460;+ ~3,5 incarcari pe un lg g3 si oneplus 3 (baterie de 3000 mah in ambele) - de asteptat cand pe eticheta zice 10050 mah. ideea e ca n-a fost cazul de surprize neplacute.  + din ce zice prietena-mi (ea-i cu g3-ul), charge-ul se face repejor. n-am detalii. revin cand oi avea. - ps relevant. ea inca pokemoneste, pokemonit care e renumit pentru suptul bateriei.;0.0;1;0;0.0;0
461;fain. incarca cat trebuie;0.0;1;0;0.0;1
462;boxa este fenomenala, isi merita toti banii, cumparati-o cu mare incredere;0.0;0;0;1.0;1
463;dupa ce am achizitionat modelul de 6000 mah, am luat si unul de 12. 000 pentru tableta, un ipad mini. sunt pachetul perfect. cand plec in tara cateva zile, nu mai am grija incarcarii tabletei pentru ca bateria asta externa imi ofera toata autonomia de care am nevoie. cat despre motivele in urma carora am ales jupio, vedeti la modelul de 6000 mah ca am scris mai mult acolo... pe scurt, recomand. se potrivesc de minune si ca design.;1.0;1;0;0.0;1
464;sunet excelent si durata baterie foarte buna (pana acum, cel putin);0.0;1;0;0.0;0
465;de foarte buna calitate. il am de mai bine de o saptamana si sunt multumit de el.  am avut doua situatii in care nu vroia sa se mai conecteze la telefon dar pana la urma a mers - nu stiu daca e vina lui sau a telefonului. se aude foarte bine si interlocutorul ma aude foarte bine ( mult mai bine decat vechiul plantronics m165 marque 2). nu imi dau seama inca daca e ok sistemul de noise reduction - o sa aflu..:);0.0;1;0;0.0;1
466;surprinzator de buna pentru cat de mica e. nu va imaginati un sunet impresionant, insa cred ca isi are si ea locul ei in activitatile zilnice.;0.0;1;0;0.0;1
467;produsul este foarte util, mic, exact ce iti trebuie, si o calitate foarte bune, il am de ceva timp, si il folosesc aproape zilnic, nu s a stricat nimic la el.;1.0;1;0;0.0;1
468;am mai avut boxe portabile, dar nu au trecut testul timpului. jbl go este o boxa simpla, foarte rezistenta ce se si aude decent.;0.0;1;0;0.0;0
469;"se prinde foarte bine in grila de ventilatie.  vine cu doua placute metalice:  - o placuta am pus-o intre carcasa si husa telefonului meu  - o placuta am pus-o intre carcasa si husa telefonului sotiei.  magnetul este suficient de puternic pentru samsung a7 (172 g)    produsul ""suport auto universal a+ holder h5"" este bun, se prinde pe parbriz, dar iti ia din vizibilitate.";0.0;1;0;0.0;0
470;o boxa mica, discreta si bine conceputa. se aude clar, fara zgomote de font, bass excelent. daca avea si radio era completa.  se conecteaza rapid si bateria tine suficient. merita toti banii. recomand;1.0;1;0;1.0;1
471;super cool bun asa;0.0;0;0;0.0;1
472;am un sistem de alarma care include si o sirena, dar mica si pentru interior. aveam nevoie de o sirena de exterior, mare si galagioasa. asta-i numai buna. chiar ca-i galagioasa. sunt multumit.;0.0;1;0;0.0;1
473;am cumparat ceasul fara prea mari sperante, stiind ca este aproape imposibil sa gasesti un smartwatch ieftin si bun. insa acesta mi-a depasit cu mult asteptarile.   materialele din care este fabricat il fac sa fie foarte rezistent, il am de o saptamana si arata ca nou, in ciuda neglijentei mele. ecranul este mult mai curbat decat apare in imagini, iar pe mine ma incanta faptul ca este always-on, adica pot sa vad ora fara sa fie nevoie sa intorc incheietura. pe langa cele cateva watch face-uri disponibile in memoria ceasului sau in aplicatie, am acces la alte sute din alte aplicatii care pot fi descarcate din google play.   ca functionalitate, ceasul merita 4.5 stele. pedometrul functioneaza perfect, testat fiind si cu huawei health, si cu garmin vivoactive 3. pulsul, de asemenea, este in conformitate cu realitatea, la fel si gps-ul si monitorul de somn. caloriile arse, pe de alta parte, mi se par cu aproximativ 100-200 mai putine in comparatie cu ce arata alte ceasuri, insa nu cred ca ar fi o problema foarte mare.  ceasul este foarte usor pe incheietura si siliconul bratarii este foarte fin. aplicatia, de   asemenea, are o interfata frumoasa si este usor de folosit, iar ceasul este cu siguranta rezistent la apa, nu am avut nicio problema cu el pana acum.;1.0;1;0;1.0;0
474;produse excelente!;;0;0;0.0;1
475;l-am prins la o reducere foarte buna: sub 100 de ron. un produs excelent. daca l-as fi cumparat mai de mult, nu as mai fi mers in service esd-rom cu mufa telefonului s6 edge +.   recomand.;0.0;0;0;0.0;1
476;se aude perfect, tare, clar... aspect foarte placut si materiale de calitate, boxa compacta, rezistenta! bateria tine mult, conexiunea bluetooth se realizeaza in cateva secunde. cea mai buna boxa portabila sub 200 lei!;1.0;1;0;0.0;0
477;nimic de reprosat, inca nu s-a stricat;0.0;0;0;0.0;1
478;casti de buna calitate si usor de folosit chiar si la calculatorul de la birou, nu doar la laptop.;1.0;0;0;0.0;1
479;un produs excelent la un pret rezonabil!;0.0;0;0;1.0;1
480;pot spune ca mi-a depasit asteptarile, sunet clar, material foarte placut la atingere, autonomie mare, o boxa perfecta din toate punctele de vedere.;1.0;1;0;0.0;1
481;am cumparat acest incarcator wireless cu teama in primul rand, dupa experienta slaba cu alt incarcator dar am zis, asta e! daca e sa nu functioneze, il trimit inapoi. vreau sa spun ca este un incarcator exceptional. note 8 se incarca in 3 ore de la 0 la 100% iar prin fir se incarca in 2 ore 40. de asemenea nu se incalzeste deloc telefonul. celalalt incarcator ce l-am avut dura incarcarea 6 ore si parca lua foc telefonul. oricum e a-data o firma ce face produse excelente. mai am si 2 baterii externe de la aceasta firma si sunt foarte multumit. recomand sa cumparati cu incredere.;0.0;1;0;0.0;1
482;se potriveste foarte bine, este inscriptionata huawei;0.0;0;0;0.0;1
483;l-am cumparat de vreo 2 saptamani. le-am folosit aproape tot timpul. nu se blocheaza, nu are erori. inca nu am bagat card micro sd sa ma uit la poze, sa pun piese, dar asta urmeaza.;0.0;1;0;0.0;0
484;merita din plin!;0.0;0;0;0.0;1
485;este foarte bun.. merge excelent.. recomand..;0.0;1;0;0.0;1
486;design deosebit   incarca iphone5 de 4-5 ori;1.0;0;0;0.0;0
487;raportand calitate/pret este ok.!;0.0;0;0;1.0;0
488;multumita de ea!! se aude bine.;0.0;1;0;0.0;1
489;vechiul cablu era din plastic si se rupea la capat, cu asta nu voi mai avea probleme;1.0;0;0;0.0;0
490;se pot incarca doua telefoane simultan de la ea fara probleme.;1.0;1;0;0.0;0
491;folosesc acest ceas de mai bine de un an. nici macar o probema nu am avut cu el! se misca exceptional, este ideal pentru persoanele care se plictisesc rapid de un ceas anume asa cum sunt si eu. de cand am acest ceas nu am mai achizitionat niciun ceas clasic, acesta tine locul atat unui ceas pentru sport cat si unui ceas de ocazie.;0.0;1;0;0.0;1
492;un produs frumos cu o calitate surprinzatoare!;1.0;0;0;0.0;1
493;f bun raport calitate pret;0.0;0;0;1.0;0
494;nice;0.0;0;0;0.0;1
495;absolut minunata si flawless;0.0;1;0;0.0;1
496;se aude surprinzator de tare pentru marimea ei. recomand!;0.0;1;0;0.0;1
497;- super pentru ce-l folosesc:);0.0;0;0;0.0;1
498;sunet foate bun, autonomie buna. arata foarte bine facuta;1.0;1;0;0.0;0
499;am purtat ceasul timp de 14 zile continuu, dat jos doar pentru incarcare. l-am incarcat de 4 ori, l-am tinut si 2 zile always on display. folosesc fata simpla alb si negru care ajuta si la conservarea bateriei cat si functia goodnight mode. este foarte adevarat ca nu inregistreza corect etajele.     conectat cu samsung s8, notificarile vin cu delay de o secunda pe ceas. este ok sa vorbesti si la el, se aude cu distorsiuni cand esti la limita conexiuni bluetooth, dar in rest este super ok.     nu am avut probleme cu muzica de pe telefon, recunoaste toate melodiile fara sa fac un playlist anume sau o alta setare, am vazut ca au mai fost probleme de genul asta pe net.    nici nu i-l mai simt la mana, este super in regula ca greutate nu ai de ce sa iti face griji de genul asta. recunoaste automat zgomotele de fundal cand te uiti la un film pentru a-l trece in modul theatre (un fel de silent). totodata iti va calcula gresit somnul daca stai seara nemiscat si te uiti la film.     in ceea ce priveste bateria de saturi de el la mana pana sa-l incarci. este un smartwatch foarte bun atat ca design cat si pentru sport.;1.0;1;0;0.0;1
500;se aude bine.;0.0;1;0;0.0;0
501;se aud f bine.;0.0;1;0;0.0;0
502;sunet clar, bass puternic dar nu deranjant, raport calitate-pret mai mult decat satifacator. recomand atat produsul cat si pe cei de la emag.;0.0;1;0;1.0;1
503;multumit de raportul calitate pret  recomand si altora;0.0;0;0;1.0;1
504;sunt multumit de achizitie, pentru 50 ron chiar merita. usor de montat si tine fara probleme un note8. livrarea s-a facut a doua zi dupa comanda.;1.0;1;1;1.0;1
505;foarte buna bateria si-a revenit telefonul ca nou!!;0.0;1;0;0.0;0
506;stabil, usor de folosit, dupa ceva timp si exercitiu pot scoate telefonul folosind doar o mana. nimic de reprosat.;0.0;1;0;0.0;1
507;foarte usor de folosit. protocolul de conectare la aplicatia de mobil este simplu si direct. trebuie citite instructiunile si totul va decurge foarte usor.    in plus sunt foarte multumit pentru ca pot trimite comenzi pe retea dintr-un raspberry pi ca sa controlez starea on/off sau sa interoghez statusul.    in interogarea de status raspunde cu o structura de date json in care gasim chiar si date despre puterea consumata (bun pentru monitorizarea consumului de putere);1.0;1;0;0.0;0
508;am doua pe masina. primul tine perfect din vara lui 2017. acum, al doilea luat a avut ceva probleme cu adezivul ca pana sa ii gasesc locul l-am lipit si dezlipit de cateva ori de bord dar baietii de la maxmania mi-au trimis alte rezerve gratis si acum totul e ok. magnetul este foarte bun si cu totul, e bine construit.;0.0;1;0;0.0;1
509;sunt multumita. raport bun calitate-pret. arata foarte bine, aspect mat, manerul nu aluneca.  contra: firul de conectare cam scurt.;1.0;0;0;1.0;1
510;port ceasul asta de 6 luni si sunt foarte multumit de el. nu are multe functii fata de apple, samsung sau alte smartwatch-uri, dar are tot ce ma astept sa aiba un smartwatch si nimic mai mult. de incarcat l-am incarcat chiar mai rar de 30 de zile, ma tine bateria si o luna jumate. pentru mine, design-ul ceasului si durata de viata a bateriei sunt foarte importante.;1.0;1;0;0.0;1
511;f bun. il recomand. fixeaza f bine telefonul si nu cade la vibratii/ gropi;0.0;1;0;0.0;1
512;cea mai buna boxa portabila. desi este extrem de mica, se aude super. am folosit o in vacante;0.0;1;0;0.0;1
513;dimensiune mica, f portabila. claritate buna a sunetului. nu are bass puternic, dar la ce sa te astepti de la o boxa asa mica. puterea este de 3 w, insa nu distorsioneaza la maxim. se conecteaza foarte usor. vine cu un cablu de alimentare portocaliu. per total, multumit.;1.0;1;0;0.0;1
514;merita banii, este super ok pina acum;0.0;0;0;1.0;1
515;de la deschiderea cutiei observi calitatea materialelor. vechiul suport m-a servit timp de 1 an si ceva... cred ca acesta va avea o viata mai lunga.:)) imi ofera increderea ca telefonul meu e bine fixat.;1.0;1;0;0.0;0
516;daca vreti un smartwatch lowcost, dar care face cam majoritatea lucrurilor pe care le face si unul premium, va recomand cu incredere. mai ales varianta aceasta pe auriu arata foarte bine la mana.;0.0;1;0;0.0;1
517;"salut,    o sa incers ca scriu un scurt review dupa doua saptamani de utilizare.    in primul rand trebuie sa intelegeti ca in acest moment toate ceasurile smart de pe piata se incadreaza intr-un anumit ecosistem. si nu glumesc cand spun asta.  un ecosistem bun la toate, cu un produs de o calitate pe masura este apple watch - cuplat cu iphone. le face pe toate dar nu este specializat in nici o directie, si este cel mai bun produs. chiar daca pretul este putin prohibitiv.    acuma despre fitbit versa.  - ecran luminos, trei butane, si un pic de zapaceala in primele zile. dar nu am avut nici un fel de lag, indiferent de mesaje sau notificari. manaca bateria de la telefon asa cum il folosesc eu. sincronizat permanent. adica trebuie sa incarci iphone-ul in fiecare noapte.    - bateria tine 5 zile si are un senzor excelent pentru masurarea pulsului. asta suna bine daca vrei sa iti urmaresti somnul si toate cele ce il influenteaza. senzorul functioneaza ireprosabil.     - app-ul fitbit este excelent daca iti faci putin timp sa il intelegi. cantitatea de date puse la dispozitie este foarte mare si trebuie sa stii sa le interpretezi. daca reusesti e perfect si isi face treaba cu varf si indesat.    - nu are gps si alte prostii de genul microfon, etc... daca fac o tura cu bicicleta sau alerg imi iau in centura si telefonul. pe bitza il pun in geanta biciletei. si oricum nu raspund la telefon de pe ceas. nici pe iphone nu merge asa cum trebuie...    - primesc notificari de pe toate aplicatiile de pe iphone. am scos notificarile de pe facebook ca mana imi vibra tot timpul. si la un moment dat chiar ma seca.    - pot sa imi compar somnul (fazele lui) cu toti cei de varsta mea care sunt inregistrati in baza de date fitbit. daca inregistrezi notificari in myfitnesspall o sa vezi si de ce dormi si te trezesti obosit sau esti fit toata ziua.    - o surpriza incredibil de placuta a fost conectivitatea cu aplicatia myfitnesspall si pot sa spun ca sunt surprins cat de accurat este schimbul de date intre fittbit - myfitnesspall si ceas. pot sa imi urmaresc alimentatia, exercitiul fizic si rezultatele. pana la versa eram cam in ceata.    concluzie:  - da: daca e pentru voi insiva si daca vreti sa va urmariti activitatea fizica si alimentatia. cu toate ca duc o viata destul de sedentara acum pot sa spun ca sunt aproape permanent in faza ketonica si am reusit sa slabesc 12 kg. acuma sa nu intelegeti ca doar ceasul a facut asta. ceasul doar ma ajutat sa raman in faza ketonica aproape tot timpul. si sa inteleg cum ma afecteaza ceea ce mananc (nu fara app-ul myfitnesspall), ca de acolo vin datele. si probabil ca asta este ecosistemul unde exceleaza acest ceas.    - nu: daca vrei sa te lauzi ca ia cel mai tare smartwatch de pe piata. inca nu inteleg de ce unii poarta un smartwatch pe mana stanga si o bratara fitness pe mana dreapta???   poate fiindca nu au ales bine de la inceput. sau poate fiindca li se pare ""cool"".      ps - sincronizariarile cu app-urile si toate alea nu au venit de la sine. e nevoie de un pic de intelegere si munca. si ceva ""search"" pe net. si un strop de rabdare.";0.0;1;0;0.0;0
518;un produs excelent, se aude ff bine. autonomia bateriei aproximativ 7-8 ore, se contecteaza fff usor cu telefonul(doar cu telefonul am incercat) si are un aspect frumos. jbl by harman;1.0;1;0;0.0;1
519;pret 10/10  usoara, rezistenta, asus: d, eu sunt foarte multumit de ea nu vreau nimic mai mult. recomand!;1.0;0;0;1.0;1
520;se incarca in vreo 12 ore.;0.0;1;0;0.0;0
521;merge bine cam 8 mb/s.  recomand produs foarte bun la un pret redus.  il folosesc pe un samsung galaxy tab 3.  spatiu mare pentru bani putini.  emag este cel mai bun!;0.0;1;0;1.0;1
522;foarte bun produsul.;0.0;0;0;0.0;1
523;buna ziua! am achizitionat acest produs pe 21 iulie 2016 si l-am folosit doar pentru telefon si il am si acum 2.05.2017 si sunt extrem de multumita. este foarte bun de 1000 ori;0.0;0;0;0.0;1
524;calitate foarte buna, sunet excelent. recomand.;1.0;1;0;0.0;1
525;"il am de 2 ani si n-am ce sa reprosez. este mai scump decat diverse ""no name""-uri, dar am preferat sa nu risc bateriile si modulele de incarcare ale telefoanelor.   cine se vaita ca nu ii incarca, sa isi schimbe cablul, pt ca de acolo e problema. daca nu va pricepeti, documentati-va sau, macar, incercati toate variantele inainte de a comenta aiurea.";0.0;0;0;0.0;1
526;un suport de calitate!!;0.0;0;0;0.0;1
527;sunt multumit de el, am dat un ban in plus dar s-a meritat.;0.0;0;0;0.0;1
528;pret calitate foarte bun. sistemul de prindere si magnetul isi fsc treaba perfect. recomand cu incredere.;0.0;1;0;1.0;1
529;si-s facut treaba;0.0;1;0;0.0;0
530;un cadou potrivit pt un adolescent;0.0;0;0;0.0;1
531;foarte bun, incarc un s7 de 5 ori pana moare.;0.0;1;0;0.0;1
532;recomand. bun;0.0;0;0;0.0;1
533;pret-calitate super bun!!!! sunet, bass, autonomie acu excellent!!;0.0;1;0;1.0;0
534;foarte draguta, corespunde in totalitatea cu fotografia.;0.0;0;0;0.0;1
535;am comandat acest cablu ca o alternativa la cablul original al bratarii care a incetat din viata dupa 6 luni de utilizare:). este la fel ca cel original, exceptand logo-ul, insa isi face treaba perfect la un pret decent.;0.0;1;0;1.0;0
536;5 incarcari facute la un iphone 5s care mai avea 5% baterie.;0.0;1;0;0.0;0
537;fast charging intr-adevar! recomand!;0.0;1;0;0.0;1
538;mi-am dorit un suport care sa poata fi prins de bordul masinii si nu de geam.  pe site-uri am gasit doar aceste modele de la iottie.  am ales versiunea 4 de la iottie easy one touch 4, fiindca are ceva imbunatatiri fata de versiunea 3 (multe dintre ele la referindu-se la design).  prinderea de bordul masinii se realizeaza foarte usor urmarind indicatiile din brosura.  poti sa il aranjezi in mai multe feluri/directii. este stabil la denivelari/gropi.   poti, bineinteles sa il prinzi si de geam.;1.0;1;0;0.0;0
539;ok!;0.0;0;0;0.0;1
540;este perfecta pt copilasi;0.0;0;0;0.0;1
541;este un produs foarte bun;0.0;0;0;0.0;1
542;se merita!   e la un pret bun si se aude foarte bine pentru marimea sa!  o recomand!;0.0;1;0;1.0;1
543;boxa e foarte buna, merita toti banii.  pretul la boxa asta a fost totdeauna undeva ~500 lei asa ca astea nu sunt reduceri cum nu au fost nici cele de black friday.;0.0;0;0;1.0;1
544;o am de o saptamana si zicea ca mai are 8 ore de convorbire azi mai are 1 ora se aude foarte clar, se conecteaza foarte usor, bateria tine destul de mult si sta si fara agrafa de dupa ureche recomand cu incredere casca bluetooth plantronics m70 la 109 lei e excelenta;0.0;1;0;0.0;1
545;tine bine telefonul, util, recomand;0.0;1;0;0.0;1
546;folosesc cablul pt o baterie externa. super-util si mult mai ieftin decat de luat o baterie compatibila cu iphone 5;0.0;1;0;1.0;0
547;produs bun la un pret corect: 699 lei.;0.0;0;0;1.0;1
548;lucru de calitate. apreciez foarte mult rezistenta la apa si transpiratie. fac mult sport si am stricat casti audio pe banda rulanta. de mai mult de 4 luni le folosesc intens la sala de sport si sunt foarte multumita de ele. le recomand fara nici o retinere.;1.0;0;0;0.0;1
549;este ok, se conecteaza repede si se aude super clar.;0.0;1;0;0.0;1
550;am facut o verificare a charger-ului dupa 143 de incarcari: am reusit sa incarc telefonul meu iphone c, de la 2% la 100%, de 6 ori, iar la a 7a incarcare, am incarcat de la 2% la 62% pe slotul de fast charging. de fapt, pana acum (am peste 100 de incarcari) am folosit exclusiv slotul de fast charging.   am facut verificarea cu telefonul in repaus 100%, fara wifi/hotspot/4g activate. este un produs foarte bun, sunt multumit de el, il recomand. sper sa fie folositor review-ul meu.;0.0;1;0;0.0;1
551;se aude foarte bine.;0.0;1;0;0.0;0
552;nu are concurenta.;0.0;0;0;0.0;1
553;multumit!;0.0;0;0;0.0;1
554;incarca foarte repede, tine pentru 3 incarcari complete. il am deja de o luna si se comporta foarte bine.;0.0;1;0;0.0;0
555;un produs deosebit. sunet amplu, bogat. bateria tine fara problema o zi.  am si un jbl charge 3. prin comparatie ue boom 2 se aude mai bine, mai clar.;0.0;1;0;0.0;1
556;sunt foarte multumit de aceasta boxa, este un upgrade enorm fata de boxa portabila jbl pe care o aveam in trecut. aceasta este in stare sa scoata sunet foarte puternic fara sa piarda din calitate.   diferenta intre ea si beoplay a1 se simte doar atunci cand canta la maxim, altfel sunt destul de asemanatoare ca si sunet si diferenta de pret este destul de mare. oricum, este incredibil cat de mult sunet poate sa scoata o boxa asa mica, o folosesc si in exterior destul de des si nici nu am fost nevoit sa o tin prea des cu volumul la maxim. in orice caz, o sa imi cumpar un beoplay a2 sau un beolit candva pe viitor. nu vreau sa stiu ce sunet pot scoate acele boxe daca o boxa de buzunar de la ei este atat de buna!;0.0;1;0;0.0;1
557;sunt ok.. au meritat 25 lei:);0.0;0;0;1.0;1
558;ceasul este foarte bun. eu trec de la fitbit charge 2 la xiaomi si pot sa zic ca sunt mult mai multumita. primesc notificarile si apelurile instant, masaoara pulsul la 1 minut. bateria tine mult.   foarte important ca este rezistent la apa. de cand l am luat, nu l am mai dat jos de la mana. alarma functioneaza impecabil. are 1000 de functii si poti sa il configurezi cum vrei. are nenumarate fete pentru ceas.;0.0;1;0;0.0;1
559;pemtru cat de mica este se aude excelent.;0.0;1;0;0.0;0
560;constructie solida, ecran de rezolutie mare si foarte luminos si baterie din belsug. poate trece foarte usor drept un ceas normal. sistemul de operare se misca foarte bine si ofera exact informatiile necesare majoritatii oamenilor.    e posbil sa fie folosit si de un posesor de smartphone non-samsung dar e putin mai ciudat si setarea dureaza mai mult. daca detii un smartphone samsung atunci e cea mai buna recomandare.;1.0;1;0;0.0;1
561;am comandat acest ceas de la emag si pot sa zic ca sunt foarte multumita de el. imi era teama sa nu fie prea larg sau sa se vada prea mare la mana mea dar e super. nu e foarte mare si e foarte usor. s a conectat repede cu telefonul si si a facut update de soft. merge foarte bine, sunt foarte multumita. multumesc emag! miercuri seara am dat comanda si vineri dimineata a venit. in concluzie recomand acest ceas, arata foarte bine si stie sa faca multe pt cat costa. si da, seamana cu ceasul de la apple.;1.0;1;1;1.0;1
562;este buna;0.0;0;0;0.0;1
563;raport calitate-pret excelent. nu este chiar un fast charging dar isi face treaba cu brio.;0.0;1;0;1.0;0
564;calitate buna livrare rapida;0.0;0;1;0.0;1
565;sunt foarte multumita de el. se incarca destul de repede la priza iar telefonul se incarca mai repede prin acumulatorul extern. design placut. chiar foarte multumita. il recomand!!;1.0;1;0;0.0;1
566;o boxa portabila perfecta calitate/pret. se aude extraordinar de bine (avand in vedere marimea ei) si isi face treaba perfect.;0.0;1;0;1.0;0
567;am testat bateria in acest videoclip: www.youtube.com/watch;0.0;0;0;0.0;0
568;e super, incarca foarte bine. recomand;0.0;1;0;0.0;1
569;util, foarte practic, arata bine ca bratara si foarte comod. foarte multumita de produs.;1.0;1;0;0.0;1
570;bateria nu tine 10 zile cum se zice ci doar 4-5;0.0;1;0;0.0;0
571;este foarte practic si bun, dar aveti mare grija, am pierdut cablul, deci caut altul!;0.0;0;0;0.0;1
572;un ceas foarte bun.  pretul ok;0.0;0;0;1.0;1
573;mic si potent.;0.0;1;0;0.0;0
574;asa da. corect, frumos si elegant. mentionez c-am cumparat-o din magazinul lor.  sper sa se pastreze ideea  multumesc;1.0;0;0;0.0;1
575;recomand 100% pentru toti cei care folosesc acest accesoriu, pentru incarcare telefonul mobil!;0.0;0;0;0.0;1
576;foarte multumita de produs. este foarte folositor stand mult mai linistata cand iese afara sau cand il trimit sa cumpere ceva. pot sa urmaresc pe telefon traseul destul de precis.    sper sa nu am niciodata o experienta serioasa insa cu siguranta orice ajutor este binevenit. si acest dispozitiv chiar ajuta.    raport pret-utilitate excelent;0.0;1;0;1.0;1
577;da foarte multumit!;0.0;0;0;0.0;1
578;o tableta excelenta pentru nevoi normale.  feeling de produs premium, imagine si sunet excelente.   are si husa dedicata.   pret imbatabil.   nu sunt interesat de jocuri pe tableta. pentru asta exista desktop si console.   portabilitate f. buna si specificatii bune. totul ruleaza fara probleme.;1.0;1;0;1.0;1
579;este de foarte buna calitate!;0.0;0;0;0.0;1
580;compatibil cu gopro  inregistreaza lejer 2. 7k la 30 fps  este ieftin.;0.0;0;0;1.0;0
581;isi face treaba foarte bine.;0.0;1;0;0.0;0
582;isi merita banii!!!! se aude foarte bine chiar si atunci cand e aproape la maxim ( nu o poti da la maxim daca stai la bloc)! microfonul se aude si el fff bine si cel mai mult imi place ca poti face karaoke si in acelasi timp sa stai mai departe de boxa!;0.0;1;0;1.0;0
583;bun. tine 4-5 incarcari lejer, lumina led foarte folositoare;0.0;1;0;0.0;1
584;functioneaza fara probleme.;0.0;1;0;0.0;0
585;super multumita le am de 9 luni si nu am avut probleme;0.0;0;0;0.0;1
586;super multumit;0.0;0;0;0.0;1
587;cea mai buna tableta care poate fi luata la pretul acesta, am prins-o la 1550 de lei si pot zice ca e o investitie bine facuta. o recomand cu incredere.;0.0;0;0;1.0;1
588;review de 5 stele este pentru furnizor care a avut toata bunavointa din lume sa imi rezolve problema. am achizitionat doua ceasuri pentru cei mici si unul nu se incarca deloc. le am returnat a doua zi. imediat m-a sunat furnizorul sa intrebe care este problema si mi-a solutionat problema si mi-a schimbat ceasurile facand si toate setarile necesare plus verificarea acestora. ceasurile sunt utile daca sunt plecati la bunici sau dvs sa ii puteti suna, gps ul are eroare de cateva sute de metri dar pt mine a fost foarte importanta functia telefon. pt ceasuri 4 stelute.;0.0;0;0;0.0;0
589;incarca o baterie de 3000mah de aproximativ 3 ori, este foarte finuta cu aspect placut, mica, merita!;1.0;1;0;0.0;1
590;este un produs bun, necesar si cu viteza. totul la un pret bun si o servire promta de emag.;0.0;1;1;1.0;1
591;am achizitionat un astfel de smartwatch dupa indelungi cautari de informatii despre aceste gadget -uri, eu avand un iphone xs... am urmarit multe filmulete pe youtube si am ajuns la concluzia ca este mai bun decat un apple watch de aceeasi generatie... de ce am ajuns eu la aceasta concluzie? simplu! galaxy watch se conecteaza perfect la un iphone si, sa fim seriosi, este un ceas inteligent...si arata ca atare!!!  despre functii va spun doar atat... cred ca nu este o mare diferenta intre ele...insa poate ca, daca il conectam cu un android(samsung), era mai ok...  concluzii... totul la superlativ... de la serviciile emag pana la satisfactia unui gadget minunat! aaaa am fost direct in show-room sa il iau!!!;1.0;1;0;0.0;1
592;exagerat de multumit se aude neasteptat de bine pentru dimensiunile ei bassul inaltele fff clare am pus un clip de pe youtube jur ca se aude si vocea si totul mai frumos ca in realitate se conecteaza repede bateria tine mai mult de 5 ore am testat si lucrata bro boss;0.0;1;0;0.0;0
593;sunetul este bun, e foarte utila in calatorii.;0.0;1;0;0.0;1
594;il folosesc pe un samsung s4, nu am avut nicio problema cu el, recomand!;0.0;0;0;0.0;1
595;sunet foarte mare, pentru o boxa asa mica!  am ramas uimit de ce poate face. recomand.;0.0;1;0;0.0;1
596;aspect neasteptat de bun la pretul asta. ma asteptam mai degraba la o chinezarie cu aspect ieftin, dar este o chinezarie de calitate:))   functioneaza conform specificatiilor.;1.0;1;0;1.0;1
597;functioneaza exact asa cum e prezentata + servicii ireprosabile de expeditie.;0.0;1;1;0.0;0
598;un produs excelent!;0.0;0;0;0.0;1
599;este tot ce ai putea cere de la o boxa portabila. recomand!;0.0;0;0;0.0;1
600;sunt faine. recomand dar nu stiu sa mi le pun in urechi, ca. s eu batut in cap.;0.0;0;0;0.0;1
601;o tableta eleganta subtire si usoara, functioneaza perfect si rapid redare sonorizare pe masura ecran amoled no comm deci per total merita, un singur minus ce am observat, ca utilizand youtube se descarca destul de rapid sau numai mie mi se pare nu stiu, in schimb se incarca foarte repede nu se incalzeste deloc si cei 3 rami functioneaza f bine... recomand;1.0;1;0;0.0;1
602;foarte buna boxa si se aude tare;0.0;1;0;0.0;1
603;buna, recomand;0.0;0;0;0.0;1
604;mai ales la pretul de acum, 208 ron, e de recomandat. eu l-am luat mai scump 244 ron, dar nu imi pare rau. are cam 90 mb/s la citire si 68 mb/s la scriere, in conditiile unui test crystaldiskmark. in viata reala la transferul unui grup de foldere de 20 gb, a avut o viteza medie buna la scriere, de 62mb/s. si o caracteristica constanta a vitezei, ceea ce nu au multe carduri. l-am probat si la inregistrari full hd, nici o problema. cred ca merge si la 4k, depinde de rata de achizitie a aparatului foto sau video.   multumesc inca o data firmei emag pentru modul ireprosabil in care isi trateaza clientii.;0.0;1;0;1.0;1
605;foarte multumit de acest model.;0.0;0;0;0.0;1
606;recomand!!! un ceas frumos care place baiatului!!! multumesc estore!!!;1.0;0;0;0.0;1
607;e super. nu a cazut niciodata la gropile din bucuresti. e foarte stabil.;0.0;1;0;0.0;1
608;am primit bateria la timp si intreaga. era incarcata pe jumatate si din acea jumatate am incarcat o tableta pina la 50% si un telefon pina la 70% simultan. am incarcat-o full in 8 ore din care am incarcat un huawei p8 lite de 3 ori si a patra oara pina la 40%. este prea grea si prea mare pentru buzunar dar daca purtati o geanta sau rucsac e perfecta. eu o consider o achizitie buna si o recomand cu placere.;1.0;0;1;0.0;1
609;"ceasul arata ora, scaneaza din cand in cand ritmul cardiac, iti spune cat de bine ai dorimit, puteti seta o alarma, doua, trei, are pedometru, iti zice cati pasi/km ai facut, vibreaza la apeluri telefonice, puteti vizualiza smsurile pe el, etc.    displayul este cu e-ink (cel mai probabil), se vede ca un ceas lcd clasic ca si luminozitate si daca apasati butonul (pe care il are din dotare: d) ecranul ceasului va fi primi comenzi touch si se va lumina. din cauza tehnologiei nu tocmai matura a e-ink, culorile nu sunt foarte vii (sa nu va inchipuiti ca veti avea aceleasi culori ca un ecran oled sau lcd). basically cred ca afiseaza vreo 16 culori.   avantajul ecranului e-ink insa este acela ca bateria dureaza imens de mult (asta mi-a placut si la pebble pe care l-am avut inainte): in vreo 6 zile abia de s-a dus vreo 10% (de la 55% la 45% - cu 55% a venit incarcat).     cica ar putea sa se conecteze cu strava (personal nu mi-am dat prea mare interes pe tema asta, probabil ca la prima tura cu bicicleta voi cauta mai mult pe net cum se face). si cica ar avea gps intern si nu aveti nevoie de telefon pe traseu - va inregistra singur traseul (chiar is curios cum afecteaza treaba asta bateria).    watchfaceul este schimbabil (are vreo 6-7 predefinite) si mai sunt vreo 8 custom pe internet in aplicatia cu care vine, dar mai este o aplicatie ""notify & fitness for amazfit"" unde gasiti watchfaceuri facute de mai multi omuleti - unele arata chiar foarte misto. tot prin aplicatia asta se poate face si conexiunea cu strava (cica).   va atasez si o poza cu mana-mi paraoasa si ceasul atasat: d";1.0;1;0;0.0;0
610;este destul de zgomotos daca nu tii tableta in el, dar comparativ cu pretul este excelent. isi face treaba;1.0;0;0;1.0;1
611;mic, bine finisat, incarca rapid. contra: nimic.;1.0;1;0;0.0;0
612;super tare! mai ales ca si constructie, practic si util, foarte bine gandit! nu i-am gasit minusuri!;1.0;1;0;0.0;1
613;fabulos!  un smartwatch foarte bun.  initial, am avut un samsung gear sport dar l-am returnat pentru faptul ca bateria tinea o zi jumatate, sincronizarea se facea cu mare dificultate, in masina se suprapunea cu bluetooth-ul vehculului, o multime de discipline sportive, dar nu recunostea exercitiile de forta de la sala, lipsa compas si multe alte neajunsuri.  un ceas de parada, ca sa nu spun de bazar. multe sclipariciuri (cititi amoled), dar inutile si energofage. ca sa nu mai zic de dock-ul de incarcare care trebuia sa-l iau mereu cu mine.    noul vivoactive 3, care se vede ca este var cu fenix 5:), compenseaza si executa toate aceste neajunsuri. sticla gorilla glass 3, altimetru, compas.  adaug faptul ca sistemul de iluminare backlight, caracteristic si pentru marcile mai consacrate (fenix 5, suunto ect.) face ca consumul sa fie infim. este interesant faptul ca, cu cat lumina soarelui este mai intensa, cu atat iluminarea cadranului si contrastul se imbunatatesc. tine, la pas, 4-5 zile in watchmode.  meniul este foarte clar, navigarea intuitiva.  am avut ceva probleme la update, in sensul ca varianta 2.60 nu este chiar reusita. sugerez a se pastra varianta 2.50. daca totusi updatarea se face automat, cum am patit eu, nicio problema, dupa un hard reset si restart a facut un downgrade la 2.30, varianta de soft care mi se pare foarte stabila.  isi merita cu prisosinta fiecare leutz.;0.0;1;0;1.0;1
614;foarte bun.. raport pret-calitate!;0.0;0;0;1.0;0
615;l-am achizitionat acum aproximativ o luna de zile si pot spune ca sunt foarte multumita de acest produs! cu siguranta il recomand cu caldura!! este practic si foarte util, fiind recunoscut drept original atunci cand iti incarci telefonul, si il porti pura totodata si ca bratara. super produs!!!;1.0;1;0;0.0;1
616;folia de sticla foarte rezistenta, multumit 100%;0.0;1;0;0.0;1
617;multumita de produs, incarca fast telefonul meu samsung s7 edge;0.0;1;0;0.0;1
618;intuitiv, robust si calitati audio f bune;1.0;1;0;0.0;0
619;calitate/pret ok. incape in buzunar, volumul e ok, curba de egalizare pe joase dar nu prea deranjant. nu se deconecteaza, o folosesc cu google play music, sunt multumit. atentia, nu folositi pe post de soundbar sau party audio, veti fi dezamagiti.;1.0;1;0;1.0;0
620;este ok bratara, pe mine chiar ma interesa un accesoriu cu care sa imi masor calitatea somnului.;0.0;0;0;0.0;1
621;sunt foarte multumita, produsul este excelent!;0.0;0;0;0.0;1
622;este un produs care imi satisface nevoile legate de fitness, dar si un gadget perfect care ma anunta de fiecare data cand primesc notificari pe telefon. il recomand! si pretul este ok;0.0;1;0;1.0;1
623;au trecut deja cateva luni bune de cand il folosesc si nu da semne ca ar obosi. fara erori de citire/scriere, viteze decente.;0.0;1;0;0.0;0
624;se conecteaza foarte usor cu aplicatia mi fit;0.0;1;0;0.0;0
625;foarte bune in raport cu pretul.;0.0;0;0;1.0;0
626;incarca la fel ca cel original.;0.0;1;0;0.0;0
627;fff tare. te invita la sport.;0.0;1;0;0.0;0
628;produsul este bun, conform descrierii.;0.0;0;0;0.0;1
629;pro:  - incarca foarte repede si incarca cu curent mare (2a)  - are dimensiuni reduse pt capacitatea asta  - merge passthrough (incarci bateria si incarci un telefon din baterie in acelasi timp)  - carcasa de metal (aluminiu)    contra:  - cablul oferit este prea scurt    detin asus zenfone max (zc550kl) cu baterie de 5000 mah si il incarc o data full, iar a ii-a oara 80 - 90 %. bateria am cumparat-o de blackfriday (la pretul de 80 lei), ca sa stiti de cat timp o am, si cat am apucat sa o folosesc.;0.0;1;0;0.0;0
630;calitate buna a sunetului, bateria este ok;0.0;1;0;0.0;0
631;incarca bine in masina! pana in prezent nu am probleme! luat in urma cu 1 an!;0.0;1;0;0.0;0
632;boxa e super!;0.0;0;0;0.0;1
633;exact ce cautam. usor de purtat cu destule informatii ca sa te mentina motivat pentru miscare. aplicatia garminconnect se conecteaza cu myfitnesspal unde se pot inregistra caloriile consumate. recomand.;1.0;0;0;0.0;1
634;foarte frumos.  dar nu isi merita banii.  poate gateste.....;1.0;0;0;1.0;0
635;la pretul asta e un semi-smartwatch bun.  pro:  -autonomie f buna(peste 2 saptamani-utilizare normala, gps 2 ori pe saptamana, schimbat zeci de fete(inca nu am gasit una ''perfecta'':)  -notificari si apeluri(telefonul inlb romana pt a vedea nume apelant) cu capacitataea din descriere(ignore sau inchis la apeluri, citire restul, etc)  -gps decent, conectare rapida  -functiile de fitness bune(cel putin pt mine care practic mers fortat de 2-3 ori pe saptamana)  -pasii au eroare de 10% in plus(acceptabil )  -sute de fete gratis  -in rest, face ce puteti vedea in descrieri, youtube, etc)  contra:  -incomod de purtat la somn(dar dupa 2 saptamani de mi band 3 si una de amazfit bip imi stiu somnul si oricum ma trezesc cu alarma telefon)  -semnal bluetooth slabut(cu 2-3 m mai slab ca mi band 3) in blocurile din beton armat, dar se accepta  -nu poti inota cu el( e doar minim submersibil)  am zis mai sus semi-smartwatch deoarece nu are microfon si difuzor dar daca ar avea ar tine mai putin incarcat si ar fi dublu de scump. oricum mi se pare putin aiurea sa vb la telefon de pe ceas sau sa scrii mesaje. eu l=am vrut sa nu mai fiu nevoit sa stau asa mult cu telefonul in mana..;0.0;1;0;1.0;0
636;pret bun, foarte utila si paractica o recomand;0.0;1;0;1.0;1
637;recomand cu caldura - foarte multumita de produs.  pret foarte avantajos/;0.0;0;0;1.0;1
638;foarte buna bateria, am una exact la fel dar pe culoare neagra, asta am cumparat-o pentru sora mea. are mai bine de un an de utilizare si inca tot merge, design foarte placut. contra: nimic.;1.0;1;0;0.0;0
639;surprinzator de bun si de rezistent.;1.0;0;0;0.0;1
640;cadoul perfect... vibreaza subacvatic.....;0.0;0;0;0.0;1
641;face ce s-a promis ca va face.;0.0;0;0;0.0;1
642;foarte ok. capacitate mare, incarca destul de repede la mufa de 2a. ea se incarca destul de repede (la un incarcator de 2a) de la 0 la 99%, insa ca sa ajunga la 100% dureaza la fel de mult ca si pana la 99%. cablul cu care vine pare putin cam subred, dar inca merge desi e folosit de 4 luni aproape zi de zi. imi place foarte mult lumina ambientala care are doua moduri (tare si putin mai slab). un minus cred ca ar fi dimensiunea ei, dar la capacitatea asta nu imi bat capul.;1.0;1;0;0.0;1
643;recomand, achizitionat la un pret sub 200 lei;0.0;0;0;1.0;1
644;super... isi merita toti banii...;0.0;0;0;1.0;1
645;o boxa de dus (dush) foarte buna si care promite sa fie rezistenta (desi aici va trebui timpul sa isi spuna cuvantul). sunetul nu are profunzime, nici nu stiu daca ar avea de unde, dar se aude clar pe inalte si suficient de tare. are butoane pentru reglarea volumului. este de dus... sau cada. s-ar asezona bine cu niste ratuste de cada, btw.;1.0;1;0;0.0;1
646;este super din toate punctele de vedere. isi merita banii;0.0;0;0;1.0;1
647;omg super fain;0.0;0;0;0.0;1
648;se aude foarte bine.. este foarte usor, nici nu il simti pe ureche.;1.0;1;0;0.0;0
649;produsul este frumos ambalat, de buna calitate. mult peste asteptarile mele. pretul accesibil;0.0;0;1;1.0;1
650;simplu, eficient, usor;1.0;1;0;0.0;0
651;este un ceas bun. isi merita banii, recomand.;0.0;0;0;1.0;1
652;sunt foarte multumit de ele, le am achizitionat acum 2 saptamani si de atunci le folosesc in continuu. se descurca foarte bine, sunetul este puternic si se simte si bass-ul;0.0;1;0;0.0;1
653;este foarte util cel putin pentru 150 de lei... toate aplicatiile merg struna si cel mai bine este ca bateria tine extrem de bine. recomand!: d;0.0;1;0;1.0;1
654;usor de montat... foarte practic, isi face treaba cu brio!!!;1.0;1;0;0.0;0
655;nu primesc mesaj niciodata ca nu e componenta apple si isi face treaba.;0.0;0;0;0.0;1
656;boxa de mare calitate. nici nu putea fi altfel. jbl e made by harman kardon! despre ce vorbim?;0.0;0;0;0.0;1
657;calitatea este super, tine mai mult de 5 ore bateria. daca va cautati o boxa bluetooth ieftina si buna acesta e perfect.   pro: calitatea sunetului foarte buna  dimensiune mica, o poti duce oriunde  con: pentru acest pret nu am;0.0;1;0;1.0;1
658;bass super, depinde pe ce suprafata al pui, am pierdut una identica acum am achizitionat alta. raport pret calitate excelent/;0.0;1;0;1.0;0
659;super!!!  trecand de la i7 ( avand aceleasi speficicatii si mergea binisor ) - la i8 plus, nu eram sigur ca se va misca la fel de bine aceast ipad, dar am ramas surprins:   -este rapid (net, jocuri, se descurca minunat)  -amprenta ok  - baterie ok  -display ok  pret formidabil ( 1300-1 saptamana activata, garantie.. olx);0.0;1;0;1.0;1
660;livrare in 24 de ore iar bratara este ca si originala.;0.0;0;1;0.0;1
661;foarte bun! cand imi incarc telefonul sta bine, arata bine si imi place ideea gen fermoar. recomand;1.0;1;0;0.0;1
662;bun;0.0;0;0;0.0;1
663;materiale de calitate, semnal foarte bun.    face ce spune ca face.     obs.: nu primesti in cutie si husa (poti fi indus in eroare de specificatii, care dau si dimesiunile pentru aceasta), dar stiam asta.;1.0;1;0;0.0;0
664;multumimt de produs. isi face treaba.;0.0;1;0;0.0;1
665;este perfect pentru ce am avut nevoie. este compact dar mare ca si capacitate.   multumit.;1.0;1;0;0.0;1
666;merita. la banii acestia suna perfect;0.0;0;0;1.0;1
667;am acest produs de aproape jumatate de an timp in care nu am avut probleme cu el. s-a fixat din prima, telefoanele stau bine si e foarte usor de manevrat.;0.0;1;0;0.0;0
668;buna se aude ff bine si destul de tare recomand;0.0;1;0;0.0;1
669;se misca stas! face toti banii!;0.0;1;0;1.0;0
670;este foarte placut cand il porti la mana, are un ecran foarte bun, touch screenul merge foarte bine si vi-l recomand sa il cumparati.;1.0;1;0;0.0;1
671;perfect pentru orice activitate. pot controla muzica, pot raspunde la mesaje whatsapp, monitorizeaza somn, mers, puls etc si daca schimbi cureaua se poate purta si la costum la diferite evenimente formale. design uimitor si performanta impecabila. bateria duce undeva la 3 zile cu folosire medie.;1.0;1;0;0.0;0
672;cu adevarat rapid.  recomand.;0.0;1;0;0.0;1
673;la banii astia (20 lei) nu cred ca poti gasi ceva mai bun;0.0;0;0;1.0;0
674;am facut-o cadou unui coleg de serviciu si pana acuma am auzit numai lucruri bune despre ea.;0.0;0;0;0.0;1
675;foarte practic;0.0;1;0;0.0;0
676;casca in sine este o bijuterie.. usoara, functioneaza perfect, bateria tine f mult am cumparat pe baza feedbackurilor care asa si este... singura problema e ca am comandat expl 50 si am primit 55... nu stiu daca exista diferenta intre ele, sper sa fie ok... si nu am primit factura in pachet... livrarea de pe o zi pe alta;1.0;1;1;0.0;0
677;exact pe masura.;0.0;0;0;0.0;1
678;se conecteaza la doua telefoane, se aude bine, se incarca destul de repede, se aseaza bine pe ureche, se conecteaza imediat ce o deschizi... super.   recomand cu incredere;0.0;1;0;0.0;1
679;mentionez posesor anterior de huawey band. intre timp s-a stricat si nu mi-a mai venit sa dau bani multi pe o bratara.  este o bratara ok. arata foarte bine si este foarte fancy sa zic...  alerg in parca si este important sa imi masoare bine pasii... nu imi iau telefonul cu mine asa ca iau doar bratara. ajung acasa si o conectez cu telefonul. din calculele mele arata ca masoara destul de bine. fac 2 km pe zi si asta imi arata si in aplicatie. bateria tine foarte mult... nu am stat niciodata cu ea sa se descarce mai ales ca dureaza mult. notificarile nu le folosesc. ecranul este luminos si se vede bine. o folosesc in loc de ceas. ce sa zic.... un produs ok... sper ca v-a ajutat reveiw-ul meu.;1.0;1;0;0.0;1
680;"foarte multumit! se potriveste perfect pentru tableta huawei mediapad t3 de 7""! recomnd cu incredere!";0.0;0;0;0.0;1
681;merge foarte bine! recomand;0.0;1;0;0.0;1
682;este un ceas bun. isi merita banii, recomand!;0.0;0;0;1.0;1
683;foarte bun produs!;0.0;0;0;0.0;1
684;livrarea s a facut foarte repede, de pe o zi pe alta, am incercat castile imediat, se aud bine, se conecteaza usor la telefon, se deconecteaza individual daca pastrezi una si pe cealalta o pui in suport. tin destul de mult, si e avantajos faptul ca pot fi incarcate in suport, daca acesta a fost incarcat si el in prealabil. concluzie   recomand.;0.0;1;1;0.0;1
685; calitativ  + design  + sunetul curat    - nimic;1.0;1;0;0.0;0
686;cele mai tari casti sub 100 de ron!;0.0;0;0;1.0;1
687;in principiu sunt multumit, luand toate in calcul (inclusiv pret) este de nota 10, dar cu toate astea o sa specific aspectele pro/contra din punctul meu de vedere:    pro:   - culoare superba   - prinderea cu magnet isi face treaba perfect  - identica cu cea originala care e de 11 ori mai scumpa    contra:  - in anotimpul rece materialul metalic poate fi deranjant  - nu se potriveste chiar cu orice tinuta (poate doar daca esti fata merge)  - livrarea s-a facut dupa 2 zile    as fi dat 4 stele dar avand in vedere pretul foarte foarte mic vs ce am primit chiar nu am cum.;1.0;0;0;1.0;1
688;e un produs foarte bun, recomand.  pro: tine foarte mult, se incarca repede si e foarte buna calitativ.  contra: indicatorul led nu e precis. cele 2 buline din mijloc se termina mai repede decat celelalte 2, dar asta nu e nicio problema din perspectiva mea, avand in vedere ca nu afecteaza performanta.;1.0;1;0;0.0;1
689;l-am folosit in varianta lipit de parbriz cu tel meizu mx5 de 5. 5'' si gps navon. 1 cred ca poate fi utilizat si vertical si orizontal ca suport pentru orice se incadreaza in deschidere si nu se prinde chiar de butoane ori mufe de incarcare. 2referitor la zdranganit este real si se elimina prin strangerea maxima. 3detin si alte suporturi, nu tocmai ieftine, iar acesta compativ sta bine estetic, tehnic si ca pret daca il luati la aprox. 70-80 lei.;1.0;1;0;1.0;0
690;este excelent. pot sa-mi incarc de doua ori tableta de 7 inch, e tot asus. l- am folosit si afara, pe frig, si e o. k. recomand.;0.0;1;0;0.0;1
691;merita toti banii in combinatie cu un ipencil, pentru cei pasionati de desen. altfel nu as recomanda decat dupa o reducere de pret. inainte aveam un ipad air si nu pot sa spun ca ma ajuta ceva in mod deosebit la noul ipad in comparatie cu cel vechi, exceptie facand exact motivul pentru care l-am cumparat - desenatul.;0.0;1;0;1.0;1
692;se aude bine, tare, estetic arata super.  este foarte usor de transportat  total pro!;1.0;1;0;0.0;1
693;multumit recomand;;0;0;0.0;1
694;pur si simplu wow!   pro: sunet clar atat la volum maxim cat si minim : culoarea foarte frumoasa, finisaje foarte frumoase : fina la atingere parca e din catifea : livrare rapida : conectivitatea cu orice device este rapida : pret foarte bun pentru ceea ce face  este o boxa care pentru mine personal nu are rival.;1.0;1;1;1.0;1
695;cardul de memorie se misca foarte bine la telefon. raport calitate pret foarte bun.;0.0;1;0;1.0;0
696;un produs excelent. baterie buna si conectare buna la distanta 4-5m;0.0;1;0;0.0;1
697;un produs foarte bun. foarte util la drum lung.;0.0;0;0;0.0;1
698;o boxa foarte buna in acest pret, e mai buna decat jbl charge 3 are un bass puternic. eu am cumparat-o din media galaxy cu 500 de lei.;0.0;1;0;1.0;0
699;buna ziua,   am achizitionat produsul si nu am reusit sa-l conectez la telefon. am sunat la firma de distributie si am rezolvat imediat. cartela trebuia incarcata pentru a vea acces la internet,. sunt incantata. merita  mii de multumiri domnului care m-a ajutat sa-l setez.;0.0;0;0;0.0;1
700;excelent. sunt foarte multumit.;0.0;0;0;0.0;1
701;produsul este f. bun. recomand. la fel mi-am luat si eu, doar ca mai ieftin. si din alta parte. sic!;0.0;0;0;1.0;1
702;foarte rapid. pret bun;0.0;1;0;1.0;0
703;este foarte bun, mie mia placut strang bani si imi mai iau unul;0.0;0;0;0.0;1
704;ok! si dupa aproximativ 4 luni de folosire se comporta ca nou! lanterna este mai mult decat utila!;1.0;0;0;0.0;1
705;"este minunat pentru ca nu trebuie sa scoti incarcatorul din telefon cand primesti apeluri sau, mai rau, sa stai ""legat"" de priza.";0.0;1;0;0.0;0
706;produs ok! recomand!;0.0;0;0;0.0;1
707;pro: fixare buna in priza, viteza de incarcare buna  contra: cablu foarte lung care poate incurca la in timpul condusului;1.0;1;0;0.0;0
708;e racheta! foarte multumit de ea. chiar si prietenii mei sunt multumiti de ea cand raman fara gaz.;0.0;0;0;0.0;1
709;o baterie foarte buna. raport calitate pret excelent. imi incarc telefonul (j5 2016) de aproape 4 ori cu bateria. o recomand!;0.0;1;0;1.0;1
710;sunt foarte multumit de produs! recomand.;0.0;0;0;0.0;1
711;perfect>:);0.0;0;0;0.0;1
712;merge f bine;0.0;1;0;0.0;0
713;nu sunt ieftine dar si calitatea primita este pe masura. si a castilor dar si a serviciilor post-vanzare oferite de cei de la maxmania. sunt multumit.;0.0;0;0;1.0;1
714;o bratara buna. folosita deja de 1 luna cu huawei p10. este calitativa. bratara este din silicon moale si este confortabila. raza de conectare cu telefonul este de aprix 7-8 metrii. te anunta cand se deconecteaza si se conecteaza iar singura. aplicatia este intuitiva si simplu de utilizat. are cateva minusuri pe ici pe colo dar este ok. citirile bratarii sunt destul de exacte. pentru cineva care face exercitii normale bratara este foarte ok;1.0;1;0;0.0;1
715;eficient;0.0;1;0;0.0;0
716;este o boxa excelent de buna si o recomand. se aude mai bine ca altele mai scumpe si rezista 6 ore nu 5.;0.0;1;0;0.0;1
717;dopurile care apar in poza sunt foarte eficiente, fixeaza foarte bine castile in urechi si nu cad la alergat sau daca agheti cablul cu mana;0.0;1;0;0.0;0
718;este un card de memorie foarte bun. viteza excelenta de copiere. l-am luat la resigilat impecabil cu 40 de lei. il recomand. online va fi mereu simplu;0.0;1;0;0.0;1
719;sunt excelente. mi-am cumparat 2 de proba, iar acum am in plan sa mai achizitionez cateva;0.0;0;0;0.0;1
720;arata si functioneaza exact ca in descriere. se conecteaza usor, se aude bine si mai ales tine foarte mult acumulatorul. dupa desigilare si punere in functiune ma anunta ca timpul ramas de convorbire este de 4 ore si l-am folosit timp de 10 zile fara sa -l incarc iar dupa incarcarea la maxim timpul de convorbire anuntat a fost de 11 ore. recomand cu caldura.;1.0;1;0;0.0;1
721; calitate sunet, volum, design excelente;1.0;1;0;0.0;0
722;este o boxa excelenta pentru marimea ei sunetul este exceptional!;0.0;1;0;0.0;1
723;este exact ce scrie an descriere!;0.0;0;0;0.0;1
724;la un picnic in aer liber face serviciu nu mai este monoton timpul, cu muzica preferata cu tine.;0.0;1;0;0.0;0
725;am luat 2 in interval de 4 luni. se audea prea bine:);0.0;1;0;0.0;1
726;prea multe nu sunt de comentat, produs nou original sigilat, mi-a placut ca a venit la pachet cu carcasa de plastic pt acumulator.   cei de la emag au fost ca intodeauna de nota 10.;0.0;0;0;0.0;1
727;pentru dimensiunile sale, o calitate foarte buna a sunetului si a basului.;0.0;1;0;0.0;0
728;sunt excelente si la un pret bun;0.0;0;0;1.0;0
729;excelenta!   pro: se aude foarte bine, bas puternic pentru dimensiunile ei, bateria tine toata ziua, conectare rapida prin bluetooth la toate dispozitivele (telefon, laptop, tv, tableta, pc aio). mi s-a parut putin cam scumpa, dar isi merita din plin toti banii.  recomand.   contra: in afara de o schema cu pasii de urmat pentru conectare, niciun alt fel de instructiune de utilizare, nici in romaneste nici in alta limba. doar garantii si alte prostii. o sa incerc sa caut pe pagina producatorului sony un manual.;0.0;1;0;1.0;1
730;recomad tuturor! sa nu aveti dubii!;0.0;0;0;0.0;1
731;desi mica sunetul este foarte clar, volumul maxim surprinzator, recomand cu incredere.;0.0;1;0;0.0;1
732;produs bine finisat, se misca foarte bine, are creionul inclus in pret. o alternativa spun eu foarte buna la ipad. as fi luat produsul apple ( era o reducere la 1599ron) dar creionul ar fi urcat pretul cu inca 5-600 lei si nu cred ca ar fi meritat. in plus 32gb in loc de 16gb nu strica deloc.;1.0;1;0;0.0;0
733;foarte multumit de produs, arata foarte bine, dimensiuni reduse si capacitate de incarcare f buna, l-am facut cadou si apoi am luat si pentru mine:);1.0;1;0;0.0;1
734;produsul functioneaza in parametrii mentionati pe ambalaj, insa pentru cei interesati si de incarcare simultana, acest lucru nu functioneaza!;0.0;1;0;0.0;0
735;e fast charging pe bune.;0.0;1;0;0.0;0
736;cel mai bun pret. un adevarat upgrade fata de modelul anterior, pe care mi l-a spart pisica.;0.0;0;0;1.0;0
737;e un produs de foarte bun? calitate. super. cump?ra?i-l! nu sta?i pe ga?nduri.;0.0;0;0;0.0;1
738;dupa ce se instaleasa aplicatia tellur   becul se aprinde/inchide din telefon. pentru a putea sa conectezi becul se va da de intrerupator inchis/deschis pana se conecteaza. din aplicatie se poate selecta lumina alba sau calda, intensitatea luminii, se poate programa (pe ore si zile)cand sa se deschida si cand sa se inchida becul - foarte util pentru atunci cand vrei sa pleci de acasa.;0.0;1;0;0.0;0
739;super sound datorita prelucrarii digitale, autonomie 5 ore dupa care se incarca in cutie in 15-20 minute.    senzatia de libertate ( nu exista fir) si flexibilitatea totala (se pot conecta si la android si la ios) sunt de nedescris.  raport calitate/pret excelent.;0.0;1;0;1.0;0
740;2 ani mai tarziu si merge la fel ca in prima zi adica excelent.;0.0;1;0;0.0;0
741;isi face treaba, incarca repede.  are un ventilator care porneste in cazul in care ati activat fast wireless charging pe s7/s7 edge. se aude foarte incet, nu deranjeaza deloc.;0.0;1;0;0.0;0
742;un card bun, cu viteza de transfer mare. un raport calitate-pret mai mult decat ok;0.0;1;0;1.0;0
743;foarte bune recomand!;0.0;0;0;0.0;1
744;e construit bine si isi face treaba, insa cel mai important este ca incarca la fel de repede precum cablul original de la samsung pentru s4, la curent de 2a, lucru pe care cei de la emag nu il adauga la specificatii, desi e cel mai important cand vine vorba de un cablu de date pe care il folosesti la incarcarea telefonului.;1.0;1;0;0.0;0
745;pret 110 lei la reducere, am achizitionat 2, una neagra si un gri.. se aud super.. clar si destul de tare pentru o asa marime:);0.0;1;0;1.0;0
746;raport calitate pret foarte bun. merge foarte bine pe windows phone.;0.0;1;0;1.0;0
747;super ok. incarca rapid. original. de calitate.  recomand!;0.0;1;0;0.0;1
748;functioneaza foarte bine bateria! recomand cu incredere;0.0;1;0;0.0;1
749;o bratara excelenta, multe functii care isi fac treaba.;0.0;1;0;0.0;1
750;se merita;0.0;0;0;0.0;1
751;foarte bun suportul portabil de tableta de la tellur, este usor de instalat. este un suport solid, ideal pentru tabletele cu ecran de la 7 la 10 inchi. prinderea pe parbriz este foarte solida, iar daca se foloseste cu prindere pe tetiera pentru pasagerul din spate, veti avea un pasager fericit care poate sa se uite la un film pe parcursul calatoriei, fara a se ajuta de maini.  merita cumparat cu incredere. recomand cu drag!;1.0;1;0;0.0;1
752;sunet excelent, recomand!;0.0;1;0;0.0;1
753;un raport calitate-pret excelent. isi face treaba foarte bine si e usor de transportat. nu am ce sa-i reporsez.;0.0;1;0;1.0;0
754;original, totul ok!;0.0;0;0;0.0;1
755;un ceas foarte bun.    am facut upgrade de la modelul 1 de 42 la modelul 4 de 44.  la inceput nu mi s-a parut o diferenta prea mare intre ele la continutul softului (modelul 1 are tot ultima versiune de soft - 5.0.1) si la marime (42 vs 44), dar ca si viteza de lucru si oportunitati in utilizare e diferenta majora.  - in primul rand se deschide (la pornire/updatare soft) foarte repede, in jur de 20-30 secunde fata de modelul 1 care dura si 2-3 minute. toate aplicatiile se misca mult mai bine, fara sincope, dictarea vocala fiind impecabila (siri, notite).  - imi place ecranul de baza, pe care poti face scurtaturi catre aplicatiile cele mai utilizate (poti insera 7-8 shortcut-uri).  - bateria tine 2 zile jumatate - poate chiar 3, in conditii normale de lucru (date mobile deschise permanent pe telefon, wi-fi si gps deschise permanent pe ceas). la varianta 1 bateria imi tinea in jur de 1 zi si jumatate.    pe total, merita ca si device, insa mi se pare o mare diferenta de pret intre modelul 3 (care poti sa il iei si cu 1.400-1.500 lei sigilat din magazin) si modelul 4 ( pret de 2.400 - 2.500 lei - acolo unde este disponibil).;0.0;1;0;0.0;1
756;am cumparat acest produs, dar inca nu stiu cind filmeaza, poate ne spune cineva si care are acest produs dupa ce ne dam seama ca a inceput filmarea;0.0;0;0;0.0;0
757;un ceas de foarte buna calitate, cu numeroase conexiuni si numeroase programe pentru oameni activi. numeroase fetel de ceas, atat gratuite cat si cu bani, se pot customiza cu usurinta, se pot adauga numeroase widgeturi. nu il folosesc always on display, il tin legat de un s8, iar bateria ma tine aprox 4 zile, tinandu'l deschis si noaptea. in casa prin bt duce de la parter si pana la etajul 2 fara probleme, daca treci de mai mult de 2 pereti sau placi, isi cam pierde din conexiune. personal nu am folosit inca aplicatia de navigare, cred ca este folositoare (parerea mea)doar cand iesi cu bicicleta sau la munte. per total este un ceas de calitate, pentru oameni activi, putandu'se asorta cam la orice tinuta, atat sport cat si casual business.;0.0;1;0;0.0;1
758;"suportul se comporta bine pana la momentul actual, arcul este destul de bun, strange bine si are margini moi pentru protejarea carcasei telefonului. daca vreti sa vedeti cum arata suportul si cum il folosesc, cautati pe youtube clipul ""trepied pentru telefon sau camera video weifeng wt 3540"" o sa vedeti cum il folosesc pe un trepied foto.";0.0;1;0;0.0;0
759;un acumulator de dimensiuni reduse avand in vedere capacitatea, cat un card de credit obisnuit. am incarcat de aproape 4 ori un galaxy core prime. incarcarea se face rapid, are output de 2.4a. acumulatorul se incarca complet de seara pana a doua zi in jurul pranzului. per total cred ca iti faci treaba cu el intr un weekend departe, in natura. recomand;1.0;1;0;0.0;1
760;foarte bun, isi face treaba, se lipeste foarte usor materiale bune, mai ales pentru pret.;0.0;1;0;1.0;1
761;super. recomand!;0.0;0;0;0.0;1
762;se aude excelent, este mica se poate pune oriunde.;1.0;1;0;0.0;0
763;l-am avut cu mine in concediu. l-am luat cu mine chiar si pe plaja. s-a incalzit putin, dar nu a pierdut din capacitate. am incarcat cu el si telefonul si tableta. imi place pentru ca are autonomie mare si e foarte placut ca design. per total sunt foarte multumit.;1.0;1;0;0.0;1
764;super ok. incarca bine, fara probleme;0.0;1;0;0.0;1
765;un ceas care mi-a depasit asteptarile si nu regret ca l-am ales pe cel de 46mm desi am incheietura mainii relativ mica. autonomia bateriei depaseste durata de 3 zile cuplat in permanenta cu un htc one m8 pot fi probleme cu descarcarea aplicatiei de pe google play dar se poate gasi apk separat si se poate instala fara probleme am dat comanda vineri in showroom si mi-a sosit marti dupa cum mi s-a spus de la inceput.  multumesc emag!!;0.0;1;1;0.0;1
766;sunt foarte multumita de acest produs, arata si functioneaza foarte bine, masoara aproape exact tensiunea si chiar perfect ritmul cardiac. recomand!;1.0;1;0;0.0;1
767;este o tableta extraordinara, se misca foarte bine;0.0;1;0;0.0;1
768;pentru o persoana ce doreste sa asculte muzica in conditii bune spre foarte bune, o recomand cu caldura. este mica si puternica, robusta, se cupleaza imediat, calitatea redarii este in functie si de calitatea inregistrarii.;1.0;1;0;0.0;0
769;se misca bine, foarte bun semnal wi-fi si 4g(deci ca raspuns la comentariul domnului cucos, are nano sim cu conectare 4g. probabil sertarasul unde trebuia sa-l bage s-a ascuns foarte bine;0.0;1;0;0.0;0
770;excelenta;0.0;0;0;0.0;1
771;am cumparat acest card pentru a fi folosit intr-un navigator mio. cardul a venit si impreuna cu adaptor pentru sd (foarte important pentru cei ce vor sa il foloseasca intr-un card reader, sau in laptop) ceea ce este un bonus binevenit, iar pretul este foarte bun. in transferul de fisiere s-a comportat excelent, conform cu clasa 4 (4 mb/s), mai ales pentru fisiere de dimensiuni mari (>1 mb). nu am ce reprosa unui asemenea card. ceea ce am scris la contra este singurul ?neajuns?, dar il consider nesemnificativ  pro:: viteza buna de transfer pret excelent vine si cu adaptor  contra:: fara carcasa;0.0;1;0;1.0;0
772;este o tableta ok pt gama ei. browsing, youtube si jocuri. pacat ca are doar 3g.;0.0;0;0;0.0;1
773;sunt foarte multumit de tableta. procesorul bun, memorie ram buna.... se misca foarte bine si materialul e de calitate.   are doar mufa micro usb, asa ca daca vreti husa cu tastatura, trebuie sa cumparati adaptor de la usb la microusb. e 5 lei pe aliexpress si nu incurca cu nimic. tastatura fizica functioneaza fara probleme.  rezolutia display-ului e bunicica iar bateria e buna avand in vedere pretul.  una peste alta, recomand produsul, am platit 900 lei pe el.;1.0;1;0;1.0;1
774;raport calitate pret este super bun. v-il recomand cu drag.;0.0;0;0;1.0;1
775;husa este excelenta.;0.0;0;0;0.0;1
776;imi plac foarte mult. le-am primit cadou acum vreo 3 luni si de atunci le folosesc cam in fiecare zi. nu am nimic de reprosat. calitatea este super. imi place foarte mult si husa de protectie pe care am primit-o cu ele.;0.0;0;0;0.0;1
777;il folosesc in apple homekit... chiar daca se specifica ca nu e de exterior, il tin intr-o zona protejata de soare/ interperii pe terasa si imi este foarte util pentru luminile din curte. cupleaza la rasarit si la apus... perfect. arata si cosnumul... statistica... merita banii!;0.0;1;0;1.0;0
778;superba;0.0;0;0;0.0;1
779;excelent;0.0;0;0;0.0;1
780;f. multumit!;0.0;0;0;0.0;1
781;multumit de produs, telefonul sta excelent, fixarea suportului pe parbriz fiind foarte buna!;0.0;1;0;0.0;1
782;l-am primit cadou, imi place mult, arata cam tot ce vrei, singurul minus este autonomia de 2-3 zile.;1.0;1;0;0.0;1
783;subtire, puternic, tine bine telefonul, se roteste!;1.0;1;0;0.0;0
784;se zgarie si murdareste destul de usor, dar isi face treaba. daca nu ai posibilitatea timp de 1 zi sa bagi telefonul la incarcat nicaieri, te poti baza pe acumulator.;1.0;1;0;0.0;1
785;numai buna pentru 3 reincarcari, adica vreo 2 zile de lucru;0.0;1;0;0.0;0
786;sunt foarte multumit de suport, finisari foarte bune, calitatea materialelor foarte ok, design frumos. e foarte practic si se potriveste foarte bine la un s5. nu zdrancane nimic in timpul mersului fara telefonul pus in suport cum a spus cineva.  recomand!;1.0;1;0;0.0;1
787;"am achizitionat aceste airpods, anul trecut (2018) in luna iulie. acum, dupa aproape 7 luni de utilizare, pot spune ca apple nu mi-a inselat asteptarile.   pentru mine apple, insemna produse premium.     argumente pro si contra:    pro:  - calitate sunet exceptionala - aud si sunt auzit foarte clar in timpul convorbirilor. muzica se aude intr-un mare fel.  - pur si simplu dupa o perioada de utilizare, uiti ca le ai in urechi  - se incarca foarte repede, aproximativ 1% la 10-12 secunde.  - design placut si ergonomic care inspira calitatea de produs premium  - le poti folosi practic imediat dupa ce le-ai scos din cutiuta lor, configurarea fiind extraordinar de rapida  - poti raspunde si inchide apelul, prin doua batai usoare cu degetul in oricare dintre cele doua casti  - pot fi folosite si pe telefoane cu android  - poti verifica pe ecranul telefonului, nivelul de incarcare atat al castilor cat si al cutiutei care practic este o baterie externa  - cutiuta, respectiv bateria externa are capacitatea sa incarce ""full"" castile, de aproximativ 4-5 ori, deci, asigura o utilizare de o zi intreaga, fara probleme.    contra:  - bateria externa (cutiuta lor), se incarca destul de greu cand este epuizata complet. in aproximativ 1h30min. daca o pui la incarcat peste noapte, nu o sa mai fie un argument asa de contra.:)  - fara o husa a bateriei externe, se zgarie relativ repede.    in ceea ce priveste pretul, scump, nescump, este un produs premium pe care il cumperi sau nu. ideea e ca, merita toti banii.";1.0;1;0;1.0;0
788;super ceas. foarte multumit.;0.0;0;0;0.0;1
789;toate cele 3 lentile isi fac treaba minunat.  recomand pasionatilor de poze macro si nu numai.;0.0;1;0;0.0;1
790;"cautati pe youtube,, how to pair i7s"" sa vedeti de ce va merge doar o casca:))sunt perfecte.";0.0;0;0;0.0;1
791;merita toti banii, bateria tine peste asteptarile mele... recomand.;0.0;0;0;1.0;1
792;foarte multumita, desi e cam mare si cam greu dar isi face treaba;1.0;1;0;0.0;1
793;sunet puternic, bass ok, recomand.;0.0;1;0;0.0;1
794;foarte bun. l-am prins la reducere (16 lei). mai mult nu as fi dat.  tine telefonul, nu cade nici la drumurile de pe meleagurile noastre.  singurul aspect negativ este ca fiind lung, telefonul oscileaza sus-jos insa nu e grav.  sper sa nu rupa lamelele de la grila de aer.  per ansamblu, recomand.;0.0;1;0;0.0;1
795;finisaj excelent. meniu accesibil. sunet clar. iluminat bun. meniu si in limba romana. un telefon de nota 10.  pro:: finisaj excelent. meniu accesibil. sunet clar. iluminat bun. meniu si in limba romana.  contra:: pentru a fi carcotas, consuma putin cam mult(descarca repede acumulatorii);1.0;1;0;0.0;0
796;peste asteptari;0.0;0;0;0.0;1
797;cel mai bun headset wireless pentru muzica la acest pret.  are o calitate si un volum al sunetului excelente.  sunt extraordinar de comode.   personal, sunt primele casti care le pot purta 10 ore / zi fara sa ma jeneze.  acumulatorul tine peste 10 ore de muzica!!! stand-by chiar si o saptamana!!!  intr-adevar nu vine insotit de incarcator, insa cine nu are pe acasa un cablu microusb???:);1.0;1;0;1.0;0
798;cea mai buna boxa o ador;0.0;0;0;0.0;1
799;folosesc cardul de 1 saptamana int-o actioncam drift hd ghost. nu am avut probleme pina acum. viteza de transfer ok. ramane sa vedem in timp cit o sa ma tina,;0.0;1;0;0.0;0
800;il folosesc cu succes la alimentarea unei camere auto. la cat curent consuma, e mai mult decat ok.   pare de calitate, dar trebuie testat mult mai mult pentru a avea o idee despre produs.;0.0;1;0;0.0;0
801;super casti la un pret super bun.   cine are de gand sa achizitioneze o pereche de casti de acest gen este cea mai buna alegere.;0.0;0;0;1.0;1
802;este un produs foarte bun, ce contine functii foarte utile. il recomand cu incredere celor pasionati de gageturi.;0.0;1;0;0.0;1
803;un produs excelent, numai bun pentru biroul unui om care lucreaza pe computer si care vrea sa aiba un suport elegant pentru telefon. tija pentru inclinatie are mai multe trepte, ceea ce ii confera produsului o maleabilitate si stabilitate numai buna. excelent pentru pauzele de netflix, jocuri pe telefon sau un video call. 10/10;1.0;1;0;0.0;1
804;merge foarte bine. am avut probleme cu bateria si in doua zile mi-au reparato. bravo emag!!!;0.0;1;0;0.0;0
805;ma asteptam sa fie mai mare, dar se icnadreaza perfect in palma.  un sunet fantastic pentru dimensiunile reduse.  bassul se simte putin, dar caracteristica definitorie este fidelitatea atat cand e data la maxim cat si atunci cand asculti in surdina.  autonomia excelenta, peste 5 ore, incarcare rapida;0.0;1;0;0.0;0
806;super, super, super. am vazut la un prieten, mi s-a parut foarte tare. am cumparat si eu. inca mi se pare foarte tare. e o boxa mica, dar cu un sunet foarte clar si bun, inclusiv bass. cumparati cu incredere!;0.0;1;0;0.0;1
807;foarte bun, incarca repede   super ok;0.0;1;0;0.0;1
808;se aude bine de tot! cele 3 moduri de ascultare pot multumi ascultatori carcotasi;0.0;1;0;0.0;0
809;top of the line;0.0;0;0;0.0;1
810;recomand boxa.;0.0;0;0;0.0;1
811;raport pret/performanta excelent! recomand.   formatarea ca ntfs pe 64k va creste cu 20% performantele de scriere/citire.   doar daca e cumparat pentru a rula un sistem de operare de pe el sau pentru stocare de fisiere de date de dimensiuni mici nu se recomanda varianta ntfs-64k.  pentru stocare de fisiere multimedia recomand ntfs-64k.  un produs excelent.;0.0;1;0;1.0;1
812;acumulator util, pot incarca telefonul chiar si de 4x consecutiv.. eficient mai ales ca are 2 intrari usb si mereu iti arata cat de incarcata este, prin cele 4 liniute care se aprind odata activat.;1.0;1;0;0.0;0
813;sub 120 de lei este un must have. este surprinzator cum o boxa de marime asa mica poate sa fie atat de puternica si sa isi pastreze claritatea la volum mare. toti prietenii mei au ramas surprinsi de raportul marime\putere. se ridica la numele jbl fara probleme. ii lipseste rezistenta la apa, insa eu o folosesc la dus si deocamdata nu s-a stricat, dar la pretul asta nu cred ca poti sa ai pretentia de rezistenta la apa. este cea mai buna boxa in categoria boxelor bluetooth de buget sau de marime mica. recomand!;0.0;1;0;1.0;1
814;achizitionat pentru prietena mea. finisaj de exceptie, acel roz metalic este foarte placut. capacitate mare, quick charge la 2.4a, dimensiuni reduse. (cat cardul de credit).;1.0;0;0;0.0;0
815;il folosesc cu s8 plus, il incarca foarte rapid;0.0;1;0;0.0;0
816;se potriveste la fix. foarte calitativa fata de alte huse de pe piata.;1.0;1;0;0.0;0
817;eu sunt foarte multmumit de aceasta baterie, de cand am luat o nu mai am probleme cu loganul, am reusit chiar sa pornewc tractorul unui vecin cu ea, eu cred ca as putea porni si un tanc dar inca nu qm gasit, app daca stiti pe cineva...;0.0;1;0;0.0;1
818;sunt foarte bune castile, au o calitate audio buna si bateria tine destul de mult. sunt multumit de aceasta achizitie;0.0;1;0;0.0;1
819;sunt foarte multumita de suport. se fixeaza foarte bine si e foarte flexibil. iar culoarea, o ador:);1.0;1;0;0.0;1
820;e un produs ok;0.0;0;0;0.0;1
821;am avut ceva emotii la achizitie, tocmai pentru ca am citit, cautat si cantarit foarte mult optiunile aflate pe piata. este un produs de buna calitate, la un pret rezonabil, foarte util celor care calatoresc mult.;0.0;0;0;1.0;1
822;o configuratie super ok la un pret decent.  recomandat!;1.0;0;0;1.0;1
823;foarte bun! merita banii;0.0;0;0;1.0;1
824;super buna!;0.0;0;0;0.0;1
825;"cine si-ar fi putut imagina ca ceva atat de mic poate fi asa zgomotos? o intrebare retorica la care multi tineri parinti au raspuns, dar la care putem raspunde la fel de retoric: ""nimeni"".    pe scurt: am cumparat boxa la oferta cu 109ron. consider ca am fost un norocos, boxa este una foarte buna, avand calitate a sunetului, volum si durata de viata a bateriei foarte bune si comparabile cu alte boxe portabile sau neportabile, mai ales considerand dimensiunile foarte reduse (cam cat un pachet de tigari.. 2 pachete pe axa z)    pro:  - este neagra  - volum: boxa ar putea fi utilizata la o petrecere de apartament (uimitor pt 3w)  - calitate sunet: are foarte buna sunetele sunt clare si bine definite, nu exista zgomote sau alte artefacte pe nicaieri si aproape ca am cazut de pe scaun cand boxa chiar a scos sunete in zona a 200hz  - baterie: in cazul meu, la volum maxim, cantatnd in continuu, putin peste 4 ore  - dupa exorcizie si sfintire totul a ramas la fel    contra:  - usor de ratacit in apartament      atentie: uneori nu vrei ca toata lumea sa-ti poata auzi conversatia, recomand deconectarea de la boxa inainte de a raspunde la telefon.";1.0;1;0;0.0;0
826;o avea 3w dar face galagie cat una de 10w. nu distorsioneaza la maxim, are bass atat atat cat ii trebuie, e minunata. face toti banii. o placere sa asculti la ea. chiar nu ma asteptam.;0.0;1;0;1.0;1
827;foarte multumit de produs, raport calitate-pret bun!   pro: autonomie baterie foarte buna, calitate decenta a sunetului, extrem de portabila, volum care sa umple lejer un living, materiale bune.  contra: la banii astia nu am ce sa reprosez boxei. as fi vrut poate sa aiba un indicator pt baterie. ledul se aprinde pe rosu doar cand bateria e pe duca.;1.0;1;0;1.0;1
828;achizitionat acum o luna, il folosesc constant pentru un s4 si un e-cig de 2500 mah. foarte comod, merge purtat in buzunar impreuna cu dispozitivul ce se pune la incarcat. elegant (pe negru), materiale de calitate, si design placut.  lasat seara la incarcat o data la 5-6 zile, este partenerul de care ai nevoie in miscare.;1.0;1;0;0.0;0
829;am cumparat-o pentru o persoana in varsta (citirea ritmului cardiac, a nivelului de stres si a energiei) si functioneaza okay. bateria tine aprox. 7 zile ceea ce ma incanta.;0.0;1;0;0.0;1
830;foarte multumit calitate pret livrare etc;0.0;0;1;1.0;0
831;la cat e de mica, pe atat este voinica. produsul ma multumeste in totalitate. recomand.;0.0;1;0;0.0;1
832;pro: sunet foarte foarte bun  contra: nimic;0.0;1;0;0.0;0
833;ieftin si foarte bun.;0.0;0;0;1.0;0
834;rezista:-)  fara probleme;1.0;0;0;0.0;0
835;un produs excelent si extrem de util! tastele sunt foarte bine distribuite, si avand forma rotunda, este usor de scris. cu optiunea de a conecta 3 aparate prin bluetooth, poti schimba imediat aparatul) foarte util!;1.0;1;0;0.0;1
836;pot spune ca aceasta boxa merita toti bani chiar daca este mica dar scoate un sunet exceptional.  basul este de nedescris pentru o asemenea boxa.;0.0;1;0;1.0;0
837;super tare! tine mult incarcat si se aude f bine pt o boxa mica! o recomand din tot sufletul!;0.0;1;0;0.0;1
838;recomand. incarca la fel de bine ca cel pe care l-am avut initial.;0.0;1;0;0.0;1
839;foarte buna, incarca repede in jur de 3-4 incarcari;0.0;1;0;0.0;1
840;prindere perfecta pe aproape orice suprafata.   chiar si dupa mult timp de stat in soare direct ventuza nu se deformeaza.  se adapteaxza la orice dimensiune/tip de telefon.   cleste e super puternic si nu te trezesti cu telefonul in brate.   se poate pozitiona super usor pe verticala sau orizontala.  este exact ce iti trebuie in masina.;1.0;1;0;0.0;1
841;nice quality and very clear reception;0.0;1;0;0.0;1
842;este o boxa foarte buna, la un pret excelent dupa parerea mea! recomand!;0.0;0;0;1.0;1
843;este pur si simplu o bijuterie... se aude superb, tine mult bateria, este ergonomica... este ?de efect? oriundddde apari cu ea.;1.0;1;0;0.0;0
844;se aud foarte bine, chiar mai bine decat cele originale de s6.  merita in totalitate si chiar peste suma platita.;0.0;1;0;1.0;1
845;sunt fan lenovo, si aceasta isi face treaba. tot ce are este functional. forma este mai ciudat, la utilizare poate sa fie si incomoda, totodata foarte practica.;1.0;1;0;0.0;0
846;calitate a sunetului foarte buna, durata de functionare pe baterie iarasi foarte buna.;0.0;1;0;0.0;0
847;am acest card din 2015 si l am folosit pe diverse dispozitive  merge ireprosabil si consider ca vitezele de lucru sunt performante chiar si cu produsele actuale de pe piata  recomand!;0.0;1;0;0.0;1
848;prima bratara de la xiaomi care nu contorizeaza datul din maini.  iar pretul este super ok pentru ce ofera.;0.0;0;0;1.0;0
849;e perfecta!!!;0.0;0;0;0.0;1
850;incarca bine, sunt foarte multumita de acest produs.    si lanterna este buna.;0.0;1;0;0.0;1
851;produs de buna calitate;0.0;0;0;0.0;1
852;"un produs bun, pentru sportivi amatori si oamenii ce isi doresc sa se mentina activi.  se pot configura toate exercitiile de baza si eu consider ca masoara destul de precis. cand vine vorba de masurare puls sunt momente foarte scurte cand nu mai arata nimic insa e posibil si datorita miscarilor rapizi, incordarea mainii, pozitiilor in rest nu am vazut probleme.  pentru pretul platit de 750 lei eu consider ca este un echipament de calitate si destul de ""fashion"" cat sa poata fi purtat zilnic.";1.0;1;0;0.0;1
853;e ok!;0.0;0;0;0.0;1
854;foarte bun recomand.;0.0;0;0;0.0;1
855;un cablu bun, imi place idea tip fermoar, arata superb...5 stele din partea mea;1.0;0;0;0.0;1
856;calitate foarte buna;0.0;0;0;0.0;1
857;sunt multumit, e un acumulator original de la samsung.;0.0;0;0;0.0;1
858;este un incarcator foarte bun. incearca foarte rapid un s9+. recomand sa-l cumparati, 100%. eu sunt foarte multumit de el.;0.0;1;0;0.0;1
859;am luat boxa la pretul de black friday (89.99 ron). se aude super tare, are bass ok si este si foarte compacta. 10/10;1.0;1;0;0.0;0
860;e ok. am fost surprins placut ca a venit la pachet cu tot cu cablu. e ok.;0.0;0;0;0.0;1
861;produsul este conform descrieri, isi valorifica pretul platit de 14 lei.    apreciez vanzatorului ca mi_a trimis drept cadou un selfie stick. ii multumesc. am primit mai mult decat am platit.    recomand pentru promtitudine si produs.;0.0;0;0;1.0;1
862;o bratara foarte utila pentru sport, slabit sau somn (respectiv de monitorizat trezirile bebelusului alaptat:-) ) am avut si fitbit flex insa aceasta mi se pare superioara din toate punctele de vedere;0.0;0;0;0.0;1
863;un produs foarte bun. baietelul meu este foarte mandru de acest ceas. comunicarea este eficienta. localizarea exacta, vad exact unde este, oricand. functia spion functioneaza si aud perfect tot ce se vorbeste. culoarea este foarte frumoasa. am primit si o cartela cadou si nu am mai umblat eu dupa una. multumesc!;1.0;1;0;0.0;1
864;foarte bun cardul recomand. are viteza de scriere/citire peste media cardurilor existente pe piata.;0.0;1;0;0.0;1
865;imi place foarte mult. il recomand;0.0;0;0;0.0;1
866;un telefon excelent, raport calitate-pret foarte bun!;0.0;0;0;1.0;1
867;sunt foarte multumita de produs.;0.0;0;0;0.0;1
868;pro- am cumparat acest produs in urma cu un an... si vreau sa spun ca sunt foarte multumit de el.  isi merita banii cat despre ledul acela rosu cand se stinge, bateria e incarcata:)    contra- nimic;0.0;0;0;1.0;1
869;am cumparat boxa in ideea sa o fac cadou... nu-mi vine s-o mai dau;0.0;0;0;0.0;1
870;sunt ok.;0.0;0;0;0.0;1
871;bateria este foarte buna, imi incarca un s6 de la 0 la 100 de aproape 2 ori;0.0;1;0;0.0;1
872;sunet clar, super bass... isi merita pretul!;0.0;1;0;1.0;0
873;incarca telefonul rapid, de 3. 5 ori, (folosit cu nexus 5)  elegant cu led-uri ce indica curentul ramas in powerbank.  corp metalic rezistent.    pretul este acceptabil in comparatie cu competitia.;1.0;1;0;1.0;0
874;incredibila! nemaipomenita! senzationala!:)))) redare clara chiar si la volum maxim, volumul maxim mai mult decat necesar pt o boxa portabila de marimea ei, basul bun, nimic de reprosat!;0.0;1;0;0.0;1
875;boxa superba si din punct de vedere al constructiei si a sunetului... ma gandesc serios sa imi cumpar inca una pentru functia de true stereo;1.0;1;0;0.0;1
876;este un ces bun insa aspectul din imaginile aratate nu arata cum e in realitate ceasul pt ca in imagini arata ca un apple watch insa in realitate nu si are ecranul mult mai mic decat pare nu cu mult doar putin mai mic. in afara de asta este un ceas foarte bun si il recomand;0.0;0;0;0.0;1
877;sotul e incantat de baterie.    recomand!;0.0;0;0;0.0;1
878;cumparat pt un s6 edge plus.   merge perfect pe fast charge, l am luat mai mult de cauza waze-lui care consuma multa baterie;0.0;1;0;0.0;0
879;viteza de scriere buna.;0.0;1;0;0.0;0
880;se prinde bine pe tableta.  buna coperta cu pliere.  are senzor magnetic ce porneste/opreste ecranul.  ok per ansamblu, recomand.;1.0;1;0;0.0;1
881;raport calitate pret, cea mai buna alegere.;0.0;0;0;1.0;1
882;sunt foarte multumita de cum functioneaza, dar un singur lucru ma deranjeaza: se incarca foare incet. nu stiu daca asa e normal sau asa e al meu:);0.0;1;0;0.0;0
883;super produs.este rezistent la apa intreb;0.0;0;0;0.0;1
884;best buy!!!;0.0;0;0;1.0;0
885;exceptional, ca orice produs bose;0.0;0;0;0.0;1
886;nu e luata din emag. dar pot spune ca e excelenta, se aude foarte bine si are boss foarte bun tinand cont de marime, cat palma. este rezistenta, se incarca repede, suna foarte tare. autonomie cam mica, poti scoate 7 ore la volum moderat sau 10 la volum mic, suficient de mic. eu o folosesc cu huawei y5 ii, si se aude super. pe hands free, se aude clar. are aspect de boxa de sonorizare miniaturala, i am luat un incarcator de mobil samsung. nu stiu daca scoate chiar 3w, dar 1,5 w tot scoate. si e suficient, face destul tambalau.;0.0;1;0;0.0;1
887;super, acest suport poate fi folosit oriunde!!!;1.0;0;0;0.0;1
888;produsul a fost achizitionat impreuna cu o husa (plastic tpu) pentru un copil cu sindromul down. pot afirma ca a fost un succes in combinatie cu aplicatiile senzoriale disponibile (aproape gratuit) in appstore.;0.0;1;0;0.0;1
889;foarte bun  capacitate mare care se reflecta in odeul de a incarca de mai multe ori telefonul;0.0;1;0;0.0;1
890;pros:  - bateria tine suuper mult, cel putin o saptamana jumate  - arata ultimile 5 notificari (puteti selecta notificarile de la ce aplicatii sa apara)  - pulsul este destul de accurate  - posibilitatea de a seta o alarma (chiar si snooze direct din bratara)  - dimensiunea super ok si pentru o mana mica, de fata (spre deosebire de smart-watchuri care sunt cat casa poporului)    cons:  - monotorizarea somnului nu e chiar ideala. imi zicea ca dorm iar eu ma miscam prin casa  - arata doar 5 notificari  - interactiunea cu bratara se face numai prin aplicatia din telefon. foarte putine setari se pot face direct din bratara. astfel pentru a seta o alarma trebuie sa fie conectata la telefon;1.0;1;0;0.0;0
891;un produs ok, ambalaj foarte prezentabil, cablu plat, sunet bun- multumit!;0.0;1;1;0.0;1
892;e super!!!;0.0;0;0;0.0;1
893;o boxa foarte tare, am fost placut impresionat de ea. am crezut ca este mai mare in realitate insa e foarte mica de fapt. cu toate astea i-as acorda un 8.5/10 pentru calitate, ceea ce este enorm pentru o boxa portabila.;0.0;1;0;0.0;1
894;excelent...;0.0;0;0;0.0;1
895;e mult mai buna decat plantronics m70. se aude mai tare, sta mai bine in ureche si e si mai ieftina. pare mai robusta si mai de calitate.;1.0;1;0;1.0;1
896;un bun raport calitate -pret!;0.0;0;0;1.0;0
897;isi face treaba. l-am cumparat la reducere, merita.;0.0;1;0;1.0;1
898;foarte tare:);0.0;0;0;0.0;1
899;foarte multumit;0.0;0;0;0.0;1
900;un produs de calitate. recomand, pentru ca timpul de incarcare al telefonului este cam acelasi cu cel de la priza. se mentine nivelul de incarcare al acumulatorului, timp indelungat.;0.0;1;0;0.0;1
901;bun pentru voiaj in zone unde nu exista retea electrica. am cumparat acest produs pentru un samsung a 3. doua chiar si trei reincarcari. este greu si destul de mare in volum dar asa isi face treaba bine.   nu am minusuri de comentat;1.0;1;0;0.0;1
902;foarte, foarte buna boxa. se aude excelent pentru acest pret (mici sunt dezavantajele cand o compar cu o boxa sony ce are totusi 3 parti cu difuzor si costa de 5x mai mult).;0.0;1;0;1.0;1
903;foarte buna, usor de folosit. are doua accesorii diferite care se pot lipi pe spatele telefonului.;1.0;0;0;0.0;1
904;foarte multumita de aceasta naterie externa, merita banii!;0.0;0;0;1.0;1
905;daca nu sti sa o folosesti, nu o sa fi niciodata multumit de ea. o camera foto/video 360? mai buna ca asta, la banii astia nu gasesti!!! eu sunt foarte multumit. eu filmarile si fotografiile le vad pe un tv 4k si au o claritate excelenta!!!;0.0;1;0;1.0;1
906;o boxa foarte buna calitate/pret. se aude bine, am fost dezamagit la inceput din cauza zgomotului de fond cand punea m muzica pe stick, apoi am descoperit ca pe card sd se aude muzica mult mai bine fara zgomot de fond. sunt foarte multumit acum.;0.0;1;0;1.0;1
907;prima data cand am achizitionat un produs de acest gen si pot spune ca sunt cu adevarat incantata. in primul rand este super usoara si comoda, nu simti ca ai casca pe ureche. in plus, se conecteaza foarte usor, iar bateria pare sa tina destul de bine.   pana acum sunt incantata de achizitie:);1.0;1;0;0.0;1
908;sunt la a doua incrarcare totul merge ok. boxa se aude foarte bine si nu este nici o problema cu incarcarea. recomand!;0.0;1;0;0.0;1
909;nici o problema cu acest card.;0.0;0;0;0.0;1
910;am cumparat suportul in vara si il folosesc zilnic cu un iphone 6 (+carcasa de silicon). sistemul de reglaj cu putine articulatii il face foarte stabil - nu vibreaza la gropi. sistemul care strange telefonul din lateral are pasii de reglaj foarte mici si asigura o prindere corecta. ventuza e facuta dintr-un cauciuc de calitate - nu a cazut niciodata pana acum. suprafata de contact cu telefonul este facuta dintr-un material caucuicat (nu textil precum la alte suporturi) si creaza un sentiment de calitate. butonul folosit pentru indepartarea telefonului din suport este pe spate, in partea de jos a suportului il actionez strangand telefonul si suportul in acelasi timp (folosirea acestui sistem a necesitat obisnuire - nu vine natural).;1.0;1;0;0.0;0
911;salut, am cumparat si eu acest produs, si sunt foarte multimit. se simte calitatea si va recomand si voua!;0.0;0;0;0.0;1
912;merita este cea mai buna protectie pentru telefoane curbate din folia asta iese 2 folii pentru note 8 si 3 folii pentru s9;0.0;0;0;0.0;1
913;foarte bun si util, functioneaza bine pana acum il am de 6 luni;0.0;1;0;0.0;1
914;este un stylus multi functional. scrie bine, lanterna lumineaza destul de bine. bateriile pot fi schimbate si laserul este jucaria preferata a pisicii. recomand;0.0;1;0;0.0;1
915;foarte util.;0.0;1;0;0.0;0
916;foarte buna tinand cont de dimensiunile miniaturale;0.0;0;0;0.0;1
917;suna foarte bine pentru dimensiunile si pretul pe care il are. merita.;0.0;1;0;1.0;1
918;isi merita toti banii!;0.0;0;0;1.0;0
919;utilizarea acestui produs este una unica. un produs elegant, bine facut si gandit.;1.0;1;0;0.0;0
920;produs de calitate original apple pentru cine doreste fast charge iphone x. atentie, trebuie si adaptor apple usb-c power, 29w;0.0;0;0;0.0;1
921;raport pret/calitate bun.;0.0;0;0;1.0;0
922;foarte bun.;0.0;0;0;0.0;1
923;aplicare usoara si culori foarte faine!;1.0;1;0;0.0;0
924;sunt multumit de bratara. am primit-o repede dupa ce am dat comanda. isi face treaba si este conform descrierii mai putin partea cu monitorizarea somnului. nu are nicio treaba cu realitatea ce date da bratara. in rest pedometru, puls, notificari. ok. calitate materiale si constructie buna. pot sa recomand;1.0;1;1;0.0;1
925;recomand bateria. se incarca in aprox 10h si incarc un iphone 5 de 6-7 ori. nu este foarte mare asa ca este usor de transportat.;1.0;1;0;0.0;1
926;foarte multumit raspunde foarte bine la comenzi tine bateria un raport foarte bun calitate pret arata foarte bn sa fim seriosi la un pret de 100 de lei e foarte ok nu trebuie comparat cu un smart wath la 2000 sau 4000;0.0;0;0;1.0;1
927;am aceste casti de cateva zile si pana acum se misca foarte bine, se aud bine si la 10 m distanta de la 11 m incep sa dea rateuri dar tot merg pana la 15 m. basul este foarte puternic, sincer nu ma asteptam la aceasta experienta, chiar m-am impresionant la prima utilizare. sunetul este mai mult decat puternic se aud foarte tare (nu recomand sa ascultsti la maxim deoarece, credeti-ma, sunt foarte puternice). in concluzie eu zic ca isi merita fiecare leut, avand in vedere ca eu le-am achizitionat cu 143 lei.;1.0;1;0;1.0;0
928;am acest ceas de 3 saptamani si sunt foarte multumit! merge tot la el!;0.0;1;0;0.0;1
929;face ce trebuie sa faca, scrie, citeste, ok;0.0;1;0;0.0;0
930;foarte eficient. am reusit sa incarc si telefonul, si ebook ul cu el. se descarca destul de greu.;0.0;1;0;0.0;0
931;am achizitionat 2produse, prima bratara nu s-a incarca de la inceput decat pana la 96%, insa chiar si asa isi merita fiecare banut.;0.0;0;0;1.0;0
932;un ceas foarte dragalas... este un cadou pentru nepotelul meu. l-am primit ambalat foarte frumos insotit de suportul pentru telefon, de cartela si... de bomboane. multumesc kidgps!  livrare prompta. raport calitate-pret foarte bun.;0.0;0;1;1.0;0
933;o bratara excelenta, la un pret rezonabil.  recomand.;0.0;0;0;1.0;1
934;merge perfect isi merita toti banii;0.0;0;0;0.0;1
935;foarte ok..... sunt chiar multumita de produs;0.0;0;0;0.0;1
936;pana acum este bun cardul. vreau sa vad cum se comporta dupa 10 cicluri de poze.;0.0;0;0;0.0;1
937;perfect.;0.0;0;0;0.0;1
938;incarca la fel ca originalul fast charge de la samsung s8, adica de 3 ori mai repede ca un noname din piata:);0.0;1;0;0.0;0
939;am ridicat produsul din showroom titan. sunt foarte incantat de caracteristicile lui, la numai 310 lei. acumulatorul tine in jur de 20 de zile, in functie de utilizare. recomand!;1.0;0;0;0.0;1
940;un smartwach excelent!  are android 4.4, se misca foarte bine, bateria dureaza doua zile daca-l stingi noaptea, cu sim si wifi activat mereu! e ca un mini telefon! imi este foarte util cand merg si alerg sau fac sport, nu trebuie sa car telefonul dupa mine. este excelent folosit independent, conectat la telefon doar te nitifica cand te suna cineva pe mobil dar nu poti raspunde de pe ceas... la fel si mesajele, le primesti dar nu poti raspunde la ele... aplicatia funfit este slaba si antivirusul o gaseste ca fiind malware...  una peste alta folosit independent este un smartwach reusit! poti naviga pe net. poti instala pe el ce vrei! mi-am pus chiar si navigator...  multumesc emag, multumesc iuni, sunt multumit de achizitia facuta!?;0.0;1;0;0.0;1
941;foarte multumit. recomand!;0.0;0;0;0.0;1
942;in ciuda dimensiunilor mari, este nemaipomenita pentru excursii!;0.0;0;0;0.0;1
943;au sosit repede. curierul a fost prompt si a sunat in prealabil. castile sunt calitative, nokia...;0.0;0;1;0.0;1
944;se aude tare in interior  daca dai maxim se opreste. probabil protectie  merita toti banii;0.0;1;0;1.0;0
945;foarte multumita, recomand!;0.0;0;0;0.0;1
946;foarte multumit dupa 1 an de la achizitionare... functioneaza perfect... cablul original sa rupt si l-am inlocuit, dar bateria functioneaza ireprosabil.... folosesc un htc desire 510 imi ajunge sa il incarc de 4 ori fara probleme baterie de 2100 mah;0.0;1;0;0.0;1
947;este un dispozitiv excelent. isi face treaba foarte bine!;0.0;1;0;0.0;1
948;castile functioneaza perfect. livrare rapida. foarte bun raport calitate/pret.;0.0;1;1;1.0;0
949;super calitate/pret;0.0;0;0;0.0;1
950;pe acest site exista 2 produse(in realitate doar 1): jbl xtreme si extreme(corect este doar xtreme).  am achizitionat aceasta boxa portabila la pretul de 899.  isi merita toti banii, bass ultra puternic si clar(daca stai la bloc cu siguranta iti vin vecinii).  bateria tine foarte mult si se incarca repede.  mi-ar fi placut sa poata reda muzica si de pe stick(daca tot are 2 porturi de pe care se poate incarca orice).  daca pleci mai mult timp iti trebuie si incarcatorul deoarece are o mufa speciala pentru incarcare(alte versiuni, de ex: charge3 au incarcare prin microusb, la fel ca oricare telefon cu android)  9,5/10.  este cea mai buna boxa portabila de categoria aceasta. recomand!;0.0;1;0;1.0;1
951;bateria este buna, nu are probleme o folosesc deja de 3 luni, incarca telefonul foarte rapid( s7- aproape 4 incarcari).    multumit de baterie.;0.0;1;0;0.0;1
952;mica, usoara - deci o porti lejer in buzunar, dar surprinzator de puternica.  ofera o auditie de calitate, isi merita toti banii.;1.0;1;0;1.0;0
953;in comparatie cu chinezarii ce am mai folosit cumparate de pe grupuri locale de facebook se comporta excelent. nu o fi bateria de 10k, dar imi incarcat telefonul de 3-4 ori fiind de 3220mah. (nexus 6) nu se supraincalzeste si e rece ca gheata.;0.0;1;0;0.0;0
954;un produs foarte bun achizitionat de bf 2017! are tot ce ii trebuie pentru o petrecere! bravo emag pentru livrare si pentru produs!;0.0;0;1;0.0;1
955;este o boxa excelenta pentru marimea ei. avantajul sunetului 360 se vede atat afara cat si in casa. are un bass patrunzator, medii foarte bune. inaltele sunt bune, dar nu exceleaza. personal cred ca e cam scumpa, luata resigilata la 690, mai merge.;0.0;1;0;1.0;1
956;chiar daca nu este fast charge, bateria incarca destul de repede si tine cam pentru 4 incarcari full. dezavantajul este ca se reincarca foarte greu (7-8h), dar este normal pentru o baterie asa mare.;0.0;1;0;0.0;0
957;produs de calitate, finisaje de top. tine foarte bine telefonul, acesta ramanand nemiscat chiar si la drumuri accidentate. livrarea a fost prompta, seara am comandat, dimineata am primit (in provincie) dispozitivul, multumiri!;1.0;1;1;0.0;1
958;isi face bine treaba!!!;0.0;1;0;0.0;0
959;se aud decent pentru aceasta gama de pret.  personal am mai avut o pereche care m-a tinut un an si ceva, la aceasta pereche am fost mai recaut si am prins un arc de pix la mufa, deoarece de acolo s-a rupt vechea pereche. personal le-am cumparat pentru compatibilitatea samsung si tastele de volum.;0.0;1;0;1.0;0
960;folosesc boxa la lucru in birou... toti colegii care au auzit cum suna vor sa-si cumpere! recomand!;0.0;1;0;0.0;1
961;se incarca prea incet dar tina mult. recomand!;1.0;0;0;0.0;1
962;se aude nesperat de bine!!;0.0;1;0;0.0;0
963;o 'jucarie' practica. se aude clar, tare.;0.0;1;0;0.0;0
964;am cumparat acest card, si nu am absolut nimic de reprosat. viteza de scriere este comform cu clasa 4 si viteza de copiere este mai mult decat multumitoare. recomand oricui acest produs.;0.0;1;0;0.0;1
965;pret/calitate foarte ok;0.0;0;0;1.0;0
966;este o boxa foarte buna la 292 lei se aude tare pe bluetooth dar pe stick, card trezesti vecinii, microfonul este bun doar ca daca il dai la maxim bazaie telecomanda nu imi trebuie dar este foarte buna incarcatorul nu este mare are o mufa care zici ca este de laptop problema este ca nu iti arata cand este incarcata complet, trebuie sa scotii boxa de la incarcat sa o pornesti si sa te uiti la ledurile din dreapta bateria tine mult si se incarca in doua ore. eu cred ca nu exista boxa tortabila mai buna in acesti bani;1.0;1;0;1.0;1
967;este excelent ceasul.;0.0;0;0;0.0;1
968;un produs romanesc extraordinar! se incarca foarte repede, materiale rezistente. pana acum am incarcat un note 8 de 2 ori de la 25% si inca nu s-a stins niciun led. incarca fast-charge. treba cu incarcarea solara este foarte bune, dar este un sistem secundar. sa nu cereti de la incarcarea solara sa fie la fel de rentabila ca cea de la priza. mai dureaza minim 20 de ani sa ajungem acolo. un produs excelent pentru drumetii si camping. recomand cu mare incredere. nu l-am testat inca in ploaie dar pare in regula;1.0;1;0;0.0;1
969;deci e o boxa micuta care ati face pielea de gaina. merge sonoru foarte tare si clar fara distorsiuni la volum maxim.;0.0;1;0;0.0;1
970;este foarte utila isi merita toti banii. atunci cand mergi de exemplu la plaja. ai uitat sa iti pui seara telefonul la incarcat dar ai bateria solara la tine pana faci o baie si mananci ceva e telefonul incarcat de jumatate (s4 black edition );0.0;1;0;1.0;0
971;viteza reala pana in 27mb/s, achizitionat cu reducere 50% este rentabil.;0.0;1;0;0.0;1
972;recomand!  pro:: rapid si sigur. folosit intr-o camera video 3d de la lg!;0.0;1;0;0.0;1
973;chiar daca este clasa 4 se comporta foarte bine intr-un telefon;0.0;1;0;0.0;0
974;achizitionat ca si cadou pentru fratele meu, insa am ajuns sa o folosesc si eu. finisaje placute, incarca bine un note5 de 2-3 ori (nu fast charge). un dezavantaj insignifiant ar fi ca se incarca destul de greu dar nu pt asta e facuta.;1.0;1;0;0.0;0
975;tine mai mult de 6 ore, se aude bine. functioneaza si cand o incarcarci.;0.0;1;0;0.0;0
976;foarte buna caliate;0.0;0;0;0.0;1
977;un produs de calitate ergonomic si cu un design placut. activeaza modul fast charge pentru telefonul huawei p10 lite achizitionat recent. am reusit sa incarc bateria telefonului de 3 ori de la 20%. acumulatorul nu se incalzeste si se incarca destul de rapid utilizand de asemenea un incarcator fast charge (9v/2a);1.0;1;0;0.0;0
978;excelent.  sunt foarte multumit, incarca rapid telefonul, iar dimenisunile sunt mici (aproximative cu un alt telefon) o poti pune in buzunar.  recomand;1.0;1;0;0.0;1
979;multumit produs ok!!!;0.0;0;0;0.0;1
980;foarte buna... incarc telefonul de 3 ori.  recomand;0.0;1;0;0.0;1
981;am adaugat cardul meu visa de la banca transilvania si pot face plati la pos-uri, nici nu e nevoie de telefon in apropiere, este ca si cum ai avea cardul in mana, partea buna este ca nu se percepe comision. recomand!!!;0.0;0;0;0.0;1
982;super recomand!;0.0;0;0;0.0;1
983;f. multumita. recomand;0.0;0;0;0.0;1
984;sunt foarte multumita, recomand acest produs!!!;0.0;0;0;0.0;1
985;desi nu am cumparat. o de la emag... casca e foarte buna. se aude perfect si cel mai important, pentru mine, este ca in ureche nu simti ca ai ceva. am avut altele de la care aveam dureri de ureche din cauza ca era neconfortabila. de asta sunt multumit! recomand!;1.0;1;0;0.0;1
986;este exact ce trebuie. calitatea materialelor este ok, iar raport calitate pret este clar supraunitar.;1.0;0;0;1.0;1
987;"pentru mine functioneaza foarte bine, dupa aproape un an.. am o tableta de 7"" nexus 2014 si l-am tot mutat de pe o tetiera pe alta.";0.0;1;0;0.0;0
988;un card ce isi face treaba cu brio. eu il folosesc la camera de supraveghere. recomand;0.0;1;0;0.0;1
989;merge foarte bine. asa cum ma asteptam de la un produs marca energizer.;0.0;1;0;0.0;0
990;o am de 2 zile, incarca foarte repede cele doua telefoane ale mele, materiale si calitate premium;1.0;1;0;0.0;0
991;produs foarte bun. recomand.;0.0;0;0;0.0;1
992;sunt foarte multumita de achizitionarea bateriei, imi incarca telefonul ( iphone 5s ) de cel putin 4-5 ori!;0.0;1;0;0.0;1
993;calitate,incarca un telefon in 30 min peste 70%;0.0;1;0;0.0;0
994;port bratara deja de jumatate de an si sunt in continuare la fel de incantata de ea. nu o folosesc cu notificarile pornite pentru ca nu ma intereseaza, dar imi verific somnul si activitatea de pe parcursul zilei. bateria tine mai mult decat e specificat si ce imi place e ca la ora 18 zilnic imi arata cat din obiectivele mele am atins. eu recomand.;0.0;1;0;0.0;1
995;calitate buna a sunetului si surprinzator de puternica. la 100 de lei mi se pare o afacere (nu am inteles exact diferenta mare de pret in functie de culoare). poate fi folosita ca handsfree (are si microfon).;0.0;1;0;1.0;0
996;o casca buna, ieftina  o folosesc zilnic la servici, se aude bine!! bateria ma tine cam 2 zile, avantajul ca se pot conecta 2telefoane in acelasi timp. cea veche am folosito 1an jumate dupa care nu se mai auzea foarte bune.  recomand!!!;0.0;1;0;1.0;1
997;isi face treaba cu brio. la atingere materialul pare a fi de calitate.;1.0;1;0;0.0;0
998;multumesc echipa emag am comandat o ieri si azi a venit deja merita 5,5 mil acesta tableta bravo emag pentru promptitudine si profesionalism tinerii tot asa.;0.0;0;1;0.0;1
999;cea mai buna de pe piata...;0.0;0;0;0.0;1
1000;1. ton de apel strident, unic si nu se poate schimba   2. se inchide singur (power off) si cand vrea el   3. butoanele nu functioneaza intotdeauna cand vrei sa raspunzi   4. iti da pozitia gps cu eroare de aprox 500m (raza, nu diametru) - adica il face complet inutil ptr localizare;1.0;1;0;0.0;0
1001;daca nu era obligatoriu rating-ul nu-i acordam nici macar o stea. produsul mi-a venit gratuit la achizitionarea unui telefon. dupa 20 de minute de incarcare se incinge foarte tare si se reseteaza la nesfarsit. nu va recomand sa il cumparati. probabil doar 1 produs la 10 vandute este functional, restul sunt returnate. nu recomand;1.0;1;0;0.0;1
1002;praf! s-au stricat dupa 3 zile;0.0;1;0;0.0;1
1003;nu este buna deloc, se descarca mai repede ca vechea baterie;0.0;1;0;0.0;1
1004;o porcarie de produs! nu recomand.;0.0;0;0;0.0;1
1005;ecran foarte sensibil. mi as crapat din prima zi!!!;1.0;0;0;0.0;0
1006;"am achizitionat aceasta folie autoregeneranta de la iskinz in ideea de a proteja mai bine ecranul noului telefon.  la inceput am crezut ca fac o alegere buna dar dupa temperaturile de 43 de grade avute la noi in tara si folosirea normala a telefonului in aceste conditii, au ramas amprente pe suprafata foliei (dupa cum se poate vedea din imagine).  am incercat cu servetele sau servetele umede sa curat amprentele.. dar au aparut acele zgarieturi.  din pacate aceste urme nu se remediaza.    am sunat la cei de la iskinz sa le spun despre aceasta situatie si raspunsul lor a fost si citez: ""ati folosit telefonul la temperaturi ridicate si ati apasat pe ecran prea puternic si din acest motiv au ramas amprentele si nu se poate face nimic decat sa va cumparati alta"". serios? si la urmatorul val de caldura sa las telefonul acasa sau sa il tin in staniol?    nici o stea nu ar merita la ce calitate are folia (pe care am folosit-o eu) si la ce raspuns am primit de la dumnealor.";0.0;1;0;0.0;1
1007;"livrat prompt. dispozitivul s-a conectat rapid cu smartphon-ul si a functionat ok 3 minute dupa care butonul ""+"" la tastare, nu mai schimba elementul redat si nici nu reusea sa creasca volumul.   il voi returna maine si revin cu detalii si cu nota dupa testare.";0.0;1;1;0.0;0
1008;buna ziua,    doresc sa returnez acest produs, astazi l-am primit si sunt foarte dezamagit de performantele acestui ceas.  in primul rand aplicatie nu se sincronizeaza ok, nu primesti informatii decat de la ce aplicatie ai primit info, bateria tine 2 ore si capacul de cauciuc de la incarcare nu se inchide.;1.0;1;0;0.0;1
1009;este de toata jena, nu merita banii..... nu tine bateria deloc;0.0;1;0;1.0;1
1010;casca dreapta abia se aude, deci daca vreau sa aud muzica, trebuie sa imi macelaresc urechea stanga.  de asemenea, se aude sunetul de static de televizor si strica calitatea muzicii.;1.0;1;0;0.0;0
1011;palpaie becul al 2-lea de ore intregi si nu se incarca mai departe. e stricat.;1.0;1;0;0.0;0
1012;cei de la evolio specifica pt acest ceas o aplicatie ce se poate descarca din app store, o mare vrajeala, l-am returnat imediat, pe deasupra nici dock-ul pt incarcare nu functiona, ceasul arata ca se incarca dar dupa 5 ore nimic.... per total varza, nu recomand, in afara ca poti vedea ora altceva nu merge la el( pentru ios);1.0;1;0;0.0;1
1013;e vai steaua ei de curea! e replica si nu se incheie bine cu whatch-ul.;0.0;1;0;0.0;1
1014;300 w??? e jalnica nu merita nici 50 de lei se aude putin mai tare decat telefonul!!;0.0;1;0;1.0;1
1015;"nu cumparati acest model de headset! toti cu care veti vorbi va vor injura. se aude cumplit de rau in difuzorul interlocutorului. orice zgomot sau literele ""s"".""p""i-i vor innebuni pe cei cu care vorbiti. mereu va vor pune sa repetati. ""ce ai zis?""si culmea ei chiar o lauda ca are noise reduction... vrajeala. este mai buna una ieftina de la samsung decat asta.";0.0;1;0;0.0;1
1016;dupa o saptamana nu mai functioneaza...;0.0;0;0;0.0;1
1017;scria cineva,, unul din porturi a incetat sa mai functioneze''. sunt facaturi. produse clone pe intelesul tuturor, neoriginale! azi a venit intr un ambalaj de plastic folie. pai produsul original de la masa vine in cutie klumea samsung inpachetat, sigilat.;0.0;0;1;0.0;1
1018;foarte slab. se descarca singur in cateva ore.;0.0;1;0;0.0;1
1019;am crezut ca merge cu orice telefon, nu merge cu nokia 2017 si nici cu huawei p10;0.0;1;0;0.0;0
1020;"acesta este unul dintre produsele pentru care ma felicit ca aleg sa cumpar exclusiv de la emag, chiar daca de cateva ori s-a intamplat sa platesc un pic mai mult (oricum, foarte rar) si sa beneficiez de cele 30 zile de retur, indiferent ca ridic produsul din sediu sau il comand online. cred ca v-ati dat deja seama ca aceasta recenzie nu este una buna:). marea problema a aceste boxe nu este sunetul, ci bateria. mai exact autonomia slaba si in special un bug de firmware care o face aproape neutilizabila, despre care au scris si alti cumparatori. astfel, desi am gasit un manual in limba engleza unde se afirma ca dupa ce bateria ajunge la 10%, volumul sunetului se limiteaza la jumatate (ceea ce nu ar fi o problema), in realitate acest lucru se intampla la exemplarul meu la 50% nivel al bateriei. bateria oricum tine putin, asa incat ajunge rapid la 50%, volumul scade dramatic, iar ca si ""bonus"", boxa repeta la interval de cateva minute propozitia ""please charge!"":))) si inca ceva de-a dreptul penibil este faptul ca nu poti creste volumul mai sus de jumatate, pana nu a juns nivelul bateriei peste 50%, chiar daca boxa e conectata la incaracator!!! de evitat!!!";1.0;1;0;0.0;1
1021;am cumparat produsul acum 3-4 luni si era la pretul de 100 lei + transport! l -am folosit de c?teva ori si s-a rupt!;0.0;0;0;0.0;1
1022;nu recomand! am cumparat 2 incarcatoare unul nu mergea deloc iar celalalt a mers o zi! am completat formularul de retur insa mi s-a spus ca trebuie sa expediez produsele la un centru din bulgaria ( transportul m-ar costa mai mult decat incarcatoarele). evitati acest producator!;0.0;1;0;0.0;1
1023;"l-am folosit cateva zile. parea aproape de performantele initiale ale acumulatorului original. desi comerciantul pretinde ca ar fi original - ""acumulator lg g5 bl-42d1f original 2800 mah"" - cam la a zecea incarcare telefonul meu l-a identificat ca fiind neoriginal si nu mai permite incarcarea. vizual arata 99% precum acumulatorul original. sunt foarte dezamagit.";0.0;1;0;0.0;1
1024;"o gluma proasta, daca se sterge 'auto"" din descriere, este un bun suport de birou primit bonus la achizitia unui telefon.";0.0;1;0;0.0;1
1025;daca ai telefon ce are capacitatea bateriei mica cred ca e ok. eu l-am primit cadou la un telefon si am incercat sa il folosesc degeaba - nu pot fiindca bateria telefonului e mai mare decat cea a acumulatorului si nu merge.;0.0;1;0;0.0;0
1026;nu se incarca, nu se deschide, de cand am achizitionat acest produs, si poate doar la mine s-a intamplat dar nu am reusit sa iau legatura cu nimeni de la firma, pentru retur......;0.0;1;0;0.0;1
1027;l-am primit cadou impreuna cu un telefon dar e total nefolositor nu reuseste sa-mi incarce telefonul se descarca dupa 2 minute chiar daca l-am tinut ore in sir la incarcat!;0.0;1;0;0.0;1
1028;? accesoriu incompatibil?;0.0;0;0;0.0;1
1029;dupa cateva utilizari butonul incepe sa se decoloreze fiind din plastic;1.0;0;0;0.0;0
1030;nu merita!;0.0;0;0;0.0;1
1031;nu se compara cu ce ii in poze nu functioneaza nimic nu se conecteaza praf;1.0;1;0;0.0;1
1032;mi se pare slabut magnetul, daca il misti un pic mai tare cade telefonul.  nici nu l-am folosit, o sa il returnez.;1.0;0;0;0.0;1
1033;cel mai prost smartwach.... mi-am distrus si cartela din cauza ceasului... jalnic! nici macar nu a venit cu instructiuni;1.0;0;0;0.0;1
1034;dupa 2 luni a cedat ventuza;0.0;1;0;0.0;0
1035;experianta negativa legata de it market. anterioarele postari mi-au fost cenzurate.;0.0;0;0;0.0;1
1036;am mai avut una la fel! de care am fost relativ multumit. cea noua a fost un soc, spatele din cauciuc a fost inlocuit cu un plastic ordinar, iar ecranul touchscreen este catastrofal, apesi la el de faci basici la degete. pana si softul pare mai prost. nu vreau sa stiu ce au mai schimbat inauntru. nu mai cumpar chinezarii de acum, teapa curata. si tableta veche i s-a umflat bateria dupa in an, dar credeam ca am folosit-o eu prea mult, in fapt e prostie pe fata.;1.0;1;0;0.0;1
1037;nu inteleg de ce este atat de laudat acest produs! semnalul e foarte slab, trebuie sa tii telefonul extrem de aproape de casca.. l;0.0;1;0;0.0;1
1038;l-am returnat dupa multi nervi si resetari, nu se sincroniza cu un huawei p9 lite.;1.0;0;0;0.0;1
1039;se aud foarte incet si licare intr-una culorile alea in ureche!!!;1.0;1;0;0.0;0
1040;folia de protectie nu este compatibila cu tableta lenovo yoga tab 3 pro yt3 xl90, desi in prezentarea pe site se explica foarte clar ca este dedicata acestei tablete! citeste cineva de la firma respectiva review-urile?;1.0;0;0;0.0;0
1041;nu recomand, acumulatorii au garantie 6 luni si dupa 7 luni nu mai functioneaza.;0.0;1;0;0.0;1
1042;nu se lipeste de nici un tip de plastic de pe bord. nu stiu ce adeziv are dar cu siguranta nu este 3m.;0.0;1;0;0.0;1
1043;va rog sa nu va chinuiti sa o cumparati am motive:   1, boxa am comandat-o pe negru a venit pe alb.   2. boxa din anunt are un f, a mea are un c.   3. m-am uitat cu lanterna si un difuzor avea membrana rupta..  4. gajaie ca toate alea   5. mufa jack nu merge.   6. mufa de micro usb intra foarte greu.   7. banda de cauciuc anti-derapanta de pe boxa este pusa perfect stramb.   8. am folosit aceasta boxa 10 minute, imi spune,, baterry is low, please recharge this box '' serios?   9. miroase a incins repet 10 minute.;1.0;1;0;0.0;1
1044;confirm ca au mari probleme de calitate. am schimbat vreo 3 pana acum:  - primul probleme cu display-ul, se auzea in clinchet cand se apasa in jurul camerei facetime  - celelalte doua probleme tot cu display-ul, dunga neagra in partea de jos a display-ului.  - si a patra unitate ce o detin acum are aceeasi problema. acum o sa cer banii inapoi.    aveti mare atentie cand luati versiunea 10.5. mai toate au probleme cu display-ul si nu conteaza distribuitorul.;0.0;1;0;0.0;1
1045;am achizitionat acest ceas de la emag la pretul de 900 lei, pot sa spun ca am fost super incantat, ce pot sa spun este ca l-am bagat la incarcat cand a venit si l-am lasat in cutie nefolosit, a 2 zi dimineata ceasul era stins, bateria moarta good job, am plecat spre showroom-ul de la baneasa foarte ok tipi de acolo m-au ajutat l-am dat retur si bineinteles am vrut acelasi model, am luat ceasul am ajuns acasa la 2 zile de folosinta am observat ca in momentul cand intram intr-o aplicatie sau in meniu cand ieseam din aceea aplicatie si ajungea la fateta de ceas, brusc se inchidea ecranul se facea negru, sa nu mai spun de senzor... eu unul o sa il dau retur si o sa imi iau banii inapoi, poate am fost eu ghinionist dar sincer nu vreau sa risc si a 3 oara, sper sa fie util!;0.0;1;0;0.0;1
1046;nu recomand, miroase ingrozitor, am primit husa zgariata, cusaturile sunt alandala etc.... o mare dezamagire. si emagul nu publica adevarul;1.0;1;0;0.0;1
1047;proasta. cand o iei e buna si dupa cateva ore se aude un zgomot ciudat;0.0;1;0;0.0;1
1048;nu recomand, s-a dezmembrat de la prima utilizare. a trebuit sa il lipesc serios ca sa poata fi utilizat.;0.0;1;0;0.0;1
1049;folia e mai scurta decat ecranul si nu este deloc curbata. marginile nu se lipesc!;1.0;0;0;0.0;0
1050;nu recomand aceasta tableta, am cumparat in luna noiembrie 2017 pentru copilul meu si acum nu mai functioneaza, apare doar sigla samsung pe ecran, nu se mai poate utiliza sta tot timpul aprins. nu recomandddd;0.0;1;0;0.0;1
1051;sms-ul ce trebuie trimis in orange nu e bun. ceasul ramane offline. aplicatia se tracker nu il vede.. nu poti face nimic cu ceasul decat sa raspunzi la apel cand te suna cineva!;0.0;1;0;0.0;1
1052;foarte slaba. nu tine deloc. nu isi merita banii;0.0;1;0;1.0;1
1053;bateria tine putin, am comandat culoare neagra si a venit alba;0.0;1;1;0.0;0
1054;nu merita. au fost schimbate pe garantie de 3 ori in 6 luni.;0.0;0;0;0.0;1
1055;nu pot face fotografii revine la ecranul principal;0.0;1;0;0.0;0
1056;nu a rezistat decat 2-3 luni...;0.0;0;0;0.0;1
1057;se blocheaza cand il conectez cu telefonul;0.0;1;0;0.0;0
1058;l am folosit pentru un s9+. dupa 10 minute de utilizare ma bucur ca nu a luat foc telefonul, atat de tare l a incalzit. nu recomand;0.0;1;0;0.0;1
1059;pro: face de toate.   contra: tot ce face face slab: camera video lores, baterie data in specs cu 24h de functionare tine doar citeva ore si asta fara bluetooth sau sim activ. l-am dat inapoi fara sa mai incerc telefonul si playerul muzical incorporate. 50 dai - 50 face.;0.0;1;0;1.0;0
1060;am cumparat acest ceas in decembrie. nu are toate functiile din descriere doar poti suna pe el. nu se conecteaza la internet de nici-o culoare, am incercat 3 cartele sim si degeaba, se inchide si deschide singur, il voi trimite la garantie. produs nerecomandat.;0.0;1;0;0.0;1
1061;5 utilizari si se aud alternativ, cand stanga cand dreapta.;0.0;1;0;0.0;1
1062;inutilizabil;0.0;0;0;0.0;1
1063;e boxa portabila charge 4 - total diferita de jbl charge 4.;0.0;0;0;0.0;1
1064;nu are incarcator;1.0;0;0;0.0;0
1065;am cumparat-o si dupa nici o luna este plina de apa doar de la dus fara sa fi fost la bazin vreodata. nu sunt multumit deloc.;0.0;1;0;0.0;1
1066;este greu de pus in functiune, nu merge in reteaua rds, bateria nu tine mai mult de 5 ore (chiar daca nu umbli pe el ) nu am reusit sa sun de pe ceas.. meniu greoi. imi da eruari la gps. imi aparea ca e undeva la 4 km de scoala si el era in clasa;1.0;1;0;0.0;0
1067;foarte groasa, grea si materiale de proasta calitate. nu recomand;1.0;0;0;0.0;1
1068;nu merita nimic din pacate, este praf;0.0;0;0;0.0;1
1069;am folosito 2 luni si deja nu mai porneste;0.0;1;0;0.0;0
1070;aceasta casca are prostul obicei de a de deconecta singura ca apoi sa ma intrebe daca ii dau voie sa se conecteze.   plusuri, fata de alte casti folosite, are sunet clar, te informeaza de cat este de incarcata, apoi tot ce reda telefonul cu sunet de aude foarte bine, radio, youtube, etc.  minusuri. la distanta de 7 sau 8 m deja intrerupe, se deconecteaza in convorbire.;0.0;1;0;0.0;0
1071;design-ul lasa de dorit. este butucanos si imposibil de purtat in buzunar.;1.0;0;0;0.0;0
1072;castile sunt slabe, nu se conecteaza la laptop de ex, nu exista optiuni suplimentare sau mai stiu eu ce, le pornesti sau dai skip la melodoe daca asculti muzica, deoarece altceva nu poti sa faci, nu te auzi la telefon, materialul e slab, plastic chinezesc, bateria tine o ora maxim,iar cu conectivitatea ,iar stai prost deoarece, nu se conecteaza din prima ambele, doar cate una si tot trebuie sa le pornesti si sa le opresti sa poti sa le conectezi deodata, nu le recomand sincer, dar la banii astia nu prea poti sa te astepti la altceva, desii nu cred ca merita nici macar 15 ron;1.0;1;0;1.0;0
1073;ieri am primit produsul, am desfacut coletul si am vrut sa-l probez, cand am vrut sa-l infiletez pe monopod s-a rupt legatura dintre bila si partea de infiletare, nu se merita deloc, e ca si cum ai arunca 30 de lei la cos!!!!;1.0;0;0;1.0;1
1074;casca stanga nu a mai functionat dupa circa 2 saptamani de folosire.;0.0;1;0;0.0;0
1075;nu e precis deloc la puls si pasi.  dupa cateva scufundari, a intrat apa in el.;0.0;1;0;0.0;1
1076;pentru a putea beneficia de functia quick charge 2. 0, telefonul trebuie sa fie unul compatibil! altfel acest device se comporta ca un incarcator normal!  detin un samsung s5 care apare pe site-ul. ro al producatorului in lista aparatelor compatibile.   n-a fost chiar asa. doar varianta japan este compatibila quick charge (se pare ca este alegerea producatorului telefonului daca activeaza sau nu aceasta optiune).  am returnat produsul fara probleme. felicit pe aceasta cale emag pentru aceasta optiune.;1.0;0;1;0.0;0
1077;nu merge fast pe s7 edge;0.0;1;0;0.0;0
1078;eu am comandat pe culoarea rosie si idioti mi-o da pe negru, nu sunteti capabili sa trimiteti un colet cu specificatile cerute de client. neatentie presupun ca oamenii stau cu mana in fund cand iau coletele de pe raft.;0.0;0;1;0.0;0
1079;incarcatorul e bun dar adaptorul nu e potrivit pentru telefonul meu. are mufa orientata invers fata de cum e nevoie. am contacat telefonic vanzatorul care nu a putut sa-mi ofere o solutie pentru inlocuirea acestuia.;1.0;1;0;0.0;0
1080;incarca foarte greu, 10% in jumatate de ora.;0.0;1;0;0.0;0
1081;nici 5% nu incarca la un s7 edge;0.0;1;0;0.0;0
1082;bateria a fost puscata, l-am scos din cutie si tot era curs lichidul din ea si era umflata;0.0;1;0;0.0;0
1083;ok sunt de acord arata bine acest ceas dar nu functioneaza corespunzator nu pot seta nici ceasul   am cautat 3-4 trachere din google play si nici unul nu pare sa fie compatibil   poti doar sa primesti apeluri atat   cat despre acel cod pentru diferite retele unse se trimite acel sms la ce numar?;1.0;1;0;0.0;0
1084;nu se insurubeaza bine cele doua piese, cand il strang mai bine, la un moment dat, se desface iara, ca si capacul la un borcan.... material slab.... returnez produsul;1.0;1;0;0.0;1
1085;se arde. ia foc daca o ti peste nopte in priza.;1.0;0;0;0.0;1
1086;l-am cumparat raportandu-ma la review-uri. experienta mea a fost urmatoarea: prima incarcare a durat 19 ore. apoi am incarcat un ipad si 50% dintr-un iphone si a murit. asta inseamna cam 10000 mah. il voi trimite inapoi si incerc altceva.;0.0;1;0;0.0;1
1087;lasat la soare lipit pe parbriz o sa cada singur iar ca si constructie pare solid.. dar doar pare.. se misca din ventuza la baza acestuia, iar daca vrei sa scoti telefonul din suport arcul fiind foarte tare si fortezi putin suportul o sa se dezmenbreze pe parbriz ramanand doar ventuza:)) deci clar nu recomand!!;1.0;1;0;0.0;1
1088;am cumparat acest produs si nu recomand la nimeni.;0.0;0;0;0.0;1
1089;nu tine bateria deloc. mai buna e cea veche.;0.0;1;0;0.0;1
1090;se crapa foarteeee repede, la trei folosiri deja s-a crapat si banii au fost aruncati pe fereastra.;1.0;0;0;1.0;0
1091;ecranul ceasului este nefunctional dupa aplicarea foliei.;0.0;1;0;0.0;0
1092;nu m-as zgarci sa iau o baterie externa ceva mai calitativa decat aceasta. mi se pare cam inutila mai ales la pretul de 20 de lei, exagerat de mare pentru ceea ce poate face.;0.0;0;0;1.0;0
1093;nu e bun de nimic, o sa il returned;0.0;0;0;0.0;1
1094;prost de tot!;0.0;0;0;0.0;1
1095;"1. calitate foarte scazuta a produsului  2. instalare greoaie  3. bratara cadou primita nu ramane/sta pe incheietura mainii/sistem prindere foarte rau  4. atentie pentru cei ce doresc a efectua ramburs!!!!!  5. se pare ca degeaba e scris si postat ""aveti 1luna la dispozitie pentru a rambursa orice produs la emag"", deoarece clientul trebuie sa fie foarte atent ce produs achizitioneaza, deoarece fiecare partener are clauzele sale contractuale diferite de cele emag, in acest caz cele 30 de zile au devenit 14zile.";1.0;1;1;0.0;0
1096;nu functioneaza corespunzator.;0.0;1;0;0.0;0
1097;mult mai slaba decat bateria originala a s5-ului meu, care avea 2 ani de zile.  dupa folosire moderata (nu am datele pornite mereu, cu atat mai putin bluetooth, gps etc.), nu rezista mai mult de 2/3 din zi. sunt convins ca sunt in mod deliberat mai slabe decat cele originale, nu e mai bine sa le dam banii pe telefoane noi, eventual cu baterie integrata??    cumparati, testati cu atentie si daca e cazul returnati (nu cum am facut eu...);0.0;1;0;0.0;1
1098;o sa incep cu cel mai rau minus pe care poti sa-l ai la o pereche de casti... sound leakage, referindu-se cat cei din jur aud ce auzi tu. pe scurt daca ai un rock sa zicem unde ii nevoie de niste sunete medi/ialte si treci la 60% volum... poti sa te consideri o discoteca ambulanta, ii foarte rau, in special unde nu ii asa de multa agitatie. pt un pret de 500 de lei cat am dat pe ele, si sa nu ai niste noise leakage mic ii o risipa de bani. le-am returnat in aceasi zi.    acuma in legatura cu cele 4 difuzoare intr-o casca de care dispune aceste casti, nu sunt deloc optimizate, ai un driver de 50 mm pt subufer care iti ineaca medile si inaltele mai mult decat ar trebui si inca 3 mici care la un volum de 80% incep sa se auda metalizat.     dupa parerea mea ar fi fost ideal ca subuferul sa fie 2 din alea mici, ala mare pt medi si 1mic pt inalte. ar fi dat un balance mult mai bun.    bottom line: cu un sunet sters din cauza subuferului (asta nu ar fi o problema pt muzica house, rap, skrillex, adica all bass need) si un sunet care sal auda tare si clar cei din jur plus pretul de aproape 500 lei.... bad verry bad, nu recomand celor care vor sa se bucure de o raza mai mare de genuri de muzica si nu sunt fani discotecilor ambulante.;1.0;1;0;1.0;0
1099;interfata simpla de folosit, din pacate sta prost la capitolul semnal. in anumite camere nu prinde semnalul de internet, si nu este detectata de aplicatie.;1.0;1;0;0.0;0
1100;se deconecteaza foarte usor, chiar daca tii telefonul in mana. nu recomand;0.0;1;0;0.0;1
1101;"prima ( si ultima ) impresie: un ceas muuuult prea scump pentru ceea ce stie sa faca. nici nu l-as numi smart pentru ca nu merita! pai e normala acea durata ""uriasa"" a bateriei, pentru ca ceasul nu face mai nimic in afara de a afisa ora. un ceas casio clasic si elegant, fara pretentii, arata ora si data cu o baterie care tine 10 ani ( al meu merge de vreo 8 ani si nu da semne de oboseala ). nu mai pun la socoteala cati bani am dat pe el!   un bravo pentru baietii care au creat compania si au reusit sa o vanda pe niste bani bunicei pentru ei. atat!!!";1.0;1;0;1.0;0
1102;sistemul de prindere a telefonului este bun, insa ventuza si lipiciul de pe ea sunt de toata jena. am incercat intai sa il prind pe bord (dacia logan) a cazut in cateva minute. nici pe parbriz nu sta (ventuza e prea mica, aderenta e proasta). nu recomand.;1.0;1;0;0.0;1
1103;nu este specificat ca este compatibil cu telefon cu android pana la 6.0. eu am 6.1 si nu recunoaste asa ca bani aruncati degeaba.;0.0;0;0;0.0;1
1104;"de cand am luat castile acestea am avut un amestec de momente de multumire si frustrare. nu mi se conecteaza la macbook pro (model 2013) decat 50% din timp. in rest da eroare ""couldn't connect the device"" sau pur si simplu nu poate sa se conecteze si ignora comanda de conectare. am cautat pe net peste tot sa gasesc o solutie si nu exista nimic. imi pare rau ca am dat atati bani pe niste casti care si-au ratat functia de baza - aceea de a produce sunet.";0.0;1;0;0.0;1
1105;ii bun daca v-a rezistat o saptamana... mie nici macar o zi:)) nici nu am vrut sa ma deranjez sa le returnez..;0.0;1;0;0.0;1
1106;nu se poate sincroniza data si ora cu calculatorul.  nu are senzor de miscare pentru fiinta umana, doar pentru ceas.;0.0;1;0;0.0;0
1107;cea mai proasta folie deoarece touch-ul pur si simlu nu mai merge dupa aplicarea ei... a rezistat pe telefonul meu decat 40 de minute deoarece in tot acest timp nu am reusit sa scriu un mesaj. mentionez ca am avut setarile de sensibilitate la atingere activate.;0.0;1;0;0.0;0
1108;"daca as fi putut da 0 stele as fi dat. bateria ""noua"" tine jumatate de zi fara sa utilizez telefonul, cu mult mai putin fata de cea veche care avea 3 ani.";0.0;1;0;0.0;0
1109;material foarte prost. s-a rupt bratara dupa 2 luni si jumatate!;1.0;0;0;0.0;0
1110;cel mai prost cablu posibil, incarca doar intr-o pozitie. nu recomand!;0.0;1;0;0.0;1
1111;pana cand nu vad nu cred am zis.... mi-am luat un smartwach.... dezastru... senzorii pica..... bateria daca is toate activate tine vreo 15 ore.... se incarca... ft ft greu...... nu se merita;0.0;1;0;0.0;1
1112;calitatea receptiei este de foarta proasta si face produsul complet inutilizabil ca microfon - se aude o mormaiala complet neinteligibila pe frecventa joasa, indiferent de pozitionarea device-ului(pe podea sau la inaltime) am incercat sa ascult fara casti la telefon, cu casti - am probat mai multe tipuri de casti inclusiv care acopera urechea, nimic...(si cu auzul stau bine conf ultimului examen de medicina muncii) din punctul meu de vedere - bani aruncati;0.0;1;0;1.0;0
1113;mai bine va luati chiloti de tabla, nu e buna de nimic, nici nu am pus-o, un sfert de ecran ramane neacoperit, nu vine pana in buza curburii, vine un centimetru liber la stanga si unul la dreapta. si plus de asta, daca mai conteaza nu e nici 9h duritate, am dat cu cheia pe ea, se zgarie usor.;0.0;1;0;0.0;1
1114;total nemultumit.;0.0;0;0;0.0;1
1115;nu se incarca! nu se deschide!;0.0;1;0;0.0;0
1116;ceasul il am cumparat de o luna! nu am primit la transport cadoul si nici nu merge sa intri pe retelele de socializare si dupa ce l-am folosit de vro 4,5 ori m-am trezit si cu bateria umflata. multumesc emag am dat banii degeaba pe un produs care pare mai de calitate in poze!;0.0;1;0;1.0;0
1117;foarte slab. incarca foarte putin de la soare.;0.0;1;0;0.0;1
1118;dupa nici un an de utilizare a crapat................ telefonul nu il mai recunoaste  nu poate fi formatat prin nici o metoda si pe nici un dispozitiv;0.0;1;0;0.0;1
1119;din punct de vedere al design-ului nu ii gasesc nici un cusur. un mare minus din punctul meu de vedere este bateria. cu aod activat si folosit mediocru in convorbiri (15-20 minute) tine o zi. daca dezactivezi wi-fi, senzorul de puls si aod la o utilizare medie spre usoara tine maxim doua zile, doua zile jumatate cu noroc.  cu toate aceatea dezactivate si cu locatia dezactivata am avut neplacerea sa imi consume in jur de 7-8 procente pe ora in conditiile in care nu am primit nici o notificare in aceast timp iar ecranul s-a aprins de cateva ori accidental si a afisat ora. nu ii gasesc utilitatea ca si ceas daca nu afiseaza permanent ora si nu mi se pare normal sa se descarce atat de repede daca nu e solicitat cu apeluri sau notificari. in afara de aplicatia de calculator nu am instalat nimic pe el deci nu avea ce sa il dea peste cap atat de tare. maine il voi returna cu toata parerea de rau si voi repune in functiune ceasul vector luna, in ceas cu un design premium, ce-i drept fara ecran frumos colorat dar care tine peste 30 de zile conectat permanent la telefon si cu ecranul aprins in permanenta.  la ce bun un ecran atat de frumos, fete de ceas atat de frumoase daca in momentul in care setezi always on display activ ceasul gear s3 abia daca te tine o zi jumatate? la ce foloseste atata grafica si culori daca trebuie sa tii ecranul stins in permanenta pentru a conserva bateria?  l-as fi pastrat daca ar fi tinut incarcat macar 2 zile incarcat la o utilizare intensa.  poate am nimerit o unitate defectuasa dar nu am chef sa imi mai pierd timpul cu altul.  recomand gear s3 doar utilizatorilor pe care nu ii deranjeaza sa puna zilnic, alaturi de smartphone si ceasul la incarcat!   pentru cei care vor un ceas case sa aiba si functii smart va recomand cu incredere vector watch!;1.0;1;0;0.0;0
1120;"cu siguranta e foarte performant, conform descrierilor, insa, atentie, e mentionat pe ambalaj ""for action camera..."" inregistrare 4k, etc. voiam sa il folosesc cu adaptorul si in aparatul foto si ca mediu de stocare pt laptop/tableta ( acer switch 3 ). la aparatul foto nici nu am apucat sa incerc, fiindca la laptop, micro sd nu era recunoscut decat cu cititor de card, via usb. am returnat. felicitari e-mag pt posibilitati!";0.0;1;1;0.0;1
1121;nu e bun;0.0;0;0;0.0;1
1122;incarca tableta in rate, deseori se incalzeste foarte, foarte tare in priza si trebuie scos, desi tableta e neincarcata. complet nesatisfacator. bataie de joc.  14.06.2018;0.0;1;0;0.0;1
1123;plastic ieftin! nu poti introduce alta cartela de la alt operator de telefonie mobila! si daca pierzi cumva numarul nu poti sa mai utilizezi telefonul!;1.0;1;0;0.0;0
1124;dupa 1 an cardul s-a corupt, a trebuit sa recuperez pozele cu un software, dar multe poze erau corupte si aveau pixeli in toate culorile.;0.0;1;0;0.0;0
1125;foarte naspa la acest pret. membrana zici ca e hartie si suna de parca nu are bas;0.0;1;0;1.0;0
1126;"execrabila, stand la masa contorizeaza pasii(cam 100 la fiecare 15 min), bataile inimii tot asa, 127 bpm si imediat sare la 60 bpm(tot la masa fiind). diseara o scot la alergat sa vad cu ce ma mai ""inbrobodeste"", dar cu siguranta ii dau cu retur. in concluzie, dupa prima zi de folosire, nu recomand.";0.0;1;0;0.0;1
1127;nu inregistreaza constant;0.0;1;0;0.0;0
1128;nu sta fixat in suport;1.0;0;0;0.0;0
1129;se deconecteaza bt la cateva secunde de la conectare;0.0;1;0;0.0;0
1130;dupa 3 zile s-a stricat mufa usb.  a intrat detot in acumulator.;0.0;1;0;0.0;0
1131;in primul rand am primit un dvd si nu un blu-ray, telecomanda aproape inutila, functioneaza pt volum doar, imagine neclara, dupa doua trei minute te simti ametit, jocurile pe care le gasesti plictisitoare, imaginile vr sunt majoritatea facute pe calculator, nu sunt naturale intr-un cuvant inutili;0.0;1;0;0.0;1
1132;nu am fost multumita. cu google maps activat, telefonul se descarca. nu sta foarte bine fixat si imi fasaie radio-ul, cu alte incarcatoare nu am avut problema asta. l-am returnat.;0.0;1;0;0.0;1
1133;nu functioneaza de fapt. trebuie sa cumperi si un micro sd adica reclama mincinoasa;0.0;1;0;0.0;1
1134;nu este buna de nimic... se inchide singura!!!;0.0;1;0;0.0;1
1135;foarte slabe, basul este inexistent in schimb inalte au de iti vine rau, nu merita cumparate. bani cheltuiti aiurea.;0.0;1;0;1.0;1
1136;am fost foarte dezamagit (de altfel am si returnat-o - tipii de la emag au fost foarte seriosi, mi-au dat banii inapoi imediat). e ok ca tine foarte mult bateria, pozitie foarte buna pe ureche, iti ?sopteste? doamna cate ore mai are bateria si alte chestii, dar am intampinat urmatoarele probleme (mentionez ca am folosit-o mereu cu 2 telefoane):  - se deconecteaza din cand in cand de la cate unul din telefoane, fara nici un motiv. ce-i drept se reconecteaza imediat inapoi  - destul de des am patit ca atunci cand vreau sa raspund la apel, casca se deconecteaza, dupa care se reconecteaza. toata operatia asta dureaza 7-8 secunde timp in care interlocutorul nu aude nimic si de regula inchide. trebuie apoi sa il apelez eu inapoi  - la unele convorbiri aud foarte intrerupt interlocutorul meu si el ma aude la fel de rau. aproape ca nu se poate numi o discutie inteligibila. daca incepe sa faca asa, face la toate apelurile. trebuie sa opresc casca si sa o pornesc din nou, astept sa se conecteze apoi reapelez si totul e ok.    trebuie sa mentionez ca am incercat o casca similara a unui prieten de-al meu si mi-a facut exact aceleasi figuri, deci nu era defect exemplarul primit de mine, ci au un defect de fabricatie. cel cu care am facut schimb pentru proba a spus ca pateste foarte rar aceste fenomene, dar foloseste un singur telefon.  totodata mentionez ca vorbesc foarte mult la telefon pe parcursul zilei si poate de asta se manifesta aceste defecte. telefoane folosite: samsung j3 si j5.;1.0;1;0;0.0;1
1137;un nimic.. nu este buna.. este decat o tipla.. nu recomand.. se aplica greu si nu este urata.;1.0;1;0;0.0;1
1138;la a doua incarcare sa ars, nu se mai porneste... nu recomand!;0.0;1;0;0.0;1
1139;am cumparat aceste casti avand mari asteptari care, in 3 zile au fost distruse:  prima data le-am conectat cu un oneplus 5t, cu oxygen 5.1.4. folosind softul dedicat jabra sport life, cea mai lunga conexiune bt dura max.25 secunde. desi la configurarea initiala calibrasem senzorul cardiac atat pentru repaus cat si pentru efort, in situatii reale (mers cu bicicleta sau alergat) tot timpul se emitea mesajul ca senzorul cardiac nu este functional. precizez ca nu am simtit ca in timpul alergarii casca sa se fi miscat si astfel senzorul cardiac sa fi fost in imposibilitate de a lucra. ca o paranteza, dupa toate variantele posibile, am optat pentru dopurile de spuma marimea m si aripioarele auriculare marimea s pentru fixarea castilor in ureche. am vrut sa le returnez atunci dar am vazut pe cutie mentiunea expresa ?made for iphone, ipod and ipad? si in subsidiar emblema android, motiv pentru care, dupa ce le-am resetat le-am imperecheat cu un iphone 7 plus. aceeasi problema ca la android: puteam asculta muzica dar principalul motiv pentru care le luasem - senzorul cardiac - nu-l puteam utiliza (acelasi mesaj prin care mi se cerea sa fixaz casca bine in ureche, dupa care, fara a o misca, ma anunta ca a detectat ritmul cardiac, apoi iar il pierdea si tot asa pana clacai nervos si le opreai). sunetul este decent dar nimic wow si oricum nu la nivelul presupus de asemenea pret. poate eu am urechile cu o conformatie atipica, poate le-am nimerit eu cu o problema tehnica, nu stiu, dar am renuntat la ele fara regrete... si inca o problema pe care eu o vad destul de mare: castile se aseaza in caseta de incarcare, pe pini, gravitational.... nu au magnet ca la airpods-uri.... daca deschizi caseta mai ?exploziv? ai mari sanse sa umbli pe jos dupa ele si posibil sa ti le gasesti.;0.0;1;0;1.0;0
1140;nu recomand! dupa trei luni a incetat sa mai incarce.;0.0;1;0;0.0;1
1141;nu recomand, se deconecteaza foarte des de la aplicatie, de o saptamana de cind l-am cumparat deja nu mai functioneaza, deci nu este bun;0.0;1;0;0.0;1
1142;am decis sa schimb review-ul. chiar azi am dorit sa schimb pozitia dispozitivului si astfel am asigurat fixarea telefonului mai prompta tocmai pentru a nu mai tremura telefonul in dispozitiv dar surpriza.. nu am mai putut dezsuruba locatia unde sta fixata acea bila ce asigura mobilitatea. astfel ca dupa vreo 30 de minute de chin am reusit sa rup dispozitivul. nu recomand acest produs iar mai bine luati o pizza de banii astia. macar ramaneti cu ceva.;1.0;0;0;1.0;1
1143;nu se fixeaza bine si pierde contactul, intrerupand incarcarea. testat in 3 masini (modele diferite).;0.0;1;0;0.0;0
1144;da, ce pot sa zic... le-am luat de 1 luna sau 2, si deja se aude doar intr-o casca. am avut foarte mare grija de ele, stiind ca asta se poate intampla. s-au desprins firele la mijloc. dar la inceput erau foarte bune.;0.0;1;0;0.0;1
1145;nu se potriveste pentru lenovo a7600. este prea mica.;0.0;0;0;0.0;1
1146;am cumparat-o de black friday la un pret foarte bun, incarca de 8 ori un iphone 7, dar dupa doua saptamani nu se mai incarca powerbankul.;0.0;1;0;1.0;0
1147;nu e rezistent la apa!;1.0;0;0;0.0;0
1148;am cumparat o folie de sticla securizata pt un mate 10 lite si am nimerit-o defecta. colturile si marginile nu se lipeau deloc, erau pline cu aer. lucratorul de la service-ul gsm la care am apelat pentru montare mi-a spus ca se mai intampla sa fie loturi defecte din constructie si sa incerc una cu marginile drepte.  am apelat la serviciul retur de la e-mag si mi-au spus cum sa procedez. am procedat intocmai si am facut retur foliei defecte, primindu-mi banii inapoi integral. foarte serioasa si amabila doamna administrator de la rebnik total group, firma partenera a e-mag.   ii recomand pentru afaceri..... dar atentie la folia 5d.;0.0;1;0;0.0;0
1149;folia lasa margini goale de aproape 1cm;1.0;0;0;0.0;0
1150;am comandat acest produs si in loc sa imi vina carcasa din imagini cu spatele negru si rezistent cum reiese din poze mi-a venit o carcasa ordinara cu spatele dintr-un plastic casant, subtire si transparent si partea care acopera ecranul la fel, foarte subtire si in niciun caz nu poate fi folosita ca si stand pentru tableta. mentionez faptul ca eu am comandat husa pentru tableta lenovo tab 2 a7-10 si ce am primit eu este pentru lenovo tab 2 a7- 30 care are si decupaj pentru camera spate. mai mult de 9. 99 lei nu ar merita husa dar ar fi si pacat sa stirpesti din frumusetea tabletei imbracand-o in plasticul asta ordinar.;1.0;1;0;1.0;0
1151;foarte dezamagit salut ma puteti ajuta cu un nr de tel dela furnizor pt ca am comandat boxa si in ziua acea mi sa stricat si nu mai functioneaza;0.0;1;0;0.0;1
1152;primele zile mia mers bn dar dupa am bagato la incarcat si cand sa o pornesc nu mai mia mers;0.0;1;0;0.0;0
1153;daca se incarca  asa simplu prin toata casa era ok.... asa trebuie. sa_l pui acolo care mai este smecheria???????? ca are fir sau nu este egal cu 0. fite pt nimic;0.0;1;0;0.0;1
1154;nu se merita deloc la banii astia;0.0;0;0;1.0;1
1155;cumparat, incarcat, tinut 2 zile in masina fara a fi folosit, cand sa-l folosesc in creieru' muntilor era mort. il voi returna maine.;0.0;1;0;0.0;1
1156;se aude foarte slab (incet). o pot folosi doar intr-o incapere unde e liniste, nici vorba de masina sau outdoor.;0.0;1;0;0.0;0
1157;castile primite sunt ultimele jafuri chinezesti. nu recomand sub nicio forma.;0.0;0;0;0.0;1
1158;un produs foarte slab, nu se conecteaza.;0.0;1;0;0.0;1
1159;gajaie de la prima utilizare;0.0;1;0;0.0;0
1160;produsul primit de mine l-am returnat dupa circa 20 zile. desi are multe functii acestea nu lucrau in parametri, pulsul arata numai 98 bpm indiferent de momentul zilei si de efortul depus. nu se asociaza cu niciun program fitness ci doar cu telefonul prin bluetooth si fara sa arate ceva pe ecranul acestuia doar ca este imperecheat cu telefonul, lucru deranjant. nu poti vedea apelantul ci doar ca ai un apel... lucru care nu m-a incalzit cu nimic. de mesaje nu are rost sa spun ca nu reactiona absolut deloc casca neavand acea bratara de vine peste ureche nu sta bine asezata iar volumul este mic... foooarte mic. dupa o saptamana butonul superior (are trei butoane) nu mai facea contact absolut deloc. pentru mine acest produs nu a fost absolut deloc bun.;1.0;1;0;0.0;1
1161;mare ca si dimensiuni, grea si de slaba calitate, s. a stricat in 4 luni de la achizitionare. nu recomand.;1.0;1;0;0.0;1
1162;au mers 1 data dupa aceea nu mai merg conectate la telefon.;0.0;1;0;0.0;0
1163;"deformeaza vocea ta(se aude pe inalte, si parca vorbesti de pe ""luna""indiferent de setarile pe care le faci din ""jabra conect"", se aude destul de slab fata de modelul ""style"", foarte incomod de purtat la ureche, dupa 1 zi ti se ""umfla urechea"", una peste alta nu merita bani, e varza!!  iar fabricantul jabra mai are vreo 5 ani pana o sa ajunga sa concureze cu plantronics!!!  acum am facut cerere de returnare produs!";1.0;1;0;1.0;1
1164;din pacate am comandat o folie transparenta pentru un samsung j5 care a venit taiata gresit in zona unde scrie samsung pe spatele telefonului... mai bine nu mai decupau folia in zona respectiva. nu poate fi folosita.;0.0;1;0;0.0;0
1165;nu e buna de nimic;0.0;0;0;0.0;1
1166;dupa o saptamana de utilizare cu un samsung galaxy note2 a cedat din locul unde se ajusteaza modul de folosire(landscape/portrait). se pare ca nu face fata telefoanelor mai mari chiar daca acesta nu atinge limita maxima de deschidere a celor 2 brate ajustabile pt fixarea telefonului. pe langa asta, pe parcursul utilizarii, in timpul mersului telefonul se misca destul de tare deoarece bratul aplifica trepidatiile masinii de la drum, chiar si pe un drum proaspat asfaltat. astfel devine destul de obositor in momentul in care te uiti la telefon in timpul mersului.;1.0;1;0;0.0;0
1167;o prostie de cablu am cumparat dintr-un centru gsm unul identic la doar 20 lei si a tinut exact cat acesta 5 zile  nu recomd deloc, pret calitate ingrozitor;0.0;1;0;1.0;1
1168;ceasul este foarte slab. trebuie incarcat aproape in fiecare zi si incarcarea cred a fost gandita de un tampit. trebuie sa pui un adaptor peste ceas si de-abia apoi se baga incarcatorul in adaptor. baiatul meu nu poate sa-si incarce singur ceasul. restul functiilor nu prea le stiu si nici nu m-a interesat pentru ca treaba cu incarcarea e dezastru. daca era dupa mine l-as fi returnat in aceeasi zi, dar baiatul e incantat de el, asa ca a ramas.;0.0;1;0;0.0;1
1169;nu recomand gps nu funtioneaza cum trebuie am cumparat 2 bucati dar amandoua sant varza;0.0;1;0;0.0;1
1170;eu am primit o azi si nu e ok. nu se aude cum scriu ei acolo si tot mie imi cerura si taxa de retur.;0.0;1;0;0.0;1
1171;poate pentru telefoane nu foarte performante e ok dar in camera video din masina cardul de memorie da foarte des erori si pierd filmari care in caz de accident sau infractiuni asupra automobilului, caci de aceea am camera, ar fi un dezastru. recomand un model mai scump si mai performant. pretul e atractiv dar calitatea nu merita!!!;0.0;1;0;1.0;1
1172;nu recomand aceasta tableta!!! dupa 1 saptamana nu s-a mai incarcat cu incarcatorul ei si am folosit incacatorul telefonului (fiind identic), la 3 luni s-a rupt conectorul usb de pe placa de baza si am fost informata ca reparatia nu intra in garatie deoarece eu am produs aceasta defectiune?!?!?!?... mi-am dat seama ca, de fapt, nu am garatie la acest produs. profund dezamagita!!!   ps: daca nu eram obligata sa dau un calificativ pentru a pulbilca postul aveam 0 stelute;0.0;1;0;0.0;1
1173;am achizitionat boxa in noiembrie 2017 si exact dupa 9 luni boxa s-a defectat in sensul ca nu mai sta incarcata deloc. cei de la depanero mi-au spus ca este de vina acumulatorul care are doar 6 luni garantie, iar ei il pot schimba contracost pentru 100 ron.   nu recomand produsul.;0.0;1;0;0.0;1
1174;este made in china, scrie pe acumulator,, samsung eb-b600be,,   am comandat,, b600bebecww,, aceasta denumire regasindu-se doar pe o eticheta de pe ambalaj.  acum, dupa cateva zile de la achizitionare, s-a descarcat instantaneu de la 17% la 0... bateria este aproape la fel de slaba ca a telefonului dupa un an si jumatate de utilizare.  poza produsului de pe site este blurata in zona cu detalii, iar la celalalt model pe care il regasiti aici la 69 lei, este completa.... cred ca mi-a fost expediat acumulatorul original in locul celui comandat;0.0;1;0;0.0;0
1175;am achizitionat cablul pentru inlocuirea cablului original samsung. desi la inceput cablul incarca mai repede decat cel original, dupa maxim 2 saptamani acesta a incwput sa incarce foarte greu avand moment cand functioneaza normal;0.0;1;0;0.0;0
1176;scurt, rigid, nu prea poate fi folosit la nimic.;1.0;1;0;0.0;0
1177;"am achizitionat acesta tableta la inceputul lunii august 2017, dupa cateva zile, fiind nemultumit de ea ( se inchide din senin, nu tine bateria, merg foarte greu aplicatiile, e mult sub tableta samsung galaxy tab 2 din 2013) am facut cerere de retur la emag.. au trecut vreo 2 sapt fara nici un raspuns. am sunat in cele din urma la flanco, ei nu au putut sa-mi dea un raspuns la intrebarea ""de ce nu au facut nimic cu cererea mea de retur"". mi-au zis in cele din urma sa o duc in cel mai apropiat magazin flanco (comanesti, bc). seful de magazin a refuzat sa-mi faca retur pe motiv ca e zgariata...."" ok, trimite-o la service"" i-am spus. dupa cateva zile a venit din service, fara nici o schimbare, merge la fel de prost ca inainte, se inchide din senin... cred ca o sa merg in magazinul flanco si o sa o sparg acolo in magazin....  este inadmisibil sa vinzi asemenea produse si sa ai o asemenea atitudine fata de clienti.  adio flanco";0.0;1;1;0.0;1
1178;vreau sa fac cerere de retur. in anunt zice ca reduce zgomotul dar defapt nu e asa il accentueaza si se aude incet cu volumul dat la maxim;0.0;1;0;0.0;1
1179;foarte proasta bateria tine doar 5 6 melodia puterea muzicala pe care a specificat nu este deloc reala spune ca are 7200 mag dar pe cutie spune de 1800 nu recomand;0.0;1;0;0.0;1
1180;se simt ieftine si nu coincide produsul cu pozele afisate. nu au dopurile cu piciorusul acela de sprijin extern si au niste argintiu in spatele castii, in timp ce in poze sunt negre. am cumparat modelul negru la 41,65 lei de la icover. nu recomand asadar, le voi returna.;1.0;0;0;0.0;1
1181;nu recomand deloc, in ciuda ventuzei foarte lipicioase si care iti lasa impresia ca vei da jos suportul de pe parbriz doar prin taiere cu diamantul.... vei ramane fff repede cu un sentiment de nesatisfactie dat de calitatea produsului!!!;1.0;1;0;0.0;1
1182;nu merge mai nimic. nu poti cauta in agenda, nu merge nici pedometru, monitorizare somn, nimic. l-am pus la mana si i-am dat pe pasi, nimic, am alergat, l-am pus si la picior, nimic. o porcarie. ceas, cu baterie slaba, si atat. luati-va ceva mai scump dar mai bun.;0.0;1;0;0.0;1
1183;l-am lasat toata noaptea la incarcat dupa ce l-am luat si m-a surprins ca s-a oprit din incarcat telefonul dupa 1% decat... mai mult m-a incurcat si imi venea sa-l arunc la gunoi, abea astept sa-l returnez...;0.0;1;0;0.0;1
1184;calitate slaba, cutie desigilata, fara manual,durata receptie comanda 1 luna, nota 0 nu comandati de la acest partener mai multe ceasuri diferite modele, o sa primiti mai multe bucati de un singur model (respectiv modelul mai ieftin - cum am patit si eu);1.0;0;1;0.0;1
1185;folia este decupata fara tolerante sus-jos si in plus este supraincalzita pe una din laturile inguste astfel incat se incovoaie in sus si nu sta lipita pe acea latura.  de asemenea nu are o folie de protectie decat pe partea cu lipiciul existand pericolul sa fie zgariata cu cardul la montare.  nu am reusit sa o montez fara bule si sa ii lipesc partea de jos oricat am incercat.  50 de lei investiti cum nu se poate mai prost.;0.0;1;0;1.0;0
1186;dezamagit:  radioul mai mult bazaie, nu prinde mare lucru  dupa 7 luni de folosire in mod ocazional s-a dus acumulatorul cost aculmulator 50% din pretul total.;0.0;1;0;1.0;0
1187;este slab. pe ecran arata 95% capacitate si dupa ce am incarcat o baterie de 3000 ma, arata 30% capacitate.;0.0;1;0;0.0;1
1188;calitate zeroo  nu merita cumparata;0.0;0;0;0.0;1
1189;o porcarie;0.0;0;0;0.0;1
1190;nu recomand. s-a defectat dupa munai 2 luni de functionare!!!!!!!;0.0;1;0;0.0;1
1191;am cumparat acumulatorul acum un an. dupa vreo doua luni nu a mai functionat, nu incarca nimic, nu pornea lanterna. l-am trimis inapoi, am primit altul. asta dupa 2 luni refuza sa mai incarce telefonul mai mult de 1 minut. l-am trimis inapoi si mi-am recuperat banii. nu recomand.;0.0;1;0;0.0;1
1192;nu are functiile pe care le avea la descriere si nici nu e pe tot ecranul cum e in imagini.;0.0;1;0;0.0;0
1193;nu recomand pentru folosirea cu doua telefoane conectate in acelas timp;0.0;1;0;0.0;0
1194;scump rau mai acum ceva ile erea cam la jumatate de pret, nu e vorba de reducere, ci ala erea pretul;0.0;0;0;1.0;0
1195;pretul este exagerat tinand cont de calitate. autonomia este intradevar mare insa la acest pret poti gasi produse cu performante net superioare. nu mai spun ca se gaseste si la pret de 4 ori mai mic;0.0;1;0;1.0;0
1196;sunt nemultumit pentru ca nu functioneaza pe o raza de 90 m.  max 10m.;0.0;1;0;0.0;1
1197;calitate slaba  sunet slab   fara suport dac. aptx. dolby;0.0;1;0;0.0;0
1198;boxa asta nu este extraordinara... adica sunetul lasa de dorit si se aude foarte incet la volumul maxim;0.0;1;0;0.0;0
1199;o prostie, nu am reusit sa incarc nici macar o data bateria telefonului.;0.0;1;0;0.0;1
1200;castide o calitate josnica am comandat albe au ajuns negre cred k din cauza timpului de livrare ((10 zile))));0.0;0;1;0.0;1
1201;se aude bine in casca, dar cel cu care vorbesti te aude foarte prost, mai ales daca e si ceva zgomot prin jur. acum vad ca nu mi se mai conecteaza prin bluetooth la niciun telefon, toate samsung (s6, j7, express 2). nu recomand sub nicio forma!;0.0;1;0;0.0;1
1202;lipseste cu desavarsire acuratetea numarului de pasi parcursi. contorizeaza pasi si atunci cand stai pe scaun. voi returna produsul. nu inteleg numarul mare de aprecieri pozitive.;0.0;1;0;0.0;1
1203;material slab calitativ! deja s-a rupt una din clemele de sustinere! ieftinitura pe bani multi! proasta alegere!;1.0;0;0;1.0;1
1204;o copie atat pot sa zic;0.0;0;0;0.0;1
1205;nu recomand. l-am folosit doar o singura data si s-a stricat.;0.0;1;0;0.0;1
1206;dezamagit, la 40% se opreste telefonul. l-am cumparat acum o saptamana. nu recomand. nu recomand. nu este baterie originala.;0.0;1;0;0.0;1
1207;o baterie foarte proasta calitativ... cumparata in aprilie.....si in septembrie este la 1/4 din capacitate si umflata deja..... mi a stricat si telefonul..;0.0;1;0;0.0;1
1208;se deconecteaza fara motiv de la telefon, are probleme cu incarcarea si s-a oprit fara sa reusesc sa o mai pornesc toate astea in prima ora de utilizare. plus ca am gasit-o pe alte site-uri muuult mai ieftina.;0.0;1;0;1.0;0
1209;pe portul de 2.1 amperi nu incarca mai mult de 0.8a. la fel si incarcarea ei. un plin probabil in 12-14 ore. dupa 4 ore si o liniuta am renuntat.;0.0;1;0;0.0;1
1210;daca cumva doriti sa va achizitionati acest controller trebuie neaparat sa aveti un dispozitiv din gama apple deoarece daca aveti un huawei nu o sa va functioneze doar pe iphone pe samsung si cam atat.;1.0;0;0;0.0;0
1211;folia nu se potriveste cu modelul telefonului asus zenfone go zb 500kl;0.0;0;0;0.0;1
1212;am folosit acest card pe un tel samsung fix o saptamana.. mai exact din 18. 04. 2014 (inainte de paste.. m-am innoit:) ) si pana astazi... 25. 04. 2014 cand m-am trezit ca mi-au disparut anumite aplicatii de pe telefon.. care erau de fapt pe card-ul sd... si uite asa am ramas fara toate datele de pe el:( poze, filmulete, muzica... chestii    o sa dau telefon sa vad cum il pot returna....  pro:: initial a fost pret ok.. ulterior mi-am dat sema de ce:(  contra:: f. slab calitativ;0.0;1;0;1.0;0
1213;calitate mediocra! nu inteleg pe ce baza aceasta tableta a primit 5 stele de la un numar asa mare de utilizatori. nu este capabila sa redea un video la 720p fara sa sacadeze sau mai rau se blocheaza de tot. raportul pret\calitate nu ar exista nici daca aceasta tableta ar fi la pretul de 100lei. bateria se consuma intr-un interval foarte scurt de timp iar optimizarea os-ului inexistenta(vorbim totusi de os:4.4.4 care inca este utilizat desi suntem in 2018 - jalnic).;0.0;1;0;1.0;1
1214;ok pt convorbiri si manele dar daca asculti progressive/trance ca mine sau in general iti place bass-ul, te vor zgaria pe urechi mai ales daca ai avut akg-urile de la s8;0.0;1;0;0.0;0
1215;nu recomand. in 2 luni pe un aparat foto s-a ars. nu il mai recunoaste laptopul si aparatul.;0.0;1;0;0.0;1
1216;acum un an si cateva luni mi-am achizitionat acest produs cu pretul afisat momentan. (partea de pret si marea discount ce da emag )) )   cablul cu care vine e de ras sau de plans ca daca atasati un telefon la el asteptati o ora sa incarce 6-7%. cu alt cablu mai repede putin dar nu se poate recomanda asa ceva. nu stiu cum e trecut de fcc asa ceva.  si devine foarte zgariat chiar din prima utilizare in buzunar fara altceva in ele.;1.0;1;0;1.0;1
1217;nu localizeaza teapa  ca telefon e bun  bateria tine putin;0.0;1;0;0.0;1
1218;folia este mult mai mica decatecranul telefonului. nu  cumparati;1.0;0;0;0.0;1
1219;foarte prost;0.0;0;0;0.0;1
1220;"il am de anul trecut. pe partea de telefon este bun, se aude foarte bine, partea cu localizarea destul de slabut..  per total ar fi ok la pretul acesta insaaaaaa, se pare ca are un anume defect,, universal"", si anume din 2 in 2 luni nu se mai incarca... intr-un an de zile l-am trimis de 4 ori in service cu aceeasi problema, chiar mi-a fost si schimbat, insa si cel nou dupa 2 luni a avut aceeasi problema... nu se mai incarca!   pe scurt, nu recomand!";1.0;1;0;1.0;1
1221;o gluma proasta, toate produsele cu specificatia gps, necesita cartele 2g active si cu sms-uri si optiune de internet cel putin 200 mb. deci unde scrie acest lucru? autonomie foarte mica, precizie foarte slaba, deci nu recomand pentru urmarirea copilului, precizie mai mare au telefoanele, fiind si mai convenabile, acceptand si cartele 3g.;0.0;1;0;0.0;1
1222;in primul rand nu este acelasi produs care este in poze este cu totul si cu totul altceva si nici nu am apucat sa umblu pe el l-am deschis sa ii fac setarile dupa care sa inchis si nici nu se mai deschide ffff prost si nici macar nu se compara cu ceea ce se spune ca este!;0.0;1;0;0.0;1
1223;"il folosesc intr-un dslr canon 1100d de mai bine de un an. se misca foarte greu. rafale nu pot sa trag cu ea! uneori, cand fac multe poze una dupa alta, efectiv nu reuseste aparatul sa-mi salveze pozele si-mi indica ""busy""... si ""pierd momentul"". i-am facut teste cu mai multe utilitare si-mi indica viteza de scriere 10 mbps (aparatul meu are viteza de scriere 30 mbps).  material plastic de calitate foarte proasta. am reusit sa rup cardul introducand in cardreader. nu l-am fortat deloc, l-am impins de la muchia din spate si pur si simplu s-a rupt in doua.  mai am si alte modele de la acest producator si nici alea nu m-au convins.  nu recomand acest card!  mentiuni: l-am cumparat de pe alt site cu renume.";1.0;1;0;0.0;1
1224;e naspa rau.... contorizeaza aiurea... si dupa o luna e pa... nu mai merge.. se aprinde cand o lovesti mai tare... mentionez ca nu a fost trantita.. lovita... nu se merita chiar daca e la un pret f mic...;0.0;1;0;1.0;1
1225;adezivul suportului auto nu tine. fara acest suport auto, inelul este lipsit de utilitate.;1.0;1;0;0.0;0
1226;l am folosit un timp apoi l am aruncat. ma enerva ca atunci cand mi era lumea mai draga imi aluneca si mai cadea si pe sub scaun de stateam sa pipai in timp ce conduceam.  uneori cand eram pe langa masina si raspundeam era conectat automat si nu puteam vorbi de pe telefon ca se auzea in casca (din masina). si alte ori cand ridicam casca sa raspund... se termina apelul.  slab.;0.0;1;0;0.0;1
1227;am primit coletul gratuit cu ridicare personala de la posta(unde am stat la ghiseu vreo jumate de ora)si cand am desfacut coletul, ambalajul era desfacut si deteriorat. mentionez ca l-am comandat nou, nicidecum de la resigilate. incep sa imi pierd din incredere fata de emag...;0.0;0;1;0.0;1
1228;nu recomand, mufa ce intra in telefon sta daca o tii cu mana. chinezarie.;0.0;1;0;0.0;1
1229;este foarte mica pentru telefonul meu vodafone smart prime 7;1.0;0;0;0.0;0
1230;am luat o tableta si nu este adevarat are doar 2 gb restul nu-i vede;0.0;0;0;0.0;1
1231;nu suna bine si nu merge bluetooth.;0.0;1;0;0.0;0
1232;incarca extrem de lent.  pe langa asta se si opreste din incarcare destul de des fiind nevoit sa-l pornesc din nou.  lanterna este buna dar avand in vedere ca scopul principal e de a incarca:  categoric nu recomand.;0.0;1;0;0.0;1
1233;nu e prea bun eu nu las recomanda are 2g eu nu sunt multumit;0.0;0;0;0.0;1
1234;multumim pentru defecte! l-am luat in mana sa il reglez pe clestisor si a cazut lentile! foarte frumos...;1.0;0;0;0.0;1
1235;aceasta baterie trebuie calibrata mai intai, cred, pentru ca murise la 5%, se descarca mai rapid decat cea originala si temperatura sare peste normal mai ales cand se incarca (cand se incarca ar trebui sa fie in jur de 32 de grade cea originala, dar aceasta ajunge pe la 40 de grade celsius)        pe scurt bateria nu este buna;0.0;1;0;0.0;1
1236;s-a aprins o data pana a ars fitilul si acum nu mai functioneaza  slab, nu recomand.;0.0;1;0;0.0;1
1237;nu este de calitate, se rupe repede dacac il dai jos in fiecare zi.;1.0;0;0;0.0;0
1238;nu recomand aceasta chinezerie nu vede nimc noaptea si daca aprinzi lumina ei vedeti maxim 3 m.    nu recomand nici dualstore, nu stiu cum emag permite tuturor sa vanda pe pagina lor.;0.0;1;0;0.0;1
1239;dupa o luna nu se mai incarca complet.  ledurile indica aiurea starea bateriei. mare pacat ca nu il pot returna.  nu merita, slabe performante si mai umbli si cu caramida dupa tine!!!;1.0;1;0;0.0;1
1240;cateodata nu incaraca!;0.0;1;0;0.0;0
1241;se descarca in o zi;0.0;1;0;0.0;0
1242;am cumparat acest produs pentru vacanta din spania, am pus telefonul la incarcat iar in loc sa il incarce, imi descarca bateria.  nu recomand acest produs.;0.0;1;0;0.0;1
1243;le-am achizitionat pe baza review-urilor, sunt acceptabile pentru ascultat muzica dar zero pentru convorbiri telefonice, mai ales, folosind doar o singura casca. nu recomand.;0.0;1;0;0.0;1
1244;produsul nu este dotat cu un acumulator de rezerva ceea ce il face practic inutilizabil, daca s a oprit curentul pa pa alarma;0.0;1;0;0.0;0
1245;prea ingusta. nu are nici o legatura cu dimensiunile ecranului... dezamagire maxima tinand cont de pret. robert.;1.0;0;0;1.0;1
1246;foarte slaba am incarcat cu ea plina doar 55 la suta un huawei mate 20 lite si sa descarcat;0.0;1;0;0.0;1
1247;produs extrem de slab calitativ. bratul flexibil este extrem de flexibil si practic telefonul nu sta absolut deloc fix.    de evitat!;0.0;1;0;0.0;1
1248;total dezamagit!!! am primit ceasul defect dar am renuntat la returnare fiind-ca e dificil si dureaza mult si era cadou de ziua baiatului meu. nici macar nu se aprindea! butonul de on/off nu face atingere unde trebuie e prea scurt, apoi bateria e intr-o stare proasta estetic si cureaua are un sistem greoi si impracticabil de prindere...! am reusit sa il deschid se aude binisor are functii bune, camera foarte slaba si se restarteaza tot timpul! nu recomand aruncati banii degeaba!!! nu stiu daca e-boda are un produs fara probleme!!!;1.0;1;0;1.0;1
1249;nu am reusit sa conectez 5 telefoane la aceste casti;0.0;1;0;0.0;0
1250;nu recomand nici firma, nici produsele!;0.0;0;0;0.0;1
1251;nu sunt chiar multumita pe deplin pt ca se deconecteaza mereu si prin mufa jack nu merge sa asculti;0.0;1;0;0.0;1
1252;nici macar nu mi se conecteaza la telefon... chinezarie...;0.0;1;0;0.0;0
1253;slaba, nu recomand.  nu este nici o diferenta intre bateria mea veche de 2 ani si aceasta, absolut nici o diferenta.  in 2-3 ore de navigare pe facebook se descarca.  cind ajunge bateria la un nivel de sub 40% se descarca incredibil de rapid aproape 1 procent pe minut. nepermis la o baterie noua.;0.0;1;0;0.0;1
1254;produs fabricat gresit;0.0;0;0;0.0;1
1255;cumparata din magazinul fizic de la flanco, imi pare rau ca am dat banii pe asa ceva- nu merita nici cei 269 de lei cat am platit pt. ea. touchscreen- ul nu raspunde la comenzi asa cum ar fi normal, e total haotic, poate asa am nimerit-o eu, dar baiatul din magazin a desigilat-o in fata mea, iar rama are o defectiune din fabrica. nu e de mirare ca ii tot scade pretul si e tot timpul la oferta. eu personal nu sunt multumit de aceasta tableta. nici nu se compara cu huawei cum a scris cineva intr-un review. sotia are huawei de 9,6 inch cu 4 g, care la pret intreg e undeva la 900 de lei. nu exista termen de comparatie intre aceasta vonino si oricare dintre tabletele huawei.;0.0;1;0;1.0;1
1256;cureaua este foarte slaba la capse. mergand pe drum mi-a sarit de pe mana si sa spart.  atentie la ce cumparati!!!  nu merita banii, este ca si cum ai arunca bani in vant.;1.0;0;0;1.0;1
1257;"pe ""ventuza"" este lipita o banda dublu adeziva groasa, deci prinderea se face prin lipire, efectiv, de parbriz. cand vei incerca sa il dai jos... ori il dai jos cu o bucata  de parbriz... ori se va intinde banda dublu adeziva pe bord, fiind expusa la soare. daca nu ai de gand sa il mai dai jos vreo data... o fi bun. eu l-am aruncat, fara sa-l mai testez.";1.0;0;0;0.0;1
1258;l-am folosit timp de 3 zile in masina, dupa care n-a mai functionat.;0.0;1;0;0.0;0
1259;o porcarie de 2 lei, nu incarca nimic. se infierbanta f. f. tare si incarca cu intreruperi. porcarie!!!!!!!;0.0;1;0;0.0;1
1260;nici macar nu l-am montat in masina, telefonul nu sta in suport, pur si simplu aluneca, scrie ca sustine telefonul in pozitie optima, ca e multi unghi:)))) poate pentru un telefon care cantareste 1 gram si doar in pozitie verticala.;0.0;1;0;0.0;0
1261;buna ziua, am achizitionat acest produs l am returnat deoarece nu se conecteaza deloc cu aplicatia recomandata de producator.;0.0;1;0;0.0;1
1262;extreme de nemultumit. am cumparat unul, functiona intermitent. l-am trimis inapoi cu bateria cumparata de mine(pret 27 lei) cu rugamintea expresa de a verifica produsul ca functioneaza inainte de a mi-l trimite. mi-au trimis unul care nu merge de loc si fara baterie;0.0;1;0;0.0;1
1263;am cumparat 3200mah si am primit 3220 mah, un produs incompatibil cu telefonul.;0.0;0;0;0.0;1
1264;am rana dupa ureche.... imi pare rau ca am cumparat aceasta casca bluetooth..... e insuportabil plasticul ala dupa ureche;1.0;0;0;0.0;1
1265;folia asta nu e buna de nimic. marginile nu s-au lipit si arata ingrozitor. nu cumparati asa ceva!!!;1.0;1;0;0.0;1
1266;"am achizitionat produsul (cu 250 lei si fara bratara, era alta ""oferta!"")si sunt foarte dezamagita. gps-ul nu fu  nctioneaza corect, arata localizarea eronat. in modul ascultare se aude clar doar vocea copilului, in rest totul se aude foarte neclar. am primit o cartela sim de la vodafon cu zero credit si nici o instructiune cum as putea actva aceasta cartela pentru a beneficia de ""oferta"". bateria tine o zi! imi pare rau de achizitia facita. nu l-am putut rambursa pentru ca l-a vazut fiul meu si a vrut sa-l poarte. deci e doar o jucarie scumpa.";0.0;1;0;1.0;1
1267;"produsul parea bun la primele 2 utilizari. s-a stricat dupa a 3-a (nu se mai auzea aproape deloc si fasaia constant), asa ca am trimis produsul la retur/service pentru schimbare cu un produs nou.    am trimis produsul in retur la inceput de iulie pentru al primi inapoi abia dupa cateva telefoane la sediul lor si circa 21 zile. eram bucuros ca a venit intr-un final inapoi ""inlocuit"" conform explicatiilor telefonice.    de fapt, am primit acelasi produs care intre timp se stricase complet. nu mai porneste, cand incerci sa il incarci doar aprinde led-ul cu fluctuatii si atat. complet defect si neutilizabil.    cel mai oribil este ca au pus verdictul la service ca produsul este functional si mi l-au trimis in stadiu complet neutilizabil. nu am mai fost asa de pacalit vreodata de un service.    pe fisa produsului scrie ca este ""sweat and splash proof"" si s-a stricat dupa 3 utilizari de la transpiratie cand a fost folosit doar la alergare.";0.0;1;1;0.0;1
1268;dupa nicio luna s-au defectat... nu se mai aude la una din casti...;0.0;1;0;0.0;0
1269;pro  sunt 4    contra  pai aici ar fii o lista, dar trec decat ce conteaza  1 foarte greu de aplicat pentru ca nu vine cu nimic in cutie (laveta etc...)  2 nu acopera tot ecranul decat 40-60% iar ceasul incepe sa se detelioreze de la margine       bani aruncati pe un produs ineficient;1.0;1;0;1.0;1
1270;foarte slabe. nu incarca si a iesit fum din ea cand o incarcam( adio).;0.0;1;0;0.0;1
1271;un produs f bun fata de altele precum intex cu troliu si lumini pe difuzor,, claritate atat la muzica cat si la miccrofoane,, va recomand acest produs fata de altele;0.0;1;0;0.0;1
1272;cea mai mare teapa!!! nu recomand;0.0;0;0;0.0;1
1273;am testat tableta o zi si pare ok... nu prea stiu cat tine incarcata pt ca am trimis-o inapoi in service sa vada ce are incarcatorl. avea o chestie ciudata, daca o incarcam cu alt incarcator decat cel original mergea, iar incarcatorul ei original pus in alt dispozitiv mergea de asemenea, dar cand le foloseam impreuna nu faceau contact cum trebuie.... trebuia scos un pic afara si am trimis-o in service. am 5 zile inca astept un radpuns.;0.0;1;1;0.0;1
1274;"folie ""de doi lei"", nu de 20 lei (+17 lei transportul).  made in romania, fara ustensilele necesare aplicarii (de fapt scrie si cu urme pe ea (pentru ca nu este protejata decat pe partea adeziva).  nu as mai lua nici gratis.";0.0;1;0;1.0;1
1275;o porcarie. material de proasta calitate - suportul de plastic s-a crapat la baza. eu l-am luat la reducere, dar la pret intreg nu merita niciodata;1.0;1;0;0.0;1
1276;nu e bun de nimic;0.0;0;0;0.0;1
1277;nu incarca 2 dispozitive simultan si este de o calitate foarte, dar foooarte slaba;0.0;1;0;0.0;1
1278;am achizitionat folia in ianuarie. in martie deja a inceput sa se dezlipeasca de pe ecran. nu cred ca este o situatie normala. nu recomand!!;0.0;1;0;0.0;1
1279;am achizitionat aceasta baterie in ideea de a o folosi la pescuit prin incarcarea la lumina. dupa o zi lasata la soare mi-a incarcat telefonul de la 10% la 28%.daca am folosit incarcarea la priza am facut 3 incarcari telefon. concluzia mea e ca este o chinazerie ieftina. daca vream lanterna imi luam lanterna, daca vream cu incarcare la priza luam la priza dar am vrut ceva solar si am luat o mare teapa. oricum am cam inceput sa m-a obisnuiesc cu tepele de pe internet. oare cand am sa m-a invat minte... mare atentie...;0.0;1;0;0.0;1
1280;"neseriosi!!.. am luat aceasta husa pe ambalaj scrie 8""... pe eticheta lipita scrie 7""... si normal ca nu mi se potriveste la tableta... am sunat la ei am comunicat aceasta problema.. iar ei ce credeti ca imi spun?? ""nu va luati dupa ce scrie pe ambalaj"".. mi-au sugerat sa fac retur sau schimb.. tot pe banii mei ca sa dau o suma cat nu face... dezamagitor... nu recomand!!!";0.0;0;1;0.0;1
1281;nu este fast charge;0.0;1;0;0.0;0
1282;nu merita nici o stea. sunt de proasta calitate. se incarca numai de la alt incarcator, cel intern nu functioneaza acc.   o casa se aude foarte incet comparativ cu cealalta casca.  nu cumparati asa ceva!!!  nu stiu cum cei de la emag le da voie sa vanda produsul.;0.0;1;0;0.0;1
1283;"in 2 luni de la achizitionare bateria nu rezista nici macar 12 ore ca sa nu mai vorbesc ca la sub 40% pornirea datelor mobile sa lasa cu inchiderea telefonului.  nu recomand, bateriile cu care vin telefoanele sunt de o alta calitate fata de cele ""originale"" cumparate ulterior....";0.0;1;0;0.0;1
1284;produs slab in raport cu pretul. fara alte comentarii.;0.0;0;0;1.0;0
1285;nu merge, nu este bun de nimic, nu incarca deloc un s7, efectiv nu merge nimic, ledurile se aprind si cam atat, daca pun telefonul cu ecranul pe el ledul rosu incepe sa apara, dar in rest nimic, nu recomand!;0.0;1;0;0.0;1
1286;este mai mare nu se potriveste;0.0;0;0;0.0;1
1287;foarte proasta, microfon slab, probleme la conectare;0.0;1;0;0.0;1
1288;se aude doar o casca, foarte slabe, nu recomand va luati mare teapa;0.0;1;0;0.0;1
1289;panarama de folie, trebuia sa bag si telefonul in apa ca sa fie bine.... se monteaza ca folia auto plus ca este doar un plastic de doi lei..;0.0;1;0;1.0;1
1290;bine viteza de 80 mb/s la citire, dar la scriere de ce nu e specificat pentru ca e foarte mica si ar scadea interesul clientilor.;0.0;1;0;0.0;0
1291;bateria nu cred sa fie originala, tine la fel de putin ca cea veche de 2 ani. in 5 minute cu wifi pornit sau dus 4% din baterie ca sa intelegeti. dezamagit!!! nu recomand;0.0;1;0;0.0;1
1292;"desi scrie pe ea 10.1"" este prea mica pentru o tableta ipad pro de 9.7"".";0.0;0;0;0.0;1
1293;sa blocat la 8 zile de la achizitionare;0.0;1;0;0.0;0
1294;ramane blocat displayul la 100%..;0.0;1;0;0.0;0
1295;incarca foarte greu. degeaba este fast charge, dureaza si pana la 4 ore o incarcare full, am observat ca undeva la 80% isi pierde din puterea de incarcare. mentionez ca l-am folosit pentru un s7 edge.;0.0;1;0;0.0;0
1296;acest model metalic in ciuda faptului ca e f. faina se desface la fiecare miscare in jos a incheieturii mainii. nu recomand;1.0;1;0;0.0;1
1297;sunt foarte, foarte dezamagita de acest produs. lentila cu macro nu merge deloc si am incercat-o pe 3 telefoane, nici un telefon nu reuseste sa focalizeze imaginea, deci este imposibil sa faci o fotografie. iar cea wide si fisheye iau enorm de mult din calitatea imaginii/pozei. nu sunt deloc multumita si chiar nu recomand deloc acest produs, mai ales pentru ca am luat 2 si la ambele este aceeasi problema.;0.0;1;0;0.0;1
1298;al doilea ceas achizitionat si se da peste cap la efectuarea sau receptionarea apelurilor! nu se mai aude si nici nu mai esti auzit! dezamagit...;0.0;1;0;0.0;1
1299;telefon - merge ok. e bine ca nu are optiuni din ceas si totul se seteaza de pe un mobil cu aplicatia vonino.  gps - este slabut. nu arata pozitia corecta dar merge pentru a vedea zona in care se afla copilul.  ceas - inca nu am reusit sa gasesc de unde se seteaza ora corecta.    - bratara s-a rupt dupa 4 saptamani de folosinta. nu am gasit de inlocuit si a trebuit sa arunc ceasul.  nu recomand;1.0;1;0;0.0;1
1300;am cumparat produsul direct de la wybee, nu prin emag. calitate zero. face bule imposibil de scos. foarte slab adeziva.;0.0;1;0;0.0;1
1301;dupa 3 saptamani s-a dus.... macar sa scrieti la descriere: ?durata de functionare 3 saptamani?..... acum stau sa vin la voi pentru garantie....;0.0;1;0;0.0;1
1302;un device scump pentru ce ofera. incarca foarte greu s8.;0.0;1;0;1.0;0
1303;este fake incarcatorul.. se incinge foarte foarte tare, si incepe sa miroasa a plastic ars. plus mi-a venit intr-un plic.. nu e ceva marca samsung. are un scris pe el, de zici ca e tatuaj de la gume. daca il razui cu o moneda se duce scrisul. nu i-as da nici o stea.. fiindca mi-e frica sa-mi las telefonul la incarcat cu acest incarcator...;0.0;1;0;0.0;1
1304;nu recomand acest produs. desi urmez toti pasii descrisi in prezentarea produsului acesta se deconecteaza cand ti-e lumea mai draga. eu am incercat sa il folosesc cu iphone 7 plus si a functionat 5 minute de redare muzica din apple music apoi s-a intrerupt. iar l-am conectat si iar s-a deconectat..;0.0;1;0;0.0;1
1305;produsul este de o calitate josnica. nu este asa cum este descris. in schimb livrarea a fost facuta corespunzator si cu o amabilitate mare.;0.0;0;1;0.0;1
1306;in general am fost multumita de produsele e-boda, insa bateria aceasta m-a dezamagit complet. cat timp este incarcata, un led sta aprins incontinuu, consumand-o nu are un buton on/off cu care sa o pot opri. nici capacitatea nu este prea mare mie imi incarca aproximativ jumatate din bateria telefonului. un singur pro: dimensiunea mica o face potrivita pentru aproape orice poseta.;1.0;1;0;0.0;1
1307;am achizitionat bratara in primul rand pentru monitorizarea pulsului. exemplarul pe care l-am testat afisa diferente de 50 intr-un interval de 1-2 minute.  nu stiu daca este o problema comuna, eu am returnat produsul imediat.;0.0;1;0;0.0;1
1308;din pacate nu poate incarca un s7 sau un lumia 650 cand este folosot cu gps in masina. telefonul se descarca in timp ce este conectat la incarcator.   pe s7 imi arata ca se incarca de la 10% la 100% in 5 ore.;0.0;1;0;0.0;0
1309;greu de aplicat. noroc ca de fapt sunt doua folii in pachet. daca nu reusesti din prima....;0.0;1;0;0.0;0
1310;incarcare solara slaba. as putea spune ca nu functioneaza. bateria livrara contine o zgarietura in zona ledurilor. in rest, bani aruncati in foc pentru material chinezesc de proasta calitate.  plus ca n-ar fi stricat sa tipariti instructiuni de folosire pe o bucata de hartie.;1.0;1;1;1.0;0
1311;slab calitativ, plastic de 2 bani, iar acumulatorul respectiv nu prea tine, sau tine foarte putin... parerea mea e ca nu merita.;1.0;1;0;0.0;1
1312;dc asta e baterie originala, inseamna ca habar nu aveti ce inseamna! o chinezarie infecta! tine mai putin decat bateria originala care o am de 2 ani! nu recomand!!!;0.0;1;0;0.0;1
1313;foarte proasta, nu s-a aplicat corespunzator.;0.0;1;0;0.0;1
1314;dupa o utilizare de o saptamana pot spune ca produsul nu merita cumparat. mie imi scapa telefonul de pe suport, chiar daca nu e vreo curba. o sa il returnez;0.0;1;0;0.0;1
1315;este intradevar o chinezarie. calitate inferioara. nu merita nici 20 de lei.;0.0;0;0;1.0;1
1316;"din pacate tot ce lauda multi pe aici sunt subscriptii contra-cost. cat despre produs in sine, este gandit 100% pt sua, de aici necesitatea de adaptoare, vpn si alte solutii date de unii. ganditi-va ca unii oameni vor un produs ""plug&play"" cum este google home, care este de infinit de ori mai bun mai intuitiv, mai destept si mai simpatic. si nu necesita atatea ""account""-uri la tot felul de servicii.";1.0;1;0;0.0;0
1317;foarte bune la inceput dar dupa 1-2 luni s-a stricat iar casca dreapta ( sunt la a doua pereche ). nu le recomand decat daca le tii in husa:);0.0;1;0;0.0;1
1318;nu are nicio treaba cu ce ar trebui sa faca. nu-l recomand.;0.0;1;0;0.0;1
1319;am dat comanda si mi-a venit un cablu usb - microusb de proasta calitate. ce i drept tot alb. nu l-am returnat ca e prea mult deranj pentru un cablu, desi ar fi trebuit si nu a fost o decizie deloc buna. probabil si pe delasarea asta mizeaza unii cand trimit aiurea. de evitat;0.0;0;0;0.0;1
1320;si eu am avut aceeasi surpriza... am comandat 'camuflajul' si m am trezit ca mi au trimis pe albastru. oricum am aruncat o direct la gunoi.... se auzea ca in caldare;0.0;1;1;0.0;1
1321;da descriu esperienta mea cu produsul ca nu tine bateria nici macar 3-4 ore nu mai zic sa activezi o aplicatie cum ar fi bt ca deja vb despre cu torul altceva deci in concluzie nu cuparati acest produs chiar daca specificatiile acestuia spun sa-l cumparati pt ca bateria nu va permite sa le folositi descrcanduse prea repede deci un mare nu nu nu la acest produs;0.0;1;0;0.0;1
1322;bateria a tinut vreo 6 sau 8 ore si are un volum foarte bun. basul este chiar ok si se conecteaza usor cu dispozitivele mele.  updatez review-ul pentru ca boxa nu mai functioneaza corespunzator, acus o saptamana sunetul a inceput sa fie tot mai distorsionat la volum mediu (dupa ce a dat crash si a trebuit sa tin apasat butonul de power 10 secunde) si boxa am luat o in noiembrie 2017. pe langa asta in loc sa fie schimbata sau reparata, am primit banii inapoi, acuma ar trebui sa o cumpar cu 10 lei mai mult decat pretul de anu trecut.;0.0;1;0;0.0;1
1323;magnetul este foarte slab, nu tine telefonul.;0.0;1;0;0.0;0
1324;nu este bun deloc abia incarca o jumatate de baterie;0.0;1;0;0.0;1
1325;ma asteptam la un fas dar ingerul negru m-a imboldit la prostii! radio prinde un post gajiit cu un cablu de 1metru in usb, de unde bas, de unde fidelitate cu difuzor de 5 wati nu de 10 cum se lauda descrierea, pe cutie e drept nu spune nimic, nici dimensiuni! dar este ideala in butoiul cu varza pe post de greutate!;0.0;1;0;0.0;1
1326;s-a stricat dupa o luna de functionare;0.0;1;0;0.0;0
1327;"am un xcover3 de doi ani, bateria era deja slabuta fapt pt care am decis sa-l schimb. am comandat aceasta baterie noua care a si sosit in cateva zile dar cand am desfacut punga am vazut ca este umflata. am decis, totusi, sa-l probez... cred ca nu trebuie sa spun ca nu tine nici atat cat cel vechi. sunt dezamagit, nu recomand vanzatorul. am platit 75 (cu transport) de roni degeaba. acesta este a doua oara cand sunt ""luat de fraier"", am mai comandat odata (tot de pe net dar de la alta firma) un acu pt. un nokia care nu se incarca deloc... data viitoare am sa ma duc la un magazin de telefonie unde pot sa vad si sa probez ce cumpar.";0.0;1;0;1.0;1
1328;nu o recomand. se blocheaza si nu poti face nimic sa iesi decat sa o inchizi si sa o repornesti iar plus ca a mai aparut si o pata pe display si acum sunt nevoit sa o trimet la service si astept sa vad daca nu cade vina pe mine.;0.0;1;0;0.0;1
1329;o mizerie, mai e si foarte mare pentru cei 10000 ma;1.0;0;0;0.0;1
1330;dupa 10 min de folosire nu mai merge. chinezarie ieftina nu merita;0.0;1;0;0.0;1
1331;un produs chinezesc, s-a stricat dupa o zi de utilizare...;0.0;1;0;0.0;0
1332;are o curea moale ca branza o sa vi se rupa din prima eu nici nu am putut sa il incarc pentru ca nu se incarca nici nu am putut sa il pornesc sa vad cum merge o chinezarie proasta nu cumparati;1.0;1;0;0.0;1
1333;dupa ~ 2sapt nu a mai functionat am descarcat-o complet si nu se mai incarca, are doar primul led aprins.. a stat si 3 zile in priza.. nu recomand.. am procurat alta baterie de care sunt fffff multumit (are peste 1200review.. sa nu ii fac reclama);0.0;1;0;0.0;1
1334;ie foart de proasta calitate in poza arate ca ieste original dar ieste mai prost ca la chinezi pa magazine ieste 20 de lei original;0.0;0;0;1.0;1
1335;il bate apple watch 3 din toate pozitiile pe asta.;0.0;0;0;0.0;1
1336;desi sunt pe deplin constient ca este o chinezarie ieftina, nu accept faptul ca nu merg toate aplicatiile ceasului. nu functioneaza mesajele (nu se pot vizualiza ) nu poti accesa comenzile camerei foto, etc. ceasul solicita permanent instalarea unei aplicatii bt notifier care chiar instalata, nu face nimic special. aplicatia sugerata de producator este de asemenea inutilizabila.;0.0;1;0;0.0;1
1337;dupa foar doua ore de functionare se aude un harait foarte deranjant... nu stiu daca asa sunt toate sau am eu ghinion. in mod cert o returnez.. nu recomand;0.0;1;0;0.0;1
1338;cel mai prost produs posibil. cablu nu mai functiona dupa 5 zile in conditii nirmale de functionare, incarcat exclusiv 5 nopti fara tras de cablu sau folosit telefon in timpul incarcarii;0.0;1;0;0.0;1
1339;este un produs extrem de prost. dupa o incarcare completa nu tine nici macar pentru o convorbire de 15 minute. in plus se aude foarte foarte rau. in plus, desi in toate;0.0;1;0;0.0;1
1340;nu se conecteaza cu dispozitive android.;0.0;0;0;0.0;1
1341;am comandat acest produs. mi-a ajuns deteriorat, coltul lovit. materialul este jalnic, calitatea sunetului mai proasta decat a unei boxe portabile de buzunar. nu recomand acest produs!;1.0;1;1;0.0;1
1342;nu tine deloc bateria, degeaba e de 3000mah. am schimbat telefonul, nu mai vreau sa aud de lg in viata mea!;0.0;1;0;0.0;1
1343;am luat unul si in cateva zile sa rupt bucatele a ramas magnetii prinsi pe telefon. (chinezarie);1.0;0;0;0.0;0
1344;viteza de scriere pe card 12mb /sec, viteza citire de pe card 30 mb /sec, am folosit un cititor de carduri usb 3 pe un port usb 3 din calculator, un card mediocru cu o reclama mincinoasa;0.0;1;0;0.0;1
1345;inutil, trei adulti n-am reusit sa-i dam de cap.... va fi returnat;0.0;0;0;0.0;1
1346;am cumparat acest produs, de la emag, pe firma. a sosit repede, a doua zi de la comandare.  nu incarca, decat intr-o anumita pozitie, pe care trebuie sa o cauti, mutand telefonul cate 2 mm, inspre toate punctele cardinale, cam dupa vreo 15-20 miscari, o gasesti.  eu nu amtimp de joaca, asa ca am vrut sa-l returnez.   am fost la showroom. nu l-au primit, caci e livrat de magazin partener.  am completat online, formularul de reclamatii.2 zile, n-a raspuns nimeni. azi am sunat.   mi s-a spus ca, pe firma nu se poate returna. trebuie trimis la service. m-a intrebat daca am formular de garantie. nu am primit. atunci asteptati pana vine formularul, apoi il trimiteti la service si..... probabil voi renunta, dar pa emag. pana acum am cumparat mult, de aici, dar aceasta a fost ultima mea cumparatura.;0.0;1;1;0.0;1
1347;am cumparat acest ceas pentru durata mare a baterie. aici chiar sta foarte bine, tine undeva la 30 de zile. stiam cand l-am cumparat cam tot despre el, mai ales pe partea smart. e un ceas bun daca nu ai nevlie de foarte multe chestii smart. vibreaza cand te suna cineva, primesti relativ repede notificarile, si cam atat. contra: se, deconecta tot timpul de la telefon, de 10ori pe minut. daca ridicam mana sa vb latelefon se deconecta. a veam o vibratie continua la mana. incercat cu samsung s6 si iphone 6s. aceasi problema. de aici si restul problemelor legate de conectivitate... mesaje venite cu intarziere, etc.  dupa 6 luni de incercar am renuntat sa mai astep un upgrate de la cei de la vector, si sa imi mai bat capul cu el asa ca l-am vandut;0.0;1;0;0.0;1
1348;ceasul este foarte frumos si de calitate, monitorizarea activitatilor este net superioara competitorilor.   nota mea este strict din cauza ca cineva insista sa numeasca aceste ceasuri smartwatchuri.   in opinia mea un smartwatch trebuie sa ofere mult mai mult decat monitorizarea diverselor activitati.   consider ca ceasurilor garmin li se portiveste mult mai bine denumirea de daily tracker sau tracking device, mai au mult pana sa ajunga la prefixul smart;1.0;1;0;0.0;0
1349;"este o ""chinezarie"" ieftina. din toate functiile pe care se lauda ca le are, doar trei functioneaza bine: pedometrul, ceasul si ritmul cardiac.";0.0;1;0;0.0;1
1350;nu este original;0.0;0;0;0.0;1
1351;nu se conecteaza la nicio aplicatie chiar daca am urmat toti pasii din instructiuni! nu poate fi folosit nuci macar ca ceas:)) am incercat doua, asa ca aveti grija cu produsul acesta;0.0;1;0;0.0;1
1352;daca apesi putin mai tare risti sa cada butoanele, ies de unde le e locul sau intra in casca. mi-a luat destul de mult sa le conectez pe ambele la telefon ca dupa sa trebuiasca sa o fac dupa ce am inchis bluetooth-ul. nu recomand!;1.0;0;0;0.0;1
1353;mizerie, m-am conectat o singura data a functionat apoi nu mai functioneaza, am aruncat cutia ca altfel retur. sambata au sosit duminica nu mai functionau. mizerie chinezeasca ii lauda.;0.0;1;0;0.0;1
1354;cureaua nu se potriveste estetic cu ceasul(s3 frontier). este incomoda, nu recomand.;1.0;0;0;0.0;1
1355;il am de o saptamina, dar nu sint multumita de el, bateria tine 8-10ore nu mai mult. si folia de protectie a vazut a doua zi. nu il recomand sunt dezamagita total.;0.0;1;0;0.0;1
1356;acest produs (sau cel putin cel primit de mine) este un fake ordinar. are exact aceleasi specificatii ca cel original(scrise pe el), dar in realitate e un produs de slaba calitate. spre exemplu: cuplat la el cu 37%, dupa zece minute era la fel si imi spunea ca mai are 4 ore si 51 de minute cuplat la original arata 1 ora si 8 minute. nu recomand. voi returna.;0.0;1;0;0.0;1
1357;sistem cu banda adeziva care colecteaza praful, am incercat sa il curat si s-a rupt;1.0;0;0;0.0;0
1358;nu se aude bine, se tot intrerupe;0.0;1;0;0.0;0
1359;daca te indepartezi cca 4 m deja bipaie ca nu mai esti in raza telefonului.  distanta era de la iesirea din bucatarie 1,5 m pana pe hol 2,5 m despatindu-ne un zid;0.0;1;0;0.0;0
1360;foarte slaba calitate!   bateria nu tine mai mult de 30 min, iar rezistenta la apa e defapt doar la stropi  din a 3-a zi s-a stricat mufa de incarcare.. microusb din boxa si nu mai incarca.. mai bine cautati altceva!;1.0;1;0;0.0;1
1361;magnetul foarte slab nu tine telefonul nu recomand!;0.0;1;0;0.0;1
1362;low quality, weak product.;0.0;0;0;0.0;1
1363;este un produs oribil;0.0;0;0;0.0;1
1364;am folosit cateva luni pana cand s-a dezlipit din spate iar plasticul este foarte casant (s-a crapat dupa cateva socuri minore)... nu recomand hoco;1.0;0;0;0.0;1
1365;am cumparat o pereche acum o zi si cand vorbesc la telefon, se aude foarte incet. la casti se aude bine muzica dar asta e problma foarte mare cu microfonu.;0.0;1;0;0.0;0
1366;la fel de inutil ca acumulatorul folosit 2 ani;0.0;0;0;0.0;1
1367;buna, cutie desigilata si lipsa instructiuni.  nu se potrivesc gaurile, nici la camera nici la difuzor.  folia este mai mare (chiar daca este fortata un pic sus) si nu sta lipita in partea de jos.  am cumparat si pt huawei p10 lite dar nici aceea nu se potriveste.  nu recomand fan gsm... dar fiecare face ceea ce doreste, poate aveti alt noroc eu doar am pierdut banii deoarece fiind desfacute nu mai pot face retur pe ele, macar daca aveam inspiratia sa compar foliile cu telefoanele inainte sa desfac accesoriile.  toate cele bune;0.0;0;1;1.0;1
1368;total inutila. este de buna calitate, se vede asta, dar nu acopera integral fata telefonului. raman 2 mm pe ambele laterale. este prea ingusta. daca marginile nu sunt acoperite, este inutila. ca sa nu mai spun ca se vede groaznic. si am mai dat si 75 de ron cu tot cu curier. foarte, foarte dezamagit.;1.0;1;0;1.0;1
1369;am cumparat bateria asta de 10 zile, in primele zile parea ca functioneaza totul perfect si chiar m-a tinea bateria o zi intreaga! azi a inceput sa am probleme, in nici 4 ore telefonul e mort si fara sa il folosesc! nu recomand la nimeni;0.0;1;0;0.0;1
1370;nu recomand, folia este mai mare decat telefonul si nu se aliniaza bine locurile taiate pentru difuzoarele telefonului.    am atasat si doua poze in care se vede ca daca incerci sa aliniezi unul din locurile de difuzor, al doilea nu se mai potriveste.;0.0;1;0;0.0;1
1371;nu este buna de nimic, nu merita cumparata, daca dai volumul la maxim se aude distorsionat, si se deconecteaza automat de la bluetooth, nu recomand!!!;0.0;1;0;0.0;1
1372;spevificatiile produsului sunt inselatoare. powerbankul nu are 10 cm lungime si nici 4 cm latime. in plus produsul a venit resigilat.;0.0;0;0;0.0;1
1373;s-a stricat dupa o singura utilizare, de 3 zile;0.0;1;0;0.0;0
1374;nu am reusit sa-l folosesc nicio secunda. s-a rupt cand am vrut sa-l atasez. foarte slab calitativ, bani aruncati.;1.0;1;0;1.0;0
1375;nu recomand in cazul in care folositi pt telefon in pozitie verticala, nu strange destul si se rupe usor.;1.0;1;0;0.0;1
1376;pur si simplu nu vrea sa mai incarce dupa nici o luna si jumatate de utilizare;0.0;1;0;0.0;0
1377;in prima zi sa rupt siliconul pe la tabla aia. foarte prost calitativ;1.0;0;0;0.0;1
1378;"am avut o experienta buna timp de 2 luni cu boxa, sunetul este unul foarte clar, m-am conformat cu faptul ca duce lipsa de bass, iar bateria tinea destul de mult. design-ul si textura mi-au atras atentia, mai ales faptul ca era o boxa ""rezistenta"", totusi nenorocul mi-a suras, iar intr-o zi, in timp ce ascultam muzica la un nivel mediu unul din difuzoare a luat decizia de a se strica, in conditiile in care boxa nu a fost scapata, sau testata sub apa. imi pare rau, dar aceasta a fost experienta mea, recomand jbl.";1.0;1;0;0.0;1
1379;s-a stricat dupa aproximativ 5 utilizari. se aprinde ledul cand este la incarcat dar nu incarca. cablul cu care vine la fel de prost! o mizerie;0.0;1;0;0.0;1
1380;cablul nu este unul original, asa cum arata anuntul de pe emag sau factura primita impreuna cu produsul.;0.0;0;0;0.0;1
1381;matrialul din care este facuta ventuza este mai mult   un lipici decat cauciuc. la caldura se dilata foarte mult. de asemenea s-a dezmembrat dupa nici o luna de tinut pe parbriz. la acest produs pretul spune totul.;1.0;1;0;1.0;0
1382;sunt dezamagit de emag ca permite sa se vanda astfel de produse pe site-ul lor.  spun asta in primul rand pentru ca cei care o prezinta si o vand mint in specificatii in leg cu cele 2x10 difuzoare.   - boxa nu are 2x10. chestiile care se vad in poze in lateral sunt niste difuzoare false. de fapt boxa are un singur difuzor central de calitate slaba.  - butoanele sunt de calitate foarte slaba.  - singurul avantaj as spune ca este bateria care are autonomie mare.    si boxa mea este rosie in loc de camouflage si a venit cu membranele laterale ale difuzoarelor false zgariate.  desi stiam ca este un fake si nu aveam asteptari foarte mari cu privire la calitatea produsului nu ma asteptam sa fiu inselat in legatura cu specificatiile sale. lucrul asta scade increderea in emag.;1.0;1;1;0.0;1
1383;dupa 3 zile de functionare, cred ca a luat foc sau ceva, s a incins foarte tare si nu mai merge nici cablu nici adaptoru de priza... vai de el;0.0;1;0;0.0;1
1384;o mare porcarie;0.0;0;0;0.0;1
1385;foarte bun, incarca destul de repede.. asta daca nu primesti o notificare/mesaj/apel si nu ai vazut... se deconecteaza... telefonul se deconecteaza de la incarcat la o notificare.. deci daca il pui la incarcat si primesti imediat o notificare si il iei dupa 1-2 ore si iti trebuie urgent ai pus-o.. ca nu se incarca. in rest functioneaza perfect pe un s6 edge si chiar arata frumos ca aspect pe birou. doar ca trebuie sa mai il verifici din cand in cand sa nu fi primit ceva.;1.0;1;0;0.0;0
1386;o folosesc ocazional de 7 luni si este slaba. capacitatea nu este de 10.000 mah, undeva la 7k mah.    curentul de iesire de sub 1 ah nicidecum de 1.5 ah.    o incarcare unui telefon epuizat de 3300 mah dureaza peste 3 ore jumatate, calculate si voi.;1.0;1;0;0.0;1
1387;pro:  -design placut  -placa electronica cu urmatoarele caracteristici:   *iesire 2,1a in total indiferent de port, cu o medie in jur de 2a  *intrare 2a in medie, cu incarcare in impulsuri la anumite intervale de timp.  *protectie la scurt-circuit direct pe placa, nu am testat si la polaritate inversa,   *protectie la descarcare 2,85v, iar la incarcare 4,17v.  *tensiune de iesire stabila chiar si la 1,4a, fiind undeva la 4,92v.   *mufe foarte bune, toate trei,  -lanterna    contra:  -acumulatorii. desi au 42 de grame, 5 la numar, dupa conversia la 5v, acestia ofera un maxim de 3500mah, respectiv 3200mah la al doilea produs, masurati cu becuri, aprate de masura conventionale si cabluri artizanale. bateria externa ar fi trebuit sa debiteze un minim de 5a, din cei 8a declarati. chiar si daca ar fi fost asa, randamentul greutate-eficienta ar fi fost slab. un acumulator de 8a cu 5a debitati, are in medie 200g, iar acesta cu 3,5a are in jur de 260 grame. bateriile nu sunt marcate, iar legarea lor in interior nu este eficienta, astfel ca doua au o tensiune mai mare decat celelate trei, cu 2-3 unitati. eu le-am legat toate 10, din doua aparate, si am obtinut o tensiune stabila pe toate 10, dupa 24 de ore, de aproximativ, 4,09v, oarecum slabut, tinand cont ca ele sunt incarcate pana la 4,17v, si ar fi trebuit sa ramana pe la 4,13v. carcasa este lipita, asadar nu o puteti deschide fara sa o stricati. eu am cumparat doua bucati, nu-mi pare rau, le-am luat foarte ieftin, dar daca as fi stiut de capacitatea lor reala, nu le-as mai fi cumparat. placa electronica e cat de cat, dar ca intreg, probabil ca nu ar merita mai mult de 25-30 de lei, eu achizitionandu-le cu putin peste. placa electronica are 4,5 stele, iar acumulatorii, 3 stele cu minus.;1.0;0;0;1.0;0
1388;bateria este mai slaba decat cea veche. se descarca in cateva ore dupa incarcare 100%. la27% dupa 6ore stand by se inchide smartfonul. procedura de retur nu merita efortul la valoarea ei. nu recomand.;0.0;1;0;0.0;1
1389;s a rupt cureaua dupa nici doua saptamani, e o risipa de bani acest ceas.;1.0;0;0;1.0;0
1390;castile sunt execrabile, au urme de uzura, aveau inclusiv ceara de urechi pe ele, am incercat sa le incarc si dupa 10 minute era sa ia cablul foc. este o experienta care ma pune serios pe ganduri daca sa mai achizitionez asa ceva..... sunt profund dezamagit. rusine pentru astfel de comercianti;1.0;1;0;0.0;1
1391;nu l-am purtat niciodata de cand am cumparat acest ceas, am bagat o cartela de telekom in el sa vad cum merge ba prindea semnal ba nu prindea deci ca si telefon sa suni nu poti sa-l folosesti tre sa ai noroc sa ai retea, cand se consuma bateria ceasul nu ramane memorat trebuie apoi din nou sa setezi ora, scrisul e foarte mic deci sa setezi ora nu e asa rapid, stau mereu sa setez ora cand bateria se descarca? nu e bun de nimic;0.0;1;0;0.0;1
1392;am detinut un smartwatch poseidon si a trebuit sa-l returnez urmatoarea zi, bateria se consuma 45% in 30 min, se deconecta des de la telefon (samsung galaxy s7).;0.0;1;0;0.0;1
1393;mie mi-au gresit culoarea. comandasem una crem pentru a fi mai discret dar am primit una neagra mica si destul de buna, totusi. sta bine in ureche (dreapta). eu o folosesc mai mult pentru a asculta audiobook-uri. pentru a va face bine intelesi in convorbiri telefonice trebuie sa tineti mana in dreptul urechii pentru a directiona vocea de la gura la microfonul dispozitivului, poate ati vazut gestul asta in filmele cu spioni. eu as mai comanda una, daca se poate de data asta sa-mi trimita una crem, daca nu, num  p.s. dupa o saptamana a murit.;1.0;1;1;0.0;0
1394;foarte proasta nu incarca;0.0;1;0;0.0;1
1395;produsul nu se potriveste descrierii si nu are toate functile mentionate;0.0;1;0;0.0;1
1396;total dezamagit de produs. am crezut ca este un produs apple original dar nu a fost asa. bateria originala tinea aprox. o zi, iar cea noua nici macar 1/2 zi. multumesc emag pentru promtitudinea serviciilor;0.0;1;0;0.0;1
1397;tocmai am achizitionat unul pt fiul meu, bateria nu tine decat 3 ore in standby;0.0;1;0;0.0;0
1398;dezamagit! doar 1 usb functioneaza din cele 2 iar garantia era in cutia incarcatorului, pe care am aruncato, fara sa intuiesc ca nu as aveao si pe email sau in format electronic.;0.0;1;0;0.0;1
1399;lentila wide a venit cu defect, imaginea este stearsa in centru. se vede defectul de fabricatie, materialul lentilei este texturata. in rest, celelalte componente sunt ok.;1.0;1;0;0.0;0
1400;cel mai prost produs!!! e un produs 'reusit' made in china+ nici vorba sa poti purta husa avand aceasta folie pe telefon pt ca se va desprinde imediat;1.0;0;0;0.0;1
1401;castile sunt slab calitativ, dar la cat costa probabil nu ar trebui sa avem pretentii ridicate. bateria tine foarte putin spre deloc, aprox 25 min de ascultat muzica. pe convorbire telefonica nu le-am testat bateria, le-am dat retur, se aud infundat, iar persoana cu care vorbesti te aude slab... per total nu recomand produsul.;0.0;1;0;0.0;1
1402;nu aveam foarte multe asteptari si pretentii de la acest produs, dar, nu face ceea ce scrie in specificatii. am reusit sa inregistrez aproape o ora de filmare, dar nu continuu, ci in 5 reprize de 10 minute. nu am reusit altfel, desi am incercat de mai multe ori. calitatea filmarii acceptabila, insa unghiul de filmare, foarte mic. pe lumina slaba, poti sa uiti de filmare. calitate sunet, decenta. ce scrie in manual/instructiuni nu corespunde cu ceea ce face stickul, este nefolositor mai ales ca unul din butoane, este numai de design. am incercat sa fac poze, inregistrari audio, nici o sansa, doar inregistrare video cu sunet. poate nu este manualul corespunzator acestui stick. as vrea o demonstratie de la cei care il comercializeaza sau cei care il lauda in review-uri, eventual, niste instructiuni corecte.  nu recomand produsul.;1.0;1;0;0.0;1
1403;am acest produs de doua saptamani. initial am fost relativ incantat de aspect si functionalitate, dar......... la un moment dat am fost nevoit sa scot tableta si am incercat sa o refixez dupa cateva zile..... rezultatul?...... s-a rupt o brida de prindere (partea din plastic).... deci, la a doua fixare a tabletei...... si am facut-o cu mare grija, din doua motive: unul, sa nu rup acele bride:) si doi, sa protejez tableta de eventuale zgarieturi in zonele de prindere...... in concluzie, probabil sunt si eu ghinionist, nu va cumparati asa ceva........ sa vad daca pot rezolva ceva cu garantia...... daca rezolv, mai pun o stea, mai multe, nu.....:);1.0;0;0;0.0;1
1404;butonul bt nu functioneaza si se aude ca vechiul flip 3, sunt foarte dezamagit de ea. am trimis-o la garantie, sper sa primesc ce asteptam.;1.0;1;0;0.0;0
1405;a mers 2 zile dupa care nu a mai mers;0.0;1;0;0.0;0
1406;pentru un acumulator extern este nu mare, extraordinar de mare!  nu recomand. sunt altele si mai mici pe piata!!!;1.0;0;0;0.0;1
1407;la 5 minute dupa ce am deschis cutia am facut cerere de retur... ecranul era deformat, touch/il nu functioneaza corect, ma intreb daca are cineva una functionala.;0.0;1;0;0.0;1
1408;nu este de calitate. dupa 2 zile s-a desfacut mufa de alimentare a telefonului.;1.0;0;0;0.0;1
1409;o incarcare de 98% la huawei p20 lite si au disparut 2 beculete, dezamagit in totalitate, retur;0.0;1;0;0.0;1
1410;de la trecerile de temperatura.. casa.. afar... geamul se abureste incontinu.. fara a fi bagat in apa.. este un ceas de maxim 90 ron... eu unu sincer nu-l recomand... am sa-l returnez... un produs de slaba calitate la banii ceruti pe el..;1.0;0;0;1.0;1
1411;chiar deloc nu sunt incantat. adica produsul e ok ca si calitate, dar odata conectat la telefon, dupa ce vorbesti la telefon sau primesti cate un mesaj i se schimba culoarea ecranului desi este setat sa stea pe negru de exemplu (are o functie care iti permite sa faci ecranul cu fond negru sau alb, dupa preferinte). per total nu sunt foarte multumit dar... asta e. il tin pe dulap;1.0;1;0;0.0;1
1412;"am achizitionat aceasta folie de sticla direct de la temperedglass (nu prin intermediul emag).  la prima vedere: vine intr-un pachet care inspira ceva calitate. montajul se realizeaza usor si in final arata foarte bine pe telefon. decupajele sunt bune iar raspunsul touch-ului este excelent.  problema vine atunci cand incepe sa se dezlipeasca... prima oara am patit-o dupa cateva zile in coltul din stanga jos dar s-a remediat usor printr-o usoara apasare. acum insa arata ca in pozele attashate... si din pacate nu am mai putut sa remediez.  mentionez ca folia am aplicat-o corect, nu sunt la prima folie pe care o aplic.  ""ei"" spun ca ofera calitate... dar cel putin in cazul meu nu s-a dovedit asa. am cumparat cea mai scumpa folie de sticla in speranta ca va fi si calitativa... dar se pare ca o chinezarie ramane o chinezarie si totul depinde de noroc.    fiti cu bagare de seama ca ofera 30 de zile garantie lucru care il veti vedea pe factura aferenta. durata de viata medie 3 luni. nu stiu cum emag scrie la capitolul garantie ca ofera 12 luni, repet eu nu am luat prin intermediul emag.   cititi articolele si review-urile celor cu iphone 6... toti se plang de ei...  cand i-am contactat pe cei de la temperedglass si le-am expus problema mi-au ras in fata si mi-au spus ca termenul de garantie este depasit. este adevarat ca mi s-a intamplat la 45 de zile de la cumparare. nu aveam mari pretentii de la ei dar chiar si asa... felul in care au tratat problema lasa de dorit.";1.0;1;1;1.0;1
1413;"produsul mi-a sosit intr-un ambalaj deteriorat (la fel si ambalajul pentru selfie stick-ul primit cadou). l-am achizitionat cu intentia de a-l face cadou. din pacate, nu poate fi folosit cu un sim digi mobil (persoana foloseste reteaua digi...). ciudat pentru ca la descrierea produsului era specificat faptul ca "" ceasul este decodat, poate functiona in retelele din romania"", pt ca ulterior, dupa insiruirea altor caracteristici sa apara si "" telefonul functioneaza in retelele orange, vodafone si telekom"", iar intr-o alta descriere a produsului am gasit ulterior ca "" ceasul este decodat, poate functiona in retelele din romania mai putin digi"". nu exista transparenta clara si unitara in desctierea produsului. folosirea bluetooth-ul nu renteaza deoarece atat bateria telefonului cat si cea a ceasului se consuma in cateva ore. ca atare, daca nu se foloseste un sim card compatibil cu cele 3 retelele mobile cunoscute in romania nu se merita investitia.";0.0;1;1;0.0;1
1414;"sunt un fan al produselor garmin. detin deja un gps garmin 64 st, dar m-am hotarat sa fac un upgrade si sa ma orientez dupa un fenix 5.  dupa cca 1 an de tatonari si citit impresii si pareri, profitand de o oferta buna, m-am decis si am achizitionat mult laudatul garmin fenix 5.  arata si se aseaza pe mana foarte bine, fara a te incomoda in orice activitate pe care o desfasori.  fiind o persoana cu o activitate de teren foarte intensa, nu m-am concentrat decat pe acele functionalitati care ma interesau: gps, puls, altitudine, barometru, calorii, sincronizare cu senzori externi, busola, pasi, navigatie etc.  pentru a-l verifica ca si acuratete, am purtat in paralel si gps-ul 64 st.  dupa aproape o luna de folosire intensa iata care sunt parerile mele pur personale:  -activitate inregistrata prin gps este ok (distanta, viteza masurata, etc). cand descarci traseul si il pui pe o harta, constati o abatere semnificativa de la ruta reala (50-100m, uneori chiar si mai mult).  -busola este exacta, la fel si masurarea pulsului.  -o mare problema am avut-o cu inregistrarea altitudinii, indiferent ce setari i-as fi facut. ceasul meu nu inregistra constant modificarile de altitudine pe traseul pe care il parcurgeam. daca ii calibram la inceput altitudinea cu ajutorul gps-ului, calibrandu-i cu aceasta ocazie si barometrul, cu aceleasi date ajungeam si la sfarsitul traseului, chiar daca diferenta de nivel era de cateva sute de metri. in acest timp 64st-ul meu inregistra fara probleme modificarile de altitudine si presiune. ca sa vad altitudinea pe traseu, trebuia mereu sa o calibrez. modificand altitudinea se schimba mereu si presiunea, de unde invariabil pornea si avertizarea ""storm alert"". foarte frustrant!  -de mentionat ca altitudinea masurata de ceas comparativ cu 64 st arata o diferenta de 20-30 de metri. intr-o zi diferenta a fost chiar de 300 de metri(!!!).  -treaba cu pasii este o gluma nefericita. daca tii ceasul in permanenta la mana, dimineata la baie cand te barbieresti si te speli pe dinti, aduni fara probleme 800-1000 de pasi doar din miscarile mainii in fata oglinzii. mentionez ca sunt stangaci, iar ceasul este tinut pe mana stanga.  -o alta problema stresanta, zilnica, a fost deconectarea-reconectarea in permanenta de la garmin conect-ul instalat pe telefon. se intampla si de cate 3-4 ori pe minut.   -mi-am completat arsenalul garmin cu un senzor de temperatura extern ant+.   garmin 64st-ul l-a recunoscut si a indicat temperatura din prima, dar fenix 5-ul s-a sicronizat cu mare greutate. dupa ce s-a sicronizat si mi-a aratat temperatura, provocandu-mi in sfarsit o mare bucurie, temp-ul meu a inceput sa-mi indice ca nu este conectat, iar temperatura a disparut de pe ecran. a trebuit din nou sa sincronizez, dar afisarea era facuta cu intermitenta.  cand am dat ceasul jos de la mana, dupa o saptamana de folosire continua, pielea era urzicata toata, sub curea si locul unde erau senzorii pentru puls. urmele ceasului se vad si acum cand scriu aceste randuri, la trei zile dupa ce l-am dat jos de la mana. nu recomand folosirea lui continua.   a fost picatura care a umplut paharul. deoarece era a 29-a zi de cand il cumparasem, am completat formularul de retur si l-am trimis inapoi, fara nici o urma de regret.  nu stiu daca am avut eu ghinionul sa primesc un ceas cu probleme, dar aceasta este aventura mea cu fenix 5.  am avut asteptari mari, dar dezamagirea a fost crunta.";1.0;1;0;0.0;1
1415;am primit alt produs... de foarte proasta calitate - am comandat folia de sticla producator guardline si am primit-o pe cea produsa de blue star, dar avand incredere in produsele cumparate de la emag (sunt o clienta destul de fidela) nu am mai vrut sa trec prin bataia de cap cu returnarea produsului si am montat folia primita, care este prea ingusta, nu se lipeste bine, desi am urmat exact instructiunile si are pete pe suprafata siliconata - o dezamgire totala.;1.0;1;1;0.0;1
1416;"baterie de calitate execrabila. pret de achizitie: 140 lei.     -nu incarca simultan 2 dispozitive, desi pe cutie scrie ca poate  -este 100%, conectez telefonul la ea, scade la 80% in 5 minute. dupa se comporta normal  -pixeli defecti la afisajul digital  -produs achizitionat sub descrierea de ""nou"". cand am deschis cutia se vedea ca a fost umblat la baterie. produs primit resigilat!!!    am trimis-o in garantie dupa abia 3 zile de folosire. sper ca va fi reparata sau voi primi un model fara defectiuni. revin cu un edit dupa.  pana atunci, nu recomand.   mai bine mai puneti 20 de lei si luati 2 asus uri de 10 000 mah fiecare, care costa 80 de lei bucata.";0.0;1;1;1.0;1
1417;bateria se descarca f repede. nu recomand.;0.0;1;0;0.0;1
1418;da dar curelile se deslipesc in rest facebook si chrome nu merg in rest ie bun;1.0;0;0;0.0;1
1419;niste casti foarte proaste! desi au un pret ok! nu recomand aceste casti! dupa o saptamana casca cu microfonul nu mai mergea! dupa trei saptamani nu mai mergea nici cealallta casca! folosindule putin!;0.0;1;0;1.0;1
1420;a tinut din prima la fel cu cea uzata de 2 ani de la samsung. apoi, a tinut din ce in ce mai putin umflandu-se. pana sa le dau cu ea in cap celor de la firma asta de cacao, importgsm, se umflase ca un butoi. nu e emag de vina, dar ar trebui sa nu mai bage in seama astfel de firme de 2 bani. am luat cu aproape acelasi pret 3 baterii direct de la chinzi care merg ca unele originale in toate cele 3 telefonae pentru care le-am luat.;0.0;1;0;1.0;1
1421;"teoretic: ""potrivit celor mai multe tipuri de telefoane mobile, includ telefoane smartphone si tablete.""  practic nu e compatibil cu: nexus 5xs, ihunt onelove, ihunt s9";0.0;0;0;0.0;1
1422;am achizitionat aceasta bratara, dar nu o recomand. eu am returnat-o, intre timp, pentru ca:  * in momentul cand tastam la calculator ma vedea ca si cand as merge (cateva sute de pasi),   * in timp ce mergeam cu masina in lua in calcul distanta ca si cand as fi mers pe jos,   * in decursul a 8 ore de serviciu, stand doar la calculator, mi-a contorizat aproximativ 2500 de pasi.  * intr-o ora de sala imi arata ca as fi ars 1800 de calorii,  * nu se sincroniza cu telefonul, desi acesta era un samsung model 2016, in schimb cu calculatorul s-a sincronzat perfect, chiar si-a facut si update.  nota 10 pentru cei de la emag craiova foarte prompti atat cu livrarea, cat si cu returul, insa brata nu isi merita banii.;0.0;1;1;1.0;1
1423;am achizitionat aceasta bratara pe data de 10 aprilie pt sotul meu dar nu este deloc incantat de ea deoarece bateria nu tine mai mult de 1 zi.;0.0;1;0;0.0;1
1424;dupa o luna de zile bateria a murit fara sa se aprinda notificarea pe ecran, iar dupa ce am schimbat bateria capacul din spate nu se mai fixeaza. o prostie de ceas.;0.0;1;0;0.0;1
1425;are stecherul rabatant dar prea scurt pentru a fi bagat in priza. deloc practic. facut fara cap.;1.0;0;0;0.0;0
1426;am luat doua buc. una pt mine, una pt tatal meu. ambele s-au rupt la prima manevrare, cand am apasat clapeta de la ventuza. pur si simplu s-a rupt plasicul bucati si arcul a zburat. bani aruncati;1.0;1;0;1.0;0
1427;nu a reusit sa incarce un p9 energy baterie de 5000 avand in vedere ca acumulatorul extern are 10000... conform specificatiilor.;0.0;1;0;0.0;0
1428;cred ca este cea mai proasta alegere pe care am reusit sa o fac.   1. are o problema de conectare cu telefonul mobil, un galaxy s8. se deconecteaza frecvent, nu se reconecteaza, practic este inutilizabil ca si smartwatch - notificare. nici versiunea 5.0 a sw ului nu a reusit sa repare acest impediment.  2. bateria mai mult de 2 zile nu ma tine, cu hr ul oprit, doar cu notificarea activata, in conditiile in care la specificatii are trecute vreo 7 zile.;0.0;1;0;0.0;1
1429;rating-ul este pentru produs, nu pentru livrare (care a fost, deasemenea, dezamagitoare).  o stea pentru ca:  - le-am desfacut din cutie, butonul de volum +/- nu mergea  - am sunat pe cineva, nu am inteles nimic (si nici nu am fost inteles de cel cu care vorbeam) din fundul butoiului probabil ca s-ar fi auzit mai bine  - am incercat sa ascult muzica (pe langa faptul ca dupa 15 min au inceput sa ma doara urechile din cauza plasticului rigid, sunetul este deplorabil).    nu sunt pretentios, dar comparativ cu castile standard pe care le-am avut de la samsung a5, nu pot sa recomand asa ceva (nici macar pentru 11 lei, cat costa acum).;1.0;1;1;1.0;1
1430;un produs mizerabil. l am primit si pe langa faptul ca este descarcat, dupa ce staub2 ore sa se incarce se descarca imediat in 2 minute de la 100% la 0% si castiile nu pot funciona simultan. amandoua se pot conecta dar doar una functioneaza iar cealalta nu.;0.0;1;0;0.0;1
1431;nu sunt prea multumita din cauza touch-ului ca sa scrii ceva sa cauti ceva pe google iti ia foarte mult timp deoarece pur si simplu nu poti sa scrii nu se apasa pe litere trebuie sa alesi de 4,5 ori sa poti scrie cuvantul joc sau ca cauti altceva e jale mai venit sa o spart. in schimb pe youtube merge perfect pe jocuri binisor.;0.0;1;0;0.0;1
1432;dezamagitor casa sa tina 10 ore nu trebuie sa vb mai mult de 5 min iar pana la 24 de ore mai este mult;0.0;1;0;0.0;1
1433;am cumparat un set de casti samsung, insa acestea nu se ridicau la performantele celor din pachetul telefonului (s7). dupa cca 2 luni de utilizare s-au defectat.;0.0;1;0;0.0;0
1434;o casca nu merge, cealalta se aude super naspa...;0.0;1;0;0.0;0
1435;nu l-am cumparat de la emag dar nu sunt multumit deloc de produs, ieftin si prost. este pentru telefoanele din paleolitic, vibreaza, are joc oricat l-ai strange. nu recomand deloc.;1.0;0;0;1.0;1
1436;eo mare porcarie.. toate datele sunt eronate;0.0;0;0;0.0;1
1437;detin tableta de 7 luni si nu sunt multumit deloc, ecranul... o mizerie, mai sa te zgarie pixelii pe retina. bateria e ok, tine destul. se incalzeste tare daca incerci sa joci ceva mai mofturos. per total... nu merita...;0.0;1;0;0.0;1
1438;oribile!!!! nu cumparati!!!;0.0;0;0;0.0;1
1439;un produs mai prost nici ca se putea... departe de ce scrie in prezentare. nu are incarcator, telecomanda nu functioneaza, nu are troler, comenzile de la butoane sunt preluate cu mare greutate etc.;0.0;1;0;0.0;1
1440;incarcarea ipad sau iphone nu functioneaza pur si simplu.  dezamagitor.;0.0;1;0;0.0;1
1441;nu gasesc care este aplicatia de android pentru aceasta bratara. de pe un lg g5 nu dau de ea. nu e intuitiva, are navigare prin meniuri extrem de sensibila doar inainte. nu inteleg cand masoara pasi, nu inregistreaza nimic. practic inutilizabila, regret profund ca nu am returnat-o si mai ales ca am achizitionat-o.;1.0;1;0;0.0;1
1442;azi 20.11.2018 am facut mail de returnare a produsul nu sunt ok se adus incet knd vrei sa vb prin ele si nu se pot conecta ambele la orice model de telefon;0.0;1;0;0.0;1
1443;in primul rand nu corespunde culoarea, in poza arata rosu in realitate e un fel de maro visiniu. pedometrul nu corespunde iar daca ar fi sa ma iau dupa cat arata ca am tensiunea ar trebui sa merg direct la spital. il returnez ca e slab.;0.0;1;1;0.0;1
1444;a functionat perfect...2 zile si atat. m-am fript de prea multe ori cu memorii de la kingstone, asta a fost ultima data.;0.0;1;0;0.0;1
1445;am dat o stea doar pentru ca nu este specificata marimea curelei! am comandat 4 bucati si toate sunt mici (marime s);1.0;0;0;0.0;0
1446;nu ai siguranta cand intinzi batul... se indoaie f mult. iti e frica sa il strangi in mana sa nu il crapi.   chiar daca e intuitiv nu vine cu un minim manual de specificatii cum ar fi capacitatea/durata de incarcare a bateriei... etc.   e clasicul ieftin si slab calitativ;1.0;1;0;1.0;0
1447;in 2 ore a incarcat pana la 10%.;0.0;1;0;0.0;0
1448;"folia nu se potriveste cu dimensiunea ecranului telefonului xiaomi mi4i.   desi am urmat intocmai instructiunile de montare, folia nu se lipeste bine pe display, ramanand o bula de aer pe toata partea de sus a acestuia. daca presez pe folie in zona respectiva, bula dispare, insa reapare imediat ce se elibereaza presiunea.  am trimis e-mail cu poze la furnizor, din care se vedea ca folia este mai mica decat ecranul si am primit raspunsul ""folia este conforma modelului"". inca nu mi-au raspuns la intrebarea legata de faptul ca folia nu se lipeste bine.  precizez ca am facut prostia sa cumpar folia direct de la temperedglass, nu de la emag.";1.0;1;0;0.0;0
1449;"nu recomand. azi mi-a ajuns ""folia"". este o porcarie, nici macar nu protejeaza intr-un fel telefonul. acest produs merita -10 stele.";0.0;1;0;0.0;1
1450;trebuie resetat foarte des. inca nu am gasit aplicatia care sa fie ok si cu care sa pot folosi toate functiile exact asa cum trebuie. cand reda muzica se intrerupe.;0.0;1;0;0.0;0
1451;nu recomand, se aude bine dar nu se poate face karaoke, in momentul cand incepi sa vorbesti la microfon se opreste muzica, cand schimbi de la radio la bluetooth te anunta in limba chineza, e naspa la petreceri sa auzi cum vb chineza. pretul e prea mare pt ce poate face. vreau retur dar e complicata politica de returnare. am facut formularul de retur dar dureaza mult.;1.0;1;0;1.0;1
1452;foarte incomode, bateria tine f putin,;1.0;1;0;0.0;0
1453;am cumparat acest cablu in speranta ca imi voi elibera o priza dar na faost sa fie. daca conectez cablu la pc si la tableata cand este 3-4% bateria dupa aprox. 15-20 sec imi arata ca bateria este 100% si dupa ce il scot dupa vreo 20 sec iar imi apare baterie descarcata sau se opreste direct  am incercat sa il las la incarcat si s-a oprit de tot nemaiputand nici porni   tableta este vonino speed star s pro  pro:: nimic  contra:: nu incarca;0.0;1;0;0.0;1
1454;foarte proasta. nu se pliaza perfect pe ecran si intra impuritati sub folie...... etc;0.0;1;0;0.0;1
1455;foarte slab, nu recomamd, cade telefonul de pe el;0.0;1;0;0.0;1
1456;este un produs foarte prost, poate la tractor sa fie util, ca la masina mi-a stricat grila..... nici nu sta fix, nu recomand!;0.0;1;0;0.0;1
1457;dupa 24h de folosire nu vrea sa se mai incarce.;0.0;1;0;0.0;0
1458;nu se conecteaza usor te chinui sa incarci telefon  am vrut sa-l returnez si au o politica foarte proasta  nu recomand;0.0;1;0;0.0;1
1459;cea mai nasoala baterie. in loc sa. mi incarce telefonul, il descarca!;0.0;1;0;0.0;1
1460;dezamagitoare experienta cu aceasta tableta, nu voi mai comanda niciodata un produs de la vonino.  in primul rand, am comandat tableta culoarea dark blue, am primit una neagra... n-ar fi o problema asta, numai ca astepti un anumit produs pe care l-ai dorit si ai o surpriza sa iti vina altceva.  in al doilea rand si cel mai important, a functionat o singura data, imediat dupa ce am primit coletul, iar a doua oara cand am deschis-o mi-a dat un system error si nu s-a mai deschis in veci, orice i-as fi facut.  o voi duce la un service sa vad exact care e problema.  minus 5 stele!;0.0;1;1;0.0;1
1461;bateria tine fix 50 minute nu patru ore nu recomand;0.0;1;0;0.0;1
1462;cabluri foarte proaste abia daca poti sa incarci un telefon, iar de transfer de date nici macar nu poate fii vorba.;0.0;1;0;0.0;1
1463;produsul arata foarte rau:( e foarte mare si badaran realizat....;1.0;0;0;0.0;0
1464;nu se potriveste pentru huawei p9;0.0;0;0;0.0;1
1465;este la design precum copia de la xiaomi mi band, nici macar nu este rezistenta la apa, bratara are un material gros. nu se merita;1.0;0;0;0.0;1
1466;dupa 4 luni partea din fata arata perfect. spatele din plastic de cea mai proasta calitate, mi-a crapat la colturi si iese tableta din husa. nu mai pot sa o folosesc.;1.0;1;0;0.0;0
1467;nu recomand acest produs, se pare ca il voi returna.;0.0;0;0;0.0;1
1468;produsul este foarte slab calitativ. nu se aude bine iar bateria tine un apel de 10-15 minute  mai mult, nu am primit acel joc de societate in colet  iar transportul este exorbitant 30 lei. l-as da inapoi dar mai dau 30 lei( cat costa castile ) si raman cu o paguba de 60 lei si fara casti... deci nu;0.0;1;1;0.0;1
1469;nu este buna, nu se poate incarca telefonul cu ea;0.0;1;0;0.0;1
1470;o mare teapa! nu are nici jumatate din performantele din descriere. sunt foarte dezamagit.;0.0;1;0;0.0;1
1471;prima incarcare a fost rapida. la a doua sa incarcata o noapte intreaga. acuma nu incarca mai deloc. e un produs chinezesc bun de aruncat la gunoi;0.0;1;0;0.0;1
1472;am cumparat 2 cabluri din acestea.  ambele au putut fi folosite doar de 2 ori si apoi nu au mai functionat. din pacate am aruncat ambalajele imediat ce le-am primit si nu mai pot face retur.;0.0;1;0;0.0;1
1473;"avand in vedere pretul foarte interesant pentru un produs declarat ""original ""( pret prea mic sa fie adevarat ) am comandat 2 incarcatoare, pentru a amortiza costurile de transport. s-a dus cablul de incarcare si am decis ca la acest pret sa iau un incarcator complet... just in case.  alimentatorul are cam 1/3 din greutatea alimentatorului original. dupa 2,5 ore la incarcat telefonul s-a incarcat circa 30% iar alimentatorul era bine incalzit.   in plus, mi s-au facturat 2 produse si am primit doar unul.  parerea mea e ca acest produs are o calitate indoielnica si nici pe departe nu e un incarcator original. atasez niste poze cu ceea ce s-a livrat, dupa eticheta lipita pe spatele cutiei nu pare a fi ceea ce am comandat.";1.0;1;1;0.0;1
1474;dezamagit ca am dat bani pe nimicuri;0.0;0;0;1.0;1
1475;am introdus si numai 1% se scrie nu conteaza cat incarc.;0.0;1;0;0.0;0
1476;praf... dupa doar 2 luni nu mai merge casca dreapta unde e sunt atasate microfonul si butoanele de volum... nu recomand.;0.0;1;0;0.0;1
1477;"+ design  + ip68 (swim and dive)   + detailed notifications  + called id (connected to phone contacts)     - crashes, freezes a lot  - looses data  - keeps data only for 24h on smartband, and because it disconnects, data is not registered (it is lost) in the app, so small smartband memory  - syncs very hard because of many disconnections  - registered data not accurate  - sleep data not accurate  - sleep data not detailed by hours but by night  - no phone anti-lost (one of the most important function for a ""smart"" band)   - no find-bracelet  - no remote camera  - no o2% detection  - sedentary not working accurately  - working time only max 2 days (1 day with ongoing heart monitor) instead of promoted 7 to 10    conclusion: do not buy sovogue until above things are not resolved in the app";1.0;1;0;0.0;1
1478;am luat de la ei folie pt htc 10 si folie pt xiaomi mi5, ambele sunt taiate gresit, la htc 10 e mai mica folia, deci e acceptabil, sa zicem, dar la mi5 folia e mai mare si depaseste marginile ecranului, nu poate fi folosita. le-am cerut o solutie dar nu s-au obosit sa raspunda. pe site-ul lor scriu ca in cazul returului clientul plateste transportul. pai am platit o data 25 lei ca sa primesc o folie defecta, mai platesc inca o data ca sa o trimit? mai bine evitati!;1.0;0;0;0.0;1
1479;placut surprins vizual, dezamagit functional.  am gresit ca am aruncat ambalajul inca de la deschiderea coletului, de altfel puteam returna produsul.   concluzia?! telefonul nu se incarca la nici o priza, fie ea auto, de casa sau orice sursa usb;1.0;1;0;0.0;1
1480;nu incarca, se deconecteaza la 30 secunde si am luat 2 buc;0.0;1;0;0.0;0
1481;nu functioneaza bluetooth  !!!!;0.0;1;0;0.0;0
1482;sa ars, nimic mai mult de spus.;0.0;1;0;0.0;0
1483;nu recomand, probleme de conexiune a cartelei sim cu ceasul, daca nu il achizitionati de la producator nu va recomand sa-l achizitionati;0.0;1;0;0.0;1
1484;am cumparat aceasta pereche de casti in luna august (acum este noiembrie). aseara in timp ce le foloseam, o casca a incetat sa mai functioneze. nu au fost lovite niciodata. ce este si mai aiurea este ca garantia pe care o comunica emag-ul este practic inexistenta pentru ca emag imi zice sa ma duc la samsung si viceversa.   concluzie: o pereche de casti care se aud bine insa se strica foarte rapid si care cel mai probabil vor ajunge la gunoi din cauza garantiei proaste.;1.0;1;0;0.0;1
1485;produsul este solid, bateria tine destul de bine. camera este foarte slaba dar nu m-a interest acest aspect. la capitolul rezolutie, tableta este sub medie. problema cea mai mare este aceea ca memoria ram nu face fata. inchide aplicatiile destul de des. functioneaza mult mai prost decat o tablet de 4 ori mai ieftina.;1.0;1;0;1.0;1
1486;1. foia este mut mai mica decat ecranul, raman cam 2-3 milimetri neacoperiti pe toate aturile.  2. mai deranjant decat pct 1, foia nu adera la ecran in totalitate, raman cam 2 milimetri de folie dezlipita de ecran.   per total nu reomand nicicum.;1.0;1;0;0.0;1
1487;dupa prima luna de utilizare(introdus in telefon si atat (lg g6)) sa stricat gen nu il mai vedea telefonul si nici laptop-ul. acuma in a doua luna dupa ce mi-a fost inlocuit aceiasi problema. deci nu recomand. va sfatuiesc sa va faceti upload constant sau sa faceti autoupload pe cloud gen google photo.;0.0;1;0;0.0;1
1488;are inchidere foarte slaba si e facut din material de proasta calitate. nici functiile lui nu sunt extraordinare.. dupa 2 zile mi-a cazut de pe mana si sa spart. nu recomand.;1.0;1;0;0.0;1
1489;am testat bratara si masoara complet aiurea. bluetooth-ul e dezastru, se deconecteaza intr-una. setarile nu se salveaza, aplicatia este foarte saracacioasa, nu memoreaza nimic mai mult de 24 de ore, nu are programe. am alergat 5km pe banda profesionala de alergat, aparent am fost prea rapida bratara a masurat fiecare al treilea pas. senzorul de puls masoara la nimereala, m-am speriat cand am vazut ca am puls de 130 in stare de liniste stand jos pe scaun. am comparat cu tensiometru ca sa ma asigur ca bratara greseste. capsa de la curea incepe sa se lase dupa 3 purtari. mai sus apare listata cu 24 de luni de garantie dar cand soseste produsul abia 12 luni primesti si multe conditii pentru care nu ti-l mai schimba.;1.0;1;0;0.0;1
1490;are o baterie de nimic, frate am 2 boxe una roz, una aurie, cea roz tine 6 minute si cea aurie tine maxim 1 ora, scoateti porcariile astea de pe site, urgent!!;0.0;1;0;0.0;1
1491;nici macar culoarea nu este cea din poza. nota 4;0.0;0;1;0.0;0
1492;nu recomand acest produs. am achizitionat unul pe 9.06 pentru a imi incarca un s7 edge. a mers pana pe 25.08, pe 25 cand l. am pus la incarcat a stat 2 minute si dupa a facut poc in interiorul adaptorului si mirosea a ars. din cate am citit nu sunt primul care o pateste. le. am trimis mail celor de la importgsm insa nici un raspuns. mai bine cautati in alta parte decat sa va bucurati la 5-10 lei care ii castigati in caz de cumparati de la importgsm.;0.0;1;0;1.0;1
1493;ce este mai suparator este ca furnizorul nu raspunde la numerele de telefon de pe emag si nici la cele de pe site-ul propriu!;0.0;0;0;0.0;1
1494;nu sunt bune de nimic, nu se aud aproape deloc.;0.0;1;0;0.0;1
1495;probabil e prea bun pentru mine pentru ca dupa o saptamana n-a mai incarcat. nici nu mai aveam ambalajul original...;0.0;1;0;0.0;1
1496;cica bass super mega! nu are deloc bass! cateodata stai si 2 minute sa te conectezi la ea prin bluetooth!;0.0;1;0;0.0;0
1497;slaba, sonorizare foarte slaba. nu merita banii.;0.0;1;0;1.0;0
1498;nu imi merge cand incerc sa ma conectez la ea nu o gaseste si cand bag cardul dupa un timp se blocheaza melodia;0.0;1;0;0.0;0
1499;"probabil cel mai slab produs huawei pe care l-qm testat. senzorii de monitorizare functioneaza complet aleator - dupa 2 ore de stat la birou aveam 2500 de pasi in plus. sincer ma gandesc daca chiar exista senzorii respectivi sau pur si simplu ceasul afiseaza date ""la plesneala"". dupa ultima istorie cu ""cat de extraordinar de puternic e p30"" nu m-ar mira de la huawei. retur dupa 12 ore ptr ca nu se putea mai devreme.";0.0;1;0;0.0;1
1500;nu recomand! sunet de proasta calitate!;0.0;1;0;0.0;1
1501;bratara e ok. aplicatia insa e aproape inutilizabila.;1.0;1;0;0.0;0
1502;nu este deloc ca in descriere nu merge functia silent oricat l-am setat. chiar daca are un pret mic nu este justificat, plus ca alerta anti lost te atentioneaza la o distanta de cativa cm.;0.0;1;0;1.0;0
1503;sincer, mie una nu mi-a placut!;0.0;0;0;0.0;1
1504;nu este un produs de calitate, este maidegraba un ceas de jucarie.;0.0;0;0;0.0;1
1505;bateria a ajuns intr-o folie foarte simpla, nici macar sigilat sau in cutie, mi s-a parut foarte dubios. decand o am bateria numai probleme am avut cu ea. tine mai putin decat cea originala care are 3+ ani. pe langa asta in unele situatii zice ca este incarcata la 95%, o las toate noaptea, si pana dimineata se descarca total. cea originala nu facea figuri, numai nu tinea, asta chiar face.;0.0;1;0;0.0;1
1506;nu recomand. calitate f slaba.   produs livrat ok de unomag.;0.0;0;1;0.0;1
1507;sfat prietenesc: nu cumparati asa ceva.  oricat de repede se descarca bateria voastra originala, chinezaria asta se descarca de 10x mai repede.  bateria asta noua a avut cam acelasi timp de viata cu bateria originala folosita 2 ani inca de cand am cumparat-o.  a mers cat de cat timp de 1 luna de zile... dupa care de la 100% ajunge la 60% in 15 min de stat pe facebook si de la 60% se stinge telefonul:))    deci in concluzie daca vreti sa aruncati banii aiurea luati-o...;0.0;1;0;1.0;1
1508;nu sunt 20.000 mah, ci daca sunt vreo 7.000 mah este bine. deoarece eu am o baterie la telefon de 2.200 mah si imi incarca de 3 ori de la 0% la 100% si mai ramane foarte putin, mai incarca cam 30/40% si timpul de uncarcare este de 10h;0.0;1;0;0.0;1
1509;ceea m-ai mare teapa, nu a tinut decat 3 luni si a murit. nu recomand acest produs.  sa vedem garantia cum reactioneaza,;0.0;1;0;0.0;1
1510;cu toate ca sim. ul are semnal iar setracker a fost setat corect device. ul spare offline. sunt sute de sesizari pe net in acest sens, fara vreo solutie. pacat ca nu am verificat inainte... voi returna daca nu gasesc o solutie.;0.0;1;0;0.0;1
1511;"dupa 1 an si 10 luni a ""murit "" mai ceva ca superman... nimeni si nimic nu l-a mai recunoscut si ca urmare nici vorba sa poti recupera ceva de pe el";0.0;1;0;0.0;0
1512;a functionat 2 saptamani, sa stricat si cablu si incarcatorul. nu recomand deloc.;0.0;1;0;0.0;1
1513;pus pe un sony hx 300 -viteza mica,;0.0;1;0;0.0;0
1514;pro: design placut, conectare prin bluetooth cu telefon - atentionare apel, sms, email, whatsapp etc  contra: nu inregistreaza somnul de 1-2 ore, inregistrare puls cu variatie f mare, inregistrare nr. pasi si distante cu precizie mica;1.0;1;0;0.0;0
1515;nu este un smartwatch ci doar are tehnologie smart. o mare pacaleala.;0.0;0;0;0.0;1
1516;mi se pare greu de crezut si lipsit de bun simt faptul ca cineva are indrazneala sa vanda un astfel de produs la un astfel de pret. sunt foarte dezamagit (l-am primit cadou) si il gasesc complet inutil deoarece:  - meniul si interfata nu par a fi adaptate pentru ecranul rotund. uneori textul nu se vede complet, este plasat dincolo de limita rotunda a cercului si pur si simplu nu ai cum sa il vezi (nu ma refer la situatiile in care putem da scroll pentru a pozitiona textul central pe ecran). de fapt, aceasta situatie este ilustrata si pe fotografia de prezentare de pe emag.  - apar, in mod inexplical, caractere chinezesti atat in interfata ceasului, cat si in aplicatia aferenta de pe telefon.  - asa cum atragea atentia si un alt comentariu, nici eu nu am reusit sa il folosesc ca si smartwatch conectat la telefon, desi imi recunoaste conexiunea cu telefonul si imi apare ca fiind ?linked?.  - bateria tine foarte putin si se consuma foarte repede chiar si cand ceasul nu este nici folosit si nici conectat (in decurs de 5 ore, stand inchis pe noptiera, a pierdut 30 de procente.)  - desi i-am potrivit ora cum trebuie, la cateva ore diferenta, fara sa il folosesc si fara sa fie conectat, ceasul era decalat cu vreo 6 ore si cateva minute, bateria la 9%.  - este mare si greu.  - modelele de ceas disponibile pentru cadran sunt foarte limitate si lipsite de rafinament. si nu sunt peste 25 asa cum mentioneaza descrierea, ci 19.    inteleg ca punctul lui ?forte? este faptul ca suporta retea wi-fi si sim, inlocuind practic in totalitate telefonul. dar cat de util pot fi aceste functii pe un ceas, cand abia putem tasta si naviga pe el? eu nu i-am pus sim. desi l-am conectat la telefon prin intermediul aplicatiei native, nu imi trimite nicio notificare si este practic la fel de inutil ca si atunci cand ar fi deconectat. imi pare rau, il voi returna.;0.0;1;0;1.0;1
1517;nu-l recomand, se incarca greu, se descarca foarte repede;0.0;1;0;0.0;1
1518;s-a stricat in doua luni.;0.0;1;0;0.0;0
1519;"bateria tine 3-4, maxim 5 ore.  la pornire/oprire auzeai de obicei power on/off, dupa prima incarcare se aude ceva in chineza.  nu se mai poate conecta prin bluetooth, dupa numai o zi de folosire(4-5 ore de utilizare).  cand bateria scade sub un anumit nivel auzi in casti in timp ce muzica se reda ""low battery "", din 5 in 5 minute, ceea ce este foarte enervant.  castile nu sunt foarte confortabile si sunt mari, mie iesind-mi din urechi destul de mult si daca incerc sa-mi pun o gluga pe cap o sa-mi cada si castile aproape sigur.";1.0;1;0;0.0;0
1520;nu recomand! calitate proasta!;0.0;0;0;0.0;1
1521;foarte slab, nu recomand nimanui. intradevar e foarte ieftin dar in afara de ora nu merge nimic pe el.;0.0;1;0;0.0;1
1522;calitate slaba, conectarea intre brat si suport simpla dar la orice rotire suportul cade de pe brat. nici vorba sa stea pe alte suprafete iar pe parbriz aproape de loc, se desprinde sub greutatea tabletei. ventuza mare dar foarte slaba.  modalitatea de retur greoaie, am complectat formularul dar trebuie sa trimit eu coletul inapoi. nici vorba de curier care sa ridice coletul.;1.0;1;1;0.0;1
1523;acord aceasta nota pentru anunt emag a acestei oferte de intr-adevar 36 ron plus transport nici 60 ron, castile se comporta binisor pentru pret si e normal cand esti intr-o convorbire telefonica sa poti auzi deci in concluzie nimic rau in a purta convorbire cu o casca si. muzica e relativ buna asemenea precizez pret calitate buna daca nu va place cumparati air pods sau gear pods samsung........ ce ma nemultumit ca la pretu asta nu ma astept la miracole dar ce ma nemultumit e ca in anunt scrie casti + cadou joc de societate jenga care nu mia venit nici in ziua de azi de o saptamana si nici nu mia fost livrat cu castile. inteleg ca e naspa sa piarda 86 ron pe casti de nici 40 ron..... totusi daca pui asa anunt modifical si sterge bonus joc societate jenga, eu imi doresc lamurire din partea emag sau cine e responsabil.;0.0;1;1;1.0;1
1524;produsul este vandut ca si original apple, iar in realitate este vorba de o chinezarie de proasta calitata (atat ca si materiale, cat si ca si sunet). mai mult, vanzatorul cunoaste problema, dar spune ca emag face descrierea produselor. din moment ce se stie de problema si nu se face nimic mi se pare nu doar reclama falsa ci chiar rea intentie. cel mai probabil nu o sa mai comand niciodata produse vandute de acest vanzator.;1.0;1;0;0.0;1
1525;acest produs este made in china! dupa o luna de folosire s-a defectat.;0.0;1;0;0.0;1
1526;"contra:   in nici un caz nu este pentru samsung galaxy tab a 7"" t280. acopera camera din fata.   sticla este cam groasa.    pro:  se aplica usor, se poate retusa in cazul lipirii gresite.";1.0;1;0;0.0;0
1527;dupa doar 2 zile de la achizitionare semnalul wi-fi cade la fiecare 60 de secunde, apoi se reconecteaza automat. mai am 2 device-uri in casa dar nu intampin aceasta problema. nu recomand acest produs. eu o sa il returnez.;0.0;1;0;0.0;1
1528;cel mai prost ceas vorbind de caracteristici.;0.0;0;0;0.0;1
1529;nu recomand. dupa o luna nu a mai functionat.;0.0;1;0;0.0;1
1530;livrare in 2 zile, ok! produsul este ca in descriere numai ca nu functioneaza! celelalte telefoane se incarca de la acelasi emitator acesta nu!;0.0;1;1;0.0;1
1531;este fals! nu este rezistent la apa, iar bateria nu are 400ma(e mai mica);0.0;1;0;0.0;1
1532;arata premium, aplicatia de pe telefon e praf, bratara nu are un ecran oled, are un simplu ecran tft, incarcatorul e aiurea total(astupa ecranul si nu se vede cand se incarca bateria)  meniul acestei bratari arata ca este ieftina.;1.0;1;0;1.0;0
1533;nu acopera ecranul in totalitate. va intra mizerie si imediat se va desprinde. nu o luati pt meizu m3 note.;1.0;0;0;0.0;1
1534;nu functioneaza corespunzator cu dispozitivele sony... incarca foarte greu prin conexiunea de la adaptoarele cu mai mica putere de 1000ma... nici gand fast charge... nu recomand!;0.0;1;0;0.0;1
1535;din pacate cablul nu functioneaza, inchide si deschide telefonul si nici nu incarca;0.0;1;0;0.0;0
1536;acesta este primul review negativ pe care il dau la un produs din emag marketplace. in primul rand a5 2017 are ecranul curbat. aceasta folie nu se lipeste pe margini. aceasta folie nu acopera tot ecranul - raman 0.5 mm in stanga si dreapta ecranului. aceasta folie nu se lipeste cum trebuie (eu pun folii de 3 ani si probleme ca la folia asta nu am avut niciodata). aceasta folie vine noname - nu scrie cine a facut-o nimic - pe ambalaj scrie doar ca e pe a5 2017 si ca e de sticla. ca si concluzie - am aruncat banii degeaba.;0.0;1;0;0.0;1
1537;foarte proasta calitate (nu sunt originale);0.0;0;0;0.0;1
1538;dupa 6 luni de garantie se umfla ca un balon.;0.0;1;0;0.0;0
1539;nu sunt incantata de produs, face un zgomot foarte puternic in permanenta, iar globul cade la prima suflare.;0.0;1;0;0.0;1
1540;castile sunt foarte bune si comfortabile, dar se strica repede. la prima pereche de casti s-a stricat casca stanga dupa o luna sau doua, le-am returnat ca sa le repare cei de la hippo si mi-au trimis alta pereche (dupa mai mult de o luna de asteptat). dupa 2-3 saptamani nu mai pornesc de loc castile noi. poate am eu ghinion...;1.0;1;0;0.0;1
1541;nu merge delok;0.0;1;0;0.0;0
1542;foarte prost. am crezut ca dl matei andrei de la comentariul precedent nu a stiut sa-si monteze si placuta de tabla aferenta... imi pare rau ca nu l-am crezut pe dl matei andrei. nu l-am mai returnat... mai mare deranjul... l-am trecut la pierderi colaterale.;0.0;0;0;1.0;1
1543;un asa-zis smartwatch foarte slab. nu stiu de ce nu se specifica exact toate facilitatile si lipsurile ceasului. o sa enunt lipsurile acestui ceas, care zic eu ca nu-s de neglijat:  - nu se conecteaza la telefon decat prin aplicatia aia mizerabila care iti consuma mai repede acumulatorul (altfel nu se detecteaza si nu se pot imperechea)  - conexiune bluetooth slaba, pe distanta foarte mica (daca las telefonul in hol si merg in sufragerie - distanta nu mai mult de 3 m, pierde legatura cu telefonul si nu se mai reconecteaza cand ma apropii de el, necesitand repornirea aplicatiei)  - notificarile de sms si whatsapp nu merg, decat cea de apeluri, care oricum e nefolositoare prin cele cateva beep-uri foarte slabe, care nu le auzi (ceasul neavand vibratii)  - la fel e si functia anti-lost, cateva beep-uri foarte slabe  celelalte functii nu am reusit sa le probez, am vazut ca a numarat niste pasi cand am mes pe jos si a masurat o distanta.  drept pentru care am hotarat sa-l returnez.;0.0;1;0;0.0;1
1544;slab. fm-ul imposibil de folosit. la conexiunea bluetooth se aude un vajait la volum mic si mediu. cat despre stick si card nu am incercat inca. in concluzie o mizerie. nu isi merita banii;0.0;1;0;1.0;1
1545;5 minute am tinut-o, pur si simplu e prea mare difuzorul pentru a sta in ureche. trebuie sa ai urechi de trol sa iti incapa.;1.0;0;0;0.0;0
1546;cand apelam pe cineva nu ne auzeam reciproc, la unele apeluri auzeam eu, la altele auzea doar cealalta persoana...  cand le-am dat retur am platit eu curierul plus 10 lei din valoarea produsului...;0.0;1;0;0.0;1
1547;produsele din ce in ce mai proaste. ultimele 3 carduri au murit. nu a mai putut fi recuperat nimic de pe ele.;0.0;1;0;0.0;1
1548;mi-a ars un incarcator de samsung de 2 amperi si nu se incarca mai mult de 80%!;0.0;1;0;0.0;0
1549;nu il recomand de nici o forma.   motive:  nu o sa primesti culoarea care scrie in specificatii  se aude incet. eu am un jbl go si am comparat iar diferentele sunt uriase, boxa asta se aude ca jbl go la jumatatea volumului   nu corespunde specificatiilor   nu are 10 w cel putini se aude de 10 w  o primesti intr-o cutie cu specificatii, un cablu jack la ambele capete si un fir usb de incarcare (amandoua sunt scurte)   e posibil ca atunci cand o primesti sa fie zgariata pe margini (la mine este )   nu are deloc bass   daca vrei o boxa cat de cat puternica si intr-o stare buna nu iti recomand aceasta boxa deloc  in pozele de mai jos sunt reprezentate zgarieturile si si cu ce vine pachetul;0.0;1;1;0.0;1
1550;am comandat o folie pt. moto g5 si am primit una pt. moto g5 plus. nu am mai returnat-o, ca e mai mare daraua decat ocaua. o pastrez ca amintire..  cu alte cuvinte, cei de la mobilesmart sunt adevarati profesionisti pe invers.  hai bafta.;0.0;0;1;0.0;1
1551;calitate sub mediocra, am incercat un htc one mini si se vad difuzoarele in prim plan. am incercat cu un htc u11 dar suportul de foarte proasta calitate a cedat inainte sa-l pot extinde pana la dimensiunea telefonului. in concluzie sunt inutili. va voi tine la curent cu seriozitatea importatorului privind conditiile de garantie.;1.0;1;0;0.0;1
1552;mentionez ca am avut in trecut placerea sa folosesc castile cu bluetooth de la plantronics, care nu se compara cu acestea. de la calitatea materialelor, la sunet, la modul de utilizare, toate sunt net superioare.  pro:: nu exista nici un argument pro pentru a va achizitiona aceste casti.  contra:: sunt incomod de purtat  au cablul foarte scurt  calitatea sunetului este groaznica. se aud zgomote puternice in fundal.  microfonul nu functioneaza bine decat daca vorbesti foarte tare.  pretul nu este justificat pentru calitatea castilor.  le-am returnat a doua zi.;1.0;1;0;1.0;1
1553;dupa opt ore de incarcare, mi se aprinde un singur led, ce-mi indica faptul ca este incarcata 25%.... nu-i normal.;0.0;1;0;0.0;0
1554;sub ori ce critica. este peste limita imaginatiei! nu se poate vorbii la casca pentru ca interlocutorul aude tot din jurul tau mai putin vocea ta, ba mai mult isi aude vocea lui dublata! este foarte greoi de utilizat avand doar un buton tactil! am zgariat casca destul de tare inainte sa o fac retur. regret decizia cumpararii aceste bratari!;0.0;1;0;0.0;1
1555;am achizitinat-o defecta. ea se incarca, dar nu incarca alte deviceuri. ii voi da retur.;0.0;1;0;0.0;1
1556;se aude bine la ea dar din pacate dupa 6 zile s-a stricat si am returnato;0.0;1;0;0.0;1
1557;incep prin a mentiona ca boxa nu pare a fi originala blaupunkt pt ca la pornire se aude melodia standard de pe telefoanele samsung. asta a fost partea minora, cu care as fi putut trai. problema vine cand boxa nu functioneaza decat daca e in priza. am lasat-o la incarcat o noapte intreaga si a doua zi a functionat pana am incercat sa dau volumul la maxim, atunci s-a inchis brusc. nu recomand nici daca v-ar oferi-o cineva gratis.;0.0;1;0;0.0;1
1558;nu exista manual de instructiuni. informatiile in limba engleza sunt sumare si nerelevante.  fara cartela sim, ceasul nu poate fi utilizat.  inca nu pot folosi produsul deoarece nu stiu cum pot pune cartele sim si cum realizez conectarea intre telefon si ceas.  sunt foarte nemultumit - bani si timp pierdut.;1.0;1;0;1.0;1
1559;am primit bratara, cadou la achizitia unui telefon. nu a functionat la nicio incarcare, telefonu nu o recunoaste, este facuta din materiale slabe caitativ.;1.0;1;0;0.0;0
1560;nu se conecteaza cu telefonul, radioul nu are sunt clar;0.0;1;0;0.0;0
1561;aceasta casca are doua mari probleme:  1. nu se conecteaza la telefon. am reusit doar la un s8+, in rest, nu a mers la nici un alt telefon.  2. nu se fixeaza bine pe ureche. dupa cativa pasi cade jos...;1.0;1;0;0.0;0
1562;performanta acestui card este sub cea a unui sandisk de clasa 2. kingstone 16gb clasa 4:----------------------------------------------------------------------- crystaldiskmark 3.0.1 (c) 2007-2010 hiyohiyo crystal dew world crystalmark.info/ ----------------------------------------------------------------------- * mb/s = 1, 000, 000 byte/s [sata/300 = 300, 000, 000 byte/s] sequential read:12.490 mb/s sequential write:4.449 mb/s random read 512kb:12.019 mb/s random write 512kb:0.665 mb/s random read 4kb (qd=1):2.045 mb/s [ 499.3 iops] random write 4kb (qd=1):0.006 mb/s [ 1.4 iops] random read 4kb (qd=32):2.093 mb/s [ 510.9 iops] random write 4kb (qd=32):0.006 mb/s [ 1.4 iops] sandisk 4g clasa 2:----------------------------------------------------------------------- crystaldiskmark 3.0.1 (c) 2007-2010 hiyohiyo crystal dew world crystalmark.info/javascript:document.getelementbyid('addreview'). submit() ----------------------------------------------------------------------- * mb/s = 1, 000, 000 byte/s [sata/300 = 300, 000, 000 byte/s] sequential read:12.633 mb/s sequential write:7.007 mb/s random read 512kb:12.426 mb/s random write 512kb:0.975 mb/s random read 4kb (qd=1):4.221 mb/s [ 1030.6 iops] random write 4kb (qd=1):0.009 mb/s [ 2.1 iops] random read 4kb (qd=32):4.425 mb/s [ 1080.3 iops] random write 4kb (qd=32):0.009 mb/s [ 2.1 iops]   pro:: ieftin  contra:: viteza random write scazuta;0.0;1;0;1.0;0
1563;echipei emag eu dau 5 nota maxima respectosi si amabili  cat despre produs lasa de dorit o fi stocul asta de vina incarca ea dar sa incare vreun telefon nu absolut deloc a stat cu un telefon toata noaptea si nimic imi pare rau dar cred ca acest stoc pe culoare black au probleme am asa ceva de aproape un an pe culoare roz a prietenei mele si functioneaza perfect;0.0;1;0;0.0;0
1564;"am cumparat aceasta folie pentru tableta samsung 595, 10,5"" si nu are nici o legatura cu aceasta tableta. serviciul control calitate de la emag ori nu exista ori nu-si face treaba. pacat emag ca te incurci cu tot felul de firme de apartament.";0.0;1;0;0.0;1
1565;s-a rupt in primele 30 minute de utilizare, fara sa fi fost fortat in vreun fel.   cauciucul de pe maner era prost aliniat cu butonul, deci nu putea fi apasat. a trebuit sa il ajustez manual.    la pretul asta nu se poate asteta nimeni la calitate, dar e sub asteptarile mele deja scazute.;0.0;1;0;1.0;0
1566;pe el scrie ca e de 128gb l-am bagat in laptop sau in telefon si imi ara 119gb nu sunt multumit de calitatea cardului imi pare rau.;0.0;1;0;0.0;1
1567;l-am cumparat pentru o camera auto, a functionat pana de curand, este de 32 de gb, azi am scos cardul pentru a vizualiza un clip de pe camera si am avut surpriza sa imi zica ca e deteriorat... va dati seama daca aveam un accident si voiam sa arat politistului filmarea? ce ii aratam? cardul defect? nu recomand acest card sub nicio forma. ce e ieftin nu e intotdeauna bun. in tara asta se fac lucrurile prost... foarte prost.;0.0;1;0;0.0;1
1568;din pacate sunt foarte dezamagita.  - 1: nu ?m primit nicio informatie referitor la produs in limba romana, inteleg aici instructiuni s? garantie.   - 2: certificatul de conformitate si de garantie nu ?ra atasat produsului in nicio limba  - 3: castile de vreau sa folosesc in mod stereo nu sunt satisfacatori ca s? calitate din pricina castii drepte care nu reda sunetul incontinuu(are intreruperi in timpul redarii)  - 4: cand am facut comanda ?m mai cerut s? o boxa pe care nu ?m primit inca, asta insemnand ca o sa am supracheltuieli cu curierul, daca mai primesc comanda respectiva.  cu respect, tiboldi b?la.  p. s. sa nu mai vorbim de jocul cadou pe care nu l-?m primit deasemenea.;1.0;1;1;0.0;1
1569;este oribil nu recomand asa ceva;0.0;0;0;0.0;1
1570;dupa ce transpiri castile nu mai stau deloc in urechi. mai mult, dupa 6 luni de utilizare s-au ars din senin si nu mai merg. (evident ca aruncasem cutia si nu mai am garantie);1.0;1;0;0.0;0
1571;partenrul e-mag specifica o autonomie de 72 h. in realitate aceasta cu greu ajunge la 5 h, practice ceasul devenind de nefolosit. cand am sunat sa cer explicatii la partener mi s-a oferit explicatia halucinanta ca tine 72 h inchis si pus pe masa!! are multe functii dar fiecare are cate in minus la functionalitate. este o copie a apple nereusita! nu recomand!;0.0;1;0;0.0;1
1572;bateria asta dureaza doar cateva ore. daca stiam ramaneam la cea veche.;0.0;1;0;0.0;1
1573;bun de nimic... il am primit gratis la o comanda, daca stiam renuntam;0.0;0;0;0.0;1
1574;se descarca la fel de repede ca bateria veche pe care am inlocuit-o;0.0;1;0;0.0;0
1575;acumulatorul nu este bun de nimic. l-am inlocuit de aprox. 1 saptamana. de atunci telefonul mi se restarteaza de 4-5 ori pe zi. pe la jumatatea zilei bateria ajunge la 60% si se inchide telefonul de tot, pe ecran aparand indicatorul de incarcare;0.0;1;0;0.0;1
1576;am testat autonomia 13:40 ore  volumul la 50% ledurile aprinse si nici nu am folosit incarcarea pentru telefon  sony nu mai este ce a fost;0.0;0;0;0.0;1
1577;cel mai prost produs. a functionat doar 2 zile. dupa aceea nu a mai scanat reteaua.;0.0;1;0;0.0;1
1578;a tinut cateva zile si dupa aceea s-a stricat.  mai bine alegeti altceva.;0.0;1;0;0.0;1
1579;slab calitativ, nu se compara cu cablul original (nexus 5x) s-a stricat in 4 luni.;0.0;1;0;0.0;1
1580;se poate observa clar ca s-a umblat la produs deoarece in momentul primirii desfacerii coletului aceasta era rupta intr-un colt, dupa care am sesizat ca lipseste o camera, sunand la compania care vinde acest produs am fost informat de faptul ca doua camere sunt montate una in cealalta, ulterior incercand sa le separ nu am reusit, folosind chiar si un patent...  detin un samsung galaxy s6 edge iar niciuna din camere nu se potriveste.  nu recomand aceasta firma!;0.0;0;1;0.0;1
1581;nu recomand asa ceva sub nicio forma.;0.0;0;0;0.0;1
1582;din pacate sistemul de prindere in grila de ventilatie e f. slab. capul se roteste nu pote fi strans. cand iei telefonul vine cu tot cu suport.   am si un hamma, cu pensa fixa, acela e ok, inclusiv magnetul e mai puternic.;1.0;1;0;0.0;0
1583;are android 4.4.4... si merge foarte slab... jocurile 20 fps... nu mai scriu nimic.;0.0;1;0;0.0;1
1584;se potriveste perfect intr-un samsung s5. am folosit-o in ultimele 3 luni... dar recent am si inlocuit-o cu originala care tine mai mult chiar daca are in jur de 3 ani. nu o recomand.;0.0;1;0;0.0;1
1585;foarte prost produsul;0.0;0;0;0.0;1
1586;podusul nu functioneaza cu iphone;0.0;0;0;0.0;1
1587;un gunoi care nici 1 leu nu face. l-am achizitionat acum 3 saptamani si l-am primit cu display dezlipit iar bateria nu tine nici 1 ora. acum tin aruncati 100 de lei de pomana. nu va mai pacaliti cu ieftinaciuni.;0.0;1;1;1.0;1
1588;este mica, nu acopera tot display-ul.;1.0;0;0;0.0;0
1589;o porcarie.. am luat si de 42 si de 44.... pentru 2 ceasuri 42 respectiv 44.  1. foliile au lipici doar pe margini iar sticla din mijloc sta in aer.. normal ca intra apa/mizerie sub sticla.  2. daca o agati un pic cu haina sare de pe ceas:)  3. cea de 42 nu acopera si marginea neagra 100%. (cea de 44 e ok ca acoperire)  4. touch-ul din cand in cand nu functioneaza (mi se pare normal, sticla nefiind lipita de ceas)    nu recomand!;1.0;1;0;0.0;1
1590;o sa distrugeti sensibilitatea telefonului + ca nu se prinde bine pe margine;0.0;1;0;0.0;0
1591;emag, va rog mai multa atentie la cum expuneti produsele altor vanzatori!   titlul produsului m-a indus in eroare. acest cablu nu merge cu iphone 7 plus!!!   am cumparat 2 buc. si acum trebuie sa le returnez. o bataie de cap suplimentara.:-(;0.0;0;0;0.0;1
1592;este o bratara foarte frumoasa si atat! aici se termina toate calitatile acestei bratari. ecranul raspunde foarte lent, masuratorile nu au acuratete, nu este rezistenta la apa. toate aceste defecte le pot sesiza usor dupa 2 ani de utilizare a unei bratari garmin, dar cred ca si o bratara de 59 de lei este mai precisa. sper sa o pot returna cat mai repede. emag ar trebui sa vanda produse cu instructiuni in limba roamana.;1.0;1;0;0.0;0
1593;nu este bun nu are fast incarca telefonul in 4 ore. incercat pe huawei honor 8;0.0;1;0;0.0;1
1594;"foarte slaba bateria! abia am reusit sa incarc un s9+ o singura data, prin cablu, in 2 ore jumate. functia de incarcare wireless este de asemenea la pamant. cu bateria full, am incarcat o singura data s9+ de la 30% la 100% iar la a doua conectare de la 50% a mai incarcat 5 procente si ""a murit"". nici vorba de o capacitate de 8000 mah. nu recomand.";0.0;1;0;0.0;1
1595;castile se desincronizeaza din cand in cand, adica una este mai in fata in muzica decat celalalt, trebuie oprit si repornit.  se deconecteaza singur, si se reconecteaza.  bateria se descarca repede. incepe sa piuie in ureche, ca se descarca.  am cumparat sa folosesc in timp ce conduc masina. dar este prea frustrant.  bateria nu tine mai mult de 30-40 minute. nu merita cumparat.  am cumparat la reducere, nu am chef sa chinuiesc sa trimit inapoi, am aruncat la gunoi, nici nu vreau sa-l vad ca am aruncat banii pe fereastra cumparand acest produs. rusine.;0.0;1;0;1.0;1
1596;am cumparat castile ( casti cu microfon samsung hs 130 roz) sunt foarta dragute doar ca sunt atat de proaste ca mi s-au rupt in telefon. acum trebuie sa ma duc cu un samsung s5 nou la garantie la e-mag.. degeaba..;1.0;1;0;0.0;1
1597;pentru un s7, se putea trimite un alt incarcator extern! telefonul a avut un pret mare, deasemenea si acest acumulator trebuia sa fie bun!;0.0;1;0;1.0;0
1598;intrarea de iphone e de cea mai slaba calitate! trebuie sa fortezi ca sa intre la fel si intrarea usb  cablu de 10lei;0.0;1;0;1.0;1
1599;poza este cu alt model, este de viper s, iar calitatea produsului este foarte slaba.  produs returnat.;0.0;0;0;0.0;1
1600;defect de la primire. cartela nu are semnal de loc in interior iar afara are o liniuta. am zis sa-l folosesc prin bluethoot din telefon si spre surprinderea mea nu ii merge microfonul interlocutorul nu ma aude. am sunat la service 2 zile la rand si am ascultat muzica aia care te scoate din toti nervii cate o ora in fiecare zi in speranta ca dau de cei de la service su nu am dat binenteles. pentru mine nu face nici macar o stea.;0.0;1;0;0.0;1
1601;l-am luat la oferta si oferta a ramas din pacate. l-am returnat dupa 2 zile.  pro  -aspect (gold rose) foarte placut.  con  -se zgarie rapid  -nu a reusit sa incarce un s6 pana la 100% nici dupa ce l-am incarcat full.  -nu scrie care din cele 2 usb-uri este de 2.1.  -usb-urile spui ca se desmembreaza cand bagi/scoti cablul de alimentare/incarcare.  -pe cutie scrie lanterna... si nu are.;1.0;1;0;0.0;0
1602;nu recomand, e ok dar cam face figuri, de cateva ori nu am mai avut ce s aii fac si a trebuit sa il formatez si apoi sa folosesc un soft de recuperare sa pot recupera pozele facite;0.0;1;0;0.0;1
1603;nu stiu cum s-au gandit producatorii foliei, probabil produc pentru atatea modele de telefoane incat nu le mai si testeaza sa vada daca se potrivesc. problema este ca deoarece ecranul telefonului nokia lumia 735 (sau 730) este usor curbat spre margini, folia de sticla nefiind felxibila nu se muleaza/lipeste in laterale oricat ai incerca, asa ca iti raman 2-3 milimetri din folie fara contact cu ecranul telefonului.    nu recomand o folie de sticla pentru acest model de telefon, cu toate ca se gasesc diverse branduri. cine stie, poate alte folii sunt din start curbate pentru a se potrivi acestui model, insa sigur nu e folia asta din acea categorie.;1.0;0;0;0.0;0
1604;chinezeaca. daca vrei calitate buna, cumpara una facuta de producator.;0.0;0;0;0.0;1
1605;calitate foarte slaba, frustrant de folosit desi posibil cu multa grija si atentie sau chestii de stabilizat suplimentar.;0.0;1;0;0.0;1
1606;l-am folosit lipit pe suportul cu care vine si fara un motiv anume se desprinde singur si cade cu tot cu telefon.  daca il las atasat cand cobor din masina la intoarcere il gasesc pe jos.;0.0;1;0;0.0;0
1607;o porcarie, trebuie sa ridic telefonul si sa-l pun inapoi de minim 4 ori pana se incarca de tot. incepe sa palpaie repede verde si opreste incarcarea de la sine, fara niciun motiv. alte incarcatoare diferite din casa functioneaza perfect.;0.0;1;0;0.0;1
1608;nu se mai incarca si nu porneste!!!;0.0;1;0;0.0;0
1609;doua zile a fost ok, dar dupa aceste doua zile se descaraca in 3 ore bateria si mai nou la 20 % mi se inchide telefonul.;0.0;1;0;0.0;1
1610;este un produs foarte slab. il voi returna. radioul nu merge deloc. nici cu fir, nici fara fir. face doar un fasait puternic. ca boxa merge. are sunet ok pentru o boxa mono. are si bass.  a venit intr-un pachet gaurit la un capat, cu cutia chinuita, capacul era deschis si boxa juca in interiorul pachetului. nu era protejata de nimic, doar o cutie mototolita si plicul de plastic al curierului. iar curierul scutura pachetul ca sa-mi arate cum misca produsul cumparat de mine in plic. exact asa cum a fosr impachetat il voi returna. chiar in plicul curierului care l-a adus.  numai vazand pachetul si mi-a disparut cheful de boxa.   boxa ca aspect arata binisor. dar atat. in rest nu e buna de nimic;1.0;1;1;0.0;1
1611;pe scurt, o mizerie. in loc sa imi incarce telefonul, telefonul incarca bateria.;0.0;1;0;0.0;1
1612;pozitive - nimic inafara de microfon.    negative - nu s-a conectat la nici un telefon ce poarta numele samsung, unul mai vechi cu butoane, un gio si s5.   singurul telefon e un nokia asha, nu mai stiu ce model dar am mai incercat si cu un lumia 532, nu a mai vrut.     cat l-am folosit la nokia asha, calitatea audio a fost extrem de neplacuta, zici ca celalalt era in china intr-un bunker dar de auzit ma auzea bine.    nu va recomand asa ceva nici in 100 de ani, mai bine stati cu telefonul la ureche.   am comandat ieri alta casca platronics explorer 50, care este infinit superioara la orice capitol fata de mizeira asta.   parerile despre acea casca o gasiti la locul potrivit sub acel model.;0.0;1;0;0.0;1
1613;de 2 lei, nu sta lipit de parbriz m. ai mult de 5 minute fara telefon. nu recomand!!!;0.0;1;0;0.0;1
1614;nu recomand deloc! o folosesc in timp c alerg pe banda. in 90% din timp arata un puls in jur de 100 in timp c eu am 150-180 bpm. daca iti misti mana isi pierde acuratetea cu totul. cum as putea sa-mi fac sprinturile daca o mana trebuie sa o tin dreapta si nemiscata?! e absolut nefolositoare si iti provoaca doar nervi.;0.0;1;0;0.0;1
1615;enervant.... super enervat... se deconecteaza tot timpul daca ai plecat 2-3 m de telefon.  si atentie la retur - daca produsul nu-ti place, nu functioneaza asa cum ai crezut platesti returul.  fals faptul ca returul e gratuit acest lucru e valabil numai in cazul cand e defect produsul sau deteriorat.;0.0;1;0;0.0;1
1616;la nici 4 luni dupa achizitie, mufa de incarcare s-a dezlipit. sunetul e de proasta calitate, baraie in continuu.;0.0;1;0;0.0;0
1617;nu a mers de prima data, l am luat din showroom, am ajuns acasa am deschis cutia si surpriza! nu merge deloc cu oricare din produsele apple pe care le detin, nu recomand decat daca esti dornic sa faci 100 de drumuri pentru a l returna si schimba pe parcursul celor 24 de luni de garantie.;0.0;1;0;0.0;1
1618;nu este pentru modelul asta de tableta, nu se lipeste... teapa mare!!!;0.0;1;0;0.0;1
1619;nu se conecteaza la iphone 7, ios 11;0.0;1;0;0.0;0
1620;nu este bun de nimic.  sta de 3 zile la soare si nu se incarca de loc.  l-am incarcat o data la priza si nici macar nu a incarcat un telefon cu o baterie de 3500 ml.;0.0;1;0;0.0;1
1621;incarca bine primele 2 zile dupaia nici macar nu mentine procentajul bateriei. un produs chinezesc adica bani aruncati;0.0;1;0;1.0;0
1622;chiar daca este un produs relativ ieftin, nu trebuie sa fie o scuza pentru calitatea produsului care este mizerabila! am respectat instructiunile de folosire si timpul de incarcare, cu toate astea nu imi poate incarca un telefon cu bateria de 3500mah nici la 75% (fara ca eu sa il folosesc in acest timp)!;0.0;1;0;1.0;0
1623;teapa, foarte proaste;0.0;0;0;0.0;1
1624;bateria are 2800 nu 3000. si cand am bagat o in telefon aveam 31 % apoi scadea in fiecare minut cu 2% pana s a inchis. mare teapa. o voi rerurna imediat;0.0;1;0;0.0;1
1625;in primul rand, emag ar trebui sa fie mai atent cu cei carora le da posibilitatea sa vanda prin intermediul marketplace -spun asta deoarece din ce in ce mai multe chinezarii sunt prezente si prezentate ca fiind produse calitative.   in cea ce priveste ceasul: descrierea produsului, pozele, functiile descrise -toate false. toate aceste ceasuri au aceeasi aplicatie dezvoltata de chinezi. precizia de localizare +- 15 km -este total inutila. nu are cablu magnetic. nu rezista la apa. bateria tine in cel mai fericit caz 30 de ore fara a fi apelat. daca vreti un device ca sa puteti aplea copilul, este ok. daca vreti un gadget care sa corespunda descrierii produsului, sugerez ca sa mergeti catre o marca consacrata.;0.0;1;0;0.0;1
1626;nu recomand. cea mai proasta achizitie.;0.0;0;0;0.0;1
1627;"dezamagitor!! nu functioneaza decat sa sun eu pe ceas si atat, nimic mai mult. nu functioneaza nici sa imi trec eu numele la ""gardian "". iar cartela vodafone gratuita, are credit 0 lei, deci o pot arunca direct!!";0.0;1;0;0.0;1
1628;s-a stricat dupa o luna;0.0;1;0;0.0;0
1629;dupa nici 2 saptamani, nici nu mai incarca calumea. sare de la 75% energie la aproape 0 (de la 3 leduri la 1 care palpaie). asta in conditii de utilizare superficiala.;0.0;1;0;0.0;0
1630;s-a stricat dupa 2 ore de folosinta.;0.0;1;0;0.0;0
1631;nuvela buna de nimic nici nu poate lua pulsul bine si nu are bratara de calitate nu recomand;1.0;1;0;0.0;1
1632;dupa sosirea primei comenzi ceasul nu a mai functionat corespunzator, aprox 3 zile. am facut retur inpreuna cu bratara fitnes cadou, am solicitat un nou produs. a si sosit dupa 2 sapt fara bratara fitness si ceasul care nici macar nu pornea. din nou am facut retur. dupa aprox 2 luni de la prima comanda a sosit ceasul mult asteptat.. surpriza dupa primul contact cu apa parca era acvariu. pe raspunderea mea l-am desfacut. am ramas stupefiat.. am si facut cateva poze pe care am sa le atasez daca au sa-mi deie voie.. oameni buni nu cumparati!! dati mai bine 20 ron mai mult si cumparati din magazin!!;0.0;1;0;1.0;1
1633;prost cablu... foarte slab.. cand l am cumparat ( acum 4 luni) afost incarca pana la 1000 a si acuma e defect si incarca cu 50 ma!;0.0;1;0;0.0;1
1634;nu are nici o treaba cu un smart..... este doar un ceas banal..;0.0;0;0;0.0;1
1635;se crapa foarte usor, nu recomand!;1.0;0;0;0.0;1
1636;un fel de jucarie.;0.0;0;0;0.0;1
1637;probleme am avut din prima saptamana. incarcatorul a fost inlocuit pt ca nu mai incarca si acum se smulge mufa. nu cred ca sunt originale.;0.0;1;0;0.0;0
1638;am un mobil philips x586.  am luat acest cablu ca sa transfer poze, fisiere din telefon in pc/windows 10 pro, dar transferul nu se face cu acest cablu.;0.0;1;0;0.0;0
1639;"husa este slab calitativa si nu se potriveste cu o tableta de 7"" dezamagitor";1.0;0;0;0.0;1
1640;nu cumparati!!!!! nu tine nici jumatate de zi, ma tinea mai mult cea originala utilizata mai bine de doi ani, -5 stele;0.0;1;0;0.0;1
1641;nu masoara corect nici pulsul si nici pasii.;0.0;1;0;0.0;0
1642;cand am despachetat bratara totul parea sa mearga bine pana cand am conectat-o la telefon. a inceput sa se blocheze, pur si simplu ecranul era negru si isi revenea foarte greu, insa de fiecare data cand incercam sa o conectez la telefon pateam la fel asa ca m-am hotarat sa o las balta. nu o recomand nimanui!;0.0;1;0;0.0;1
1643;"incarcatorul a fost cumparat pentru un samsung a52017. pe langa ca nu incarca la modul fast charging, nu incarca nici macar la modul ""normal"". o incarcare dureaza aproximativ 7-8 ore!!! cu un incarcator normal de 2a fara fast charging, incarcarea dureaza 2 ore. bateria si telefonul verificate / sunt ok.   dupa ce am cautat pe net am ajuns la concluzia ca este un incarcator fake. nu recomand sub nici o forma.. nu recomand sa cumparati de la partenerii emag, doar emag direct";0.0;1;0;0.0;1
1644;retur! nu recomand.   a functionat pana cand s-a descarcat bateria, apoi pa!;0.0;1;0;0.0;1
1645;nu este compatibil cu iphone 6, functioneaza cu greu doar dupa ce este scos si bagat de mai multe ori;0.0;1;0;0.0;0
1646;dupa nici 3 luni de utilizare i-a cazut carcasa, fara a suferi lovituri. nu este acoperita de garantie carcasa si nici nu exista la distribuitor piese de schimb;1.0;0;0;0.0;1
1647;nu recomand nimanui! s-a chinuit sa o aplice pe display-ul tabletei un expert de la orange shop, dar tot au ramas vreo 5-6 bule de aer. se potriveste greu, se dezlipeste apoi greu daca ai pozitionat-o gresit... are niste indicatii pe cartonul de ambalaj, dar oricit le-ai respecta, tot nu-ti iese cum trebuie. hotarit lucru: foliile de plastic nu sint bune de nimic! am comandat acum o folie de sticla, tot de la emag.;1.0;1;0;0.0;1
1648;nu se lipeste bine pe margina;0.0;1;0;0.0;0
1649;calitate slaba.  de noua arata mereu 100%. apoi nu mai incarca deloc. chiar cand nu mai are energie deloc tot 100% indica dar nu incarca.  o porcarie.;0.0;1;0;0.0;1
1650;se intrerupe semnalul foarte des, cu telefonul tinut in buzunar.;0.0;1;0;0.0;0
1651;lightbleed in partea stanga-jos a ecranului de cand a fost cumparat aparent acest model asa este din fabricatie (sunt multe cazuri chiar si pe forumul garmin). ecran crapat in timpul somnului la 2 luni si 12 zile dupa achizitie, touchscreen-ul este mort deci ceasul este inutilizabil... defectele mecanice de acest gen nu sunt acoperite de garantie si nici nu se repara contra cost.;1.0;1;0;0.0;1
1652;i-am masurat capacitate si este sub 40% fata de cea specificata.   cand il misc suna ceva inautru semn ca este o piesa desprinsa.   complet inutil.;0.0;1;0;0.0;1
1653;dupa 6 luni se coporta mai rau decat cea originala de 5 ani. se inchide la 30% si de asemenea se inchide cand fac poze cu blit la 70%.;0.0;1;0;0.0;0
1654;nu incarca nici un telefon de 2500mh;0.0;1;0;0.0;0
1655;se aude foarte incet si scote un sunet ciudat... nu recomand ceea mai proasta achizitie din viata mea.;0.0;1;0;0.0;1
1656;nu recomand. detin acest ceas din ajunul craciunului si a treia zi de craciun a murit definitiv.. fara nici un motiv. plus ca bateria e naspa rau nici o zi macar in totate functiile pe care le detine. aspectul e ok.;1.0;1;0;0.0;1
1657;acum a ajuns. am aplicat folia si nu numai ca nu acopera cum trebuie ecranul, aceasta nici nu se lipeste la margini. pe langa asta calitatea imaginii prin folie e oribila.     nu recomand, nu cumparati acest produs. o risipa de bani!;1.0;1;0;1.0;1
1658;nu cumparati acest produs. ce am primit nu este un produs original sony. volumul si calitatea sunetului sunt inferioare unor casti de la toneta de 10 lei.     le-am primit intr-o punguta ziplock.;0.0;1;1;1.0;1
1659;ecran foarte slab, se sparge cam imediat;0.0;1;0;0.0;0
1660;cel mai jalnic acumulator... se descarca normal pana la 50% iar dupa scade deodata la 1%... la incarcat il pun la 20% si deodata urca la 30%-40%... plus ca am probleme cu telefonul de cand am pus acumulatorul... se restaureaza singur...;0.0;1;0;0.0;1
1661;intra foarte des in offline facand-o practic inutilizabila, o chinezarie ca si hub-ul si senzorii de la aceasta firma.;0.0;1;0;0.0;1
1662;mufa iphone nu merge. usb c merge din cand in cand. retur asigurat;0.0;1;0;0.0;1
1663;nu se potriveste absolut deloc;0.0;0;0;0.0;1
1664;descriere falsa, pentru pretul acesta este ok, dar nu are nici o treaba cu 2x10w si bass foarte slab;0.0;1;0;1.0;0
1665;nu merita luat... nici 24 h nu tine bateria...;0.0;1;0;0.0;1
1666;un produs slab calitativ. nu se conecteaza la net cum spun in descriere. am fost sfatuiti sa l trimitem inapoi pentru a primi ulterior banii. si nu am primit nimic nici macar nu raspund la telefon.;0.0;1;0;0.0;1
1667;se strica repede! nu-i buna deloc.;1.0;0;0;0.0;1
1668;am primit o baterie folosita, telefonul se opreste cand ajunge la 40%...;0.0;1;0;0.0;1
1669;nemultumita, nu am reusit sa-l lipesc si sta in torpedou de vreun an!;0.0;1;0;0.0;1
1670;sa spart dupa 12 ore doar stand in  buzunarul de la spate;1.0;0;0;0.0;0
1671;tine mai putin decat bateria originala de 4 ani! dupa cateva incarcari, parca s-a mai imbunatatit situatia, dar totusi, nu e ca originalul cand e nou!;0.0;1;0;0.0;1
1672;primit pe 12 aprilie 2018. de la acea data, performanta bateriei noi a ajuns mult sub cea originala veche. procentajul de incarcare al bateriei variaza fara o logica, cu pana la +/-10%.   tot datorita bateriei noi, mobilul a inceput de curand sa se restarteze fara motiv. din momentul in care am reinstalat bateria veche, totul merge normal: nu mai sunt restartari, nu mai sunt oscilatii de procentaj de incarcare.    bateria noua este foarte buna pentru aruncat la gunoi.;0.0;1;0;0.0;1
1673;foarte slab... se incarca in vreo 10 ore... si duce 2 incarcari.... dezamagitor;0.0;1;0;0.0;1
1674;foarte slab.. nu recomand!;0.0;0;0;0.0;1
1675;desi bateria pare a fi autentica si nu o replica nereusita la prima vedere, e mai proasta decat bateria originala a telefonului - in varsta de circa 3 ani pe care am vrut sa o inlocuiesc. voi incerca sa o returnez desi procesul de returnare e foarte anevoios pentru produsele partenerilor emag insa din pacate toti acumulatorii pentru acest tip de telefon sunt vanduti doar de partenerii emag. daca a fost o coincidenta, ghinionul meu, daca asta e calitatea bateriei in general - nu recomand!;0.0;1;0;0.0;1
1676;este compatibil poate cu telefoane android pana in versiunea 5.0.1. dupa aceasta versiune puteti considera ca ati dat banii degeaba.;0.0;0;0;1.0;1
1677;mi-am luat teapa cu acest dispozitiv de incarcare wireless. am comandat 2 dispozitive pt a le folosi la 2 iphone-uri x. un iphone x are o capacitate de 3000 mah. cu acest dispozitiv iphone-ul se incarca 1 data si jumatate. oribillll. am dat in jur de 220 de lei si am achizitionat 2. macar de 2 ori daca incarca telefonul era cat de cat rezonabil. prin cablu incarca de 2 ori telefonul. mentionez ca am un charger asus de 10000 mah cumparat acum 2 ani si incarca tot de 2 ori chiar daca a fost folosit de peste 500 de ori. nuuu recomand!!!;0.0;1;0;1.0;1
1678;pro: returul a fost usor si ok, fara probleme    contra: chinezarie, fara un manual de utilizare, nu am reusit sa prind nici un post de radio cu el iar singurul buton pe el era ciudat, de parca statea sa cada (poate doar la varianta trimisa mie, nu stiu daca la fel arata toate).;1.0;1;1;0.0;1
1679;am cumparat aceasta bratara pentru fiica mea de 12 ani, cadou de mos craciun. meniu greoi, lipsa notificare mesaj, contorizare pasi aiurea. am vrut sa o returnez dupa 5 minute. din pacate, copilul a vrut sa-i scoata bratara sa o puna la incarcat iar capatul usb s-a rupt. adio 263 ron, adio cadou de craciun. reclama mincinoasa la acest produs, numai pozele de prezentare sunt cat de cat frumoase. acest produs ar trebui sa se gaseasca intr-o punga de pufuleti cu surprize, nu sa coste aproape 300 lei. rusine.   ps. pentru ca ati stricat bucuria copilului de sarbatori, voi returna de acum inainte toate produsele ce nu indeplinesc criteriile cele mai exigente.;0.0;1;0;1.0;1
1680;din 2 perechi comandate a functionat 1 singura casca... nu recomand;0.0;0;0;0.0;1
1681;folia este de sticla de 2.5mm nu de 3mm si nu este usor curbata cum este trecuta in descriere. este o folie dreapata cat marimea display-ului care nu se lipeste pe marginea curbata a telefonului, ceea ce determina intrarea prafului, a scamelor intre folie si display in curand se va deslipi. nu recomand;1.0;0;0;0.0;1
1682;o porcarie! nu tine bateria nici macar o zi!;0.0;1;0;0.0;1
1683;am introdus in telefon.. nu-l recunoaste. am incercat formatarea pe laptop dar indiferent ce faceam nu-l vedea cand era introdus in telefon. nu recomand.;0.0;1;0;0.0;1
1684;incarcatorul este unul normal. am un huawei p20 pro si nu se incarca rapid cu acest incarcator. pe langa faptul ca incarcatorul vine fara cutie (pur si simplu un cap de bagat in priza si un cablu usb-c).;0.0;1;1;0.0;0
1685;am avut doua identice, fiecare 64gb. dupa vreo 2 ani, a murit o memorie, nu se mai lasa formatata, noroc ca nu aveam poze pe ea. am pus a doua (era sigilata in cutie, de 2 ani) sa o formatez si era moarta si a doua. camera citeste bine mersi alte memorii. bani pe fereastra, daca mai moare si cu poze, rau...;0.0;1;0;1.0;1
1686;am facut comanda direct la ei si nu am luat de pe emag ( desi era cu vreo 10 ron mai scumpa de la ei) si am sunat si am intrebat, este exact cat ceasul si au spus ca da, o minciuna, este mai mica folia decat ceasul, nu cu mult mai mica, dar destul incat sa faca ceasul sa nu mai arate bine. le-am scris un review in care mi-am spus nemultumirea si nu l-am postat pe siteul lor si dupa vreo 2 saptamani mi-au trimis un mail in care mi-au cerut poze cu dovezi, eu am probat ambele si am vazut ca sunt mai mici si le-am aruncat si acum il folosesc fara folie.  concluzia - daca nu va deranjeaza sa fie folia mai mica cu vreo 0.5 mm si sa se vada conturul foliei aproape de marginea ecranului puteti cumpara acest produs, desi el nu este tocmai facut pt galaxy watch;1.0;0;0;0.0;1
1687;lipsit total de stabilitate, cu imperfectiuni in decuparea dupa turnare in forma, nu recomand!;1.0;1;0;0.0;1
1688;cumparata de la ei de pe site. folia e buna, numai ca nu se lipeste pe margini. raspunsul lor zice ca din cauza ecranului curbat se intampla asta. adevarul e ca am folie de sticla de 3ani, o schimb odata la 4-5 luni, dar aceasta e singura care nu se lipeste pana la margine. cred ca produsul e de slaba calitate. oricum numele firmei e doar o coincidenta, nu are nici o legatura cu celebra firma. dezamagit. nu recomand.;1.0;1;0;0.0;1
1689;execrabila, porneste greu, se misca prost, se blocheaza. e imposibil de folosit!;0.0;1;0;0.0;1
1690;"fara nicio utilitate, foarte proasta pentru 7""";0.0;1;0;0.0;1
1691;l-am luat pentru camera foto nikon d5100. nu stiu care e problema lui, desi are aceleasi caracteristici cu fostul meu card, care s-a dezintegrat fizic, acesta nu scrie datele cu viteza necesara pentru ca filmarea sa poata fi vazuta ca filmare. drept urmare, scrie aprox. 2-3 cadre din 24 (adica imi face filmele de nevizionat).  un jaf de card.;1.0;1;0;0.0;1
1692;nu se lipeste de bord;0.0;1;0;0.0;0
1693;se strica casca din stanga la nici o luna de cand le-am cumparat. este a doua pereche nu irositi bani;0.0;1;0;0.0;1
1694;nu incarca rapid lg g5. o sa o duc inapoi.;0.0;1;0;0.0;1
1695;sa cumperi un acumulator de 20000 care se comporta ca unul de 10000, asta inseamna sa-ti iei teapa. i-am facut doua descarcari si doua incarcari, tot ce trebuia, si cand il pun la incarcat de la 100% imi sare in 2 minute la 70%, dupa se blocheaza la 61% si tot asa.;0.0;1;0;0.0;1
1696;dupa 2 zile de cumparare si utilizare, nu mai vrea sa porneasca, are ceva defect.;0.0;1;0;0.0;0
1697;s-a rupt dupa 1 luna.;1.0;0;0;0.0;0
1698;foarte nemultumita de produs. nu functioneaza in program (setracker). desi am configurat ceasul conform instructiunilor, are semnal si date mobile, apare in program ca dispozitiv offline. nu se poate folosi decat pentru a apela purtatorul ceasului si atat. desi incarcat complet, se descarca in 4-5 ore, ceea ce il face si mai nefunctional. furnizorul nu raspunde la mesaje de 6 zile de la achizitie dar are pretentia ca produsul sa fie returnat in maxim 14 zile. ceasul este mai degraba o jucarie chinezeasca de proasta calitate. imi vreau banii inapoi.;0.0;1;0;1.0;1
1699;am incercat sa folosesc tableta timp de o saptamana.  am avut probleme la tot pasul. pot spune ca la fiecare 5 minute de utilizare.  nu ramanea conectata la internet prin hotspot, la final nici nu se mai conecta.  foarte lenta, timp de raspuns mare.  la pornire asteptam aproximativ 3-4 minute pana cand incepea sa functioneze.  am returnat-o urgent!!!  lenovo eventual pentru laptop-uri, in rest nu merita.;0.0;1;0;0.0;1
1700;desi comode la prima incercare, nu am apucat sa le folosesc la un alergat deoarece casca dreapta are un gajait destul de enervant. cel mai probabil voi returna produsul!;1.0;1;0;0.0;1
1701;jalnic. singura parte buna este ca arata bine si nu este zgomotos. in rest nu prea, eu am doua s7, unu normal si unul edge. la amandoua incarcarea dureza foarte mult, daca este descarcat pana in 15 % incarcarea dureaza undeva la 2h 30m. daca cumva este pe punctul de moarte incarcarea va dura peste 3h. asta pe incarcarea rapida! pe incarcarea normala nu l-am folosit deoarece cred ca incarcarea dura o zi...;1.0;1;0;0.0;1
1702;pozam un botez cand la un momet dat imi apare urmatorul mesaj: acest card de memorie nu se poate utiliza. cardul poate fi deteriorat. introduceti alt card. in graba nu dau importanta, inchid aparatul, scot si bag iar bateria, pornesc, merge, mai trag cateva cadre, verific pozele si din urma, totul ok. mai trag cateva cadre, iar apare mesajul, procedez ca mai nainte dar de data asta fara scucces. pozele nu le-am mai putut recupera. decideti voi daca vreti sa il cumparati.;0.0;1;0;0.0;1
1703;poate fi setat doar din aplicatie si aplicatia nu imi vedea ceasul, cu toate ca acesta era pornit si cu sim activ si incarcat. am stat 3 zile pe mail cu cei de la suport tehnic si tot nu au reusit sa rezolve problema. il voi returna.;0.0;1;0;0.0;1
1704;foarte proasta calitatea. a functionat maxim o luna cu 3 schimbari de baterie. schimbat cu totul pana la urma. al doilea nu a rezistat nici 2 saptamani. cel mai prost produs cumparat vreodata. nu merita nici sa fie luat in calcul. mos craciun si-a luat o mare teapa.;0.0;1;0;0.0;1
1705;slabut, pret mic calitate pe masura!;0.0;0;0;1.0;1
1706;legat de vorbitul destul de tare de fiecare data cand deschizi boxa sau cand ceri o comanda, mai adaug ca daca o uiti deschisa, s. ar putea sa te trezesti la2 noaptea cu una care incepe sa latre incontinuu... si destul de tare incat sa trezeasca toata casa;0.0;1;0;0.0;0
1707;mi s-a defectat dupa aproximativ o luna de utilizare. nu mai vrea sa se incarce... nu recomand;0.0;1;0;0.0;1
1708;comanda trebuia sa ajunga pe 4 si a ajuns pe 5, nu asta ar fi problema cea mare, problema mare este aceea ca pe cutie scrie ca bateria tine intre 3 si 4 ore de ascultat muzica si in realitate bateria nu tine mai mult de 30 de minute. dezamagitor, mai ales din partea emag pentru ca vand asa ceva dand informatii false, dupa cumpararea produsului realizand adevarul. rusine emag si partenerilor!;0.0;1;1;0.0;1
1709;nu stiam ca este si diagonala 7,8 inch (asa scrie la specificatii)! sau poate gresesc eu....;0.0;0;0;0.0;0
1710;am cumparat produsul acum o saptamana din pacate acesta nu corespunde cu descrierea, el are functii de masurare puls, oxigen si tensiune, si as fi putut trece peste impedimentul de a nu corespunde cu descrierea daca era si rezistent la apa dar din pacate nu este la prima balaceala in bazin sa inecat inca mai functioneaza dar a se vede ca are apa in el pe scurt daca nu aruncam chitanta il returnam.;0.0;1;0;0.0;1
1711;doar sa pui pe spate si sa ai husa, altfel, nu-si are rostul. autocoland pe care il gasesti peste tot, intradevar, taieturi precise insa lipici nici macar de doi bani.;1.0;1;0;0.0;1
1712;foarte nemultumit de ea... se aude binisor.... dar cand am bagat un stick mi s-a blocat si nu a mai mers... am returnat-o;0.0;1;0;0.0;1
1713;nu merita banii!;0.0;0;0;0.0;1
1714;se putea si mai bine. emag dezamagitor;0.0;0;0;0.0;1
1715;am primit alte casti, nu are treaba cu poza. le returnez.;0.0;0;1;0.0;1
1716;nu o recomand. pentru banii astia este foarte slaba. se aude foarte incet pentru cei 6w... am luat o boxa myria tot cu 6w, dupa ce am returnat-o pe aceasta, si se aude mult mai tare. am avut si niste probleme cu ea, se conecta foarte greu prin bluetooth, iar prin nfc deloc... pe mai multe telefoane. butoanele tacticle nu raspund chiar asa de bine la comenzi. vocea care apare in momentul in care pornesti boxa este un pic deranjanta, dar cred ca te poti obisnuii cu ea. intr-adevar, are un design placut, dar degeaba... nu recomand!;1.0;1;0;1.0;1
1717;il fortezi putin si se rupe, se desface suportul de baza, apoi nu mai sta cum trebuie. si sa asezi telefonul in suport e destul de incomod, ai nevoie de doua maini. nu recomand nimanui, dai mai multi bani si iti iei ceva ok.;1.0;1;0;1.0;1
1718;nu se aprinde. nu se incarca. ce parere sa mai ai.;0.0;1;0;0.0;1
1719;nu recomand nici unui om care cat de cat are intentia sa faca un pic de miscare pentru sanatate, cu atat mai putin unui profesionist. indicatori sunt o gluma. nu cred ca e normal sa vorbesti in cazul de fata despre raport calitate/pret deoarece ori iti indica corect pasii/calorii etc. ori nu. iar daca nu iti indica corect nu isi merita numele de bratara fitness.;0.0;1;0;1.0;1.0
1720;abia l am primit. fara manual in limba romana. sa vad ce pot face... nu pare extraordinar. fara manual nu ma descurc. e pe cat de simplu pe atat de complicat... sau de doi lei... nu pot intra in setari sa fixez ora... sau poate nici nu functioneaza, e doar o jucarie... cam scumpa jucaria. maine voi suna dupa manual...;1.0;1;0;1.0;1
1721;am cumparat aceasta boxa de black friday la pretul de 65 de lei. acum vad ca este redusa la 57 de lei, fiind mai ieftina cu 8 lei decat de black friday.    a venit zgariata, am poze facute la nici 10 minute dupa ce a fost primita care atesta acest lucru. am facut poze cu boxa la 10:35, iar asa cum se vede din imaginea atasata cu chitanta, boxa a fost primita de la 10:29.     pe langa faptul ca este zgariata de zici ca am cumparat de la resigilate, este alta culoare decat ceea ce am comandat, fiind o nuanta de albastru aprins si nu culoarea camouflage cum este trecut aici.    lucrul cel mai enervant este ca butoanele de volum nici macar nu functioneaza cum trebuie. in loc sa se auda mai tare sau mai incet, acestea schimba melodia.;1.0;0;1;0.0;1
1722;nu recomand. ecranul telefonului este curbat iar folia dreapta.;1.0;0;0;0.0;1
1723;nu cade exact pe telefon... nu recomand. asta e tebucuri pentru nimik.;1.0;0;0;0.0;1
1724;nu va cumparati asa ceva, decat dc sunteti elefanti! chestiile care intra in urechi au cam 2 cm. 2 cm!!! nu le poti introduce in urechi decat dc ti le indesi pana in creier. eu le-am facut retur.  le-am dat o stea ca nu le puteam da zero!;1.0;0;0;0.0;1
1725;am cumparat cu incredere, crezand ca este vorba de bookbook autentic, aflat intr-o promotie. nici nu exista temen de comparatie. este de o calitate jalnica. fermoarul mai avea putin si se desprindea de la locul lui, dar ca sa functioneze, nici vorba. cotorul a venit deja cu julitori, iar daca doar te atingeai de acel material, continua sa se jupoaie. am introdus produsul cu grija in ambalajul original si il voi returna urgent. concluzie: treceti mai departe, nu cumparati asa ceva. bani aruncati sau timp pierdut cu returnarea.;1.0;1;1;0.0;1
1726;nu recomand de loc! este mult mai mica decat ecranul telefonului si nu se potriveste de loc;1.0;0;0;0.0;1
1727;foarte slab, nu recomand la nimeni;0.0;0;0;0.0;1
1728;acum 3 zile am luat-o nu-i buna de loc memorie nimic 1,86gb se blocheaza nu-i buna de loc.;0.0;1;0;0.0;1
1729;nu merge. nu se deschide! maxim de dezamagit de mosu!;0.0;1;0;0.0;1
1730;dupa 3 zile de utilizare nu se mai deschidea la apasarea butonului;0.0;1;0;0.0;0
1731;am comandat produsul prin emag, dar de la atu it! nu stiu daca este doar defect, insa valoreaza 2 lei. cutia nu era sigilata, bateria a venit alaturi, nu era incorporata! folia protectoare era cu zgarieturi!  conexiune bluetooth extrem de slaba, la 5m se pierde conexiunea. apelurile vocale imposibil de interceptat. voi returna produsul, sper sa si primesc banii inapoi. revin cu feedback!;0.0;1;1;1.0;1
1732;nu recomand, cardul se va strica foarte repede;0.0;1;0;0.0;1
1733;produs nou din 2017!!! bateria este descarcata complet, nu este stabil cand il incarci, nu are decat 3 teme, cureaua este marimea 22 daca ai mana mai groasa de-abia il poti inchide, pretul real este intre 50 si 60 lei. acum cei de la constanta(acolo este sediul firmei kids) s-au gandit:il dam cu 100 eur, apoi punem reducere si un cadou si prostii pun botul. noi tot castigam de doua ori. acum este cumparat il tin pentru copil sa se joace cu el la scoala in pauza.;0.0;1;0;1.0;1
1734;incarca telefonul o singura data.;0.0;1;0;0.0;0
1735;buna, am dat o tona de bani pe o tableta allview. cei de la allview nu fac upgrade-ul lor si deci ajungi sa instalezi pe ea doar google chrome. in rest nu merge nimic. nu aruncati banii la gunoi.;0.0;1;0;1.0;1
1736;am cumparat citind review. sunt pretentios. boxa nu merita mai mult de 100 ron. este badarana. mare pentru ce poate face, putere reala cam 5w. peste 70 % distorsioneaza. radio prinde prost, putine posturi. cablu usb alimentare care este si antena 30 cm. am cumparat unul de 1,8 m. mai bine dar tot slab. vine cu cablu auxiliar. puterea prin cablu cam 50% fata de bleutut. vocea care anunta m functionare tare indiferent de volum, deranjant, nu ramane in memorie dupa oprire nimic. nu are semnalizare pe fata. bass lipsa total. usb merge bine, cu lipsurile descrise. adevarul nu merita 185 ron. ca o comparatie cu myria -my 2404 este cu 2 clase sub ea care a costat 130 ron la oferta. nemultumit!;1.0;1;0;1.0;1
1737;in primul rand am primit altceva, un ceas care seamana perfect cu cel din poza, doar ca nu are g-senzor, sa nu mai vorbim de monitorizare ritm cardiac. numaratorul de pasi este de asemenea o porcarie, iti numara pasii cand misti mana. l-am cumparat in special pentru asa zisa autonomie din descriere si pentru g-senzor, dar ce sa vezi teapa. de ieri pana azi i-a picat 50% din baterie si nu l-am folosit decat foarte putin. bluetooth-ul este de asemenea o porcarie, nu sta conectat aproape deloc.   sa ne intelegem, la 65 lei eu zic ca e ok, dar eu am crezut ca iau ce-i in descriere la banii astia, deci teapa! imi pare rau dar trebuie s-o spun:  rusine microzece!;0.0;1;1;1.0;1
1738;produsul a functionat corespunzator cam o saptamana, dupa care problemele au inceput sa apara rand pe rand:     1. plasticul s-a crapat in doua locuri   2. casca stanga a inceput sa se auda mai incet decat cea dreapta   3. butonul de volum ?-?(minus) nefunctional: la o singura apasare volumul scade instant pana la 0, iar butonul ?+?(plus) nu functioneaza.  4. la laptop se conecteaza din a 5-a sau a 6-a incercare  5. iar mai nou nici in telefon nu mai sta fixa mufa jack (se aude intrerupt)    sunt un om realist si va asigur ca nu am avut asteptari mari de la aceasta pereche de casti contrafacute, insa e absolut absurd ca in nici 30 de zile de la cumparare acestui produs, sa inglobeze atat de multe probleme tehnice.     spre exemplu am avut o pereche de casti achizitionate din sua cu 10$ si pot sa spun ca problemele tehnice s-au adunat usor in timp in decurs a 4-5 ani de zile, nu 30 de zile ca si in cazul de fata.     asta cred ca mi-a fost ultima lectie de fake-areli din china.;1.0;1;0;0.0;1
1739;detin acest smartwatch de o luna si deja i sa luat vopseaua, iar intr-o zi pur si simplu s-a stricat.;1.0;1;0;0.0;0
1740;se comporta bine in timp;0.0;1;0;0.0;0
1741;nu l-am cumparat de pe emag.  foarte prost gps-ul.  la alergare de 5 km pe stadion m-a aruncat de mai mai multe ori in afara stadionului sau in partea cealalta a stadionului.  nu recomand pt activitati cre folosesc gps-ul.;0.0;1;0;0.0;1
1742;boxa este foarte usoara se aude extrem de prost plastic foarte ieftin   un produs de calitate proasta;1.0;1;0;0.0;1
1743;foarte slaba, imi incarca telefonul cu 2350mah de 1,5 ori. nu recomand;0.0;1;0;0.0;1
1744;cost foarte mare pentru un card class 2. puteti altge oricare alt card class 4 si iesiti si mai ieftin.  contra:: 3mb/s la scriere fata de un card samsung class 2 care are 8mb/s.;0.0;1;0;1.0;1
1745;frumoasa, dar slaba calitativ! m-am ales cu o crapatura de la jumatatea foliei spre centru in jos la 2 zile, fara a scapa/lovi telefonul nici macar un pic!;1.0;1;0;0.0;0
1746;castile au o baterie care tine mult, la utilizare serioasa si pentru multe ore, tine foarte mult.     dar basul prea puternic distorsioneaza sunetul, devine infundat. la apeluri, microfonul nu merge bine: eu nu aud bine persoana cu care vorbesc din cauza basului mult prea puternic iar persoana cu care vorbesc ma aude la fel de infundat.     am testat castile si cu muzica de pe youtube, si cu muzica de pe cd-uri, si muzica piratata, si muzica cumparata online de pe itunes, deci si sunet de calitate maxima, si minima. dar la final este acelasi rezultat: sunet infundat din cauza basului (chiar si cu setari de bass reducer);0.0;1;0;0.0;0
1747;alb-ul nu functioneaza iar boxa scoate un bazait destul de puternic si enervant in timpul redarii melodiilor. telecomanda functioneaza cand vrea ea.;0.0;1;0;0.0;0
1748;nu isi merita banii. probleme cu conectarea din 4 telefoane se conecteaza doar la 2.;0.0;1;0;1.0;0
1749;suportul software nu mai exista!!!;0.0;1;0;0.0;0
1750;"am decis sa scriu acest review dupa cateva zile de utilizare si am descoperit urmatoarele probleme: castile nu merg cu spotify sau alte servici ""third-party"" de acest gen, cateodata se opresc iar spotify-ul se restarteaza sau daca apas pe casca sa se schimbe melodia, widgetul de muzica da crash, de asemenea daca dau o casca jos muzica se opreste dar daca o pun inapoi nu mai porneste inapoi cum ar trebui. cateodata cand puneam pauza si dupa dadeam play folosind butonul castii, omi oprea spotify-ul si pornea aplucatia de muzica. mentionez ca le-am utilizat la un samsung s9 abia achizitionat, deci nu se pune problema sa am telefonul defect. problemele nu s-au remediat nici dupa restartarea telefonului sau reinstalarea aplicatiei. am citit pe forumuri si aceasta problema exista si la ios, castile functionand bine doar cu apple music. in rest, se aud bine, se conecteaza repede, si bateria tine foarte bine, dar avand in vedere defectul acesta, nu justifica cei 700 de lei dati..";0.0;1;0;1.0;1
1751;despre karaoke nu se pune problema se aude execrabil si nu functioneaza cum trebuie si se aude un tiuit continuu cand introduci microfonul, pacat de microfon ca bun.  se aude foarte bine doar pe stick sau card, pe bluetooth se aude slab cu sonorul dat la maxim. radio se aude un fisiit pe orice post incerci sa il setezi, daca tii antena cu mana este ok;0.0;1;0;0.0;0
1752;am achizitionat acest produs din alt magazin pentru a o da cadou si nu e satisfacator. totusi, pentru ascultat muzica langa laptop e ok. am o alta boxa de 6w luata de la auchan care e mult mai buna si cu autonomie mai mare. a fost si mai ieftina aceea. sunetul nu e unul wow. cu bine.;0.0;1;0;0.0;1
1753;nasol, sub medie!;0.0;0;0;0.0;1
1754;m-a fascinat ideea de a achizitiona un produs de acest gen, mai ales ca imi place foarte mult sa cant, dar sa incep cu felul in care reda muzica aceasta boxa: nu am notiuni de specialitate, atata stiu ca-mi place sa ascult muzica de calitate si astept si din partea sunetului sa fie pe masura boxa se aude ca si cum ar reda dintr-o oala (sincer, la cat de mult am asteptat coletul, imi pare rau sa spun acest lucru atat pentru faptul ca am fost dezamagit, cat si pentru a nu supara sau contrazice pe nimeni e strict parerea mea - cine vrea sa tina cont de ea, bine, cine nu, la fel de bine). la karaoke, deci atunci cand vreau sa cant de pe stick, se intrerupe melodia -poate o fi defect, nu stiu, iar ecoul este nu de karaoke, ci de balci, de muzica de petrecere, de manele (gen botez). telecomanda raspunde greu. deci, daca un prieten mi-ar cere parerea, i-as spune clar ca nu merita! imi pare rau ca am fost nevoit sa fiu negativ in acest mesaj! p. s. daca cineva cunoaste ceva de acest gen, dar sa fie calitate, nu conteaza atat de mult pretul, sau macar raportul calitate/pret sa fie unul adecvat, il rog sa-mi spuna! merci anticipat!;0.0;1;1;1.0;1
1755;este un incarcator foarte practic.  singurul lucru care este de luat in seama este faptul ca ventilatorul integrat face zgomot destul de mare. daca il pozitionezi pe noptiera il auzi toata noaptea.;1.0;1;0;0.0;0
1756;detin acest ceas de aproximativ un an. l-am luat cu scopul de a monitoriza intensitatea unui antrenament la sala, in modul workout isi face treaba bine, puls, calorii, etc.... pana acum 2 zile i-as fi dat 4,5 - 5, insa zilele trecute l-am avut un mine, insa nu la mana, ci in ghiozdan. surpriza, mi-a inregistrat 2 activitati de mers alert ( cei ce il detin stiu ca are si optiunea de walk ca si activitatea daca mergi mai mult de 10 minute si pulsul se ridica).   acum stau si ma gandesc cum si-a dat el seama ca am mers eu 20 minute, cu un puls de 100 in medie, in ghiodan fiind?:))));0.0;1;0;0.0;0
1757;incarca foaaarte greu (8 ore).... nu stiu daca e o problema generala sau doar a mea e asa, dar am incarcat 2 telefoane (un s7 si un htc e9) si a fost aproape epuizata....;0.0;1;0;0.0;0
1758;am dat comanda si bineinteles l-am si primit. am asteptat fara sa-l desfac din cutie pentru al face cadou fetitei mele de mos craciun. dimineata sa constate fata mea ca nu are acumulator. va dati seama ce cadou frumos a primit de la mosul.;0.0;0;0;0.0;1
1759;"am achizitionat tableta de"" black friday"" la pretul de 599 ron si s-a defectat in mai putin de 20 zile! tableta se incarca numai 80-90% iar daca imi aparea 100% cand o deschideam de fapt ea imi indica 15%. am citit cateva review-uri si am observat ca problema persista si la alti utilizatori! sa fie oare problema generala la acest model de tableta?! o am de 12 zile in service, pe aviz scrie ca max 15 zile trebuie reparata, acum sunt curios daca a se respecta termenul!";0.0;1;0;1.0;0
1760;"am returnat-o a doua zi.   partea din stanga a ecranului avea un ""shade"" de verde, ceea ce inseamna ca nu te puteai uita la nimic pe fond negru, gen un video/film.     acelasi lucru am vazut si la tablete de 200 lei.     pretul a fost corect, 499lei,, nu ma deranja faptul ca nu se poate face update la android, o luasem pentru seriale.     am luat pana la urma, de la un alt magazin, huawei mediapad t3 - mult, mult peste aceasta.";0.0;1;0;1.0;1
1761;nu recomand boxa. ea se aude foarte bine dar bateria e dezamagitoare. incarci boxa 8 ore si bateria nu tine nici 2 ore. slab;0.0;1;0;0.0;1
1762;sistemul de prindere este foarte sensibil. se desprinde foarte usor;1.0;0;0;0.0;0
1763;putere de incarcare variabila pe porturi  durarta de viata scurta (ii scad paramentrii de incarcare in timp)  pro pretul  concluzie nu recomand;0.0;1;0;1.0;1
1764;plastic care se zgarie repede, dupa 2 saptamani nazdravanul a cazut si carcasa fiind casanta sa ciobit langa curea, partea electronica s-a miscat si panglica de la butoane s-a rupt, pozitia gps e foarte relativa, nu prea poti sa iti dai seama daca e acasa sau la 3 strazi distanta la vecini.;1.0;1;0;0.0;0
1765;bateria tine o zi, in conditiile in care il folosesc doar cu cartela sim.  pedometru e mai mult un contor pe baza de timp, nu contorizeaza real daca te misti.;0.0;1;0;0.0;0
1766;slab, nu merita investitia. se gasesc in europa boxe mici mai bune la 30-40 de lei.;0.0;0;0;1.0;1
1767;"deci sa incepem, \r\nacum ceva timp am achizitionat o tableta (asus vivotab smart me400c) in cazul meu din afara. dar dupa o anumita perioada de utilizare iti dai seama ca daca vrei sa stai sa \""lucrezi\"" de exemplu la birou (pt ca nu poti sa faci chiar toate lucrurile stand in pat sau pe canapea), m-am hotarat sa achizitionez aceasta tastatura pt ca altele se pare ca nu se pot gasi, inafara de cele universale. dar cum sunt eu adeptul accesoriilor facute de acelasi producator am zis hai sa fac comanda. astazi am ridicat-o si imi pare rau sa spun ca trebuie sa o returnez,(desi am incercat sa ma uit pe net sa vedem daca nu exista alta posibilitate de a o conecta). pacat de ea pt ca mi-a placut modelul si cum este construita. intre timp am gasit alta tastatura se pare ca pt toate modelele de la asus din seria me400, acum sa vedem ce se intampla.  pro:: materialele din care este fabricata sunt ok, aspect ft placut, utilizare ft simpla.  contra:: imposibilitatea de a conecta tastatura la alt model de tableta (din seria vivotab smart) inafara de vivotab smart me400cl desi pe cutie scrie compatibilitate cu toate tabletele asus";1.0;1;0;0.0;1
1768;este imens si incarca foarte incet. daca foloseam telefonul cat timp era conectat la acumulator, bateria se descarca. l-am returnat.;1.0;1;0;0.0;1
1769;am achizitionat acest produs, si am constatat ca nu a fost o alegere foarte buna. perimetrul este foarte mare, istoricul este aproximativ, pe o distanta de 200 m2. asta inseamna ca are o deviere de traseu foarte mare. utilizare usoara, configurarea simpla. aspect ok. utilitate minima. raspunde foarte bine cand desface ceasul de la mana. am adaugat 2 ** pentru ca am gasit doar 2 functii utile. cea cu indepartarea de la mana si faptul ca poti suna in mod ascuns. livrarea a fost foarte rapida.;1.0;1;1;0.0;1
1770;la prima vedere te incanta, dar dupa ce o folosesti mai des se va observa ca nu functioneaza chiar asa bine si din cand in cand se inchide, nu mai vorbim de faptul ca incarca greu aplicatii, nu mai vorbim de faptul ca daca vrei sa te uiti la un film sau la un meci merge sacadat.;1.0;1;0;0.0;0
1771;abia se scrie pe el....2-4mb/sec;0.0;1;0;0.0;0
1772;depinde mult de tipul de bord. de ex pe bordul de la laguna 3 nu sta sta lipit. lipit de parbriz este excelent... chiar te chinui putin sa. l mai dai jos.  arcul e puternic nu prea poti sa dai telefonul jos cu o singura mana.;1.0;0;0;0.0;0
1773;tare ideea ca se incarca de la inc. bricheta. l-am folosit o sapt. cu un iphone6 la pornire nu prea se conecta si de auzit in oras cand mergi cu 40 singur in masina e ok, la viteze mari nicio sansa.;0.0;1;0;0.0;0
1774;am achizionat produsul la sfarsitul lunii decembrie, la un pret bun. este un produs ok pentru un incepator in fitness asa cum ma consider si eu, insa se pare ca rezistenta sa a fost conforma pretului: dupa 4 luni s-a stricat fara a mai putea fi reparat. am de obiectat si asupra magazinului emag care mi-a transmis ca din pacate nu-mi pot oferi o bratara noua, deoarece produsul nu se mai afla in oferta lor si din cate observ au pe toate culorile si vivofit si vivofit 2. am primit banii inapoi, insa as fi vrut bratara pentru ca ma ajuta in monitorizarea activitatii zilnice.;1.0;1;0;1.0;0
1775;l-am cumparat pentru a inlocui un cablu vechi de mai bine de 2 ani care s-a rupt in spatele mufei. tellur a rezistat doar 1 luna.;0.0;1;0;0.0;0
1776;nu sunt multumita de baterie, se descarca repede.;0.0;1;0;0.0;1
1777;lag foarte mare la display, nu e foarte sensibil la atingere sau la schimbarea directiei, functii de baza ok pentru pret, design-ul ok, insa un fitbit se va descurca mult mai bine atat la capitolul functionalitate, cat si design.;1.0;1;0;1.0;1
1778;desi este foarte practic, acumulatorul are probleme cu celulele. uneori imi pot incarca telefonul de doua ori, alteori de 3 ori. din pacate niciodata nu il poti folosi la potentialul maxim. are si plusuri: lanternele pe care le are sunt foarte practice, indicatorul de incarcare iti arata procente (chiar daca nu sunt foarte precise).  design-ul imi place foarte mult. nu este un baton deranjant la bagaj cum am mai avut.  il voi trimite la garantie, pentru ca aspectul practic nu imi permite sa renunt la el. sunt curios daca va fi inlocuit sau nu.;1.0;1;0;0.0;0
1779;stau foarte greu in ureche;1.0;0;0;0.0;0
1780;l-am folosit de cateva ori, chiar l-am atasat de parbriz intr-o zona protejata (zona superioara) sa nu se incinga... nu se mai lipeste de parbriz, o sa incerc sa spal ventuza si revin cu un review dar asa, la prima parere, m-a cam dezamagit...;0.0;1;0;0.0;1
1781;bateria tine cam 2,3 ore de vorbit nimeni nu sa plans ca nu ma aude bine dar plasticul din ureche este horor o port agatata de ureche si se aude cam slabut se deconecteaza cam des 3,4 ori pe zi. nu prea merita bani;1.0;1;0;0.0;1
1782;nu se potriveste cu cablu bratara de la a+ pentru iphone;0.0;0;0;0.0;1
1783;slab calitativ. reincarcarea dureaza minim 12-14h (fie cu incarcator 2a sau 1a). se descarca destul de repede cand nu este folosit (10-12 zile). deja la 1/4 ramas nu mai incarca telefonul. am returnat deja 1 produs fiindca ajunsese sa se incarce in 24h. nu recomand! mergeti pe anker mai bine!;0.0;1;0;0.0;1
1784;cablul s-a rupt in timp ce incarca o tableta, dupa circa 2 saptamani de utilizare. posibil sa fie din cauza copiilor, dar oricum neplacut ca s-a rupt doar o bucata care a ramas in portul tabletei - din fericire am reusit sa o scot fara alte urmari.;1.0;1;0;0.0;0
1785;un produs foarte slab. baterie la google pixel 2xl de 3520 incarcata de la 5% la 100 si mi-a ramas 10% in bateria externa.;0.0;1;0;0.0;1
1786;sunt destul de mari si pentru urechile unui barbat, iar calitatea lor lasa mult de dorit...;1.0;1;0;0.0;0
1787;nu se potriveste! completati corect anuntul!!!!!!;0.0;0;0;0.0;1
1788;la prima folosire a intrat un contact lateral in interior.;1.0;0;0;0.0;0
1789;jbl numai e cea fost inainte! daca vreti baterie si medii in sound sa ascultati in rest bass si inalte nu are!;0.0;0;0;0.0;1
1790;nu este bun deloc!!  se incarca greu... si nu incarca telefonul.;0.0;1;0;0.0;1
1791;intra fortat intr-un s6 in comparatie cu originalul.;1.0;0;0;0.0;0
1792;dezamagitor. a fost reparat pe garantie deja de 2 ori in 6 luni. ca si fiabilitate este mult sub asteptari.;1.0;0;0;0.0;1
1793;e mai bun decat nimic, dar nu cu mult.;0.0;0;0;0.0;1
1794;"il folosesc la un canon eos 600d si cand inregistrez imi da eroarea ""movie recording has been stopped automatically"" semn ca puterea de scriere nu este ok.";0.0;1;0;0.0;0
1795;am avut 2 astfel de baterii, in maxim 2 luni s-au defectat, una a fost inlocuita iar la cealalta am primiy banii inapoi. mai bine cumparam ceva mai scump si mai durabil.;1.0;1;0;1.0;0
1796;sunet puternic dar de slaba calitate. nu prea prinde posturi radio, bateria tinea la inceput aprox. 2 ore, acum maxim 15 minute.;0.0;1;0;0.0;0
1797;s-a spart la prima cazatura;1.0;0;0;0.0;0
1798;husa e construita dintr-un plastic tare, nu foarte placut la atingere. stylus pen e slab calitativ varful de contact nu este ascutit ci rotund ca o bila, neavand precizie. a trebuit sa platesc si transport separat pentru husa (pe langa ipadul ce l-am achizitionat), deoarece husa e vanduta de un tert, pe emag. per ansamblu, nu as recomanda aceasta husa si pen.;1.0;0;0;0.0;1
1799;am mai testat si alte incarcatoare (normale, nu rapide) si nu vad nicio diferenta. ma asteptam sa fie mai rapid. nu e.;0.0;1;0;0.0;0
1800;nu vad nici o diferenta intre mi band 3 simplu si mi band 3 hr aceleasi functii acelasi afisaj deci nimic diferit, si din punctul meu de vedere a fost conceputa sa fie compatibila doar cu telefoanele din gama lor si anume xiaomi, deci dezamagit complet, pierde conectivitatea chiar si cu telefonul in buzunar nu mai vorbesc de 10 metri! ma gandesc sa o returnez o am de trei zile;0.0;1;0;0.0;1
1801;atentie folia este extrem de inchisa la culoare, in sensul ca cu luminozitatea telefonului la maxim ai impresia ca este la minim si in soare poti avea dificultati de a vedea ecranul.    in ce a ce priveste privacy este foarte ok nu se vede din laterale asa cum este spus in descriere.    o alta chestie buna este faptul ca nu apar mai deloc urme de degete pe ecran deci si aici chiar ok     folia se aplica usor pe telefon.    recomand persoanelor care chiar au nevoie de privacy glass si care nu au probleme de vedere, pentru ceilalti nu merita mai mult osa va enerveze.;0.0;1;0;0.0;1
1802;scria cineva aici ca aceste cati au bass exceptional. aceste casti sunt de o calitate mai slaba decat orice alte casti chinezesti de pe piata. am cumparat pana acum de la emag produse apple, dar asta e cel mai prost pe care l-am achizitionat.   pro: are bara de reglare volum, sunt usoare si confortabile  contra: - nu poti asculta muzica pe ele- nu se aud tare  -constructie proasta, plastic ieftin, daca le-ai scapat pe jos le-ai spart  -fire subtiri  -lipsa totala bass  recomand sa cumparati casti sony, mult mai bune si la un pret cu cel putin 50% mai mic. valoarea reala acestor casti apple ar fi de 20 de lei la ce ofera.;1.0;1;0;1.0;1
1803;am achizitionat acest model de baieti si de fetite, il avem de aproape 1 an si s au stricat. nu au fost lovite sunt ft bn ingrijite. nu mai merg dau error, inca n au iesit din garantie.. plus ca s a rupt curelusa e din cauciuc, nu recomand acest tip de smartwatch.;1.0;1;0;0.0;1
1804;este un produs placut la vedere, insa performanta lasa de dorit. am un iphone 8, l-am pus la incarcat cu 38% baterie la ora 12, este ora 17:49 si este de abia la 83%. din punctul meu de vedere nu merita achizitionat, mai bine achizitionati un cablu fast charge.;0.0;1;0;0.0;1
1805;acest produs functioneaza numai cu 12 v dc voltaj. dar nimeni nu au scris acest informatie care cel important. nu stiu despre produse cum functineaza si calitate fiindca nu am putut incercat.  asta cel mai iresponsabilitate lui care vande acest produs.  ar trebuie se scrie pe pagina cu cat voltaj trebuie. deci gunoi pt. mine. nu pot folosi.;1.0;0;0;0.0;1
1806;este un produs de slaba calitate, se aude incet si sunt telefoane cu care nu este compatibila...... pretul a fost decisiv in achizitionarea acesteia.;0.0;1;0;1.0;1
1807;sunt casti slabe, cu pret putin cam supra apreciat. are bass, dar restul tonurilor sunt puternic distorsionate. nu prea are tonuri fine si inalte. se aud ca din butoi. calitatea sunetului nu reflecta realitatea fonetica a materialului audio. am ascultat interviuri si conferinte si vocea era fie mult mai slaba decat la casti normale, fie mai groasa decat in realitate. la fel era si la melodii, unde nu se auzeau o serie de instrumente.     semnalul este mediocru. se intrerupe din cand in cand, chiar daca intre mine si dispozitiv nu este niciun zid si sunt vreo 3 metri distanta. nu se intampla des, dar se intampla. nu apare problema asta atunci cand folosesc castile normale sau difuzoarele.     nu sunt ergonomice. m-au durut urechile dupa primele 30 de minute.     in fine, bateria este super buna. nu stiu daca am ascultat 8h, dar am crezut ca nu se mai termina. aici se duc toate stelele mele. este perfect, mai ales tinand cont de optiunile pietii.;1.0;1;0;1.0;0
1808;"aplicare usoara, insa nu ""se muleaza"" perfect. pe spate au ramas goluri, nu este perfect pe masura golurile au cam 2-3mm, nu pare mult, dar se observa). pe fata si laterale, la fel.";1.0;0;0;;0
1809;nu prinde nici un post de radio.;0.0;1;0;0.0;0
1810;100mb pe secunda minciuna am la 7 gb de video full hd pe un asus rog(deci nu e o jucarie:))) ) cam 25mb/sec;0.0;1;0;0.0;0
1811;baterie foarte proasta! a tinut doar 3 luni. acum 3 zile am aruncato la gunoi. tinea pina in 20% si imi facea restart permanent la telefon. pina se epuiza complet. sa umflat pe mijloc... deci, optam pentru baterii originale sau schimbam telefonul integral!;0.0;1;0;0.0;1
1812;am luat doua perechi de casti. ambele s au stricat la fel de repede. intai se duce microfonul si telecomanda si dupa una din casti. am avut mare grija de ele, dar cu toate astea s au stricat imediat.;0.0;1;0;0.0;0
1813;de ce doar 2 stele?  pai, bratara e super faina functiile sunt destul de bine facute din punt de vedere software si hardware, dar mereu exista un dar, asa ca problema vine la constructia ei unde cei de la huawei sau jgarcit si ecranul de protectie a fost facut dintr-un plastic moale si foarte, dar foarte usor de zgariat desi este ip67, am utilizat-o 7 zile luand-o cu mine peste tot si s-a comportat bine cu exceptia zgarieturilor chiar si din simpla stergere cu micro fibra!  bratara din silicon e super ok, comoda si din material bun, incarcarea foarte facila si rapida, bateria tine undeva la 5 zile maxim, luminozitatea ecranului e mediocra in razele soarelui aproape ca nu diclesti nimic.  touch-screen-ul e ok cu un raspuns foarte rapid si poate fi folosit cu manusi chiar si de sudura:))   o recomand doar celor care merg la sala, pentru exterior e mult prea sensibila.  eu am ales sa o returnez pentru ca asa cum spuneam nu lucrez doar la birou ci si pe teren unde praful e la el acasa iar bratara este mult prea sensibila pentru asa ceva!   multumesc emag pentru livrarea rapida si amabilitate!;1.0;1;1;0.0;1
1814;e doar vorba ca tine bateria 4-5 ore daca asculti muzica. abia tine 2 ore, in schimb de auzit se aude bine si clar dar faptul ca nu tine incarcat mai mult de 2 ore e trist!!;1.0;1;0;0.0;1
1815;este destul de mare iar singurul accesoriu este un cablu usb de 30 de cm.;1.0;0;0;0.0;0
1816;dupa 4 zile modulul gsm nu mai functioneaza.  localizarea este in cea mai mare parte a timpului aproximativa deorece inclusiv cand se afla in masina ceasul nu se poate conecta la gps.  cat a functionat modulul gsm asigura o comunicare buna cu ceasul prin intermediul functiei de apelare.;0.0;1;0;0.0;0
1817;ceasul e ok dpdv estetic, cu toate ca ar mai putea fi dezvoltate niste display-uri. si aici intervine nemultumirea: din cauza soft-ului mi se pare inutil. dupa o saptamana de urmarit puls, somn... si cam atat, stai si te intrebi: ok, si acum ce fac cu datele astea astea? colac peste pupaza, nici nu sunt sigur de corectitudinea valorilor (poate din cauza modului in care sta pus pe incheietura), dar clar somnul meu linistit de asta noapte inregistrat cu ceasul pe noptiera nu e real. cand il fixez strans pe incheietura imi lasa urme.  cand suna poti doar respinge apelul. iti mai arata notificarile si cam atat.  o fi util cu functia de gps cand faci jogging sau altele. asta n-am incercat. dar cred ca as putea s-o fac (conducand masina:)) )  pro: misto estetic (cand ecranul e oprit), bateria tine (56% dupa 10 zile, cred)  contra: inutil, din punctul meu de vedere. chiar enervant ca tre' sa aprinzi ecranul cand vrei sa vezi ceva (merge si blocat tot timpul pe aprins, dar cred ca afecteaza bateria).   concluzie: la 999 lei luam un ceas clasic deosebit.;1.0;1;0;1.0;0
1818;dupa o vreme s-a demagnetizat. a tinut sase luni.;1.0;0;0;0.0;1
1819;plusuri:  bateria tine destul cat sa nu te irite faptul ca trebuie sa umbli cu incarcatorul dupa tie. sunetul e destul de puternic.   se conecteaza usor bt  felicitari pentru design!  minusuri:   are un bazait deranjant la volum mic.  controllerul e complicat. folosesti +- si pentru volum si next track. de multe ori nu iese comanda dorita din prima.  volumul alarmei de trezire nu poate fi ajustat si poate trezi cateva apartamente.;1.0;1;0;0.0;0
1820;slabut. se deconecteaza tot timpul de la bt cu telefonul in mana.in rest ii ok;0.0;1;0;0.0;1
1821;suportul nu poate fi folosit cu o tableta de 8 inch. detin un galaxy tab s2 de 8 inch si nu am putut sa o fixez in parbriz. ventuza foarte buna, insa bila de metal din care poti orienta suporttul tabletei in toate directiile este prinsa in doua jumatati de cilindru de plastic. astfel ca oricat ai strange, tableta nu va sta fix in acea pozitie datorita vibratiilor. merita 2 stele deoarece restul suportului este de buna calitate.;1.0;1;0;0.0;0
1822;casca stanga se aude mai tare decat dreapta.  din pacate am aruncat cutia deci nu pot returna.  dezamagit.;0.0;1;0;0.0;1
1823;la o camera auto video.. imi cere sa l formatez... cu un alt card s... a mers ok... cei de la emag ok m au ajutat!;0.0;1;0;0.0;0
1824;am comandat de curand 2 curele, culori diferite. ambele au un defect la prindere, la una defectul este pronuntat si nu o pot folosi... la cealalta e acceptabil! atentie, clemele de prindere sunt din plastic, unul foarte moale din pacate, plasticul acela la mine a venit zgariat si nu intra in ceas... pacat pentru ca arata chiar bine!;1.0;0;0;0.0;0
1825;minusuri:  - dupa numai 1 ora de folosit am observat doua dungi f subtiri verticale cam de 5 cm pe display(nu sunt deranjante).  - calitatea cam foarte slaba a ecranului/imaginii(inca nu i-am dat folia jos).   - unele jocuri se misca putin greoi.  plusuri:  - bateria tine foarte bine.  - 3g-ul testat cu cartela rds de internet a mers ok.  - capac spate din aluminiu.  concluzii:  - dupa o zi de utilizare m-a dezamagit putin, dc. mai face si alte probleme o voi returna.  - allview si serioux au tablete pe masura pretului.  - greu de gasit ceva bunicel sub 700 ron. deja peste aceasta suma pentru mine tableta devine un moft fiindca se aproprie de pretul unui laptop entry level.;0.0;1;0;1.0;1
1826;are doar o singura tema ceea ce este nasol. in poze arata ca tastatura este una de smartphone dar este o tastatura de telefon cu butoane. deci sunt dezamagit de acest smartwatch. nu il recomand;1.0;0;0;0.0;1
1827;mai mult de 5 ore cu wi-fi si un joc deschis, cel mai mult ma tinut 14 ore doar netul deschis si cateva aplicati (fb, messengeer, etc) cam dezamagit;0.0;0;0;0.0;1
1828;isi face treaba daca telefonul nu este utilizat ca gps in timpul incarcarii.     nu sta fixat cum trebuie in priza iar daca drumul este accidentat sau daca este miscat cablul de alimentare se decupleaza destul de usor.;1.0;0;0;0.0;0
1829;o folie destul de nasoala, nu ma asteptam sa fie asa la acest pret. nu elimina bulele de sub ea, ramane orice. cat despre expediere, nota 10, dar de folie, doar 2 stele.;0.0;1;1;1.0;1
1830;baterie slaba, daca e pus pe update every minute (uneori nu poti sa schimbi) nu tine pana la ora 16 cand e gata scoala. de multe ori obtiunile sunt blocate, nu poti folosi softul.;0.0;1;0;0.0;0
1831;nu functioneaza cum trebuie in slotul de card al masinii(am un card de la sony care merge impecabil);0.0;1;0;0.0;0
1832;e super ok. fidelitate excelenta. recomand.;0.0;0;0;0.0;1
1833;slab, nici la banii acestia nu merita!;0.0;0;0;1.0;1
1834;un produs care se vinde mult prea scump si nu m-a tinut nici macar un an. desi am citit o gramada de review-uri ca i se desface bratara am zis ca mie nu. ei totusi, se pare ca e valabila treaba si dupa vreo 8 luni de purtare au inceput sa se dezlipeasca caucicurile la margine. nu sunt absolut deloc utilizator in conditii extreme. in rest mi-a placut, de cele mai multe ori masura totul destul de corect. plus ca e usor de purtat si nu te prea bruieaza, se descurca singur cu majoritatea activitatilor. softul deasemenea e bine lucrat si frumos. rareori am avut miste nici nereguli cu notificarile. in conditiile astea m-am frustrat si mai tare ca nu au fost capabili sa faca cauciucul ala se reziste desi se stie de problema asta de ani de zile. un plus mare pentru emag care s-a ocupat exemplar de garantie si a returnat banii fara probleme.;1.0;1;0;1.0;1
1835;putin dai, putin face! se prinde bine pe parbriz dar partea care tine telefonul este foarte slaba, trebuie sa-i pui ceva dedesubt, altfel nu poate sustine telefonul in pozitia dorita.;1.0;1;0;1.0;0
1836;a durat o dimineata pana au inceput sa para problemele.. primul a cazut microfonul, am incercat sa dau volumul mai mic prin mesaj si nu a mai mers microfonul (se auzea foarte foarte slab) apoi am incercat sa il aduc la setarile din fabrica si nu mai am mai putut accesa contul, nu am mai putut inregistra telefoanele si nici macar seta alt cont. cartela era deja activata.    cat a tinut avea o locatie buna fata de techone wg-02 care-mi da o deviatie de 500 m... m-au dezamagit amandoua, dar poate n-am avut noroc.;0.0;1;0;0.0;1
1837;am cumparat aceasta camera azi, 19.11.2018, si este oribila.  am un iphone 8 plus, iar conexiunea dintre camera si telefon este groaznica.  conectezi camera la telefon prin intermediul wi-fi-ului, iar aceasta conexiune nu este deloc stabila.  il conectezi, iar dupa un minut, camera se deconecteaza de la telefon, singura.  aplicatia ?gear 360? este, dupa parerea mea inca in beta deoarece ca sa intri in setari si meniuri, dureaza ceva, dar imaginea de la camera este perfecta pe telefon.  in concluzie, recomand aceasta camera, doar daca aveti un samsung.;0.0;1;0;0.0;1
1838;+:  - design minimalist, elegant  - autonomie baterie cf. specificatiilor de pe site  - masuratori puls / tensiune foarte apropiate de cele masurate cu un omron  -:  - app (h band) doar pt. android, interfata confuza, preluare imprecisa a datelor din dm68  - masurare pasi / distanta parcursa cu mare, mare aproximatie  - conectare aleatorie si instabila cu multe marci de smartphone (nu reusesc, de ex., sa conectez dm68 la moto g5s,)  - de evitat purtarea continua pe mana, mi-a produs dermatita de contact (deh, bratara silicon)  - raport functionalitate / pret descurajant (sotiei i-am cumparat tot de la emag o y11 care fnctioneaza impecabil, la mai putin de umatate din pretul lui dm68);1.0;1;0;1.0;0
1839;ca performanta castile nu sunt retele chiar ft tare optiunea aia cu magnetul dar imi trebuie foarte mult ca sa imi stea in urechi cum trebuieed asta am decis sa le returnez atentie pt returnare trebuie sa completati formularul de returnare care se gaseste pe sietul emag!!;1.0;1;0;0.0;1
1840;poate este din cauza mea, poate nu inteleg eu cum sa il folosesc, dar trebuie sa specific ca e bun dar nici chiar cum este descris. iar bateria se descarca extraordinar de repede trebuie incarcat de vreo 3 ori pe zi adica sa fim seriosi... si nici nu l-am folosit prea mult;0.0;1;0;0.0;0
1841;pentru rezolvarea problemei am desfacut adaptorul:  e format din 2 placute: una cu mufa microusb una cu mufa lightning. intre ele sunt 4 fire.  am folosit hotglue sa lipesc si sa imobilizez placuta cu mufa microusb si am inchis inapoi adaptorul.  acum totul e ok.  pro:: chip-ul folosit in interior e compatibil cu ios 7. 1. 1, nu am primit avertizare ca folosesc un adaptor neautorizat.  contra:: - dupa 3 folosiri mufa microusb a inceput sa se miste si mi-a fost frica sa mai folosesc adaptorul.  - este mai mare decat adaptorul original apple;1.0;0;0;0.0;0
1842;slabe. rezolutia pozelor scade. poze ca pe vremea lui ceasca. sincer imi pare rau pentru aceasta achizitie.;0.0;1;0;0.0;1
1843;nu sunt.... extraordinare.  se descarca foarte repede... la convorbiri.  acuratete buna la ascultat muzica.;0.0;1;0;0.0;1
1844;s-a stricat in mai putin de 1 luna la utilizare ocazionala, din senin. incarcam simultan 2 telefoane. nu am smuls de el, nu am tras. efectiv nu mai incarca.;0.0;1;0;0.0;0
1845;contra:   localizarea ceasului nu are nicio legatura cu realitatea. bateria nu tine mai mult de o zi. capacul de plastic din spatele ceasului, care acopera sim-ul, a crapat la prima folosire (sau poate asa a fost)  pro:  copilul poate lua legatura telefonic oricand cu parintele sau invers.;1.0;1;0;0.0;0
1846;calitate medie spre slaba. sus are perforatie doar pentru difuzor, adeziv are pe toata marginea, dar nu sta foarte bine pe suprafata telefonului. fiind folie transparenta, se vede adezivul unde face contact. feelingul e unul ieftin. per total: ieftin si prost.;1.0;1;0;1.0;1
1847;nu are vibratie:((. poate am luat stricat:((;0.0;1;0;0.0;0
1848;s-a stricat mult mai repede decat cel primit impreuna cu iphone-ul, iar eu l-am folosit in acelasi fel. a tinut doar 2 luni inainte sa se strice, in schimb cel de la iphone a tinut aproximativ 5 luni.;0.0;1;0;0.0;0
1849;a fost livrata mai tarziu de 48/h, iar la volum mare bazaie si nu se aude clar;0.0;1;1;0.0;0
1850;paraie si cateodata nu se aud, ba o casca, ba alta. nu pot sa zic ca sunt multumit de ele si le folosesc doar la masina ca handsfree.    minusuri. sunt putine, dar destul de importante.  - se aude fasait destul de des (probabil pentru ca sunt detasabile de pe fir)  - cateodata se aude doar o casca, se muta sunetul pe rand de la una la alta. e amuzant cand face asta, dar te poate si ameti un pic.    plusuri:  - mufa de intrare este in unghi de 90 de grade si nu se strica firul asa repede. asta e si motivul pentru care le-am achizitionat dupa alte 2 perechi care s-au rupt firele la mufa.  - in pachet au venit cu o cutiuta simpatica cu fermoar pentru ele.  - fiecare casca se poate scoate de pe fir, probabil ca sa se inverseze intre ele pentru alt avantaj nu vad.;1.0;1;0;0.0;1
1851;descriere incorecta. nu este pentru tablete de 9.7. are 30.5 cm. trebuie prinsa tableta cu holsuruburi, sa nu alerge prin husa.;0.0;0;0;0.0;1
1852;bratara e ok. pare buna pentru pretul ei, dar bateria tine extrem de putin.;1.0;1;0;1.0;0
1853;nu stau bine nici pe iphone 7, nici pe 7+ si nici pe samsung s7 edge. nu le recomand.;1.0;0;0;0.0;1
1854;un produs fara pretentii. pretul corect este de max. 40 lei  amperajul masurat pe ambele iesiri este acelasi: aprox 1a.  se descarca f repede... dupa 2 incarcari galaxy s6    livrarea emag a lasat mult de dorit.;0.0;1;1;1.0;0
1855;performante slabe pentru specificatiile hardware ale acestei tablete.;0.0;0;0;0.0;1
1856;desi bratul metalic este foarte solid, sistemul de prindere al tabletei nu este satisfacator fiind din plastic moale. practic nu poate tine un ipad4, tableta aluneca, deci e total inutil.   poate pentru tablete mai usoare e bun.  nu stiu daca e vorba de un defect de fabricatie al produsului primit. dau retur.;1.0;1;0;0.0;1
1857;este acelasi produs care se poate achizitiona din china, cutie nesigilata, nu are instructiuni in limba romana, carticica cu instructiuni in limba engleza cu care vine este minuscula. contine cablu incarcare usb. ecranul in sine al ceasului este foarte mic.  partea din spate este metalica si este prinsa cu suruburi deci nici vorba sa fie rezistent la stropi de apa.;1.0;0;1;0.0;1
1858;pica telefonu de pe el intr-o veselie... am avut un model asemanator din china cu 4$si tinea de doua ori mai bine ca asta... am mai dat si 40lei pe el  sta cat de cat doar daca nu folosesti husa... dar e subtire husa mea... si tot nu sta deloc!!;1.0;1;0;1.0;0
1859;este foarte buna sunet clar! doar ca are probleme la conectarea cu bluetooth, il gaseste greu sau face nazuri km a conectare trebuie sa caut de multi ori bluetooth_ul. in rest e ok;0.0;1;0;0.0;1
1860;am asteptat mult, 13 zile sa ajunga cardul prin curierat dpd, cat despre card numai de bine, are viteza mai mare decat este specificat atat la scriere cat si la citire.;0.0;1;1;0.0;0
1861;in descriere ceasul este decodat si merge in toate retelele din romania! o minciuna! nu merge in digi. plus ca ceasul are un piciorus rupt de la capacul de la baterie si nu sta prins ok;1.0;0;0;0.0;1
1862;husa imbraca doar partial tableta iar colturile si spatele sunt libere. din pacate, in caz de lovire accidentala tableta este extrem de expusa.;1.0;0;0;0.0;0
1863;nu functioneaza fast charging-ul pe huawei p10.;0.0;1;0;0.0;0
1864;destul de firava prinderea suportului;1.0;0;0;0.0;0
1865;produsul functioneaza foarte bine, insa materialul din care este fabricat este de proasta calitate nu cred ca rezista foarte mult.;1.0;1;0;0.0;0
1866;nu functioneaza la viteza afisata;0.0;1;0;0.0;0
1867;bruiaza sunetul la volum ridicat  se aude destul de incet;0.0;1;0;0.0;0
1868;nu indeplineste aproape nimic din ce e in descriere;0.0;0;0;0.0;1
1869;"bass-ul e prea pronuntat si nici macar nu e bass curat.  mediile sunt infundate.  inaltele se zbat sa se faca auzite.    cred ca doar muzica instrumentala poate fi ascultata fara sa-ti vina sa le returnezi.    comentariile de genul ""bassul e atat de tare incat simt un gol in stomac"" sau ""se aude tare si clar"" sunt probabil de la oameni care asculta muzica in casti pentru prima data.    arata bine intradevar, firul plat previne incalcirea, mufa e aurita.    am avut inainte sennheiser cx 3.0 si probabil sunt prea pretentios.";1.0;1;0;0.0;1
1870;afisajul este aproape inlizibil de mic altfel produsul e ok;1.0;0;0;0.0;1
1871;din pacate am sa acord doar doua stele acestui produs deoarece nu inregistreaza corect valorile, si aici ma refer la pasi. inregistreaza orice miscare a mainii ca pas, prin urmare poti sta toata ziua pe canapea si sa gesticulezi cu mainile si te trezesti cu minim 1000 de pasi intr. o ora, lucru care ma face sa ma intreb si daca celelalte functii sunt relatate corect.   am plecat de la mi band 2, incantata de faptul ca fitbitul are in plus acele functii pt activitate sportiva, insa ma declar dezamagita de acest produs. si mai punem la socoteala si pretul exagerat de mare pe care il ofera fitbitul, in raport cu calitatea. o bratara de jucarie.;0.0;1;0;1.0;1
1872;bateria tine si 2 saptamani, in functie de cat de mult o folosesc. nu are priza prea buna pe ureche. aproape la fiecare convorbire se restarteaza. este mult sub m70, pe care l-am pierdut si din pacate am decis sa incerc altceva.  livrarea prompta, ca de obicei.;1.0;0;1;0.0;0
1873;pe distante scurte, eroarea este mare la numarul de pasi.   tensiunea arteriala nu are eroare mare comparativ cu un tensiometru.   cam mare cadranul, incomod de dormit cu el la mana pentru a monitoriza somnul.;1.0;1;0;0.0;0
1874;nu este chiar un smart(watch), ci doar un ceas cu telefon incorporat.   se inchide mult prea repede de la butonul on/off, astfel ca poti sa-l inchizi fara sa-ti dai seama.  ora nu poate fi setata, ci este preluata de la operatorul gsm. din pacate, mie imi arata mereu cu o ora inainte.  nu are posibilitatea sa setezi volumul soneriei si nici sa-l pui pe mute.  receptorul nu ofera un sunet clar, de multe ori e nevoi sa repeti si sa vorbesti mai incet ca sa se inteleaga. apare si efectul de microfonie, dar cred ca asta se intampla la orice ceas cu telefon la care vorbesti fara casca.   bateria tine 1 zi, daca nu vorbesti mult.  localizarea este o gluma, lbs mode nu este doar mai putin precis decat localizarea prin gps, ci deloc precis. nici vorba sa poti localiza cu adevarat pe cineva. iti arata locatia antenei gsm la care se conecteaza, care poate sa fie la 3-400 m in orice directie.  cu un telefon de 300 ron si cu o aplicatie dedicata, descarcata gratuit din appstore, primesti mult mai mult. sau, daca e sa fie ceas, atunci mai bine sa fie un smartwatch cu adevarat.  singurul punct forte e faptul ca se potriveste bine pe mana unui copil.;1.0;1;0;1.0;0
1875;in descriere nu este specificat ca, intre casca stanga si cea din dreapta este un cablu de legatura   la o distanta din buzunar la urechi exista intreruperi repetate a semnalului   senzatia incomoda la purtat... ma dureau urechile dupa aprox 30min  sunet acceptabil  volum slabut  in concluzie: pretul de 80 de lei este ok pentru ce ofera;1.0;1;0;1.0;0
1876;a mers ok o perioada insa intr-o zi a decis sa nu mai raspunda la comenzi (nu am putut s-o mai resetez, nu mai raspundea nici la comenzile de pe panoul principal). aplicatia care se instaleaza pe telefon este destul de limitata, nu poate fi folosita impreuna cu ifttt, de multe ori nu se putea conecta etc.  din punctul meu de vedere nu prea isi merita banii.;0.0;1;0;1.0;1
1877;am luat-o resigilata. multumesc celui dinaintea mea, era impecabila, nici nu ziceai ca a fost folosita. a venit incarcata 91%. am bagat-o la incarcat folosind incarcatorul original al telefonului, de 2 a (sau 2.1) si mare mi-a fost mirarea sa observ ca a ajuns foarte repede la 100%, chiar in 5-10 minute. seara mi-am incarcat telefonul (redmi 4x, 4100 mah) cu ea. dezamagit total. cu cat scadea procentajul bateriei, cu atat se incarca telefonul. intr-un final a reusit sa-mi incarce complet telefonul de la 20%, bateria ramanand cu 44%. a doua incarcare sigur nu o mai ducea. mentionez ca am oprit toti consumatorii (gps, wifi, date), ba chiar am pus telefonul in mod economisire si nu m-am atins de el cat s-a incarcat (exceptie facand primele minute, cand am verificat incarcarea: 1.3-1.4 ah cu cablul ei scurt, 1.0-1.1 cu cablu a+ de 100 sau 120 cm - valori cu display-ul activ, cu el in standby in mod sigur sunt mai mari). am returnat-o si caut ceva mai potent. i-am luat nevestei mai demult o baterie hame, tot de 10.000 mah. cu aia ne incarcam amandoi telefoanele (4x-ul meu si p9 lite) si tot mai are o liniuta.;0.0;1;0;0.0;1
1878;dupa cateva utilizari s-a defectat;0.0;1;0;0.0;0
1879;-se pierde conexiunea destul de des, chiar si cu telefonul la o distanta de maxim un metru  -microfonul este destul de prost, se aude mai tare zgomotul de fundal decat vorbitorul  -castile estompeaza zgomotul din jur, este putin periculos daca nu esti foarte atent la ce se intampla pe langa tine;0.0;1;0;0.0;0
1880;se aud foarte bine si clar si arata foarte bine finisate etc  nu am indoit cablul sal tin mereu indoit sau sa trag de ele etcc...  dar dupa o luna de folosire normala boxa din stanga cedeaza   si are cablul prea fragil.... firele subtiri in interiorul cablului....... cedeaza repede cablul si boxele in rest se aude bine;1.0;1;0;0.0;0
1881;suportul este oarecum el, destul de greu si masiv ceea ce face ca prinderea de grila de ventilatie in cazul multor masini impreuna cu telefonul sa devina aproape imposibila, intrucat in multe cazuri grila de ventilatie este destul de firava, facand ca telefonul sa se balangane in timpul deplasarii autuvehiculului, existand chiar riscul de a se desprinde de suport, consecintele in acest caz putand fi destul de neplacute.  asadar este un suport nesigur, in multe cazuri fiind imposibil de folosit.  raportat pret/calitate este ok!... material si finisaj nota 8  recomand totusi modelul care se poate lipii de bordul auto cu autoadeziv sau alte modele mai sigure.;1.0;1;0;1.0;0
1882;pro, contra si propria concluzie:  pro  + numara etajele, pasii si pulsul suficient de precis( pulsul cu eroare de maxim 5 b. p. m.)  +afisajul de foarte buna calitate  +sincronizarea notificarilor cu telefon samsung foarte bine realizata.  +fiind produs samsung intrat pe canal oficial beneficiaza de garantie exemplara.  contra:  -daca se seteaza masurarea pulsului continua acumulatorul nu tine mai mult de 55 de ore, asta in conditiile in care luminozitatea ecranului este setata la 5 din 11, fara wi-fi, fara gps..  -dupa cateva ore pierde conexiunea bt.    concluzia mea:  autonomia redusa ma face sa nu o recomand, poate doar daca ar costa in jur de 500 de lei.  -;1.0;1;0;1.0;1
1883;la acest pret am crezut si as fi preferat sa acopere husa si partea din spate al ipad-ului. m-am grabit si nici reprezentantul emag nu m-a informat, a cautat in retea, mi-a confirmat ca exista in stoc si m-a indrumat catre casierie.   nu recomand. dezamagitor;1.0;0;0;0.0;1
1884;"am achizitionat acest ceas si constat ca unele specificatii nu corespund cu descrierea.  nici ca aspect cu corespunde cu pozele, dar sa zicem ca aspectul nu ar conta asa mult.    nu are (sau nu am reusit eu sa gasesc?):  - functionalitatea ""microfon spion pentru monitorizare. fara sa stie copilul poate fi ascultat.""  - camera foto face poze foarte slabe, nu cred ca are nici macar 1 mpx  - nu are ceas analogic  - detecrarea scoaterii ceasului de pe mana functioneaza cand-cum, adica nu ma apeleaza tot timpul. am observat ca setarea ""guardian"" din aplicatie se pierde.  - ma asteptam sa salveze cateva poze in memorie dar nu tine decat o poza pozele trebuie uploadate in setracker daca vreau sa nu se piarda.    important e si faptul ca dupa ce l-am configurat si am facut setarile in setracker, au disparut toate iconitele de pe al 2lea ecran (camera, joc, etc). pot sa vad doar iconitele de pe primul ecran, pt apel, contacte, mesaje.    localizarea gps inca nu am verificat.  nici rezistenta la apa nu am verificat-o, dar am indoieli in privinta asta.      pro:  - am reusit sa il setez usor   - apelurile sunt ok  - lanterna  - pozitionarea camerei, frontal si nu lateral    atasez niste poze pt a se vedea realitatea comparativ cu descrierea, si ecranul care nu mai afiseaza iconitele.";1.0;1;0;0.0;1
1885;cati bani dai, atata face.... poate mai putin.  telefonul il vede ca ne-certificat, incarca f incet si dupa multe incercari (conector scos-impins etc etc).;0.0;1;0;1.0;0
1886;confirm ca incarca greu. incarca de 3 ori mai greu cu el (cca 5h in loc de 1,5h cu un alt cablu);0.0;1;0;0.0;0
1887;folie simpla taiata pe cuter intr-un ambalaj frumos. nu recomand!;1.0;0;1;0.0;1
1888;este o diferenta foarte mica intr-e cea noua si cea veche;0.0;0;0;0.0;1
1889;nu prea se merita la banii astia e slaba la volum, dabea de la vol 30 auzi ce canta langa ea si un radio se aude mai tare de 10 ori, scrie ca are 65 w dar mai mult de 20 nu i dau.    pro se aude clar si cam atat;1.0;1;0;1.0;0
1890;nu recomand iuni, slab, foarte slab, material ieftin si prost, apoi unde e mufa pt incarcare zici ca sta sa cada capacul de acolo.  arata binisor, insa plasticul asta e tare deranjant, e adevarat, pretul e ieftin, dar cu toate astea mi-am luat smartwatch aproximativ la acelasi pret si era mult mai bun.  meniul e foarte fain pt el, are whatsapp, facebook, asa e ok (pe interior) dar pe exterior cureaua o inchizi greu, nu e asa flexibila.;1.0;1;0;1.0;1
1891;"salut. am achizitionat in decembrie 2018, un carbon air la aproximativ 750 lei. dupa 2-3 zile de folosire l-am trimis inapoi. motivul: bateria ""a reusit"" performanta de a ma tine 3 ore. mentionez ca aveam cartela sim in ceas si de asemenea ca locuiesc in timisoara, nu in sat, ca sa ""aiba"" alibi-ul de semnal slab.  am convenit cu cei de la poseidon sa accept varianta zen 4g si mi l-au inlocuit (in aceiasi bani, + pt poseidon aici).  suntem in februarie 2019, folosesc ceasul zilnic(fara cartela sim in el) si cu toate astea, de foarte multe ori, bateria a cedat mai repede de 16 ore. acest punctaj este datorat bateriei in proportie de 80%, nu doresc sa vb de aplicatii pentru ca acest review poate deveni poveste.   o zi buna!";0.0;1;0;0.0;1
1892;citind celelalte review-uri ma asteptam la un produs bun, dar am ramas dezamagit.  calitatea sunetului ii cat de cat acceptabila, insa basul este zero.  din punctul meu de vedere nu isi merita banii nici macar cu pretul redus cu 50%.;0.0;1;0;1.0;1
1893;calitate slaba, nu stau bine in ureche, sunetul e alterat, calitatea sunetului e afectata, muzica se aude usor infundat...;1.0;1;0;0.0;0
1894;butoanele parca de la o jucarie de copii, sunetul cu certitudine foarte alb, daca este dat la maxim se aude oribil. cu certitudine o chinezarie care nu merita banii.;1.0;1;0;1.0;1
1895;am un iphone cu mophie case (cu acumulator incorporat) si incarc de obicei dispozitivul prin micro-usb. doar ca, acest anker powerport imi induce un comportament bizar la telefon, mai precis ecranul raspunde aleatoriu la touch (scroll-ul sare sus-jos, abia merge... in timpul jocului pierde semnalul de touch, ca si cum as fi ridicat degetul de pe ecran, sau sare in alta parte, ca si cum as fi apsat in alt colt al ecranului).    pe scurt, in timp ce incarc telefonul, nu prea mai pot folosi telefonul, ceea ce e un mare minus, cu toate ca incarca bine si rapid.;1.0;1;0;0.0;0
1896;dintr-o folie de protectie pentru telefon ordinara cumparata cu 10 lei de la orice gsm shop se pot decupa cu foarfeca 2-3 protectii pentru ceas mult mai calitative, mai ultra hd si mai ultra clear, cu adeziv mai bun si fixare trainica decat aceste ciolofane de 20 lei + 15 lei transport    contra: transparenta mai proasta decat cea mai ieftina folie, aplicare umeda care necesita 12-24h pt uscare, adeziv nu prea stralucit, nu au aspect neted  pro: sunt rotunde...;1.0;1;0;1.0;0
1897;"la ecran de 6 inch nu prea mai reuseste sa focalizeze. cu reglajele la maxim e pe aproape... dar tot ce obtii e o durere groaznica de cap. testat cu un lenovo vibe z2 pro de 6"".";0.0;1;0;0.0;1
1898;cablul usb a fost defect, am folosit unul vechi iar in instructiuni scrie mare cu rosu ca incarca doar pana la 80%, lucru ce nu apare in descriere.  pretul e cinstit, face de cat costa.;0.0;1;0;1.0;1
1899;discul magnetic este dezamagitor. ma tinut doar o saptamana jumatate.;1.0;1;0;0.0;0
1900;aspect placut, calitate slaba nu are incarcare rapida telefonul se incarca destul de greu iar cablul este prea scurt si ineficient;1.0;1;0;0.0;0
1901;inca am boxa functioneaza dar nu merge volumul nu dati banii pe prostii;1.0;1;0;0.0;1
1902;durata maxima de functionare cu internet max 8h, incarcare putin mai lenta, recomand original.;0.0;1;0;0.0;1
1903;am luat ceasul in principal pentru a fi anuntat de apeluri telefonice si sms la o oarecare distanta de telefon. din pacate nu functioneaza decat partea de sms. functie inutila, zic eu, este aceea de vibratie cand inchei un apel telefonic sau cand trimit sms (poate a fost gandita pentru cazuri de furt?). pentru afisaj ai nevoie de lumina ambientala ca sa poti vedea ceva. design frumos, incarcare rapida. un mare minus pentru evolio este acela ca meniul si indicatiile ceasului sunt in engleza. este o firma romaneasca ce produce si pentru romani. mai mult respect!;1.0;1;0;0.0;0
1904;"mi-am cumparat aceasta bratara in speranta de a face un ""upgrade"", eu avand o bratara xiomi mi band ""1"", dar am ramas dezamagit. a 2-a zi am si returnat-o. in primul rand este inconfortbaila daca o porti cum este indicat in manual ptr masuratori corecte., adica la 2-3 cm deasupra osului de unde incepe incheietura mainii. in al doilea rand, mi-a picat conexiunea bluetooth si dupa aceea nu s-a mai reconectat deloc. cand zic deloc, ma refer nici manual, cu reset la bratara, la telefon, la tot. bateria, dupa circa 24 de ore a ajuns la 70-75 la suta, probabil tine 4 5 zile. daca mananci cu mana stanga, la fiecare miscare a mainii bratara afiseaza display ul, probabil un factor ptr care bateria scade asa repede. masuratorile par corecte, in ceea ce priveste pulsul, somnul. in privinta numarului de pasi am dubii. per total, nu recomand.";1.0;1;0;0.0;1
1905;pro: boxa arata bine se aude bine, bateria tine mai bine de 8 h  contra: lipsa butoane volum, nu incarca in timp ce asculti muzica la ea, lipsa indicator baterie;1.0;1;0;0.0;0
1906;nu se ridica la nivelul asteptarilor mele. trimis fara carte tehnica. raport calitate pret foarte slaba. bateria nu se incarca intr-o ora si autonomia este de 1 zi. nu recomand;1.0;1;0;1.0;1
1907;pare cel mai bun este mic, auriu, ieftin si e asus dar dupa cateva utilizari se duce.. acum se incarca in vreo 3 ore si imi incarca foarte putin telefonul.;1.0;1;0;1.0;0
1908;la volum mare boxa gajaie, dar e cat de cat decenta. nu as recomanda dar la pretul asta n-ai ce sa ceri...;0.0;1;0;1.0;1
1909;nu functioneaza, this device is not supported by apple, merge 1-2 min dupa care apare pop`up si nu mai merge sunetul, doar incarca... am vrut sa zic 20 de lei dai 20 face... dar nici macar 20 nu face... plus transport...;0.0;1;0;1.0;0
1910;"am achizitionat de pe alt site aceste casti, personal pentru 300+ lei e prea mult pentru ce ofera.   intr-adevar ambalajul, husa in care poti pune castile sunt de o calitate foarte buna, insa pana aici e drumul ""pro"". sunt potrivite doar in metrou si... atat. nu le-as recomanda deloc pentru gaming, muzica de calitate, studio etc.    pro:  - husa  - bass  - asuprire zgomot de fundal    contra:  - grele  - calitatea sunetului e sub niste casti de 99lei   - foarte stramte   - inconfortabile";1.0;1;1;1.0;1
1911;nu-si face treaba;0.0;1;0;0.0;0
1912;am comandat 3 buc unul dupa o incarcare niki nu mai merge calitatea in functie de pret cablul este destul de tare nu e fliabil;1.0;1;0;1.0;0
1913;salut.  aceasta boxa nu nu scoate nici pe departe 400w cum este in descriere, cei care o lauda asa cred ca sunt cei care o vind. calitatea sunetului este ok nu are nici un fel de distorsiune, am facut comanda pe emag 150 ron si 30 ron curierul, culoare neagra si a venit culoare alba la doua saptamini, mai mult de 100 ron nu merita. sunt dezamagit.;0.0;1;1;1.0;1
1914;cu toate astea mi-a luat o ora sa-mi dau seama ca vreau sa o returnez. dupa ce am instalat toate aplicatiile a mai ramas disponibil pe cardul intern cam 2 gb. si problema cu kit kit-ul e ca nu poti sa folosesti cardul extern ca si card intern.   pro: bateria tine aprox 3 zile se misca acceptabil.  contra: rezolutie destul de slaba (dar stii asta cand o cumperi:-) ) memorie interna doar 8 gb ce sunt insuficienti sistemul de operare nu se poate actualiza (ramai cu kit kat). cei de la emag ar trebui sa modifice descrierea produsului la os din android in android kit kat   si cu toate astea merita 700 de ron. la intervalul asta de pret nu poti gasi ceva mai bun la 10 toli;0.0;1;0;1.0;1
1915;l-am folosit de cateva ori pe un asus zenfone laser.  la inceput a incarcat destul de ok, dar dupa cateva saptamani si-a pierdut din putere chiar si incarcat full.    l-am primit impreuna cu telefonul, dar nu as fi dat bani pe el.;0.0;1;0;0.0;1
1916;o tableta mediocra.   imi pare rau ca am achizitionat-o.   se blocheaza zilnic de cateva ori, desi nu am cine-stie-ce instalat pe ea, cateva jocuri destul de mici, fb, un e-reader, un program antivirus.   camera este foarte proasta, calitatea pozelor si a clipurilor este execrabila, chiar si cu lumina suficienta. blitz-ul e inutil.   nu recomand acest produs. l-am luat la 429 ron, acum e mai ieftin, dar tot nu cred ca merita.;0.0;1;0;1.0;1
1917;castile au un material subtire, de calitate ieftina care se incalceste foarte usor. sunetul are o calitate proasta, se aude de parca ar veni dintr-un pahar. nu recomand achizitionarea, nu merita pretul.;1.0;1;0;1.0;1
1918;mi-a incarcat galaxy s5 doar de 2 ori si asta de pe la 20-30%.... si a incarcat si foarte greu (in jur de 4 ore per incarcare de la 20-30%). imi facusem sperante mari citind reviewurile de aici insa sincer sunt dezamagita.... nu am observat acei 10. 000 mah si nici ca viteza nu pot sa zic ca m-a dat pe spate. imi pun intrebari daca ce am primit eu o avea vre-un defect pe undeva... daca persista descarcarile asa rapide probabil am sa il duc in service, daca vroiam 2 incarcari si alea asa greoaie imi luam unul mult mai mic mai usor si mai ieftin, nu de 10. 000. in opinia mea, cel putin momentan spun ca nu merita achizitionat.;1.0;1;0;0.0;1
1919;sincer, slab. l-am cumparat ca am nevoie de el la drum. uitandu-ma peste celelalte pareri am zis sa il cumpar ca este bun. insa, m-am inselat, l-am pus pe bordul masinii iar la caldura mi s-a deszlipit din pacate. cu parere de rau pret-calitate foarte prost.;1.0;0;0;1.0;1
1920;am descoperit 4 probleme la aceasta boxa  1. dupa ce am efectuat prima incarcare, am pornit boxa, cu toate cele 4 leduri aprinse, volumul la putin sub jumatate...in 15 secunde, deja, ultimul bec s a stins... bateria terminandu-se total in 4 ore, la acelas volum, sub jumatate...  2. nu poti reda melodiile aleatoriu, (pe sarite)de pe stick  3. nu poti selecta redarea pe foldere de pe stick  4. microfonul face zgomot de fundal daca are chiar si la jumatate volumul.(distanta de boxa fiind de aproximativ 6 metri)   in rest se aude frumos si destul de tare... chiar si radio... prinde cateva posturi  am dat-o retur si astept sa imi ajunga un denver tsp 303;1.0;1;0;0.0;1
1921;"l-am lasat la incarcat folosind un incarcator de 1a in loc de 2a. a incarcat pana la 99% in 4 ore si apoi a stat asa 2 ore. cu greu a facut 100%. cand l-am ridicat de jos, vopseaua de pe carcasa s-a incretit si a inceput sa se decojeasca. ca la masina cand ai vopsit peste cu spray-ul peste vopseaua originala. nu s-a incalzit deloc si l-am verificat de multe ori si oricum nu avea voie sa se increteasca. a si sa nu uit. cablul de ""date"" este doar de incarcare. nu se poate folosi pentru transfer date, daca vrei sa il utilizezi la alte aparate.   am pus la incarcat un telefon care avea 33% si da incarca destul de ok, dar scade repede curentul acumulat.  nu recomand. calitatea materialelor este slaba";1.0;1;0;0.0;1
1922;"viteze comparate cu un card verbatim de 4 gb, clasa 4, pe care il am de aproximativ 5 ani  938 de fisiere - 3, 01gb pe acelasi port usb    5'55"" - verbatim de 4 gb, clasa 4  6'32"" - kingston de 16 gb, clasa 10    in concluzie este mai slab cu aproximativ 10% fata de cardul vechi    pro: garantie pe viata, pret, adaptor  contra: clasa 10 e doar o eticheta frumoasa";0.0;1;0;1.0;1
1923;nu incarca intotdeauna, prima data am crezut ca e problema cu incarcatorul, dar nu, e cablu care refuza sa incarce. tb scos din incarcator si introdus din nou dupa care incarca.;0.0;1;0;0.0;0
1924;dupa o saptamana, la revedere incarcat;0.0;1;0;0.0;0
1925;dupa o luna nu mai functioneaza nu recomand;0.0;1;0;0.0;1
1926;pro: bass-ul bun, cauciucul dopurilor confortabil, am apreciat ca au inclus mai multe dopuri pe diferite marimi, cablu plat   contra: au rezistat 1 luna (exact la fel a patit si un prieten deci nu stiu daca chiar merita cumparate);1.0;1;0;0.0;1
1927;acest ceas pe care am dat 1000 de lei nu imi trimite notificarile aplicatiilor instalate pe telefon si bifate in setarile aplicatiei... deasemenea de deconecteaza des desi ceasul este la mana si telefonul in buzunar, apoi de deconecteaza cand ma departez mai mult de 5 metrii. poseda un telefon xiaomi redmi note 3 care are bluetooth-ul foarte bun, am conectat la el sistemul audio al masinii, boxe pe bluetooth, singurul dispozitiv cu care face probleme este ceasul. nu functioneaza decat foarte rar aprinderea ecranului la scuturarea mainii. daca nu cumva de remediaza in termenul de 30 de zile de la cumparare, adica inainte de 16 februarie il voi returna si voi cere banii inapoi pt acest dispozitiv romanesc de care eram foarte mandru... pana la achizitie...;0.0;1;0;1.0;1
1928;bluetooth este foarte prost, dar se aude frumos.;0.0;1;0;0.0;0
1929;o chinezarie de proasta calitate, sunetul foarte prost. nu merita banii.;0.0;1;0;1.0;1
1930;pro:   - design placut    contra:   - probleme cu sincronizarea datelor pe android  - alarma nu functioneaza mereu;1.0;1;0;0.0;0
1931;"atunci cand spui jbl asteptarile cresc.   doar ca lucrurile stau diferit din anumite puncte de vedere.   pro:  - ambalajul interesant  - simplitatea  - bateria   - nu pare sa distorsioneze la volum ridicat  contra:  - sunet lipsit de medii si inalte  - sunet ""infundat""  - aplicatia mobila se conecteaza greu    boxa probabil este potrivita pentru ""galagie"" si petreceri in aer liber. altfel nu merita nici jumatate din valoarea ei.";1.0;1;1;1.0;0
1932;calitativ le-as plasa aproape de medie in ceea ce priveste sunetul asteptat de la castile moderne.  fiind printre putinele casti tip-c ce chiar pot fi folosite insa, sunt normal mult supraevaluate la pret. casti cu input de 3.5 de acceeasi calitate ar costa in jur de 70-100 de lei.  de departe ce m-a dezamagit cel mai mult a fost modul cdla.  orice melodie, in orice format ai avea, experienta este aceeasi.  sunetul este imprastiat atat de mult incat, parca asculti o boxa stricata dintr-o baie in timp ce esti in alta camera. de asemenea trebuie notat ca este extrem de sensibil cablul. apasat doar putin si se pierde conexiunea. daca tii telefonul in buzunar ca mojoritatea oamenilor, asta se poate intampla la fiecare treapta.  sa adaug si cateva plusuri notabile: ambalajul slick, timpul scurt de livrare, cablul plat de un design foarte bun.;1.0;1;1;1.0;0
1933;culoarea nu este nicidecum cea din poza ci mai degraba duce spre galben  calitatea nu te va lasa cu gura cascata, parerea mea este ca aceasta bratara nu merita mai mult de 50-70 de lei  sub-standard!;0.0;0;1;1.0;0
1934;incarca greu si nu poate incarca un telefon cu acumulator de 3500 mah decat pe jumatate. pretul mic nu justifica punctele slabe.   am citit review-urile inainte dar am crezut ca cei care spun ca nu e bun sunt foarte pretentiosi. nu, cei care spun ca e ok probabil au telefon cu acumulator mai mic.;0.0;1;0;1.0;0
1935;arata poza ca are calculator dar nu are asa ceva nu vil recomand!!!!;0.0;0;0;0.0;1
1936;este foarte buna si nu tine bateria 3 ore tine 10 ore cu tot cu ascultat muzica;0.0;1;0;0.0;1
1937;a functionat timp de un an pe un samsung galaxy s7.;0.0;1;0;0.0;0
1938;"folia nu e taiata corect, mai exact gaura pt microfon se afla in partea stanga (pe aceasi parte cu camera interna), cand de fapt pe device, microfonul e pe partea dreapta (asa cum arata de altfel si poza de pe site).  ""avantajul"" a fost ca folia e si putin mai mica (cam 1-1. 5mm mai mica - atat ca lungime cat si ca latime, fapt ce a permis sa nu acopar microfonul (dar am acoperit usor lentila camerei frontale in partea de jos.. nu se observa insa la ""selfie""-uri)";1.0;0;0;0.0;0
1939;design frumos, baterie trainica, calitatea sunetului slaba. probata cu un samsung galaxy sii plus.;1.0;1;0;0.0;0
1940;"face galagie, sunetul este destul de puternic, dar bass-ul e slab si distorsioneaza la volum ridicat. oricum, nici vorba de 18w cum apare in specificatii.  panoul cu controale (buton on/off, tuner, port usb/micro usb) nu era bine prins, ci era adancit inauntru cativa milimetri.  in pachet am primit doar boxa si un cablu cu mufa usb / micro usb / jack, nici vorba de acele produse ""cadou"" (dar nici nu ma asteptam).  cu aceeasi bani (75 lei + transport) se poate gasi un produs similar mai bun, deci retur.";1.0;1;1;1.0;1
1941;se pare ca nu numa la mine ii aceasta problema, curent intra de configurat se poate configura dar la iesire 0 trebuie sa al trimit inapoi;0.0;1;0;0.0;1
1942;pt pretul sau, se aude cam prost si se tot deconecteaza.....;0.0;1;0;1.0;0
1943;calitate proasta. bateria tine putin, sub capacitatea indicata de 6000.  mufele par fragile.;1.0;1;0;0.0;1
1944;se aud cam prost;0.0;1;0;0.0;0
1945;dupa, o zi nu tine bateria in convorbiro decat maxim o ora;0.0;1;0;0.0;0
1946;bateria tine mai putin de 24h in regim de companie fara cartela sim sau card de memorie. conexiunea bluetooth se pierde peste1,5 m distanta uneori chiar cu telefonul in buzunar. pedometru numara pasii si cand stai.... aspect ok.;1.0;1;0;0.0;0
1947;slab si neperformant!;0.0;0;0;0.0;1
1948;am achizitionat ceasul de black friday la pretul de 70 lei. nu merita mai mult de atat parerea mea.   se conecteaza repede cu telefonul lg x screen. n am incercat pe alt dispozitiv.  difuzorul si microfonul functioneaza, insa sunetul este de o foarte slaba calitate atat in timpul apelurilor cat si cand reda muzica (de pe card sau prin bluetooth) microfonul, trebuie sa vorbesti tare si tot nu esti auzit clar la celalalt capat.  are 3 interfete/cadrane pt ceas.   poti primi notificari/sms/apeluri de pe telefon atat timp cat ai instalat pe telefon o aplicatie in genul btnotification. poti citi chiar si mesajele de pe facebook messanger ca notificari insa nu poti sa le si raspunzi.  are calendar, alarma, sound recorder (necesita card micro sd), audio player(la fel, card microsd), browser, facebook, whatsapp si twitter(trebuie sim pt a putea fi folosite). sleep monitor sau pedometer sunt total inutile si ar merita dezinstalate dar nu se poate.  nu are rost sa zic ce putea avea in plus, la pretul asta nu poti avea pretentii sincer.   sper ca a fost un review folositor.;0.0;1;0;1.0;0
1949;cand pun la incarcat ceva, imi beuiaza statia si radio-ul. cu alt incarcator nu am problena asta. am pus la incarcat o tableta si un telefon si se incalzeste destul de tare. dezamagitor. ii dau 2 stele pt ca are totusi 3 usb-uri.;0.0;1;0;0.0;0
1950;am cumparat acest produs in urma cu o luna si pana acum doua zile am fost foarte multumit de el. bateria asigura o autonomie de 2-3 zile, finisajele sunt ok, pozitia gps este exacta. sunt foarte curios daca acest review va fi publicat pentru ca este al doile trimis. nu as vrea sa descopa ca doar cele pozitive sunt aprobate si postate;1.0;0;0;0.0;1
1951;afisajul nu se aprinde, sau o trebui ceva setat...;0.0;1;0;0.0;0
1952;la prima vedere arata foarte bine doar ca in momentul folosirii lor am observat ca una dintre casti de una mai tare decat cealalta indiferent de melodia pusa, nu prea redomand aceste perechi de casti.;1.0;1;0;0.0;1
1953;unde gasim acumulatori?   dupa 2 luni s-a umflat si l-am scos din dispozitiv.  nu filmeaza decat 10-15 minute.;0.0;1;0;0.0;0
1954;la o rotire din 3 si anumea cea din mijloc nu se misca deloc....;0.0;1;0;0.0;0
1955;au rezolvat principalele probleme ale lui charge, ecranul minuscul si bratara fixa. consider ca are si un aspect mai placut, bratarile se pot schimba si oferta e generoasa, autonomia a crescut la 5 zile +.  din pacate, senzorul de puls e o gluma, graficul unei plimbari in parc in ritm constant arata ca un meci de fotbal cu ruperi de ritm. ghiceste pulsul in lipsa miscarii dar daca arata puls 105 cand sta pe masa, e clar ca nu are legatura cu realitatea.  aplicatia ptr iphone e foarte diferita de cea ptr android. desi au multe hibe, ambele variante sunt mult peste concurenta.;1.0;1;0;0.0;0
1956;pro: stabilitatea batului atunci cand e intins la maxim e buna, suportul pentru telefon e foarte bun pentru un iphone 6s. pretul este unul bun, transportul in mai putin de 24 h.  contra: butonul pentru poze nu e unde este desenat ci mai jos, capacul unde ai butonul off/on si pe unde il incarci e putin desprins de acolo, iar la prima utilizare facea pozele atunci cand apasam pe buton, dar apoi facea cand il taia capul.   am garantie si trebuie sa vad cum procedez cu acest produs, ori sunt asa toate ori al meu e ceva mai special, avand in vedere celelalte review-uri.;1.0;0;1;1.0;0
1957;este o minciuna cu cartela vine goala fara gb fara minute ceasul este relativ ok.;1.0;1;0;0.0;1
1958;pe ios merg functiile de play/pause/next/volum. in rest nu prea am reusit sa-l folosesc altfel in alte aplicatii.;0.0;1;0;0.0;0
1959;lumina intra inauntru si calitatea este foarte rea pt pretul cerut;0.0;1;0;1.0;0
1960;daca ai nevoie de o lumina ambientala este f misto daca ai nevoie de un incarcator portabil nu recomand. pe mufa de 2.1 a dupa 2h de functionare telefonul spune ca mai dureaza in 3 ore si jumatate iar pe cea de 1a inca 4h si jumatate..... acumulatorul telefonului este de 3000mah. cu un uncarcator normal (nu fast) se incarca in 1h si 45 min. daca o conectez si rulez youtube pe telefon, telefonul consuma mai mult decat incarca aceasta baterie. daca rulezi waze reuseste sa mentina nivelul bateriei si chiar sa creasca daca dai luminozitatea mai mica.  lumina lanternei este jenanta adica jenanta rau, dar lumina ambientala mi se pare foarte misto are si 2 nivele de intensitate.;1.0;1;0;0.0;0
1961;nu sunt bune.... bateria tine sub 40 de minute.... dupa 3 ore incarcare.... plus caci cade tot timpul din urechi;1.0;1;0;0.0;0
1962;am comandat aceasta boxa si nu merge microfonul, posturile de radio sar nu stiu cum le pot oprii desii cred ca nu poti, am facut cerere de returnare, si sa primesc alta la fel, sunt curios daca la aceaa va merge micrfonul.;0.0;1;0;0.0;1
1963;foarte firav, din punctul meu de vedere.;1.0;0;0;0.0;0
1964;chiar daca am lat ochelarii de pe un alt magazin online, am zis ca scriu un review deoarece probabil ii va ajuta pe altii ce doresc sa achzitioneze acest produs. intentionez sa retunez ochelarii... imaginea este foarte aiurea, nu este clara. i-am testat cu un s7 edge. intr-adevar senzatia este super wooow dar calitatea imaginii este nasoala rau si iti oboseste ochii. nu merita clar.;0.0;1;0;0.0;1
1965;nu este multipoint, cauciucul din ureche este mare si dur. am si de la huawei si este mare diferenta cu plus pentru huawei.  doar pentru ca am alternativa si din comoditate nu l-am trimis inapoi.  nu stiu cat tine bateria, nu prea l-am folosit.  vine fara cablu de incarcare.  clema de plastic in jurul urechii este deranjanta.;1.0;1;1;0.0;0
1966;"cel mai slab produs pe care l-am vazut vreodata!! se blocheaza fff repede, ""gandeste"" extrem de greu, sunt dezamagita! ma asteptam sa fie slabuta dar nici chiar asa.";0.0;1;0;0.0;1
1967;mare grija cand deschideti capacul in spate pentru a introduce cartela sim pentru ca se deschide greu si la mine a crapat.:( in rest arata bine...;1.0;0;0;0.0;0
1968;atat bateria, cat si telefonul se incarca anevoios.  in plus, este foarte grea, nu prea merge de tinut in geanta.;1.0;1;0;0.0;0
1969;am cumparat si eu de curand. e ok in principiu, dar cea mai mare problema este sistemul de operare android 4.4. nici macar aplicatia emag nu o pot instala, cere android 5 sau mai mult. eu am cumparat. o pentru ca fiica mea sa poata controla de pe ea un robot lego boost. dar si aplicatia lego boost cere android minim 5.0 si nu am putut. o instala. nu recomand, desi e o tableta eleganta si se misca bine.;1.0;1;0;0.0;1
1970;sunt ca cele cu care a venit telefonul huawei mate 9. nu inteleg de ce inca se produc astfel de accesorii, avand in vedere faptul ca de foarte multa vreme au aparut cele in-ear, care ofera o experienta in utilizare mult mai buna.  exemplific:  - nu au stabilitate in ureche (ies tot timpul, la fiecare rotire a capului se misca pozitia in care stau)  - nu confera izolare fonica fata de mediul inconjurator  - sunt destul de incomode dupa o anumita perioada de timp (pur si simplu dor urechile din cauza formei lor si a materialului rigid).  ca si concluzie, cautati casti in-ear, mult mai confortabile (prin prisma bumbilor de cauciuc) si care izoleaza fonic mult mai bine.;1.0;1;0;0.0;0
1971;am dat doua stele din cauza autonomiei bateriei (am boxa asta de 2 ani jumate aproape).  1. la autonomie scrie 10 ore...10 ore la volum potrivit poate.... ca asa daca dai volumul la 40% (stiu ca nu arata procente dar iti dai seama cat de cat) tine maxim 2 ore nici de cum 10 ore   2. pe boxa scrie ca sa stea 48 de ore la incarcat.... am tinu-to si 72 de ore si tot in doua ore s-a dus bateria cu volum potrivit nici tare nici incet cam 40-45% in procente  sunt dezamagit de autonomia bateriei in rest e buna.. dar totusi o s-o comand pe cealalta de 50 de watt    am bagat-o la incarcat chiar astazi (4.02.2019 ora 22:09) o tin pana maine la ora 12. nu o mai tin 48 de ore ca nu are rost.    nu stiu cea de 50 watt cum o fi.... fac pariu ca la cealalta boxa de 50 de watt tine bateria mai mult de 2 ore fara oprire..;0.0;1;0;0.0;0
1972;dezamagitor. il pun la telefon si imi da anunt ca e slaba incarcarea.. am acordat 2 stele.;0.0;1;0;0.0;1
1973;curbura este de toata jena, iar geamul este stramb, se vede pe suprafata sa.;1.0;0;0;0.0;0
1974;nu l-am putut face sa functioneze sub nici o forma pe orange (am mai avut unul inaite care l-am folosit pe vodafone deci stiu exact ce trebuie facut).  am respectat toti pasii ce se scriu in documentatie.  desi are setat serverul ok si apn orange (confirmat de mesajul catre telefon pw,123456, ts# care arata ca totul este bine) aplicatia il arata offline deoarece datele mobile nu se activeaza pe ceas.   deci chiar nu recomand acest model.   vanzator prompt si livrare rapida (tot respectul) dar modelul este praf (este modelul cu numarul 5 pentru copilul meu deci cam stiu ce e pe piata).  de fapt nu este nu este modelul afisat ci gw900s.  eu ii fac retur.;0.0;1;1;0.0;1
1975;nu recomand pentru pretul afisat.    foarte slab... partea de multipoint lasa de dorit. cand este conectat la macbook si la iphone 6s in acelasi timp, devine instabil si sacadeaza urat, dand un sunet foarte robotic.   daca este conectat la un singur dispozitiv, isi face treaba destul de bine.  e deranjant ca nu poti dezactiva de tot partea de voice assistance (iti spune tot ce se intampla ori de cate ori se intampla ceva - cand ai un apel, stai cateva secunde bune sa poti raspunde pana casca iti detaliaza in ureche faptuk ca ai un apel si de la cine o ai).  partea de noise cancelling este nemaiantalnit de buna!  bateria tine cam jumatate din timpul estimat in descriere si in cartea ei.    nu recomand.;0.0;1;0;1.0;1
1976;am fost multumit de el insa dupa un an si 5 luni s-a rupt. mi se pare aiurea sa se rupa plasticul dupa aceasta perioada si folosit ocazional in mod normal. totusi, vad ca garantia pentru acest produs este de 1 an in loc de 2 ani. eu am cumparat produsul la 01.06.2017 si pe site scrie ca garantia a expirat la data de 01.06.2018.;1.0;0;0;0.0;0
1977;desi sunt multumit de functionalitate, dupa 3 sapt butonul din stanga nu mai functioneaza, la inceput nu mai facea click apoi se apasa tot mai greu. o sa incerc sa il trimit in garantie sper sa se rezolve.    update:  am trimis ceasul in garantie, ceasul mi-a fost inlocuit. butonul functioneaza la acesta. tot nemultumit sunt pentru ca pe ecranul cesului in stanga jos apare o pata alba cand ecranul este aprins, deranjeaza vizual! am dat 1140lei pe ceas la bani astia nu cred ca e ok sa aiba nici un defect si nici sa se stice dupa 3 sapt. am mai avut bratari garmin niciuna nu a avut probleme, vivoactiv hr e un esec din punctul meu de vedere.;0.0;1;0;1.0;1
1978;este un ceas superb la nivel de aspect si constructie, ca accesoriu este tot ce-ti poti dori.    din pacate este marketat si ca dispozitiv de fitness si aici este slab ptc:  1. pulsul este luat corect doar daca e bine strans pe mana, nu faci nici o activitate (cu exceptia elipticii la sala unde se pare ca masura bine). pt orice altceva, inclusiv ciclism in oras nu masoara deloc bine pulsul.  2. bateria este slaba pt orice activitate sportiva serioasa, de ex. nu ai nici o sansa sa-l folosesti un weekend la munte  3. nu este waterproof;1.0;1;0;0.0;0
1979;sunet slab, intrerupere a legaturii.;0.0;1;0;0.0;0
1980;dupa un an de utilizare ocazionala, s-a rupt piulita de strangere a suportului telefon, fara a depune vreun efort in acest sens. probabil s-a copt de la soare.;1.0;0;0;0.0;0
1981;am dat comanda de unul sigilat, totul a fost ok pana cand am vrut sa maresc luminozitatea ecranului si am constatat cu stupoare ca aceeasi lumina avea si pe nivelul 1 si pe 9. nu am putut vedea pe el asa ca l-am returnat.   aspect 5  performante 3 (as vrea de la un ceas care e smart sa stie ca eu acum alerg, sau ca inot nu sa il setez eu ca fac asta.)  luminozitatea 1 (ma chinuiam sa vad ceva pe el)  calitate pret 3/5    media ar fi cam 2.5....;1.0;1;0;1.0;0
1982;se aude destul de slab. daca dai sonorul tare, iti sare la maxim si bazaie, abia apoi poti sa mai reduci din volum ca sa ai un sunet bun. daca nu esti atent nu auzi avertizarea ca se descarca bateria.  aveam asteptari mai mari de la samsung.;0.0;1;0;0.0;0
1983;poza produsului nu prezinta produsul vandut. suportul de prindere pentru action camera nu exista in pachet. altfel, calitate pe masura pretului.;0.0;0;1;0.0;0
1984;nu sunt multumita deloc. folia se dezlipeste de pe ecran. sub asteptari!!! nu o recomand.;1.0;0;0;0.0;1
1985;"a ""cedat"" dupa 2 sapt!  vine in pachet cu 1 ""arici"" pentru cabluri";0.0;1;0;0.0;0
1986;e foarte buna si la un pret bun. se aude mult mai tare decat un jbl extreme si e spre surprinderea tututor mult mai ieftina.;0.0;1;0;1.0;1
1987;am cumparat si eu aceasta boxa, din alta parte ce-i drept, si nu a mers functia bluetooth. abia reuseam sa conectez telefonul sau laptopul dar de auzit se auzea sacadat, cu intreruperi. ori eu am ghinion ori au defect de fabricatie. restul functiilor merg bine, mai putin microfonul pe care nu l-am testat. iar telecomanda raspunde greu la comenzi. sfat: faceti proba in magazin daca puteti.  ps. am o inregistrare a functionarii sacadate dar nu o pot urca, din pacate, aici.;1.0;1;0;0.0;0
1988;+ un incarcator bun si rezistent pentru a fii folosit la mai multe aparaturi simultan!    - inainte de a cumpara acest produs am consultat site-ul producatorului, care in specifiicatii spune ca are fast charger, l-am folosit pe un s7 edge si din pacate nu este asa,! posibil un defect din fabricatie la incarcatorul primit de mine, sau sa nu aiba fast charger!;1.0;1;0;0.0;0
1989;la mine a functionat doar 1 zi ca reportofon. l-am returnat si mi-au promis ca voi primi unul nou. service bun!  altfel, o placere sa il folosesti!;0.0;1;0;0.0;1
1990;"gps slab.. foarte rar prinde semnal bun. capacul de la sim s-a crepat la prima deschidere. volumul de la sonerie nu se poate da incet chiar daca stii comanda. in manual scrie ca se da volumul mai incet cu comanda "" volume 1 #"" cand defapt comanda care o accepta este ""volume,1#"" oricum nu conteaza pentru ca nu functioneaza.   vocea se aude ok. bateria tine cam o zi.  ca telefon in caz de urgenta este ok.";0.0;1;0;0.0;1
1991;se descarca destul de repede,incarca telefonul doar 50%, la pretul mic, putere mica .;0.0;1;0;1.0;0
1992;calitatea sunetului este buna, in schimb a firului lasa de dorit. le-am avut 8 zile, pur si simplu cand am scos telefonul din buzunar nu a mai facut conexiunea cu castile. deci calitatea firului este extrem de slaba.;1.0;1;0;0.0;0
1993;destul de slabe. pierd semnalul la cca 3-4 m si se descarca foarte repede, cca 2 ore de ascultat muzica.;0.0;1;0;0.0;1
1994;a ramas deschisa lumina laterala, desi este descarcata bateria.;0.0;1;0;0.0;0
1995;dezamagitor, cel putin pe samsung a5 (2016) nu incarca rapid. abia daca incarca 1% in 5 minute.. ceea ce numai quick charge nu il consider.;0.0;1;0;0.0;1
1996;boxa este buna, problema este ca dupa fix 20 de zile difuzorul din partea dreapta are probleme. poate ca este doar produsul meu dar daca n-ar fi avut acest defect ar avea 5 stele;0.0;1;0;0.0;1
1997;slab. plastic casant. eu l-am montant de cateva ori si mi s-a rupt de la ventuza. in timpul mersului orice trepidatie se amplifica pe suport.;1.0;1;0;0.0;1
1998;se deconecteaza constant cu iphone 6s. inchid telefonul si inca ma apeleaza in casca. pacat;0.0;1;0;0.0;1
1999;produs destul de slab la pretul pe care il are. bateria tine foarte putin. pedometrul nu functioneaza cu aplicatia in fundal, doar daca este main screen.  nu recomand.;0.0;1;0;1.0;1
