|content|livrare_ambalaj
0|nu am nimic de reprosat. sunt multumita de produs.|0
1|este ok, calitate pret corect.|0
2|am achizitionat varianta de 139cm si este peste asteptari. culori vibrante, sunet bun(nu extraordinar, insa este puternic si deloc deranjant). are o sumedenie de reglaje pe parte de audio dar mai ales de imagine, plus functie inteligenta care se adapteaza in functie de continut. cu ceva reduceri, cupoane si genius, luat cu 1320 lei.|0
3|calitate pret, este excelent.|0
4|merita toti banii!|0
5|excelent, multumit!|0
6|un tv ok. l-am luat la oferta. setari usoare, culori frumoase si merge si pe digi. recomand! multumesc emag!|0
7|pentru pretul ce il are chiar isi face treaba bine. sa vedem cat tine.|0
8|minunat, imaginea foarte buna, sonor bun, culori frumoase, sunt foarte multumita!|0
9|la banii astia nu gasesti nimic mai bun!|0
10|sunetul e slab. in rest totul e ok.|0
11|excelent, raspunde foarte repede la comenzi, se conecteaza foarte bine la internet, sunetul super!!!!|0
12|foarte bun pentru dormitor, configurare usoara, functioneaza impecabil!|0
13|foarte ok, culori placute.....deocamdata sunt foarte multumita.|0
14|calitate foarte buna a imaginii, raspunde foarte repede la comenzi. recomand!|0
15|excelent din toate puntele de vedere. am si un lg de 164cm din 2024 si in afara de imagine care e putin mai buna pe lg. acest tcl este incredibil de bun la 1100 de lei si 140 cm.|0
16|un tv super, android-ul functioneaza bine, totul ok|0
17|wow... intr-un cuvant super!cred ca iau numai tcl de acum inainte. culorile sunt superbe! sistemul e simplu. sunetul e bun.|0
18|un tv buna are culori frumoase si vii, deci multumita de achizitie si pretul destul de ok|0
19|cel mai bun raport calitate pret. nimic de reprosat! foarte fluid in meniu, fara lag.|0
20|culorile sunt perfecte, se misca foarte rapid, google merge foarte bine, nu are lag.este foarte bun, recomand|0
21|foarte multumit de televizor, este al doilea pe care il am in casa.|0
22|foarte multumit pana acum, singurul dezavantaj este ca ordoneaza alfabetic posturile tv, sau nu stiu eu sa le ordoneaz, si sunetul putin cam slab dar pe volum ridicat isi face f bn treaba. per total, f bun in raport calitate pret.|0
23|am citit si eu reviewuri inainte si este pe masura asteptarilor.|0
24|se aude bine, imaginea e ok|0
25|imagine clara, culori placute si sunet ok pentru dormitor. raport calitate-pret excelent.|0
26|se ridica la asteptarile mele|0
27|este un tv calitate pret ok, se misca bine pe android, se merita.|0
28|este un televizor smart foarte bun, elegant si totul merge perfect! va multumesc!|0
29|google tv se misca foarte bine, meniul este rapid si intuitiv, iar telecomanda cu microfon raspunde perfect la comenzi vocale. conectivitatea este stabila (wi-fi si bluetooth), aplicatiile ruleaza fara intreruperi, iar sunetul este surprinzator de bun pentru un tv subtire.design modern, rama ingusta, se potriveste frumos in orice living. produsul a venit foarte bine ambalat si s-a instalat rapid. in concluzie: raport calitate-pret excelent, o alegere foarte buna pentru cine vrea un smart tv 4k rapid si de calitate.|0
30|are aproape o luna de cand l-am cumparat si pot sa spun ca sunt foarte multumit de el. se misca destul de bine in meniuri, aproape ca un samsung, se vede foarte bine, la partea de sunet i-as acorda un 6 din 10, dar pentru parintii mei este ok. comparativ cu un allview cu android se misca de 10 ori mai bine.|0
31|"am luat tv-ul de bf. raport calitate-pret este extrem de bun, imagine clara, sunet bun. pe partea de google tv este foarte responsive, nu ""agata"" la comenzi. o alegere buna, de vazut cum se comporta in timp."|0
32|am ramas uimit de performantele acestuit televizor. calitatea sunetului este foarte buna, la fel si calitatea imaginii. este destul de usor, meniul intuitiv dar materialele din care este facut nu au finisaje premium|0
33|excelent raport calitate/pret! sunetul putea fi mai ok, insa compenseaza prin calitatea panelului led si imaginii.configurare facila, google tv se misca excelent, conexiune wifi excelenta.|0
34|esti foarte buna, calitatea este excelenta, functioneaza bine, are multe functii, conectivitate buna si raspunsuri imediate. vreau sa mentionez ca le-am luat cu 1.300 de lei si isi merita fiecare leut!!!|0
35|am cumparat produsul la pretul de 1210 lei.foarte placut surprins, in raport de diagonala sa si la pretul platit nu ma asteptam la lcd cu apucaturi de oled, dar nici nu te dezamageste.se misca foarte bine prin meniu, aplicatiile merg bine. sunetul mi se pare bun, in raport de alte televizoare de buget, voi incerca cu un extractor sa pun un sistem audio de pc cu jack la hdmi, sper sa-mi iasa, are port pentru earc. la aceasta diagonala nu puteam cere mai mult sunt foarte multumit de el.|0
36|meniul si aplicatiile (skyshowtime si netflix) se misca rezonabil, canalele se pot edita/sterge dupa scanare (puneti germania la tara si faceti setarile pt vodafone/upc - nu le are). backlight bleed decent! telecomanda e din aceea mare, nu am avut noroc de varianta noua fara numere. audio asa ni, dar nu aveam pretentii, pentru dormitor e ok.|0
37|destul de ok|0
38|claritate excelenta, de misca bine. foarte bun.|0
39|raport calitate pret foarte bun. singurul downside este luninozitatea cam slaba, in rest se misca rapid, are comanda vocala in romana de pe telecomanda, foarte fluid meniul, wifi foarte bun|0
40|raport calitate pret, se comporta decent pentru un tv din bugetul lui, facut cadou parintilor, multumiti ca au acces facil la netflix si youtube.|0
41|televizorul functioneaza decent, imagine clara, sunet bun. singul minus pe care-l are este ca are cateodata downframe-uri, se blocheaza din cand in cand, nu stiu daca e de moment si se asteapta o actualizare, sau am avut eu ghinion, nu este ceva ce m-ar face sa-i dau retur ca nu e asa sesizabil. recomand|0
42|o singura remarca! memoria nu este de 16 g asa cum este descris.este de 8gb deci date eronate in descriere.probabil mai sunt si altele dar inca nu le-am descoperit.|0
43|varianta de 139 cm. unghi de vizualizare prost, android 11, deja are lag ingrozitor si problema e ca nu mai primeste actualizari, deci peste 1 an e gata. nu merita sa cumparati asa ceva.|0
44|nu e un tv care sa te de-a pe spate, meniu greoi si incurcat(ex: programele pt adulti sunt codate si nici digi nu le poate debloca), zgomot taste telecomanda,|0
45|am primit tv exact asa cum scria pe site livrare in 0 zile cu deschidere colet, tv este in regula se vede foarte bine imaginea in special la filme pe prime sau hbo sau pe youtube, se conecteaza repede la internet, sunetul este ok nu merge sacadat se comuta rapid de la tv la google apps, la pornire maxim 15 de secunde ia pana se incarca, telecomanda prinde din orice pozitie, are si comenzi vocale, doar youtube kids nu merge nu stiu de ce, acum sa vedem cum se comporta in timp! update: dupa mai bine de 2 luni se comuteaza foarte greu sau deloc de pe tv pe youtube sau video trebuie sa ii dau repornire!|2
46|imagine foarte buna, dar in 4k merge doar la 30 hz, ceea ce deranjeaza la ochi. de asemenea, unghiul de vizualizare e cam mic, daca te deplasezi in lateral la mai mult de 45 grade se schimba nuantele culorilor. in rest e ok, la banii astia. trebuia sa iau ceva mai scump...|0
47|produsul nu se adreseaza pentru cinefili si pretenstiosi. iluminarea din spate nu este uniforma iar negrul este mai mult un gri. in rest functioneaza bine, este usor de configurat.|0
48|nu functioneaza aplicatiile.intru in hbo max, dupa cateva secunde, se inchide brusc, nu recomand!|0
49|daca cade curentul isi pierde memoria, trebuie din nou sa bagi contul de voio, youtube, din cind in cind trebuie setate si canalele, iese din digital si intra pe analogic, sonorul si imaginea sunt destul de ok dar nu se compara cu samsung, nici cu lg, nu recomand.|0
50|nu am fost multumit de calitate imaginii, luminozitate si culori slabe.nu decodeaza dolby si dts, multe fisiere video nu le citea.singurul punct pozitiv ar fi viteza cu care procesa comenzile.i-am dat retur, am luat varianta miniled, putin mai scumpa, tcl 50c6k, a carui imagine este superba, culori vibrante, luminozitate mare, negru profund si are codec-urile necesare pentru a citi formatele necesare de fisiere video.|0
51|un televizor foarte slab, agata imaginea, fluenta redusa, sunetul acceptabil, nu era o problema dar imaginea extraordinar de slaba. in spectrul acesta de buget exista optiuni mult mai bune, sau se poate scadea diagonala pentru a lua un model mai bun dar p6k ca serie, este slab.|0
52|vin de la un model al unei alte comapnii mari din 2019/2020 de 108cm si trecerea la 139cm nu ma asteptam sa se simta atat de tare, dar se simte. in primul rand acest tcl are un algoritm de upscaling foarte prost incat de la 0-2 metri distanta de el in momentul in care te uiti la televiziune clasica sd sau fhd, pur si simplu se vede groaznic. s-a conectat foarte repede la tot ce am avut nevoie, dar faptul ca ai nevoie de 0 aplicatii (si google home si tcl home) e un minus. la vechiul televizor nu aveam niciuna. telecomanda e foarte buna si confortabila, iar televizorul se misca extrem de rapid, zbarnaie ca prin branza. insa calitatea imaginii lasa foarte mult de dorit. cel mai probabil ii voi face retur.|0
53|s-a stricat dupa un an! cea mai proasta marca|0
54|tv-ul este ok, dar se contecteaza doar prin telefon, si automat si telecomanda se activeaza din aplicatia telefonului astfel ca telecomanda primita nu am reusit sa o conectez cu tv-ul chiar daca am incercat sa ma decontectez din aplicatie si am urmat instructiunile oferite si de chat gpt. pana la urma am cumparat o telecomanda clasica universala care functioneaza foarte bine si s-a conectat fara batai de cap.|0
55|am comandat si eu televizorul acesta, se misca destul de bine, singurul minus pe care il are ar fi ca din pacate nu are port de conectare cablu optic pentru sistemul audio, a trebuit sa imi comand un adaptor bluetooth ca sa rezolv problema: d|0
56|pana acum isi face treaba, in schimb telecomanda fara cifre|0
57|merita investitia.|0
58|foarte sensibila telecomanda... am un sony de 50 hz si e la fel si acest samsung doar sunetul ma da pe spate da e ok|0
59|pret calitate e bun|0
60|merita pt pretul sau. un minus ar fi ca singura iesire audin este prin hdmi arc sau bluetooth! se vede super! picioarele nu sunt chiar atat de solide. recomand un suport!|0
61|tv ul este ok, dar cand e inchis, are un mic bazait (tiuit) in partea dreapta sus. nu stiu care e problema, dar nici nu-l trimit la garantie ca poate fac mai rau.|0
62|foarte bun. livrare ok|2
63|faptul ca nu poti folosi tv fara sa-ti faci cont este josnic.|0
64|raport calitate pret|0
65|din pacate nu are functie de inregistrare program tv pe dispozitiv usb conectat la tv. a trebuit deci sa il cumpar ca sa aflu daca are functie pvr / time shifting.|0
66|multumit calitate-pret|0
67|luminozitatea tv ului nu este chiar ce ar trebui|0
68|am achitionat acest produs dupa o experienta neplacuta cu un televizor similar dar achizitionat in 2021 si care s-a defectat dupa exact 4 ani, defect care a aparut la intreg lotul de televizoare din cate observ pe forumul produsului din 2021. practic sunt zeci de reactii privind televizoarele qled samsung achizitionate in 2021 si care s-au defectat relativ rapid dupa garantie, intr-un interval de 0-4 ani (display defect) si pentru care reparatia costa 80% din pretul televizorului.astfel ca sunt deja ingrijorat privind durata de viata a acestui produs, sper ca cei de la samsung sa fi rezolvat si sa nu se repete problema, asta daca nu a fost premeditata ceea ce este si mai grav.in plus, constat ca imaginea celui din 2025 este mai estompata fata de cea a televizorului din 2021 chiar si pe modul standard sau dinamic, iar timpul de reactie al comenzilor din telecomanda pare mai mare, insa nu este deranjant.per total pot spune ca sunt multumit de imagine si sunet si voi urmari fiabilitatea in continuare.|0
69|televizorul bun, dar telecomanda lasa de dorit.|0
70|multumit recomand|0
71|televizorul este foarte bun. am dat doar patru stele deoarece esti obligat sa te autentifici cu un cont (samsung, google) pentru a avea parte de toate „caracteristicile” aparatului. probabil pentru unii nu este aceasta o problema, dar mie nu mi-a convenit. in rest, foarte bun.|0
72|totul este bun, poate fi recomandat|0
73|imagine si sunet foarte bune. ce nu imi place si nu imi pare ok e consumul de 5 - 9w cu el inchis iar in spec zice 0.|0
74|tv foarte bun se vede foarte bine.am dat 4 stele pt ca nu ma asteptam sa fie atat de gros fata de modelul precedent.a si la livrare a venit sigilat dar fara cablu pt incarcare telecomanda! cablu lipsa. nu stiu daca emag este de vina sau altcineva!|1
75|ieri mi a ajuns si mie varianta 125cm, am fost usor dezamagit din prima in privinta sunetului, si calitatea imagini nustiu ce sa zic am dat putin pe youtube si imi apare calitae maxim 2160 nu mi se pare ca se vede foarte clar pe neftflix sa zic ca a fost ok, se fac anumite setari ceva daca stiti imi puteti spune si mie?|0
76|luminozitatea tv ului destul de saracioasa! in ciuda fatului ca setarile de luminozitate sunt la maxim, ecranul ramane destul de inchis fara nici o stralucire|0
77|putin nemultumit deoarece in titlu apare clar model 2025, insa el este 2021!|0
78|televizorul e ok, dar firma de curierat, nu a preluat produsul de rabla pt tv.|1
79|calitati bune ale imaginii si sunetului, dar meniul nu este deloc intuitiv si foarte greoi, la fel cum se intampla si cu ghidul de programe. intarzierea este enervanta. telecomanda e buna, dar neavand o forma asimetrica o poti tine invers si evident, comenzile pot fi altele decat cele dorite.in concluzie, parca ar fi un produs de firma dar de buget low cost.|0
80|televizorul foarte bun.... dar nu merge cu sistemul home cinema.....(mai am doua televizoare samsung si ele merg),nu suporta decat hdmi arc sistemul are tote iesirile numai pe acestea nu.... am cumparat un convector de la hdmi arc la optic recunoste sistemul dar dupa nu poti regla volumul decat din sistemul home cineva.telecomanda arata ca se conecteaza vede sistemul dar nu poti regla macar volumul, vechile modele o faceau,si chiar bine, pacat, se vede excelent.|0
81|este ok insa culorile si claritatea imagini lasa de dorit.|0
82|calitate scazuta a imaginii, se vede intunecat chiar si pe dinamic. qled doar cu numele.|0
83|conectrea prin wireless cu laptopul nu functioneaza! de fiecare data trebuie sa il sterg sa ma pot conecta wireless cu laptopul. sunet praf! imagine..... trebuie sa stai pe el sa il setezi altfel imaginea va fi una mediocra spre falsa!|0
84|calitate imagine mult sub asteptari, este mai jos decit a unui led samsung de generatie mai veche. semnal atena bun dar degeaba. nu are claritate.|0
85|nu recomand. s. a stricat dupa o luna. ecranul e negru si intra in modul de protectie in care se inchide singur dupa 15 decunde pt ca s. a dus sistemul de iluminare al ecranului.|0
86|s-a stricat dupa doi ani|0
87|dupa 0 luni de utilizare a aparut prima defectiune.|0
88|culori sterse, palide. sunetul e de tot rasul . adica ai impresia ca tot televizorul este intr-o oala cu capacul pus . da, pret atractiv dar mai mult nu merita.|0
89|diagonala 108 cm s-a stricat dupa o saptamana|0
90|am samsung model 2020 si are rata de refresh de 100, model 2025 cu 50? te uiti la un meci si vezi mingea cand suteaza si o mai vezi cand ajunge in poarta|0
91|l-am achizitionat in data de 25.11.2025 si deja trebuie sa il duc in service. are un pixel mort.|0
92|am cumparat acest tv dar este de o calitate inferioara! culori foarte sterse! nu recomand!|0
93|bleeding- foarte enervant, se vede foarte rau pe negru.. l-as returna, dar nu mai am ambalajul la tv-189, meniul si telecomanda e ok|0
94|o experienta foarte proasta.|0
95|imi place e rezonabil|0
96|primit cadou. in cutie, telecomanda smart si una standard. cablu de alimentare pentru marea britanie sau irlanda(cam dubios). noroc ca am mai avut prin pod cabluri de la casetofoane mai vechi! momentan e ok. are acele intarzieri de care vorbesc si altii, atunci cand schimbi programele, dar e ok.|1
97|merita banutii!|0
98|este foarte lent la schimbarea de canale. eram obisnuit cu tv-uri cu schimbare canal aproape instantanee. aici dureaza 2-5 secunde|0
99|desi pare depasita situatia, este greu accesibila mufa usb.|0
100|este tare|0
101|raport calitate/pret bun|0
102|pentru un televizor la pretul acesta, este ok.cand schimbi canalele are un delay de 1-0 secunde, este lenta, in rest pret raport/calitate este ok|0
103|tv-ul se vede bine, insa se misca mai greu prin meniu si prin aplicatii comparativ cu o versiune mai veche cu vreo 2 ani.|0
104|are o claritate frumoasa si curata. in schimb, se misca putin in realuare desi e facut update la ultimul soft.|0
105|este un tv bun, dar procesorul uneori sughite la comenzi rapide|0
106|se incarca putin greu cateodata|0
107|are delay la comenzi|0
108|raport bun calitate/pret|0
109|raport pret calitate bun!|0
110|testat foarte putin. pare ok, ce nu imi place la el, cum au ales sa faca spatele. se foarte proasta calitate,in ultimii 10 ani, am tot schimbat tv uri samsung.  sper sa nu fii facut rabat si la alte chestii.|0
111|e ok doar ca nu are gaming hub disponibil in romania desi este anuntat din 2022.|0
112|conform asteptarilor.|0
113|din pacate am intampinat probleme la setup, am reusit dupa cateva ore sa scap de eroarea cu smarthub being upgraded, care nu ma lasa sa instalez aplicatii. locasul unde se introduce mufa de alimentare era putin indoit.|0
114|tvu este ok, calitate pret, singura surpriza pt mine a fost telecomanda, nu era pt mine este pentru o peroana mai invarsta, si ii este foarte greu sa butoneze telecomanda. rugaminte daca a mai avut cineva ceasta problema sa imi lase un link sau model de telecomanda samsung care se potriveste cu acest model. multumesc|0
115|este un produs foarte slab calitativ si aici ma refer la imagine. il am de aproximativ 2 luni, iar pe aplicatii de streaming se vede execrabil, pixelat, culorile fade. este legat la semnal wi-fi 5g unde are download de aprox 200 mbs, ceea ce este arhisuficinet pentru streaming. tot slab mi se pare si functia smart, se misca extrem de greu, iar cand schimb paginile cu canale dureaza aprox 2 secunde! da, am umblat in functiile de imagine, care consider ca sunt multe si inutile. pe functia cablu tv, imaginea este un pic mai clara, insa si acolo daca te uiti atent indeaproape, imaginea este pixelata. |0
116|un mare minus!! deci nu credeam ca in 2025 tv. ul sa nu aiba optic, am tv mai vechi cu 10 ani si are iesire optica audio si multe alte functii, eu am sitem de boxe 5.1 prin optic, sunt foarte dezamagita pt ca sincer nu am banuit nici o clipa ca va lipsi optic ce e mai grav ca recunosc nu m-am uitat inainte sa il montez pe perete abia cand sa mufez cablurile am descoperit, si ma gandesc serios sa il returnez, pentru ca e aiurea sunetul si nu pot sa mai folosesc boxele 5.1 unde aveam sonor bun asa se aude tare naspa doar pe tv, nici imaginea nu este prea clara in comparatie cu un samsung vechi cu foarte multe optiuni de sunet si multe altele, prea sarac acest tv, credeam ca in 2025 tehnologia sa fie pe primul loc insa m-am inselat cu siguranta|0
117|placa de baza stricat dupa 2 luni de folosire.|0
118|imaginea avea dare albe la fundalul negru de la filme, imaginea nu se vedea atat de bine. l-am returnat si am luat ceva mai nou, tot samsung, cu componenta ai, putin mai scump. varianta 163 cm. televizorul probabil isi face treaba, cat de cat, or fi si diferente de lot, dar nu am considerat ca e un raport calitate/pret ok. bine ca l am luat de la emag si am putut sa fac un retur rapid.|0
119|fara indoiala, cea mai proasta achizitie din viata mea. nici macar cu chat pbt nu am reusit sa gasesc macar canalele|0
120|am avut ghinion cu livrarea, fiind revelion, apoi weekend, apoi 6 si 7 jan liber.ambalaj perfect, produs de calitate cu imagine foarte buna. atata doar ca modelul meu curbat samsung seria 6  avea un meniu mult mai rapid si orice comanda mergea instant, pe cand acesta agata si e cam lent pt 2025. adica am asteptari mai mari de la samsung pentru utilizare zilnica! am 2 aplicatii de streaming pe care le folosesc, plus tv de la digi rds, si cateodata se misca prin meniu mai rau ca bunica,alteori merge bine|2
121|plasticul din spate de foarte proasta calitate sa pot baga cablul de alimentare trebuie sa apas pe plastic pt ca e ridicat!! nu am facut retur doar pt ca aveam nevoie de tv de sarbatori|0
122|buna dimineata am comandat acest televizor de o luna si jumatate si am constatat ca in timp au aparut doua dungi pe ecran|0
123|am lucrat intr un centru 24/7 si colegii mei ziceau ca samsungurile pocnesc toate odata. calitatea imaginilor nu e totu.|0
124|am comandat acest televizor chiar de black friday, chiar atunci cand o fost bataie pe el. el per total este un televizor destul de bun raportat la calitate-pret. mai are probleme la calitatea audio, mai da rateuri cu cablul de la digi, dar nu stiu de ce. pe partea de smart, este destul de ok avind programul de operare vidaa, care este folosit pe majoritatea televizoarelor smart de buget. pozele pacalesc foarte putin spunand ca are rama ultraslim. oamenii se gandesc ca pana la rama este ecranul, dar gresit! in loc sa fie rama, este marginea de la ecran! totusi, daca nu e folosit mult televizorul,il recomand cu mare caldura!|0
125|pare a fi ok|0
126|nu ie extra ordinar de bun dar in bucatarie ie bun. la bani astia merge!|0
127|cumparat de black friday 2025, raport calitate calitate/pret excelent. nu are bluetooth. are wi-fi dar nu are bluetooth.|0
128|este ok, pret raport calitate|0
129|la pretul lui e foarte bun, are culori placute si partea de smart merge bine. nu va asteptati la tv premium|0
130|merita doar ca nu merge google chrom|0
131|destul de bun, usor de montat.|0
132|merita raport calitate pret foarte bun|0
133|telecomanda nu merge|0
134|nu se ridica la nivelul asteptarilor,culori sterse|0
135|la pretul acesta este incredibil nu se blocheaza, calitatea imaginii putin sub medie|0
136|e ok dar nu mai are suportul pe picioruse precum modelul anterior si ca atare acum stau cu grija sa nu se rastoarne.legatura la internet este insa un plus.|0
137|calitate pret, super decent, ce poti sa ceri mai mult de la un tv pana in 500 de lei|0
138|tv ok pt uz casnic|0
139|putin dificil de instalat, din cauza parolei pentru controlul parental. okay in rest|0
140|un televizor onest la un pret acceptabil care se misca ok la cat costa  nu stiu ce asteptari au cei care au dat comentarii negative de la un tv la pretul achizionat. deja il am de 6 luni forjare continua si ma declar multumit.|0
141|pret calitate foarte bune|0
142|recomand, foarte bun, calitate pret|0
143|e in regula. face ce trebuie.|0
144|la pretul care al are este foarte bun. merge bine pe net se conecteaza repede la wifi. youtube si netflix merg bine.|0
145|pentru pretul platit face toti banii. un mare minus pentru retailerul emag. cand am comandat televizorul si mi s-a comunicat data livrarii, am banuit ca aparatul va fi livrat la domiciliu, iar cel vechi va ridicat in momentul predarii noului aparat. dar desi am si un abonament genius, am avut neplacuta surpriza, ca in ziua livrarii sa primesc un mesaj sms prin care eram invitat la magazin pentru a ridica televizorul platit in avans!|1
146|este ok, foarte ok pentru pretu pe care il are, parerea mea e ca ar trebui un suport metalic si nu din plastic, si imbunatatit pe partea de comanda pe youtube in rest e bun pana acum|0
147|bun la acesti bani. nu va asteptati la cine stie ce calitate audio, dar am vazut si mai rau. wifi merge doar in banda 0,4 ghz. pe 5 ghz nu functioneaza. in rest un tv simpatic bun pt spatii mici.|0
148|ptr raport pret calitate este ok. pret batrani sau cei cu degete groase telecomanda are butoane mici si inghesuite.|0
149|nu as zice chiar ca este de 5 stele, dar tinanad cont de cat am platit eu pe produs  nu ar trebui sa fie asteptari foarte mari. echipa emag, ca de fiecare data, totul la superlativ.|0
150|raportul calitate pret e bun. a venit cu un singur defect, porneste singur.|0
151|este foarte ok mai putin pe partea de conectivitate la internet... netflix, youtube se face ecranul negru si cam atat, as dori sa stiu daca a mai intampinat cineva acesta situatie si daca a avut o rezolvare|0
152|foarte bun. isi merita toti banii. claritate sunet tot|0
153|multumit pentru calitate pret|0
154|un televizor decent, la banii care costa|0
155|pot spune ca sunt multumit de acest televizor. este mai mult decat decent pentru cablu tv cat si pentru anumite aplicatii de streaming online. desi, posibil sa fi nimerit un lot mai prost, deoarece telecomanda face figuri atunci cand navighez in meniu, cand apas tasta de sus se duce total random in orice alta directie mai putin sus, la fel si cand apas pe butonul ok.|0
156|raport calitate pret ok|0
157|isi face treaba.|0
158|un tv mai mult decat decent la acest pret. se aude bine, se vede bine.|0
159|ok pret calitate|0
160|raport calitate pret foarte ok. se misca bine youtube pentru camera copiilor perfect|0
161|ieri o ajuns, l-am instalat usor, claritatea e ok la banii astia dar sunetul lasa rau de dorit. parca se aude ca in apa, foarte rau dar nu astept mare lucru la pretul asta. netul se misca destul de bine pe youtube, nu merge sacadat. sunt multumit de el deocamdata.|0
162|luat de black friday la 500 de lei. calitate /pret merita. nu va asteptati la viteza oferita de un smart tv de marca, se misca putin mai incet la executarea comenziilor, dar in rest merge fluent. la inceput am intampinat niste probleme audio la aplicatii, pe modul tv functiona bine. probleme au fost rezolvate doar dupa decuplarea de la alimentare a tvului. din punct de vedere audio se aude foarte puternic, din nou pentru acesti bani se descurca super bine. parte de ci card functioneaza perfect. per total, pentru pretul oferit este super ok, sa vedem cat rezista displayul.|0
163|foarte bun, il folosesc de 4 ani, urmeaza o noua achizitie asemanatoare, aceeasi firma.|0
164|este un tv foarte bun la pret si chiar azi a venit am stat 3h pe el prin toate setarile isi face treaba, conectat si consola, totul foarte ok.nu stiu de ce multi exagereaza cu sunetul se aude bine chiar era un volum decent 10, alti ca vai la digi nu merg programele digitale doar cele satelit, fel de fel de comentarii rautacioase. daca vrei un tv decent pentru camera cu un buget redus il recomand.|0
165|am luat acest televizor pentru bucatarie unde voiam un tv cu dimeniuni reduse care sa fie si smart. acest tv se misca bine in meniu, imaginea este ok, dar sunetu lasa grav de dorit. stiu ca la banii astia nu poti avea pretentii, dar nu ma asteptam sa se auda ca un telefon aruncat intr-o galeata. sper sa rezolv problema cu o pereche de boxe usb. ii dau 4 stele pentru ca inafara de sunet merita.|0
166|se comporta ok deocamdata|0
167|este conform descrierii|0
168|destul de bun|0
169|un televizor decent, de buget.|0
170|l am cumparat de black friday, e ok ca si claritate netul merge bine, se conecteaza ok si la hospot si la wifi, doar singura problema cu telecomanda raspunde cam greu la comezi, vad ca si altii au avut problema asta.. dar la pretul de 500 de lei nu ai ce sa i ceri.|0
171|raport calitate pret foarte bun, culorile sunt wow|0
172|raport calitate pret ok, a fost luat pentru parinti in bucatarie|0
173|pentru pretrul platit se misca foarte bine. am avut marci de renume la pret dublu care se miscau mult mai greu.|0
174|este ok,perfect pentru bucatarie, merita 500 lei|0
175|merita, raportat la pret|0
176|dupa nici o luna sunt probleme pe partea de tv, dupa pornire ecranul ramane negru fara imagine desi este pe tv, la schimbare canale acelasi lucru. isi revine numai dupa ce este scos din priza si restart de sistem. posibile probleme legate de tuner|0
177|destul de bun la ce pret mic are pacat ca nu are acces la a instala alte aplicatii inafara de cele recomandate de producator|0
178|tv-ul este foarte bun pentru partea de smart, se misca repede, are o calitate buna a imaginii dar sunetul cam lasa de dorit, se aude foarte infundat desi am incercat toate reglajele din setari. per total pentru acest pret este un televizor bun.|0
179|calitate pret ok.|0
180|culorile sunt destul de stridente, foarte luminos si nu am gasit optiunea de economisire energie, cu ecran mai putin luminat. in privinta optiunii de conectare la internet si aplicatii prestabilite merge foarte bine, insa telecomanda este foarte galagioasa, scoate un click deranjant la fiecare buton.|0
181|sunt multumita de produs. calitate pret bun|0
182|televizion in sine isi face bine treaba, eu l-am cumparat mai mult pentru partea asta de online media, deci pe partea de tv nu pot spune ce si cum. daca te multuesti cu chestii simple precum youtube si netflix atunci tv ul e perfect, dar daca cauti un tv cu care sa cauti chestii pe google sau sa faci ceva mai sofisticat nu prea ai sanse din moment ce magazinul lor de aplicatii au doar aplicati de media, aplicatii precum google sau brave nu exista la ei. overall daca vrei un tv pe care sa te mai uiti seara din cand in cand la cate un clip pe youtube sau la vre un anime ceva pe netflix cu prietenii, atunci da tv ul e foarte bun.|0
183|l-am cumparat pentru bunica acum un an si inca se vede bine si nu are nici o problema.pe partea de smart se misca destul de greu, dar pe canale tv se misca super bine.chiar recomand.|0
184|e bun si se vede destul de ok.|0
185|bun. in special la pret.se misca ok prin meniu, are wi-fi, usor de configurat.difuzorul in schimb e cam slab.|0
186|este ok pentru pretul lui, insa face probleme la conectivitate. cand se blocheaza nu mai merge nicio comanda; trebuie scos din priza si repornit.|0
187|sunt multumit|0
188|televizor star-light, nu poti avea mari pretentii. pentru pretul respectiv isi face treaba. ce mi se pare ciudat este ca e extrem de usor, cred ca are 1kg. |0
189|sunt multumit de produsul cumparat|0
190|economic si de incredere|0
191|televizorul este ok calitate pret desii are cateva chestii minus in privinta transportului lasa de dorit|0
192|este un echipament care concureaza cu cele samsung, lg, sony deorece si displayul este fabricat pe aceleasi linii tehnologice. intradevar software este diferit dar este intuitiv si complet. suport plastic este stabil dar nu foarte rezistent, sistemul audio este acceptabil dar recomandarea este cu sistem audio extern conexiune fibra optica. acces wifi de calitate. functiile smart deosebite. conectare cu echipamente externe pe hdmi fara probleme. nu se ofera decat 0 ani garantie dar acesta nu este din gama premium.|0
193|raport bun calitate/pret|0
194|multumitor|0
195|a mers bine un prima saptamana, acum cand pornesc tv ul de multe ori ramane imaginea neagra si trebuie sa il scot din priza de cateva ori ca sa isi revina|0
196|sunet praf! in rest ok!|0
197|raport calitate pret bun, imagine clara! acord doar 4 stele deoarece sunetul nu este grozav, mai ales cand dai volumul mai mare! per total sunt multumita!|0
198|daca vrei sa te uiti pe netflix pana iti cauti un film sa te uiti trebe sa ai rabdare merge foarte greu in rest merge bine|0
199|pret calitate ok, am o mica problema cu wi-fi ca de fiecare data cand pornesc tv-ul tre sa ma conectez la internet|0
200|am o problema cu alegerea facuta, nu m a dat pe spate, telecomanda face figuri,si ledul din stand by clipeste aiurea cateodata, nu este ceea ce ma asteptam, cu 200 in plus cred ca puteam sa iau cv mai bun, la pretul asta nu prea ai ce sa i ceri, una peste alta, asta e acum|0
201|calitate pret ok|0
202|multumita raport calitate-pret. l-am cumparat acum 9 luni aproximativ si in prezent, youtube este nefunctional.|0
203|pentru cat costa este ok, imagine buna, sunet decent. comenzile din telecomanda au o oarecare intarziere, dar la banii astia nu stiu ce ai putea cere in plus.se configureaza usor, se conecteaza bine la wifi.|0
204|este super ok.|0
205|la acest pret este foarte ok|0
206|am 6 tv de la aceasta firma toate functioneza perfect si o imagine decenta, conectare imediata, insa aceste de 26” are un sunet foarte slab si pitigaiat oricate setari ai face|0
207|acceptabil pentru un tv cu care nu interactionezi prea mult. sonorul nu e prea prietenos cu urechile.|0
208|televizorul in sine, nu este rau.pentru simpla informare cotidiana, este suficient. din pacate, manualul de utilizare este prost gandit si mai prost expus.pentru cine nu se pricepe cat de cat la dispozitivele mai moderne (persoanele in varsta) este inutilizabil!! nu se poate concepe un manual mai explicit, mai usor de inteles, eventual niste scheme algoritmice cu pasii de parcurs pentru fiecare situatie. sau este pesemne tradus din chineza.mai mult decat atat, telecomanda este diferita de cea din manual, fara indicatii scrise (stantate, sau pictate) ale butoanelor, ceea ce creaza si mai multe dificultati.|0
209|produs bun pentru bucatarie. sunet ireal, parca ar veni din cosmos.|0
210|este foarte bun pentru sapte sute de lei.udio e excelent, are destule aplicati precum youtube, facebook, netflix, google merge greu, dar e bun si te poti juca eu nu m-am jucat si nu dau cu parerea despre jocuri dar ecranul este destul de nasol pentruca cand stau pe youtube/netflix se vede uneori pixeri dar inafara ca arata uneori imi place, nu se blocheaza si merge rapid.|0
211|un produs ok tinand cont de pret|0
212|un tv decent la un pret mic.|0
213|este o alegere corecta raport calitate-pret|0
214|il folosc pe baza de monitor si din pacate scrisul nu se vede clar.|0
215|se vede si aude bine, imagine clara. singura problema pe care am intampinat-o de la bun inceput a fost codul parental. a venit direct cu unul setat pe care nu-l gasesti nici in cartea de instructiuni si nici pe internet. a fost nevoie sa astept aproape o zi intreaga un raspuns pe mail de la emag cu codul corect, care este 0532.|0
216|la ce pret are tv nu poti sa primesti o calitate superioara|0
217|calitatea slaba la imagine si la sunet, nu are hdr, cat platesti atat face, am luat acest model ca mi s-a stricat cel vechi si aveam nevoie de tv, mai bine mai pui ceva in plus si ei alta marca mai buna cu o calitate mai ridicata, macar cei de la starlight puteau sa ii imbunatateasca imaginea un pic mai bine, nu e chiar hd, nu sunt multumit dar asta e.|0
218|sta foarte prost pe zona de conectivitate, are extenderul langa el, in priza si totusi de fiecare data trebuie sa pierdem timp incercand sa accesam prin intermediul lui diverse aplicatii, gen youtube, voyo sau similar, pe primul loc fiind antena play, cu care sub nicio forma nu doreste sa se conecteze. nu as recomanda, din acest punct de vedere.|0
219|sincer, tv e ok, dar ca si sunet doamne fereste, se aude ca un radio|0
220|0 ani cat a fost garantia a mers ok. dupa ce a expirat a inceput sa se blocheze pe anumite meniuri si sa se schimbe de la o setare la alta fara a ii putea face nimic. acum se schimba posturile incontinuu singur|0
221|slab, ca tv este bunicel, dar nu smart.|0
222|se putea un pic mai calitativ|0
223|slab calitativ!|0
224|un tv ok pt pretul asta, culori ok insa sunetul lasa un pic de dorit cand se vb la tv. se aude infundat nu are claritate|0
225|uneori imi ia comenzile greu sau chiar si gresit (exemplu: apas stanga si cursorul merge catre dreapta; apas “youtube” si el se stinge). totusi pentru 600 lei este ok, isi face treaba.|0
226|sonorul lasa de dorit, in rest televizorul este acceptabil.|0
227|am acest televizor de aproximativ 2 ani. calitatea imaginii este buna, calitatea sunetului este acceptabila, dar isi pierde usor conexiunea la wifi si se blocheaza netflixul. de asemenea in descrierea site ului emag scria cand l-am cumparat ca este compatibil cu hbo go (acum max). nu este compatibil decat cu netflix si youtube. poate am gasit eu o versiune cu probleme. este acceptabil pentru un televizor, dar la capitolul smart tv lasa mult de dorit.|0
228|calitate pret acceptabil|0
229|multumit de raportul calitate pret|0
230|acceptabil.|0
231|am luat televizorul pentru camera copiilor. desi initial parea sa mearga totul bine. dupa ce am activat si sefviciile de disney plus si netflix relevizorul a inceput sa raspunda tot mai freu la comenzi. multe comenzi desi le receptiona nu le prelucra si dupa ce te opreai din apasat pe butoane el inca mai procesa unele comenzi. si facea altceva decat re asteptai. pacat de faptul ca vede bine. se aude excelent si are si luminozitate ok. dar din punct de vedere al comenzilor lasa de dorit.|0
232|overall e satisfacator. probleme din a doua saptamana, cand telecomanda se blocheaza - singura functionalitate pornit/oprit. minusuri, nu are comenzi pe tv, din telecomanda nu porneste pe orice tasta.|0
233|se cam blocheaza, ruleaza cam greu uneori.|0
234|varianta 100cm. pret mic la o calitate decenta si suficienta utilizarii de zi cu zi. wifi mai slab decat majoritatea, daca routerul sau extenderul nu-i chiar aproape, dar pe cablu merge foarte bine. androidul e vu putin msi greoi, dar nu-i un capat de lume cu putina rabdare si o apasare mai ferma uneori pe taste. cateva setari de imagine si de sunet au fost necesare, dar se incadreaza nevoilor curente fara probleme. surpriza cea mai placuta a fost optiunea de reordonare a canalelor, care este mai facila decat la orice televizor de marca consacrata. dupa mai multe luni de folosinta am descoperit cum se face reordonarea din trei apasari pe telecomanda, mai simplu decat din meniul principal. la cat costa este mai mult decat un televizor bun.|0
235|"este un tv decent pentru pretul platit. nu aveam asteptari mari, deci tv-ul este unul ""corect"", insa a venit cu un pixel mort. nu il voi da retur pt ca nu este un impediment atat e mare, insa nu pica bine, fiind un produs nou."|0
236|l-am cumparat la dimensiunea de 60cm pentru bucatarie.foarte mltumit de partea de smart si imagine dar sunetul este foarte slab, gajait/pitigaiat. am incecat cu un soudbar mic/o boxa dar nu are iesire jack.|0
237|bun pentru cei care il folosesc pentru vizionarea canalelor tv. partea de smart slaba. programe putine, cu reactie mult intarziata la apasarea butoanelor telecomenzii.|0
238|culoarea - nu are claritate mai deloc, oricat incerci sa il faci din setari.sunet - este bun, se aude ft tare.conectivitate - se conecteaza foarte repede la net|0
239|multumita. este o alegere buna.|0
240|calitatea imaginii este satisfacatoare, dar niciodata nu am auzit un televizor cu un sunet atat de absurd ridicol.|0
241|sunet foarte slab|0
242|este un tv ok…3 stele i-am dar pentru sunetul mai neclar si faptul ca desi e smart si are o gramada de app, nu se poate instala hbo max si nu are niciun sens, mai ales ca vine si cu aplicatia disney, deci ar trebui sa fi avut acest suport de a putea instala hbo max.|0
243|am 0 televizorare la fel, dintre care unul il am de peste 5 ani si merge foarte bine, nici o problema, iar cel pe care l-am cumparat recent nu mai face contact cablul pentru posturile tv, scrie “nici un semnal” si uneori mai pica youtube ul, dar daca il scot din priza isi revine.|0
244|este ok, mai da cate un crash pe browser… pentru memorie .in rest pe netflix si voyo merge super.|0
245|acceptabil ca si smart imagine dar sunetul lasa de dorit.. sa vad ce adaug la el sa pot auzi cum trebuie|0
246|am luat varianta de 60 cm. am instalat netflix, merge. skyshowtime, nu merge. curios este ca nici youtube nu functioneaza cum trebuie, datorita memoriei scazute a sistemului. in rest, are culori frumoase|0
247|l-am luat in dormitor pt sunet fundal maimult pt ca fara tv adorm mai greu dar trebuie sa apas telecomanda de 10ori sa il pornesc, calitate slaba|0
248|un tv mediocru, decent pentru costul de achizitie.|0
249|ii voi da 2 stele doar pt faptul ca nu mai porneste youtube ul pe el|0
250|nu are card inteligent|0
251|design slim.... ecran cu protectie video.... datorat posibilitatii reglarii intensitatii culorilor... sunet bun si smart tv cu conectivitate ampla.|0
252|multumit per ansamblu. tv-ul se misca decent, s-a conectat repede la wifi! imaginea sincer este neasteptat de buna. pe partea de sunet ma asteptam la mai mult, avand in vedere ca are doua difuzoare.. o chestie interesanta insa.. daca apesi pe butonul de stingere, acesta se stinge dupa 180 de secunde (face countdown). nu am gasit din setari cum pot elimina aceasta situatie. mi se pare chiar decent pentru suma platita.|0
253|isi face treaba pentru o bucatarie chiar daca calitatea audio lasa de dorit. partea proasta e ca nu memoreaza decat 50 canale analog, iar din grila hd... nimic!|0
254|e un smart tv low cost nu poti descarca nimic nu ai nici un magazin de descarcare.|0
255|cum reglez culorile? sunetul lasa de dorit!|0
256|un produs acceptabil, nu am reusit sa inregistrez programele digitale de la digi, gaseste doar analogic.|0
257|nu am fost multumita de culori|0
258|recomand varianta mai mare a acestui produs, la 80 cm imaginea si sunetul sunt de o calitate superioara.|0
259|calitatea imaginii si a sunetului - ok ,manualul nu acopera nici una din dificultatile reale de la instalare. am stat sa pierd o dupamiaza cautand solutii de a cauta canalele digitale si de a muta canalele. noroc cu oamenii din comentarii..|0
260|la pret per calitate e ok,|0
261|ii dau doar 2 stele deoarece in descrierea produsului suntem mintiti ca putem avea toate aplicatiile de pe telefon dar de fapt nu putem descarca nimic in plus pe langa netflix si youtube cu care vine. in rest este un tv decent de bucatarie la un pret accesibil de la care nu poti avea mari pretentii.|0
262|ma nemultumeste ca nu pot muta programele si nu are buton de reintoarcere la vechiul program. daca se pot remedia aceste probleme din actualizare software as fi foarte multumit|0
263|l-am cumparat pentru dormitor. in sufragerie(am samsung smart 4k) si in celelalte doua camere am samsung nosmart. mi-am dorit inca un tv smart dar momentan nu mi-am permis mai mult... este acceptabil pt vizionare de scurta durata seara in dormitor, dar nu mai mult.. se blocheaza ocazional(atat pe netflix cat si pe youtube) si esti nevoit sa il scoti din priza. la samsung nu am patit asta nici macar o data si pe acela il am de ani buni. dar pentru banii pe care ii dai nu poti cere prea multe..|0
264|"televizorul are culori ok, un minus ii dau pentru blocarile aplicatiei youtube, trebuie repornit., 
 un minus pentru telecomanda cu care trebuie sa insist pe butonul power si alt minus pentru sunetul prost.
 nu gasiti aplicatii pentru el, browserul integrat este foarte prost si se misca greu.
 nu il recomand.in data de 01.02.2025, televizorul intampina o problema ciudata. daca il opresc, il scot din priza si incerc sa-l pornesc dupa o perioada de timp, acesta nu se mai aprinde. singurul semn de viata este led-ul de stare, care clipeste la un interval constant. din pacate, nu am cronometrat acest interval si nu cunosc semnificatia codului de eroare."|0
265|functioneaza bine pe partea de cablu, pe netflix se misca bine iar pe youtube este oribil, se blockeaza si trebuie restartat foarte des|0
266|detin televizorul asta de mai bine de 2 luni si pot sa zic ca sunt putin dezamagit. telecomanda e din materiale proaste si are un semnal oribil. televizorul in sine se tot blocheaza cand intri pe youtube si trebuie sa astepti o vreme sa se deblocheze singur.|0
267|greseala mea, nu am ales corect sursa semnalului la prima configurare. merg toate canalele hd de la digi. un tv cam de 2 stele dar pretul este bun.|0
268|nu merge sa se conteze la wi fi, in rest totul ok|0
269|se blocheaza pe youtube si il am doar de o luna sincer imi pare rau ca nu am mai pus 300, 400 sa iau altceva|0
270|este acceptabil|0
271|l-am returnat totusi, la acelasi pret cu o cautare mai atenta gasesti un produs cu o imagine, sunet si facilitati minim necesare mult mai bune ( cat de curand chiar si un 4k) .in schimb livrare / returnare prompta emag|2
272|calitate slaba a imaginii, se blocheaza in aplicatii. |0
273|aproape acceptabil|0
274|din pacate a trebuit sa il returnez din cauza a doua deficiente: sonorul este execrabil, zici ca ai niste boxe sparte si faptul ca nu se pot rearanja canalele (sau cel putin nu am gasit eu solutia)! pacat pentru ca in rest nu am nici o obiectie, totul era ok!|0
275|ma nemultumeste telecomanda televizorului. trebuie sa-i caut mereu o pozitie sa functioneze|0
276|e totul ok la tv sunt multumit cum lucreaza, doar ca la partea cu frecventa mai trebuie lucrat prind doar 55 canale tv|0
277|potrivit pentru o garsoniera de dimensiuni medii. raportul calitate pret este acceptabil. se conecteaza usor la internet. pacat ca nu vine instalat si cu aplicatia hbo go. am citit ca aplicatia nu poate fi instalata, intrucat nu sunt compatibile. acest punct este un minus pentru acest smart tv. sper sa mearga ok. avem si un model cu diagonala mai mica si am avut probleme cu receptorul telecomenzii. acest model este ok pana acum. atentie, la tipul de compatibilitate vesa!|0
278|calitate-pret e ok, dar sistemul de prindere si sprijinire dificil de montat(nu se potrivesc filetele si nu se insurubeaza)|0
279|stabilitate pe picior extrem de proasta, in 0 suruburi firave, cel mai prost sistem de prindere a piciorului.acum cauta canale, dar maine il returnez daca nu pica in fata. daca pica, nu il mai returnez ca o sa fie spart.|0
280|imagine ok. din 4 televizoare din casa, acesta este singurul care are programele aranjate altfel. ca smart tv se misca extrem de greu, iar pe netflix da erori extrem de des.|0
281|pe partea de tv smart merge ok pe partea de tv se vede slab probleme aparute la pornire nu se porneste tot timpul din telecomanda, pt camera copilului e ok|0
282|pentru banutii lui, televizorul este ok.|0
283|la pretul acesta e extraordinar|0
284|pentru pretul platit, nu am pretentii|0
285|per total imi place singura problema este ca nu se conecteaza la internet|0
286|un tv aceptabil culori bune, netflix ok, youtube ok. contra lipsa titrari la canalele: hbo 1, 0,2, film now precum si celalalte posturi trasmise de rcs-rds in format digital. azi lam pus la curier pentru retur.|1
287|culori ok, sonor ok, youtube ok, netflix zero|0
288|"meniu destul de simplu, claritatea imaginii este ok,
 este ok"|0
289|tv ok doar ca nu poti instala cine stie ce aplicatii pe el. de exemplu nu are hbo go, horizon go sau alte aplicatii de streaming destul de comune pe la noi. doar youtube si netflix. imi cam pare rau ca l-am luat, cu mintea de pe urma as fi luat mai degraba un tv non-smart si un chromecast sau alt dispozitiv de streaming. era un pic mai scump decat asta dar mult mai functional. oricum la setupul asta am ajuns, neavand prea multe functionalitati tv-ul.|0
290|este un televizor acceptabil dar, are ceva lacune si probleme de soft. nu poti aranja lista de programe, se deschide singur ( peste noapte de 2 ori s-a aprins). il dau inapoi si iau un lg.|0
291|televizorul are imagine clara, se conecteaza usor la internet. foarte aiurea este treaba cu canalele, le gasesti foarte greu desi acesta este un aspect important pentru un tv. l-am cumparat pentru bucatarie, pacat ca nu am gasit o marca mai cunoscuta la aceste dimensiuni.|0
292|"porneste singur , stie cineva ce pot sa ii fac ?? 
programele tv sa vad bine, culori ok. problema este cand vreau sa ma uit la un film pe netflix se vede foarte nasol. 
 intradevar la banii astia ce pretentii sa si am, dar ma gandesc serios la returnare din aceasta cazua... 
 ina o chestie, trebuie neaparat sa ii schimb suruburile de prindere picior/suport - tv, la o atingere mai dura pica tv-ul de pe acel picior:))"|0
293|televizorul se porneste singur si noaptea si de multe ori in cursul zilei, in rest este ok pentru prerul pe care il are.|0
294|"canalele digitale nu functioneaza!!
 a mai intalnit cineva aceasta problema??televizorul gaseste doar programe analogice.ma poate ajuta cineva cum sa fac instalarea si canalelor digitale??"|0
295|recomand cu incredere|0
296|per total ok, se misca bine, dar extrem de enervant ca porneste cand are el chef. eu nu am reusit din setari sa gasesc solutia la aceasta problema. am vazut, din comentarii, ca nu ar fi o exceptie la mine, ci o problema generala. a reusit cineva sa ii de de cap?|0
297|sta ceva timp pana schimba programele si androidul este cam slabut... stai foarte mult pana scri. este acceptabil. aplicatia de fb nu merge (nu poti insera parola)|0
298|ca televizor vs pret este ok dar ca smart este praf, functioneaza circa 5 minute apoi se blocheaza tot televizorul, iar furnizorul nu a raspuns solicitarilor mele remediere a problemei, urat, foarte urat|0
299|un televizor destul de slab. am inlocuit un televizor mai mic (samsung full hd din 2012) cu acest televizor. calitatea imaginii si a sunetului nu se ridica la nivelul televizorului vechi. unele canale hd se vad ca si cum ar fi cu transmisie standard (fara hd).are probleme mari si cu conexiunea hdmi, nu exista hdmi-out.atas calitatea sunetului, cat si a imaginii sunt inconsistente. am schimbat conexiunile si testat de nenumarate ori si nu am reusit sa rezolv problema. in plus, cutia in care am primit televizorul nu avea sigiliul din fabrica.|0
300|in decembrie 2024 a fost achizitionat, iar in noiembrie 2025 s-a stricat. nu se mai vede imaginea doar se aude sunetul.|0
301|sunet ok, insa androidul foarte lent, aplicatiile nu functionau ok|0
302|reclama mincinoasa, nu merg instalate toate aplicatiile de pe telefon, asa cum scrieti in descriere. de exemplu, nu merge instalat antena play. mai mult decat atat, nu exista nici varianta de oglindire ecran si nici conectarea prin bluetooth.|0
303|desi este ieftin, nu isi merita modelul acesta banuti!|0
304|chiar si pentru 500 de lei, este un tv slab, sunet foarte prost, iar odata la cateva zile, cand il pornesc ramane blocat, nu primeste absolut nicio comanda. singura solutie este sa-l scot din priza|0
305|l-am cumparat pt bucatarie si nu voiam sa fac o investitie prea mare. ma asteptam sa nu fie cel mai tare tv, dar dupa ce l-am testat 0-2 sapt, m-am convins ca nu e ceea ce imi doream.pro - imagine bunicica pt pretul asta, conectivitate buna, pretul super acceptabil.contra sunetul era absolut ingrozitor, distorsionat, neclar, telecomanda prea butucanoasa pt 2024, este f usor, iar senzatia cand pui mana pe el este de chinezarie ieftina. mi-am zis ca pot trai cu un tv slab in bucatarie, atata timp cat isi face treaba si are netflix, youtube, dar am hotarat sa trec la un samsung pt un pret dublu, dar stiu ca e durabil si de calitate.|0
306|am cumparat 0 buc care s-au stricat dupa 0-2 ani|0
307|dezamagitor. dupa 2 luni de zile, nu mai recunoaste modulul ci+ de la vodafone. se blocheaza imediat dupa ce il pornesti, deci practic m-am ales cu un obiect de decor. l-am trimis la garantie, vedem ce zic baietii de la depanero.|0
308|starlight ca si brand mi-a placut dintotdeauna. un raport calitate/pret onest pentru un brand romanesc usor de folosit si prietenos cu consumatorul. receptionez produsul, il pun in functiune, insa atat de mult ambalaj si protectie ecran nu am putut sa vad la niciun tv. sa vedem mai departe cum se comporta la folosinta. revenim mai in colo cu un review nou|0
309|"ca si conexiuni, portul ci+ mi-a dat batai de cap, la conexiuni lipsa mufei de casti sau audio pe rca. daca vroiai sa cauti ceva pe magazinul play lasa de dorit, uneori lag pe internet.
 din acestmotiv a fost returnat."|0
310|sunetul este extrem de prost.|0
311|claritatea e buna dar cam iti lasa de dorit imaginile|0
312|nu reusesc nici cum sa gasesc programe digitale doar analogie imi gaseste vreo 50 posturi si gata... nu stiu unde sa mai intru...|0
313|nu este compatibil hd, nu scaneaza toate programele operatorului, face o selectie de un numar limitat de programare excluzandu-le pe cele hd. claritate slaba, sunet puternic dar gajait, preluare intarziata a sunetului fata de imagine|0
314|sub aateptari... nu gaseste canale digitale, cele analogice se vad foarte urat|0
315|nu am reusit nici cum sa vad un canal hd, am cablu prin digi pe el, motivul pentru care o sa-i fac retur|0
316|sonor foarte rau!|0
317|il am de aproape 2 ani si pot spune ca sunt tare dezamagit. de vreo 0 ani mereu se tot aprinde singur, nu ii fac nimic si se around singur. se aude ok se vede relativ ok dar merge greu netul. da o sa spuneti ca am router prost si net si mai prost. nu am un net bun de 1000mbps plus un router ft bun. youtube se incarca din an in paste iar netflix merge bn. nu recomand.|0
318|l-am achizitionat pe 12.03.2021. nu pot sa zic ca nu e ok, la banii astia nu poti ridica pretentii. imagine ok, a recunoscut si smart card-ul de la digi, telecomanda trebuie tinuta spre tv ca sa functioneze corect si nu doar cand vrea ea (asa cum zicea cineva intr-un comment). totul a fost ok pana azi cand nu mai vrea sa se conecteze la net wi-fi. recunoaste reteaua, introduc parola si mesajul este “esuat”. parola este corecta iar router-ul e functional, am verificat! asa ca 0 stele pentru ca nu ai obtiuni de revenire la setari din fabrica (cel putin eu nu am gasit), manualul e fix degeaba deci nu prea ai optiuni sa rezolvi cumva singur. returul iese din discutie dupa atat timp asa ca astept sa-mi raspunda cei de la star-light. com care au la contact datele emag sau asa mi-au aparut mie. va recomand sa mai puneti 0-2 sute si sa luati altceva decat sa va zgarciti ca mine.|0
319|am cumparat si eu un televizor si sa stricat dupa doua zile si lam returnat si mi-au trimis altu acesta este bun sa vedem pa parcurs|0
320|dupa cateva ore ma lasat telecomanda|0
321|imagine neclara, nu se conecteaza la internet nici sa il bat. testat|0
322|pe partea de smart merge destul de bine. in rest, imagine modesta chiar si pe posturile hd, meniu saracacios, fara posibilitate de aranjare in ordine a posturilor, fara multe alte functii.daca se intrerupe curentul, isi pierde memoria. se pierde lista de favorite, setarile. in urma cu doua saptamani achizitionate un alt tv de la aceasta firma, de 80 cm, alta serie, care a fost mult mai ieftin si mult mai calitativ decat acesta.|0
323|din punct de vedere am imaginii se vede bine. nimic de reprosat... dar reactioneaza la comenzi dupa aproximativ 2-4 secunde...(poate l-am nimerit eu cu defecte). pe partea de smart se misca greu, ruterul de wireless fiind langa tv. ma asteptam la ceva mai ok... nu recomand|0
324|este loterie mie mia mers 0 luni dupa care a murit l-am returnat!!!|0
325|un televizor care costa extrem de putin si face si mai putin mi se blocheaza incontinuu nu merge sa ascult audio la unele aplicatii din cand in cand, nu se deschide din cand in cand si singura rezolvare este sa sterg cookie urile si sa ma conectez din nou este foarte enervant.|0
326|dupa 1 saptamana telecomanda nu mai functioneaza, pot doar sa sting si sa aprind tv-ul!|0
327|nu recomand. a functionat doar 7 ore.|0
328|l-am cumparat in 7 noiembrie si in 13 decembrie s-a defectat.|0
329|produsul lasa de dorit! motivele din spatele reviewului:- sunetul lasa de dorit. desi am incercat sa il ajustez din setari... sunetul este strident si metalic. - il am de aprox 1 luna si deja am avut 0 episoade in care nu s-a deschis ( parea ca sta in standby si a trebuit sa il scot din priza ca sa revina la normal)|0
330|la mine sa stricat dupa 1 luna de functionare. poate voi aveti noroc sa nu se strice.|0
331|doar dupa 0 luni nu mai functioneaza, nu recomand.|0
332|dupa fix un an a ramas fara sunet. un an a fost ok, fara nicio problema.|0
333|un alt tv mai slab nu am avut vreodata! l-am cumparat in luna ianuarie 2025, l-am folosit f putin, iar in octombrie, deja l-am trimis in service! nu mai reda imagini, display-ul isi schimba doar culorile, fara sa se vada ceva. de la inceput mi s-a parut slab, se misca greu, insa nu m-am gandit ca s-ar putea strica in mai putin de 1 an... foarte dezamagit, mentionez ca l-am luat in urma recenziilor!|0
334|ramane fara sonor, se deconecteaza de la youtube, il scoti din priza dupa care isi revine|0
335|a fost achizitionat acum 0 saptamani acest televizor si deja face figuri de ma scoate din sarite. in viata mea nu am vazut televizor asa prost! ba telecomanda nu merge ba sunetul. trebuie mereu sa il scot din priza sa mearga. nu faceti gafa sa va cumparati tv de la starlight niciodata, mai bine dai un ban in plus da ai ceva de calitate.daca il duci inapoi iti da altul, care probabil va avea aceeasi problema. eu zic ca e un bug din fabrica la marca asta inepta si execrabila. l-a luat o ruda ca eu nu il achizitionam in viata mea! e de cosmar. cred ca si allview e mult mai ok decat starlight.|0
336|nu se merita|0
337|s-a stricat in mai putin de 1 an|0
338|l-am luat de nevoie ca nu am buget dar dupa o luna am probleme cu el si nh stiu ce sai fac ca cateodata trb sal scot din priza ca nu are sunet sau intra singur in meniu, eu nu lam luat sa stau in concediu acasa dar nu sunt multumit, nu recomand, cred ca e valabila garantia ia si nu e de frumusete e|0
339|cand pornesti tv apar aplicatiile si asa sta ore intregi pana cand folosesti 2 butoane pt. intra la posturile tv, adica nu se deschide direct canalele tv|0
340|se blocheaza non stop, nu cumparati!|0
341|interactiune sub orice critica, se blocheaza constant pe posturi tv si e imposibil sa accesezi partea “smart” si desi el este folosit doar pe mute, la momentul deschiderii are minim volumul 15|0
342|jalnic. s-a deschis intr-un mod de eroare. telecomanda nu functiona. in mod smart se bloca. retur si aia e. am ales un lg de 60 cm. altceva|0
343|"foarte nemultumita. se conecteaza usor pe netflix dar dupa 0, 2 minute se blocheaza imaginea si ramane doar sunetul. o tiriplisca de tv. dar... la cat costa nu ma asteptam la mai mult! prima data cand l-am pornit a intrat direct media, cu toate ca il setasem din start pe tv. pt cineva care nu are rabdare, ii da un sut direct in strada. la pornire intrati direct pe butonul de deasupra ""info"", dupa... in stanga ""intrare, tv"".baiatul de la curierat, nu a intarziat (ca altii), nota 10, m-a scapat de vechiul tv (un smart care m-a tinut 8 ani) si am fost incantata ca am scapat de grija lui."|0
344|cand a expirat garantia s-a stricat, normal pentru pretul platit…|0
345|l -am achizitionat ptr parinti si nu au putut sa il instaleze pentru ca cerea in pin pe care nu le-am gasit nicaieri. retur bineinteles. o sa imi trimit parintii da faca studii ptr montat tv star line|0
346|"foarte prost.meniul se misca greu dupa o luna de folosire ocazional specific ocazional daca vrei sa schimbi intre netflix ai tv se blocheaza nu mai merge nici nici doar daca este scos din priza si reconectat la un moment dat sa resetat singur la setarile din fabrica in acest moment este trimis la garantie deoarece trecuse perioada de retur. cel mai proat tv
"|0
347|il am de 0 luni si deja sa innegrit imaginea.|0
348|se misca foarte greu si se blocheaza incontinuu. nu recomand|0
349|la doar doua luni de la achizitie a trebuit sa-l trimit in service|0
350|oribil, in aplicatii nu se aude sunetul, trebuie sa scot televizorul din priza, sa astept 1-0 minute si sa l repornesc. nu recomand…|0
351|wifi de nefolosit|0
352|deja sa defectat, nu mai functioneaza difuzorul!|0
353|nu recomand|0
354|teribila culori spalacite|0
355|din pacate dupa 0 ani jumatate a cedat, ecranul nu mai afiseaza nici o imagine. cei de la service au zis ca nu exista piese pentru televizoarele chinezesti. deci trebuie sa cumpar altul nou.pacat.|0
356|deci chiar daca ne raportam la valoarea produsului adica una mai ieftina calitatea culorilor este una jalnica care lasa mult mult de dorit!!! personal pentru mine este cea mai mare dezamagire.|0
357|sunet groaznic, inacceptabil cat de prost se aude.|0
358|dupa 30 zile sa defectat. a durat aprox 0 saptamani reparatia. am trimis televizorul cu un defect si a venit retur cu alta problema. toate suruburile de fixare au filetul distrus. a trebuit sa folosesc alte suruburi (ce am gasit pe acasa) si sper ca la urmatoarea trimitere in garantie sa nu fiu refuzat din aceasta cauza. in plus calitatea sunetului este execrabila. suna ca o cutie de conserva.nu recomand|0
359|am ales diagonala de 60cm pt bucatarie. dezamagit de sunet (deranjant) iar imaginea nu e de calitate (se vad pixelii). l-am ales dupa numarul de review-uri si media de 4.4 stele... dar cele de o stea spun adevarul.|0
360|groaznice toata marca star light, cele mai proaste nici un an 0 reparatii si nici acum. nu functioneaza in parametri nu gaseste programele nu pot sa dau pe youtube, imi pare rau ca nu pot acorda nota cu -|0
361|"se deconecteaza random de la wi fi
 sunet praf, abia intelegi la unele vloguri/filme ce se vorbeste, se aude distorsionat. imagine praf.sigla starlight lipita stramb. mai bine mai puneti niste bani si luati altceva, nu merita nici 300 lei"|0
362|nu este de recomandat! a tinut exact 1luna!|0
363|nu faceti greseala mea, mai puneti 0 sute de lei si luati ceva mai bun. pixeli morti, wifi pica din 10 in 10 secunde, sunet varza!|0
364|nu sunt hater, dar sunt fan samsung sau marci consacrate. de data asta, am ales acest starlight, deoarece este un tv de back-up in casa. poate sta si 1 saptamana neaprins. dar, rar cand il folosim, suntem dezamagiti de el... luminozitatea este prea mare, nu poti trai cu el in camera noaptea, meniul este ciudat, instalarea dificila.... am trecut cu vederea, la banii astia parea un best buy... dar, dupa 5 luni... a crapat. nu recomand!|0
365|sunet prost, nu se poate regla, are un sunet strident, foarte ascutit, cel mai slab|0
366|cel mai slab televizor, nu va recomand sub nicio forma, se misca extrem de greu, trebuie sa stau cate 15 minute sa intre pe youtube, foarte slab, regret in totalitate ca l-am cumparat|0
367|este doar un televizor de buget. pentru un sunet de fundal se merita, altfel nu. reclama de prezentare minte, fara disney+, voyo sau antena play, se poate lauda doar cu netflix si youtube. nu se pot instala alte aplicatii, nu se pot vedea filme online; am incercat in acest sens conectarea prin hdmi la laptop/nintendo, dar dupa putin timp, niciun port hdmi nu mai citea niciun semnal. desi l-am trimis in service, au spus ca nu au gasit nicio defectiune.|0
368|calitatea imaginii execrabila, pixelata nu doar la programele tv vi si pe youtube si amaxon prime. dezamagitor. sper ca imaginile atasate va ajuta sa va formati o idee.|0
369|se vede bine, se aude parca este intr-un butoi un ecou enervat, dupa o ora de utilizare nu te mai poti uita la el ca te doare capul, am fost neispirat ca nu l-am returnat la timp|0
370|nu recomand nu am fost multumita de el deloc|0
371|audio: am citit comenturi despre sunet, am zis nu are cum sa fie asa rau... nu pot urmari nimic in limba romana, are o rezonanta groaznica si nu inteleg o boaba din ce aud (in limba romana)... dupa ceva schimbari in egalizator cat de cat pot sa inteleg o muzica un film.video:... atasament, asa sunt marea majoritate a posturilor (si nu exagerez) cand e soare si frumos afara, daca ploua sau ceva, nu ai ce face cu el... si nu are legatura cu legaturi semnal etc, pleaca direct din decodoru de fibra (e primu device la 70cm distanta).conectivitate: cat am avut rabdare sa l testez pe utub/netflix etc, merge pentru cat l am testat eu, dar imi imaginez ca e doar o chestiune de timp pana aduna ceva junk files si incepe sa scartaie si la capitolu asta.bonus: telecomanda nu are buton de toggle cu postul anterior... initial am zis ca nu e mare branza... dar alaturi de cum functioneaza grila de programe si etc... ajunge un chin.|0
372|nu recomand. s-a defectat dupa 32 zile. nici nu se mai poate returna! doar reparat(pentru alte 32 zile?)|0
373|nu stiu daca a durat un minut sa l pun inapoi in cutie dupa ce l am pornit, e jale calitatea ecranului, sunetul, telecomanda, tot! nu recomand.|0
374|imagine neclara, calitate slaba.|0
375|nu a reusit sa gaseasca prin ci-ul de la digi, canalele digitale. you tubul mergea sacadat! in concluzie, nu recomand!|0
376|nu recomand!|0
377|un tv foarte prost, il am de 5 luni si se blocheaza, un difuzor nu mai merge telecomanda merge foarte greu, nu recomand, mai bine mai pui 300 de lei si iti cumperi ceva mai bun|0
378|dezamagire totala! nu merita niciun leu, culori sterse si calitatea imaginii foarte slaba! regret ca l-am achitionat!|0
379|a doua zi a ramas fara sonor|0
380|viteza la care televizorul preia comenzile este foarte foarte mica chiar si la schimbarea canalelor, iar navigarea pe internet a fost imposibila pentru ca ramanea blocat. l am dat retur a2a zi.|0
381|televizorului nu i se auzeau difuzoarele, iar youtube isi lua crash dupa o simpla reclama|0
382|sunt momente in care se simte nevoia de 0 zero stele... mi-am dorit un smart fara pretentii... doar sa se conecteze la wi-fi si sa pot vedea video pe youtube... nu functioneaza absolut deloc conexiunea wi-fi. nu am putut vedea nici macar un prapadit de videoclip de un minut. deja e pe drumul de intoarcere...|0
383|nu recomand, se blocheaza mai tot timpul pe youtube si netflix, recomand celor care vor sa-l achizitioneze sa nu o faca.|0
384|oribil, se blocheaza in ultimul hal pe netflix, hbo go etc si nu, nu e de la net. aveti grija la cumparare.|0
385|nu inteleg de ce se fabrica astfel de produse! ok, inteleg ca e printre cele mai iefine de pe piata, nu ma asteptam sa il folosesc ani de zile, dar nici dupa o saptamana sa se strice! l am folosit o saptamana si dupa o saptamana pur si simplu nu se mai vede nimic pe ecran. astfel de produse nu ar trebui sa se fabrice. jalnic!|0
386|slab, foarte|0
387|nu se aude bine|0
388|nu recomand. nu are programe hd, f slab calitativ.|0
389|functia dtv nu functioneaza, telecomanda merge greu, nu prinde wifi nici macar daca dau pe introducere manuala. nu merita cumparat!|0
390|l am dat retur, pentru ca nu corespunde calitativ.|0
391|nu traduce toate programele, telecomanda fff slaba, nu are cred nici serviciu de a se inchide singur tv, etc!|0
392|niste prostii! nu recomand! telecomanda merge greu iar la scurt timp dupa ce l-am instalat, dupa ce l-am inchis si l-am deschis, mi-au disparut toate setarile si trecuse in alta limba! |0
393|nu merita nici macar o stea. sonorul este groaznic si raspunde extrem de greu la comenzi.|0
394|urmeaza sa-l trimit a 2 tura la reparat. achizitionat in ianuarie, are probleme cu softul. proasta alegere|0
395|sistemul de operare din spate, linux, este foarte slab, conexiunea wifi la cel mai jos nivel. daca este comandat de o persoana care nu descurca foarte bine cu instalarea programelor, mai ales ca trebuie anumite selectii ca sa poata ajunge la acel punct, cu siguranta nu va putea sa se uite la vreun post tv. intr-o zi merg 10 canale, a 0-a zi 100 si tot asa. sa nu mai spun de netflix, ca in fiecare zi avea cate o eroare. acest review este facut in baza comandarii a 0 televizoare la aceleasi pret dar ca si functionalitati la poluri total opuse din toate punctele de vedere.|0
396|doar 2 zile l-am folosit si l-am returnat. mi se inchidea din senin, era imposibil sa il re-pornesc, ca sa pot sa il re-pornesc trebuia scos din priza si de 0 ori s-a intamplat sa se re-seteze si a trebuit s-o iau de la 0 cu instalarea. nu mai mentionez faptul ca a fost trimis cu suruburi lipsa de la piciorul -stativ. telecomanda nu functiona, se bloca des sau se deconecta de la wifi. nu merita nici 100 lei. nu recomand!|0
397|nu reusesc sa prind toate canalele|0
398|este un produs prost. netul este bun. dtv nu merge.tv merge in dungi banda scurta|0
399|am cumparat produsul televizor led smart star-light, 81 cm, 32dm6600, hd si la nicio luna a ramas fara imagine.|0
400|il am din 5 martie 2020. porneste singur cand ii vine ( mai ales noaptea ) routerul e la 20 cm de tv si nu se conecteaza. am sperat ca n am aruncat banii, dar asta am facut. daca emag tine in vreun fel la blazon, sa l scoata din oferta. romania lucrului bine facut. ps: am vrut sa l dau de pomana dar nu vreau sa mi bat joc de oamenii amarati.|0
401|nu are o calitate foarte buna a imaginii|0
402|nu imi gaseste canale dtv, doar atv, destul de dezamagit|0
403|lista de programe nu este editabiala. singura ordonare este cea gasita la cautarea programelor la instalare. telecomanda nu are buton de revenire la canalul precedent urmarit. derularea in lista de programe se face pas cu pas, nu are optiunea de salt ecran.conectarea cu dispozitivele android se face accesand in mod expres aplicatia preinstalata. imaginea si sunetul sunt ok pentru un nivel mediu de exigenta.am returnat produsul in cele din urma, voi opta pentru brand-uri pe viitor.|0
404|star-light de azi returul de maine. a facut dunga pe ecran in prima jumatate de ora de functionare.|0
405|"am comandat produsul de bf, a venit, parea ok. l-am pus in perete si are 0 dungi pe ecran. il dau retur.
 pe langa acest aspect, aveam un card de la digi introdus, nu are nicio treaba cu hd-ul. nu luati pt ca e ieftin caci nu e calitativ si o sa vedeti diferenta. se vad pixelii pe ecran..."|0
406|tv este luat din luna martie si azi l-am trimis in service ca sarea dupa canal, nu recomand|0
407|foarte frumos, mi s-a stricat telecomanda in 0 luni (precizez nu a fost lovita, scapata, presata, stropita s-a stricat dintr-o data) si acum nu gasesc niciunde alta telecomanda.|0
408|se intrerupe din minut in minut. nu-mi pot da seama daca e de la interferente. am folosit-o cu 0 telefoane si tot asa face.|0
409|se aude cam prost, bass nu, inalte nu, bateria nu tine|0
410|nu tine bateria nu recomand foarte slab|0
411|s-a defectat dupa trei utilizari|0
412|calitate audio buna per total dar a mea a avut ceva in neregula cu ea, nu puteam sa ma conectez la aplicatie, nu mergea sa ii dau reset cu combinatia de butoane iar butoanele de - si + schimbau melodia in loc sa mareasca volumul, i-am facut retur.in plus de asta cand bateria este pe terminate, de la 30% deja te spameaza la fiecare 15 secunde, practic de la 30% nu mai poti reda nimic. a fost prima si ultima boxa jbl cumparata:))|0
413|go 2 e mult mai bun fata de acesta, are si bas mai mare|0
414|autonomia de redare este pana in 2 ore la treapta maxima a volumului, tinand cand ca vechea generatie avea autonomia pana in 5-6 ore, sunt oarecum dezamagit. in schimb calitatea sunetului este in regula.|0
415|testat jbl go 2 cu jbl go 4 simultant pot sa va zic ca go3 este mai buna si se aude putin mai ok.|0
416|acceptabil|0
417|claritate foarte buna, baterie slaba, doar 4ore rezistenta|0
418|e ce trebuie: cand i. am dat play pentru prima data am ramas surprins cat de tare si fidel se aude o boxa de o asa dimensiune. recomand!ideea este ca daca te conectezi la telefon, tableta sau laptop si dupa o anumita perioada nu mai folosesti boxa, de exemplu tr uiti la un film 30 min, faci pauza15 20 minute, boxa pierde conexiunea si de fiecare data trebuie sa o aprind si sa ma conectez, urat de tot! in rest e ok!|0
419|se aude incredibil|0
420|o boxulita foarte utila, cu sunet foarte bun pentru dimensiunile ei. comparabil cu un sondcore select 4 go (dar acela este la un pret mult mai mic). de aici si 4 stele. pretul este un pic cam mare. intre cele doua, soundecore mi se pare ca are sunetul mai deschis, da impresia ca boxa este mai mare decat in realitate. jbl-ul este foarte mic, incape in orce buzunar de rucsac, este rezistent la apa si praf, si bateria m-a tinut mai mult de 2 ore la un volum in jur de 80%.|0
421|sunet ok. constructie nota 10.bateria tine foarte putin|0
422|are aplicatie pt moduri de sunet. e nice, dar se duce rapid bateria.|0
423|au un sunet clar dar imi doream sa functioneze stereo.|0
424|boxa mai bazaie|0
425|a fost dezamagitoare in concordanta cu joasele, nu sunt bogate, este adevarat ca frecventa acesteia pleaca de la 90 de hertz, se aude foarte bine pe inalte si claritate, dupa volumul de 50 % scad joasele. in comparatie cu sony srs-xb 100 este sub aceasta si este si mai ieftina. ca urmare, am returnat jbl go 4 pentru sony srs-xb 100, fiind mai satisfacut. la dimensiunile si pretul ei se aude bine si pe joase si pe inalte.|0
426|suna surprinzator de tare si clar insa autonomia bateriei este de maxim 4.5 ore nu 7 cum scrie in descriere.|0
427|boxa este foarte puternica pentru marimea ei.+ ca este si waterproof. recomand!|0
428|super boxuta! sunet puternic si clar, cu bass tinand cont de dimensiuni. se conecteaza usor. designul este frumos, materialele par de calitate. autonomia acumulatorului este destul de mica; trebuie incarcata des.|0
429|design: 5 stele, inclusiv ambalajul. sunet: o idee mai bun ca jbl go3.am luat doua, dar succesul gaselnitei auracast ma face sa scap de ele la fel de repede cum am scapat de jbl flip 6 (alea erau cu party boost). pe scurt, impereherea stereo e la noroc si se face prin aplicatia jbl portable care cand merge cand nu merge.|1
430|pentru dimensiunea ei este foarte puternica. recomand|0
431|am luat boxa mai mult din curiozitate, fiind cea mai mica dintre modelele testate (jbl go 4, jbl flip 7, harman/kardon luna si jbl charge 5 wi-fi) si sincer m-a surprins placut, asa ca o sa imi las parerea aici poate ajuta si pe altii asa cum si eu citesc recenziile altora si imi fac o oarecare idee cand vreau sa comand ceva, asa ca: pentru dimensiunea ei scoate un sunet clar si surprinzator de puternic, fara distorsiuni nici la volum mare. are chiar si un pic de bass, evident limitat de marime, dar suficient pentru ascultat casual. este extrem de portabila — incape in buzunar si o poti lua oriunde fara sa o simti ca greutate. se conecteaza la aplicatia jbl portable si poti vedea nivelul bateriei sau conecta mai multe boxe intre ele prin auracast. nu este pentru cine cauta bass profund, asa ca mie nu mi se potriveste dar mi-a placut si ca boxa mica de drum sau utilizare zilnica este peste asteptari, iar eu chiar sunt pretentios. am luat-o resigilata de la alt mare magazin la 160 de lei in loc de 200 cat costa in mod normal si vine insotita de cablu de incarcare, asa ca daca bugetul tau e 200 de lei si vrei o boxa de calitate jbl care are finisaje fine si materiale de calitate specifice jbl, go 4 e best buy pentru tine. |0
432|perfecta pentru casa/birou.|0
433|jbl - inca bate cam ce exista pe piata calitate/pret la acest nivel. conectare ff rapida iar sunetul este foarte clar. se aude foarte bine la dimensiunea data.....recomand|0
434|este o boxa foarte buna la care chiar se simte bass-ul. raport calitate pret foarte bun. eu am primit-o cadou si o ador. este o placere sa asculti muzica cu aceasta boxa. inca un lucru care-mi place la ea este faptul ca se conecteaza la telefon cu aplicatia jbl portable de unde poti vedea cat mai are la baterie si tot de acolo poti sa-i schimbi modul in care sa redea suntele (are 2 moduri prestabilite si o sectiune unde poti crea tu un mod nou). bateria tine foarte ok.|0
435|foarte mic, se aude foarte bine, usor de transpoortat|0
436|perfecta, mica si compacta|0
437|nota zece audio bine|0
438|multuminta de alegere|0
439|total multumit!|0
440|recomand sa-l comandati se aude foarte bine numai ca tresa instalatii aplicatia jbl casa faceti actualizare la boxa si in rest puteti sa modificati sunetul la boxa|0
441|se aude foarte bine pentru o boxa asa mica, design frumos, suna toata casa daca imperechezi doua in mod stereo. like|0
442|tare tare tare|0
443|cea mai buna boxa ca o poti baga ori unde|0
444|recomand, functioneaza super|0
445|foarte buna, calitatea jbl nu se dezminte.|0
446|boxa mica, dar cu sunet surprinzator de clar si bass decent pentru dimensiunea ei. la un volum decent, bateria tine pe playback de te plictisesti — o folosesti zile intregi fara sa stai cu incarcatorul dupa tine. foarte portabila, arata bine pe negru si e perfecta pentru acasa sau iesiri.|0
447|super, exact ce asteptam.|0
448|calitate foarte buna, bas puternic, bateria tine mult. copil fericit|0
449|foarte multumit|0
450|se aude bine. bateria tine suficient|0
451|o boxa care isi face treaba foarte bine!!!|0
452|pot spune ca este o micro boxa portabila buna. este usor de purtat in geanta, sunet foarte bun pentru dimensiunea ei; pretul putin cam mare raportat la ce poate oferi. am testat-o pe diferite tipuri de muzica si pe telefon dar si pe un player semi profesional (codec pe bth sbc). toate testele sunt facute la 20% volum si 80% volum. la 80% tine aproximativ 4,5 ore +/- 10 minute iar la 20% tine 12 ore +/- 10 minute (un scor bun avand in vedere bateria mica). imi place ca arata procentajul macar in aplicatie (care nu este foarte optimizata dar functioneaza) chiar daca este haotic, adica arata din 15 in 15% sau 25 in 25%. incarcarea dureaza aproximativ 0 ore si 5 minute iar exemplarul meu are 650 mah capacitate a baterieri. am incercat-o si pe stereo si este foarte ok, se conecteaza rapid, nu apar pierderi (se preteaza foate bine la un proiector). ma declar multumit! ma gandesc daca sa mai iau una pentru a face un stereo sau doar sa raman cu aceasta.|0
453|corespunde descrierii|0
454|se conecteaza usor, se aude super bine, este practica.|0
455|sunet clar pentru dimensiunea ei, conectare rapida si autonomie buna. este rezistenta si usor de transportat. foarte buna pentru utilizare zilnica. recomand.|0
456|boxa are un sunet bun are un bass foarte bun recomand|0
457|micuta dar cu sonor placut, usor de utilizat. acumulatorul pare ca rezista suficiente ore. are mufa usb-c, se incarca la usb.|0
458|o boxa de calitate|0
459|mica, usoara, usor de conectat, se aude excelent|0
460|am scos sunetele de start si oprire din aplicatia jbl, erau monstruoase.|0
461|este foarte buna, robusta si se aude excelent, calitate jbl.|0
462|foarte multumit.|0
463|optima calitate, recomand|0
464|exceptionala boxa, isi merita banii.|0
465|are bass foarte mare este cea mai cool boxa portabila|0
466|calitate excelenta. f usor de conectat. recomand|0
467|o boxa mica, dar puternica pentru o camera de apartament. recomand!|0
468|super se aude foarte bine|0
469|sunet clar pentru dimensiunea ei, conectare rapida si constructie solida. rezistenta si usor de transportat. un produs foarte reusit. recomand.|0
470|imi place foarte mult aceasta boxa deoarece se aude exceptional. am comandat-o ca am auzit ca este foarte buna si chiar este buna|0
471|e mica dar galagioasa fiica mea e incantata pt ca e mica si rosie|0
472|se aude bine pentru marimea ei!|0
473|sunt ultimate blueotooth speaker(ca pereche), optiunea auracast te ajutã sã imperechezi mai multe boxe concomitent, eq-ul nu este activ atunci cǎnd ambele boxe sunt in functiune.ca mufã beneficiem de usb-c, led-ul este prezent cǎnd este incãrcatã, rosu intermitent cǎnd bateria este scursã. recomand go 4 ca si calitate, frumusete, pret, aplicatia inteligentã+eq, sunet.|0
474|imi place foarte mult|0
475|o boxa cu dimensiuni reduse, dar cu un sunet de calitate!|0
476|pentru marimea boxei, este foarte puternica. se aude impecabil, fara bruiaje sau alte zgomote. tine incarcata ore bune. reda bine, orice veti asculta: muzica, filme, audio - book, etc. pretul este bun, mai ales ca am luat-o de la resigilate. recomand!|0
477|boxa foarte buna, se aude super. sunt foarte multumit de achizitie. recomand!|0
478|foarte multumit, recomand|0
479|bass clar si puternic pentru dimensiunile sale. autonomie mai mult decat decenta, iarasi, raportat la dimensiuni. conectivitate impecabila|0
480|super tare pt marimea ei, are egalizator pe 5 benzi in aplicatie, are auracast si imperecheata cu jbl club 120 merge foarte bine, ma gandeam ca este prea mica si ca nu o sa se auda dar ai calibreaza bine de tot sincronizarea dintre ele.|0
481|foarte bun!|0
482|foarte multumit de produs. peste asteptarile mele. livrare rapida. recomand cu incredere.|2
483|se aude foarte bine. raspirt calitate -pret, excelent!|0
484|sunet bun, aplicatii utile pt. ea, constructie robusta|0
485|excelent, raport calitate pret foarte bun|0
486|sunet tare si clar, iar bateria tine mult. recomand!|0
487|se aude foarte bine|0
488|livrare foarte rapida 0 zile. foarte multumit. produsul nota 10 din 10. la cat este mica scoate un sunet de iti ia mintile. mai revin cu un review dupa ce ii dau cox sa vad cum tine bateria. in rest foarte foarte multumit.|2
489|super exact ca in specificatie.|0
490|mica si usor de purtat, sunetul se aude bine.|0
491|foarte multumit|0
492|o boxa mica, portabila cu sunetul foarte bun.|0
493|suna bine, super|0
494|smechera, tati|0
495|jbl e jbl. nu mai e nimic de zis|0
496|multumita!|0
497|raportul calitate/sunet/pret excelent.foarte multumit de achizitie|0
498|minunata, buna ptr spatii mici, merita toti banii|0
499|nu inteleg cum ceva care valoreaza atat de mult poate sa fie asa de prost construit!!! platice jalnice, care dupa 0 zile se aude un cooler care zarnaie si face in fel si chip, ce pot eu face sa indulcesc din amarul copilului!!!cred ca o voi returna! nu se poate sa zarnaie asa mare ps5. ps: foarte tare, am uitat sa mentionez unitatea nu are dvd, trist..... am cumparat un joc pentru ps5 evident dvd si baga-l unde?????|0
500|ok, pana la un punct|0
501|am cumarat de la alt magazin, ps5 digital slim cfi-2016. foarte slab pe partea de soft. se defecteaza des. probabil alte variante sunt mai stabile dar asta nu.|0
502|cablul hdmi a functionat doar o saptamana (original). oricum, am cumparat un cablu!|0
503|am comandat un ps complet nou dar nu il pot folosi din cauza lichidului... s-a intamplat ceva in timpul livrarii. ce sa mai zic…|1
504|overheating dupa 1 an de zile|0
505|fix la 5 luni dupa ce am achizitionat produsul s-a defectat.dupa deschidere, cam la 0 minute, ventilatorul se invarte cu viteza mare si apare mesajul: consola s-a incins. am trimis-o in service. a fost folosita uneori si nu pentru un timp indelungat. la pretul acesta asteptam mai mult.|0
506|joc doar un joc gratuit si chiar imi place. singurul lucru la care m-am gandit cand am cumparat ps5 este ca comenzile erau putin cam greu de utilizat. functiile acestui joc sunt, de asemenea, destul de limitate, spre deosebire de computere sau telefoane. per total, este rezonabil. deloc rau!|0
507|livrarea la timp dar preferam un plus de protectie. de aceea 4 stele.|2
508|ps5-ul e destul de bun, desi nu se ridica la calitatea standardele generatiilor trecute. jocurile cu versiune ps5 ruleaza si arata bine, multe cele de ps4 in schimb (care-s destul de numeroase) au bug-uri majore. la capitolul calitate-pret e inca rezonabil, avand in vedere cat s-au scumpit calculatoarele de gaming in ultima perioada.|0
509|o grafica uimitoare si jocuri exclusiviste. varianta slim pe care detin este foarte silentioasa.|0
510|domnul a fost foarte multumit, acum nu se mai uita la tv sau joaca pe calculator|0
511|foarte silentioasa si rapida. ador designul si faptul ca e suficient de mica incat o pot baga oriunde!|0
512|chiar bun ruleaza foarte bine|0
513|ca in descriere|0
514|dupa un an de utilizare au inceuput sa apara probleme: ledurile s-au ars, iar la cateva zile am constatat o slaba racire a alimentelor, urmand ca frigiderul sa nu mai raceasca de loc. sunt profund dezamagit de acest produs. nu recomand.|0
515|l-am dezambalat cand am terminat renovarea, deci am depasit 1 luna. partea din spate /rotile sunt distruse. frigiderul sta aplecat pe spate. trebuie sa stau cu scandura sub el. dezamagitor|0
516|dupa 0 ani… stricat! bun de aruncat!|0
517|dupa doar 5 luni de utilizare frigiderul nu mai raceste|0
518|nu, e mult mai mic decat in fotografie si nu este specificata dimensiune lui.|0
519|nu recomand. se incinge extrem de tare pe peretii laterali.|0
520|dupa 0 ani, nu a mai racit. un produs pe care nu il recomand!|0
521|am achizitionat acest frigider in luna august 2023 si are un miros foarte greu din acest motiv nu se poate tine nimic in el. am anuntat problema iar cei de la depanero au spus ca este perfect functional, ce pot sa zic multumesc emag si depanero|0
522|prima problema am avut-o dupa aproximativ un an... efectiv s-a dezghetat congelatorul. problema a aparut recurent o data la ceva timp. acum, dupa 0 ani nu mai raceste, iar congelatorul ingheata doar in spate. de asemenea, dupa cum mentiona cineva, daca in mediul ambiant sunt doar cateva grade peste 0, nu va functiona corect. overall, o experienta dezamagitoare... l-am luat ca si frigider secundar, dar calitatea materialelor si problemele mentionate anterior, il fac sa fie o investitie paguboasa. nu l-as mai lua acum nici la jumatate de pret.|0
523|este foarte zgomotos pentru un frigider nou|0
524|in afara de faptul ca a venit la timp si e destul de silentios, nu am nimic sa spun ca imi place. liveare cu 0 oameni? fals. a fost o singura persoana. costul livrarii aproximativ 122 ron. a venit sigilat si am ales sa nu il desfac la livrare. cand am desfacut cutia, mare surpriza: 0 lovituri foarte vizibile pe usa. in rest nici nu m-am mai uitat, asta e, greseala mea ca nu l-am deschis cand a ajuns. rafturile in interior sunt foarte inguste, nu imi plac. nu l-am trimis retur deoarece l-am cumparat pentru tata si avea nevoie urgenta de frigider, altfel…zbura inapoi de unde a venit.|1
525|"unitatea mea producea un zgomot deranjant, un pocnet metalic, la pornirea si oprirea compresorului. era suficient de tare incat sa te sperie daca erai pe langa el.in rest racea foarte bine, functiona relativ silentios dupa pornire, dar i-am dat retur din cauza acelui zgomot. am luat un frigider de la alt producator care nu are problema asta.
 "|0
526|micut si care isi face racirea prin peretii laterali atentie, nu prin spate, clasic, deci peretii laterali se incalzesc si destul de mult chiar|0
527|"rafturile de pe usa nu se pot modifica ca pozitie (nu exista usite intermediare) iar cel median e pus cam aiurea (montat prea sus, nu intra sticle, e pentru borcane, doze, etc.). logo-ul cu heinner este... practic... format din sticker-e individuale cu fiecare litera in parte... si toate sunt semi-dezlipite si nici nu prea se lipesc la loc.nu are sticker cu tipul de frigider (ori au uitat sa-l puna la interior cum se pune de obicei sau in spate, ori l-au pus dedesubt, ori nu l-au pus deloc... practic nu stii ce frigider ai decat daca esti cel care l-a comandat).nu pare foarte calitativ... materialele sunt frumusele de la distanta dar la apropiere dau senzatia de ""ieftin"""|0
528|conform descrierii|0
529|multumit. isi face treaba|0
530|achizitionat din decembrie, pana acum se comporta bine. este un frigider micut. am dat 4 stelute pentru ca frigiderul ar fi trebuit sa fie livrat cu 0 persoane, dar surpriza cand a ajuns curierul... era singur.|1
531|foarte ok. ideajuns de mult spatiu. faptul ca racirea se face pe laterale si nu in spate mi se pare un mare plus. ca noise, se aude putin cand merge, dar asta doar noaptea.|0
532|un frigider normal, merge foarte bine, singurul lucru care deranjeaza un pic este zgomotul din timpul functionarii. nu este deranjant dar se aude.|0
533|un frigider bun, incapator, iar raportul calitate pret excelent! recomand|0
534|am dat la schimb o combina frigorifica functionala si nu am primit inca voucher-ul la.livrarea s-a facut deja de ceva timp. combina arata bine, functioneaza bine.|2
535|sunt multimita de calitate pret|0
536|multumit de produs|0
537|recomand la toata lumea!|0
538|recomand isi face treaba cu brio|0
539|este foarte frumos' nu este mic nici mare ' este potrivit pentru mine!!!|0
540|este silentios|0
541|foarte multumit|0
542|dupa fix 1 luna s-a desprins un picior de la grilaj, defect de fabricatie, fara sa fie fortat, am ramas cu el in mana la curatare.nu se acopera de garantie, de ce? daca este defect de fabricatie se poate constata usor. foarte slaba sudura/lipirea. costa nou 118 lei + tva sa zicem ca luam altul dupa 1 luna, dar.... termen de livrare 150 de zile de rasu lumii. ce sa facem? sudam, vopsim pe urma daca avem cu ce.|2
543|foarte prost lucrat, nu se aliniaza usa de la cuptor cu restul muchiilor aragazului, sunt diferente de aproximativ 1 cm - defecte vizibile si foarte deranjante, chiar si de la distanta. in imbinarile de la usa de jos poti baga un deget. din orice parte il privesti apare ca fiind neglijent lucrat si imbinat - in rest, functioneaza, nimic de reprosat.|0
544|afuma oalele nu este bun am schimbat si dozele si degeaba|0
545|"ma asteptam ca produsul sa fie facut cu simt de raspundere, chiar daca pretul de achizitie nu a fost mare asta nu inseamna ca trebuie sa primesc o ""cutie"" descentrata din care curge condensul pe toate partile. ca si plus, cuptorul coace bine cel putin la paine, plita arde corespunzator. in timpul functionarii cuptorului cum se vede si in poze si cum au spus si alti cumparatori iese aburul peste tot, nu stiu cat o sa reziste tabla in conditiile astea."|0
546|usa de la cuptor nu mai sta inchisa aproximativ 7mm sta deschisa in partea de sus, cred ca asa a fost de nou dar nu am observat.|0
547|cumparat in 8 august, la nici o luna de utilizare s a stricat aprinzatorul. butonul de aprindere se apasa dar nu se aude nimic.|0
548|acceptabil.am schimbat vechiul aragaz arctic cu acest model, insa calitatea materialelor este vizibil mai slaba fata de ce era odata arctic. functioneaza bine, cuptorul isi face treaba, dar comenzile butoanelor sunt inversate, iar racordul de gaz este pe stanga, ceea ce necesita un furtun mai lung daca il montezi in locul celui vechi. sunt detalii mici, dar care conteaza si nu sunt mentionate clar. nu am facut retur pentru ca aparatul functioneaza corect, insa sunt putin dezamagit de executia generala.|0
549|cum am spus lipsesc piciorusele cu surub si eventuala cheie de montaj|0
550|slab calitativ, tabla se deformeaza usor, iar spatiul de jos, destinat depozitarii cratitelor nu are perete de protectie la spate.|0
551|achizitionat de curand. butoanele sunt foarte firave, in rest pare un produs robust.|0
552|e un aragaz normal. nu sunt multumita de gratar ca aluneca tigaile daca nu esti super atenta in descriere nu este specificat din ce e facut gratarul si m-am pacalit din poze.|0
553|constructie slaba. cuptorul nu este ventilat iar cele 4 ochiuri par cam inghesuite. |0
554|l-am desfacut, prima impresie foarte proasta, arata ca un produs facut in garaj, din materiale de proasta calitate. butoanele arata rau, marcajele sunt urate, in poza la emag arata mult mai bine decat in realitate|0
555|este foarte bun si util in casa|0
556|foarte multumit, cuptorul coace bine si are consum redus de energie electrica aprox 2000 w pe putere maxima, nu suprasolicita instalatia electrica dar este recomandat circuit dedicat cu siguranta separata, scad o stea doar pentru ca aluneca rau oalele de pe el de pe ochiuri, este risc de accidentare|0
557|momentan imi place, vedem in timp cum se comporta, recomand!|0
558|ochiurile functioneaza bine! butoanele nu sunt inscriptionate si e greu sa iti dai seama cum sa reglezi cuptorul, temperatura, timpul de functionare al cuptorului, trebuia sa aiba pe butoane sau pe langa butoane de jur imprejur niste inscrisuri ca sa ne dam seama cum si cat sa invartim butoanele; eu am facut niste liniute cu oja ca sa se cunoasca cand invart butoanele|0
559|aragazul arata bine, se curata usor, cuptorul functioneaza fara probleme, trebuie doar sa il mai descopar la functii. dupa cateva luni de folosinta a cuptorului aproape zilnic,nu observ  o crestere mare a facturii de  curent|0
560|cuptorul foarte bun cu toate ca mai trazneste tabla pe el cand se incalzeste, si pt aragaz a trebuit sa i schimb duzele ca afuma cratitele.|0
561|acest aragaz este cea mai buna achizitie! cuptorul a trecut testul cozonacilor, fripturilor si pandispanelor cu brio! suntem extrem de multumiti!|0
562|sunt foarte multumita de cum functioneaza acest aragaz, pe langa designul dragut. ar trebui sa acordam mai mult credit brandurilor romanesti|0
563|raport calitate, bine ambalat, usor de pus in functiune|2
564|sunt foarte multumita atat de produs cat si de livrarea la termen si in conditii foarte bune.|2
565|la prima impresie arata foarte bine aragazul. nu l-am folosit inca. nu are nici un defect vizibil. a trebuit doar sa ii schimb duzele (vin in pachet) pentru a fi folosit la butelie.|0
566|l-am achizitionat de aproximativ o luna, nu am avut nici o problema cu el, atat cuptorul si arzatoarele functioneaza bine. ma declar multumit|0
567|o masina de tuns de foarte proasta calitate, nu strange iarba, se arde garnitura de la carburator foarte usor, motorul merge sacadat dupa cateva utilizari si cand o trimiti la reparat o repara superficial. bataie de joc din partea celui care o vinde.|0
568|este o mizerie, foarte firava, suspensie din cel mai prost material, nimic in regula la aceasta masina.|0
569|masina construita cu piese ieftine si de proasta calitate. rotile din spate nu sunt echilibrate, maneta pentru reglarea inaltimii de taiere s-a rupt la prima actionare, dupa prima utilizare tractiune mai are doar pe roata din stanga. altfel este frumos colorata si motorul functioneaza. un alt inconvenient major este faptul ca este vanduta si livrata din polonia, site-ul este doar in poloneza si nu exista formular de retur pe site, si in cazul in care vrei sa faci retur trebuie sa platesti transportul pana in polonia. concluzia este ca nu-si merita banii.|2
570|pentru 1.050 de lei cat am platit, asteptarile mele au fost minime.  insa masina asta a reusit sa ma surprinda, negativ.  contra porneste foarte greu, la cald e aproape imposibil de pornit, livrare intarziata, suport emag zero, lipseste cheia de bujii, constructia e foarte firava, cuva e din tabla foarte subtire si negarvanizata, adica va rugini repede, fundul cosului din plastic foarte subtire. se va rupe rapid capacele rotilor au sarit de la prima utilizare. pro in afara de pret, e foarte greu de gasit ceva|2
571|viteza de autopropulsare foarte mica ( adormi langa ea ). nu este capabila sa taie iarba, o culca si acolo ramane. retur ok|0
572|motorul merge foarte prost, are momente cand nici nu porneste de la prima pornire.....|0
573|nu am avut ocazia sa o folosesc. am ridicat masina la ultima treapta de taiere iar rotile din fata lovesc in cuva masini si raman blocate|0
574|ma asteptam la o calitate mai buna. cutitul s-a rupt dupa o luna de folosire(au fost maxim 6 folosiri); nu degeaba am primit cadou inca un cutit de rezerva! masina destul de greoaie, rotile destul de sensibile, la a 2a folosire au cazut 0 capace; nu merita mai mult de 900 lei la calitatea pe care pretinde ca o ofera!|0
575|masina de tuns iarba este foarte buna, pacat ca nu are rotile mai mari cum scrie in specificatii,180 fata, 250 mm spate, are doar 140 fata si 170 spate si nu am primit garantie la ea. as vrea sa fac retur dar costa foarte mult transportul in polonia.|0
576|se putea mai bine|0
577|trebuie sa ai muschi ca sa o poti porni. zgomtoasa. calitatea materialelor buna|0
578|din pacate la mine masina de tuns gazon nu a dat randamentul dorit. consuma multa benzina, nu taie iarba de 30 cm, se opreste des din functionare, parca se ineaca motorul. iarba cade pe teren, nu se aduna in cos. asa mi-a spus cel care o foseste. ieri a tuns iarba cu nadina electrica veche de 300 lei. foarte bine. in reclama scrie ca masina asta pe benzina tunde si iarba uda. aiurea!|0
579|plusul este din capul locului pretul acceptabil avand in vedere ca este cu tractiune. tractiunea functioneaza ca pentru cineva de varsta a doua, dar functioneaza.. probleme intalnite la pornire, cand porneste, cand nu.. daca tragi de maneta de mai multe ori fi sigur ca se ineaca in benzina... sistemul... ma refer la tot este de folosita scurta... o alta problema constatata de mine... la taiere, daca da de iarba uscata se stinge totul in fanta de evacuare si se blocheaza acolo, deci ceva nu e ok din proiectarea produsului banuiesc...in comparatie, am o masina de tuns iarba electrica si merg cu ea cu clapeta din spate intredeschisa si nu sa blocat niciodata iarba in fanta de scoatere... deci am fost indulgent cu punctajul... oricum voi reveni cu review dupa o folosire mai indelungata. cert este ca are o problema peste care nu pot trece usor, si anume blocarea ierbii in iesirea de evacuare...|0
580|foarte multumit, singurul inconvenient este ca tot sar capacele de la rotile din fata si ca a durat cam 0 saptamani sa ajunga. in rest isi face treaba cu brio.|0
581|am tuns de 0 ori pana acuma cu ea. motorul este ok. are putere. vedem pe parcurs. consum decent de benzina, adica destul de ok. fiabilitatea se vede dupa 1, 0 ani. are o problema la capacul filtrului de aer. nu prea sta in cei doi suporti de sus.|0
582|sunt multumita de ea. am folosit-o de 2 ori. am iarba de tot felul in curte. terenul este in panta. merge bine. este putin cam grea pentru mine.|0
583|partial imi place. nu stiu de ce nu au service in romania|0
584|am tuns iarba destul de mare(cam 70-80 cm inaltime)... s-a cam inecat de cateva ori dar asta doar cand am tuns cu evacuare iarba pe lateral... cand am schimbat si am pus cu evacuare iarba pe spate si-a aratat adevarata putere... nu cred ca are chiar atatia cai putere cat pune in reclama dar se comporta ok, capacele de la roti s-au desprins din prima, porneste cam greu si mai pica suruburi cateodata(trebuie sa fi atent sa le insurubezi la loc altfel cauti prin iarba dupa ele)... consumul de benzina destul de mare... sper sa tina in timp... o sa revin dupa vara sa va spun cum s-a comportat|0
585|raport pret calitate bun varianta 2.48. am testat azi masina se comporta bine taie exceptional este usor de manevrat. ce am observat ca am mutat-o pe sus si curgea benzina prin filtru in rest ok din toate punctele de vedere. am taiat 300 mp de gazon cu jumatate de rezervor de benzina. se curata usor se spala repede cu futrunul. recomand!|0
586|buna. sunt multumit.... am o problema, am rupt cureaua de tractiune si nu stiu unde sa gasesc sa o cumpar. nu are cod pe ea si nu am idee de unde pot cumpara una. daca stie cineva sa-mi spuna. multumesc anticipat|0
587|masina puternica, autopropulsia face totii banii, dar inconvenient pentru o curte care are pomi, tufisuri, boscheti pe care trebuie sa-i ocolesti.|0
588|excelenta masina, a venit cu un cutit de schimb, consum mic, putere mare. o idee cam grea dar nu de speriat. foarte util orificiul ptr conectat furtunul, se spala foarte usor|0
589|a venit rapid, este ceea ce am comandat am o livada langa casa de aproximativ 1000m patrati se descurca foarte bine, pentru moment sunt foarte multumit de ea.|0
590|super multumit momentan. nu am nimic de reprosat. recomand.|0
591|recomand varianta care am eu, 5,98cp latime lucru 51 cm. am folosit-o si are viteza ok, motorul functioneaza normal, fara trepidatii, are forta, e ce trebuie.|0
592|este o masina foarte buna pentru terenuri plane si/sau in panta dar putin cam grea pentru cele cu obstacole; probabil mi-ar fi fost mai buna versiunea de 25kg chiar cu reducerea latimii de taiere si a volumului sacului colector… oricum sint (pina acum cel putin) foarte multumit|0
593|recomand produsul! isi face treaba foarte bine, sotul meu este foarte incantat de aceasta masina. pentru o curte de aproximativ 1600 mp, ideala! ce nu mi-a placut in schimb, timpul de asteptare. a durat exact 2 saptamani pana a ajuns la noi.|0
594|destul de multumita, este usor de manevrat datorita greutatii scazute, nu este nevoie de autopropulsare. raport calitate-pret|0
595|faptul ca nu este mentionat nicaieri cat trebuie lasat la incarcat, e una. dar, dupa doar o saptamana de la achizitionare si utilizare de cateva zile, se tot opreste dupa cateva minute de utilizare, in conditiile in care a fost lasat la incarcat o noapte intreaga. modul rgb nu mai functioneaza, se opreste instant cum vrei sa-l pornesti.|0
596|am facut retur.mouse-ul in sine era confortabil in utilizare, dar dupa 1h-1h30 devenea inutilizabil, nu mai recunostea driverul. aplicatia mouse-ului era nefunctionala, nu recunostea mouse-ul.|0
597|dupa 0 luni folosit casnic a cazut rotita|0
598|am cumparat varianta de gaming, care nu cred ca merita 5 stele. acest mouse este decent si destul de bun, avand in vedere pretul. pentru un gamer amator este mai mult decat decent. nu are materiale foarte calitative, insa era de asteptat. din pacate mi se pare ca dimensiunea lui este foarte mare, chiar si pentru mine care am o palma destul de mare. nu am reusit sa ma adaptez la el din cauza dimensiunii. de asemenea, degetul mic imi statea destul de aiurea, mouseul avand o forma ciudata. intr-un final l-am dat retur si am comandat un logitech.|0
599|putin cam mare in dimensiuni, pentru cineva cu mainile mici, este destul de greu de manevrat. plasticul din care este facut, pare destul de casant, sper sa nu se deterioreze in timp. in rest este ok.|0
600|functia de comutare de pe un dispozitiv pe altul functioneaza fara probleme, pe partea de soft consider ca ar mai trebui lucrat eu am trecut de la un logitech g502 si este o diferenta destul de mare, de aceea nu am putut renunta in totalitate la logitech ramane main pt partea de jocuri. succes pe viitor!|0
601|mouse ul e bun isi face treaba singura problema e ca dupa 6 luni a murit. per total isi face treaba!|0
602|potrivit pentru un laptop, ergonomic. aplicatia pentru el zici ca este facuta pe genunchi, in rest sunt multumit|0
603|plin de senzatia de tehnologie|0
604|in principiu este un maus bun, nu l-am folosit la gamming dar are toate alte calitatile pentru un maus de birou. am cumparat acest maus cu speranta ca va fi un model silentios, insa din pacate nu este deloc asa. in specificatii nu se mentioneaza nimic despre nivelul de zgomot, iar dupa doar 2 luni de utilizare te obisnuiesti cu el dar poate fi deranjant pentru colegi daca lucrezi intr-un mediu foarte linistit. nu recomand daca aveti nevoie de un maus silentios sau lucrati intr-un mediu linistit.|0
605|a fost luat pentru office, se misca foarte bine. raport calitate-pret bun, corect. recomandam, suntem multumiti.|0
606|conectarea multi-device este rapida si stabila, iar bateria de 800mah ofera o autonomie foarte buna. butoanele personalizabile si luminile rgb adauga un plus de functionalitate si stil. un produs versatil, practic si cu un raport calitate-pret foarte bun.|0
607|e comfortabil la utilizari lungi, bateria tine vreo 0 saptamani la utilizari zilnice si pornit non stop, pana se incarca iar poate fi folosit direct cu cablu. raport calitate/pret foarte bun. recomand.|0
608|il am de vreo 0 luni si se joaca fi-meu in fiecare zi, e foarte incantat. s-a conectat fara probleme la pc si vad ca tine acumulatorul destul de mult. fac si romanii lucruri de calitate.|0
609|super ok totul, cred ca forma lui mai poate fi ajustata putin si e putin cam alunecos din mana! am avut o problema cu rotita dupa o perioada de utilizare, dar a a rezolvat rapid, l am trimis, si in 0 2 zile a revenit inapoi perfect functional!|0
610|multumit pana acum de produs, avantajul ca il pot folosi atat la un pc desktop cat si un laptop fara a mai sta sa reiau configurarea|0
611|de mouse sunt multumit, eu facand doar programare si aia rar stau la birou e overkill pentru ce aveam nevoie dar e bun. un mic dezavantaj legat de ergonomie e ca daca fac des miscari de ridicat de pe masa, efectiv cand il apuc, aluneca putin in mana, nu il scapi, dar pur si simplu se reaseaza intr-o alta pozitie decat cea in care reusesc sa-l apuc. eu l-am cumparat in 20 noiembrie si astazi am fost sunat de netstat sa ma intrebe cum mi se pare si daca pot sa ma asiste cu orice legat de produs. intr-o lume in care nu trec 5 minute sa nu auzi de ai si companiile mari isi ascund relatiile clienti in spate la niste boti incapabili, miscarea asta, mi-a facut ziua mai buna!|0
612|pentru copii e super. chiar daca windows update a blocat adaptorul de bt din laptop, ei foarte usor au trecut pe usb dongle fara ajutor suplimentar. chiar si cand este la incarcat, mouse-ul poate fi folosit. deja e mai misto decat un mouse apple care nu poate sa faca asta. vizual este foarte placut. recomand.|0
613|am cumparat acest mouse netstat in principal pentru functia multi-device si sunt foarte multumit. trecerea de la conexiunea 0.4ghz (pc) la bluetooth (laptop/tableta) se face instantaneu. ergonomia este excelenta, mana sta foarte natural pe el si nu oboseste dupa cateva ore de lucru. bateria de 800mah tine surprinzator de mult, iar faptul ca este reincarcabil e un mare plus (adio baterii cumparate separat). iluminarea rgb arata bine, nu e deranjanta. recomand cu incredere pentru cineva care vrea un mouse dotat la un pret corect!|0
614|functioneaza bine, timpul de reactie este foarte bun. are dimensiunea potrivita, se muleaza foarte bine pe mana si e usor de folosit. cei de la netastat au reactionat dupa problema avuta si au remediat imediat|0
615|dupa cateva pagini printare a inceput sa nu mai traga hartia de copiat, am schimbat cartusele onsa nu de acolo a fost problema, a fost trimisa de doua ori in service s-abintors fara a fi reparata. in final a ajuns la gunoi.|0
616|cumparata la sfarsitul lunii ianuarie 2024 cu pret 180, daca cumperi cartuse costa cat imprimanta, daca le reincarci nu mai poti fiindca detecteaza ca acela sa consumat, facute ca sa cumperi consumabile doar originale, nu merita sincer!|0
617|dupa o luna, s-a s stricat capul de printare, care costa cat imprimanta, am cumparat alta pe cis, mult mai buna|0
618|este cea mai slaba imprimanta pe care am folosit-o. are un defect de fabricatie prin care 1.6 cm din partea de jos a paginii nu se printeaza. si din ce am citit pe forumuri nu ai cum sa repari eroarea asta.|0
619|in ziua de azi sa se mai vanda o imprimanta cu cd si fara wireless e jenant. nimeni nu mai are cd la calculator, iar cablurile au fost de mult inlocuite de metode mai avansate. imprimanta aceasta pare din secolul trecut. pe langa asta, cablul de functionare usb nici macar nu e inclus in pachet. se instaleaza ft greu, site-ul de drivere canon e oribil.|0
620|este execrabil de instalat, foarte greu spre imposibil, nu cannon, niciodata, se instaleaza super super super greu si cu informatii insuficiente pt instalare, o cheltuiala de nervi si timp incredibila pt 2023, nu este posibil sa existe un asemenea aparat de tocat nervii, nu se poate!!! daca puteam sa dau minus 1 stea.|0
621|este foarte proasta. se termina cartusul dupa cateva foi|0
622|imprimanta intampina dificultati de conectare cu laptop/pc. instalarea nu se finalizeaza, necesita cateva aplicatii instalate local pentru a beneficia de toate functionalitatile. prea multa durere de cap pentru o imprimanta.|0
623|nu am reusit sa o instalez nici pe un laptop hp nici pe un imac. se impotmolea in instalare, cand trebuia sa-si regleze capetele.|0
624|detestabil, in nici o luna s a stricat, desi am cumparat cartus nou nu mai merge deloc sa trag nimic la ea! rusine!|0
625|windows 10 nu vede imprimanta nu se poate instala conectat prin usb b-a sau b-c sau b-c/a incredibil. aparent e o problema microsoft + cannon, user normal nu are ce face, cam patetica situatia.|0
626|cea mai rea imprimanta se blocheaza si nu merge sa trag nimic la imprimanta! ce mai rea achizitie!|0
627|oribila! nimic mai mult de spus.|0
628|acest model este efectiv cu eficienta scazuta iata si motivul: dupa ce i sa terminat hartia dupa o printare de aprox80 pagini i sa defectat tava de hartie efectiv nu mai trage am achizitionat acelasi model de 2 ori si la fel... recomand una hp. de ce? pentru ca se opreste automat daca nu mai are hartie si poti sa o pornesti cand vrei chiar peste o ora si are conectivitate wi-fi wi-fi direct si usb si inclusiv scaner. nu cumparati modelul. acesta!!!|0
629|este pe terminate tonerul, dupa vreo 50 de pagini, dar vom vedea daca il pot reumple, sau trebuie sa comand un toner nou., care costa cat am dat pe imprimanta. |0
630|nu va recomand! se termina cartusul foarte repede.. mergeti la xerox!|0
631|nu recomand aceasta imprimanta. am printat cred aproximativ 400 pagini, dupa care incurca hartia, nu mai trage nici o coala. este destul de neplacut, si cred ca frustrant mai ales ca am pierdut o groaza de timp reancercand. in mod normal este in garantie, sper sa o rezolve cand o voi duce. |0
632|"pentru inceput m-am bucurat ca era ieftina. cand a ajuns, nu pot spune ca m-a dezamagit. in raport cu pretul, isi facea treaba. problema e ca dupa o luna de utilizare, nu intensiva, am ramas fara cartus si m-am gandit ca ar fi o idee buna sa incerc eu sa o reincarc. din acel moment au aparut niste erori, nu mai primea foile si efectiv le mesteca ca apoi sa le scoata afara mototolite si sa se planga ca nu are hartie. m-am gandit sa o trimit la depanero, in conditiile in care era in garantie. dupa vreo saptamana m-au informat ca mi au anulat garantia deoarece am umblat la cartus si ca ma costa 500 lei doar ca sa schimbe cartusele. mult peste pretul pietei. 150 manopera. adica sa pui efectiv cartusul in acel spatiu. concluzia: imprimanta era ok, doar suparata pe cartusul ""reincarcat"" de mine. poate gresesc, dar nu vad logica pentru care mi-au anulat garantia, cartusul fiind doar un accesoriu al imprimantei. per total, nu va bucurati ca este o imprimanta la 150 de lei cand cartusul este 90 lei si in conditiile in care, nu mai merge ca pe vremuri sa le reincarcam cu cerneala."|0
633|erori multe, foarte nemultumita... cand vreau sa scot ceva nu pot....|0
634|"cel mai prost produs achizitionat de pe emag. se vinde fara cablu de alimentare si cablu de date. are componente de plastic care suna groaznic dupa doua luni. cel mai grav e ca dupa 6 luni am trimis-o in service si mi-au inapoiat-o exact cum am trimis-o. poate fi incadrata la ""consumabile"" sau ""produse de unica folosinta"": imprimi 100 de pagini si o pui in gunoi. sunt f dezamagita."|0
635|nu este buna nu recomand de cand am cumparat-o am folosit-o de 0 ori si acum nu mai merge nu vrea sa imi mai imprime pe foi!!|0
636|"galagioasa si cu consunabile extrem de scumpe. desigur, se vinde cu cartuse aproape goale. s-a defectat imediat ce a iesit din garantie. dupa ce am mai avut o multifunctionala canon mult mai scumpa si mai buna, dar care si aceea s-a defectat imediat dupa ce am folosit pentru prima data cartuse care nu erau originale, de la canon, mi-am pierdut toata increderea in aceasta marca. nu m-as mira sa se descopere ca au un soft care le face sa se defecteze cand ""trebuie"""|0
637|am avut multe imprimante la viata mea dar una asa slaba inca nu am mai intalnit. nu voi mai cumpara nici o data produse canon.|0
638|este un multifunctional de calitate proasta. am incarcat cartusul original si nu il mai recunoaste. dupa cateva utilizari s-a stricat si clapeta in care se introduce cartusul.|0
639|face zgomot foarte mare, ca o freza mecanica. in plus de acest lucru atentie! fiti foarte atenti ca aceste produse nu se pot returna. practic nu poti returna produsele de acest fel daca ceva nu iti convine la ele. regula este asa: si cumparat produsul? ok. dupa regulile lor ai reptul sa faci stornare in timp de 30 de zile daca esti ne, ultumit de el... daaar... in momentul in care ai desigilat cartusele ca sa poti vedea cum functioneaza si daca esti multumit de acesta nu mai poti sa stornezi produsul. ciudat, nu? pai cum mama sarpelui (adica dracu, ca drac inseamna sarpe) sa vad daca imi convinde produsul daca nu il testez, ok? si daca il testez cu acele cartuse demo, care sunt special ptr asa ceva, practic nu il mai pot storna. nu e ciudat?|0
640|din cartusul color am facut 20 de printuri iar cel negru s-a terminat foarte repede. dupa ce le-am incarcat nu le m-ai citeste imprimanta. nu recomand!|0
641|imprimanta e ok dar partea cu cadou lasate dorit daca nu il ceri de la obraz. cartus de consuma extrem de repede adica am scos 50 de pagini|0
642|imprimanta e ok, dar nu o poti folosi cand ajunge pentru ca lipseste cablul usb. asa ca mai ai de asteptat pana vine si cablul. cam 0 zile dureaza pana iti vine si cablul. cablul este separat asa ca aveti grija cand comandati acest model de imprmanta. costa 2 lei dar daca nu il ai nu poti folosi imprimanta. eu l am prins ca si cadou de la emag, numai ca nu a venit cu imprimanta.|0
643|dezamagitor. am printat maxim 20 de coli de cand am cumparat-o si acum nu mai merge pe motiv de “jammed paper”, desi nu e nicio coala blocata in ea.|0
644|consuma tus foarte repede si dupa doar 1 an, a crapat, nu mai trage hartia. printez lunar aproape 20-30 pagini.|0
645|"momentan...ieftin pare ca e descrierea cea mai buna...atentie...are doar cablu de alimentare elecrica nu si cablu usb...aiurea ce sa zic...
si mai nou se pare ca daca se fac aprecieri obiective dar negative nu se mai trec de filtrul editorilor emag"|0
646|"are mari probleme in ceea ce priveste conectarea driverului cu imprimanta poate am nimerit eu un model cu probleme oricum am inlicuit-o cu inalta canon alt model care nu mi-a mai facut ""figuri"" a luat-o din prima."|0
647|cartusele mai scumpe decat imprimanta. dupa 20 pagini, deja nu se mai poate citi codul de bare imprimat (e neclar). nu am gasit functie de scanare si trimiterea imaginii la laptop. concluzie: bani aruncati pe geam. nu il pot returna pentru ca am si comandat cartuse de cerneala de 300 ron, pana sa vad cum lucreaza..|0
648|pret de achizitie 140 lei.nu as mai lua-o pentru nimic in lume.dupa 1 an si cateva luni s-a stricat si nu merita reparatia (cred ca ar costa mai mult decat ea in sine).cartuse f.scumpe care nu se pot reincarca,nu e nimic calitativ la ea.face f.mult zgomot pt.nimic.cea mai proasta alegere.nici gratis nu as mai lua-o!|0
649|este o imprimanta pentru acasa, este fiabila dar cel mai mare minus esta ca nu se pot imprima fotografiile pe hartie fotografica a4. asadar atentie!!! din acest motiv este un produs mediocru. nici specificatiile nu arata acest lucru, asadar emag are un minus pentru ca nu specifica acest lucru foarte important.|0
650|se misca extrem de greu insa, la banii astia, renuntam la pretentii.|0
651|nu vine cu cablu usb si nu e wireless.|0
652|este buna, am cumparat-o acum 0 ani. cartusele sunt problema, se descarca repede si costa mult altele. primele cartuse sunt demo, dupa ce se consuma trebuiesc cumparate altele. solutia este reincarcarea cu seringa acasa, pentru ca sunt mici cartusele si se consuma repede. se reseteaza dupa fiecare reincarcare. cine nu cunoaste, nu recomand sa isi bata capul.|0
653|printeaza rapid fara sa lase hartia uda de cerneala. dezavantajele sunt ca tusul se consuma extrem de repede, pentru a cumpara alte cartuse platesti aproape cat pe toata imprimanta iar printarea pe foi glossy pentru poze este destul de nasoala astfel ca trebuie sa printezi o anumita dimensiune cam mica, si in ultim plan este ca este cam galagioasa insa nu ma plang neaparat de zgomot avand in vedere pretul platit.|0
654|pentru banii platiti merita. am dat 2 stele pentru ca vine cu cartusele aproape goale, am printat 20 de foi si s au terminat.atentie!! nu are cablu de conexiune, ceea ce face imposibila utilizarea ei atunci cand o primiti si evident acest lucru nu este specificat nicaieri in descriere.|0
655|cartusul negru se termina foarte repede. vine fara cablu usb, deci nu se poate conecta fara achizitia acestuia.|0
656|cartusul negru epuizat dupa 40 pagini. in rest, o imprimanta ieftina.|0
657|am instalat imprimanta, functioneaza, dar cand listeaza tremura din toate incheieturile. avand in vedere pretul nu poti avea prea multe pretentii.|0
658|"e o imprimanta ok... mentionez ca depinde pentru ce e folosita... eu, folosind-o doar pentru printarea unor calcule, grafice si excel-uri, nu ma pot plange momentan.... am printat si un wallpaper color ca sa vad claritatea culorilor, si pot sa o cotez la 6 pe o scara de la 1 la 10... dar la pretul ei, nu cred ca se putea cere mai mult... viteza de printare, iarasi, acceptabila, dar nu va recomand sa dati totusi la printat 150 de pagini si sa va asteptati sa iasa in 2 minute, pentru ca mai are pauze ""de gandire"", mai ales daca pagina include desene color(exemplu... distanta intre 0 pagini consecutive doar de scris este de 0 sec, sa zicem... daca adaug un grafic color, mai adaug la procesare 1-0 secunde... iar la un desen intreg a4 color(un wallpaper sa zicem), gandeste 8-10 sec. inainte de printare)"|0
659|raport pret -calitate bun, dar dupa 0 luni s-a defectat mecanismul care trage hartie pt imprimare, este o imprimanta buna dar doar pentru volum mic de printare (maxim 30 pagini pe luna)|0
660|merge foarte bine dar deja dupa 200 de pagini a aparut avertizarea de culoare pe terminate a cartusului negru. cablul usb, asa cum au mentionat si altii, nu a venit cu imprimanta si a trebuit sa il cumpar separat.|0
661|accesibila ca pret, putin zgomotoasa, pentru a fi folosita acasa este suficient daca nu ai foarte mari pretentii.|0
662|am cumparat imprimanta asta dupa ce vechea imprimanta canon mp200 si-a dat duhul (cred ca avea vreo 10 ani). comparativ cu defuncta, aceasta imprimanta are o viteza de scriere mai mica si este foarte foarte zgomotoaza. e drept ca a costat putin (169 lei inclusiv cablu usb )dar nu cred ca era cazul sa fie dotata cu... zgomot!|0
663|mai am una pe alb cumparata acum cativa ani, sunt multumit de ea, nu are probleme, nu a facut niciodata figuri cat despre aceasta pe negru, nu am primit cablu usb deci nu o pot conecta la laptop... e foarte deranjant ca nu am primit, acum trebuie sa caut cablu compatibil.|0
664|foarte usor de folosit si super frumoase culorile. am dat 4 stele pentru ca m-au fortat sa cumpar dvd-rom ca sa instalez imprimanta, oricum, calitate pret superb, recomand!|0
665|pentru pretul platit sa vina fara cablu de conectare cu laptopul/ pc este nu tocmai ok... noroc ca am avut un cablu potrivit de la o alta imprimanta....|0
666|destul de slaba imprimanta, mari probleme cu instalarea driverului, astepti de iti vine rau.o problema am intampinat, ai dau sa printeze o pagina, dupa care imi scoate o foaie goala si se opreste, trebuie sa apas eu pe black ca sa continue!!! inca nu am rezolvat problema|0
667|foarte multumit de calitatea documentelor imprimate, dar zgomotul cam mare|0
668|as da 5 stele, dar.... am folosit-o fara probleme in primul an, dar acum uneori refuza sa printeze. trebuie sa ii scot cablurile si sa incerc iar. asta nu se intampla mereu, dar si cand se intampla, trebuie sa ma chinui jumatate de ora sa printez 2 pagini. daca a mai patit cineva asa, va rog lasati un raspuns. |0
669|imprimanta are un raport pret/calitate foarte bun. este in echipament pe care il pot folosi acasa, unde nu am mult de imprimat. isi face treaba bine. o recomand, daca nu va doriti performante deosebite.|0
670|am imprimanta de 8 ani, folosita cam 1 data pe saptamana. in prezent a inceput sa nu mai asculte comenzi si ma uitam dupa alta imprimanta si-am vazut ca este inca pe piata|0
671|pentru uzul in casa este foarte buna. cartusele se schimba(recomandat cu originale). nu mai poti sa le incarci clasic cu seringa la copyshop.sa nu luati cartuse compatibile(aftermarket), iti va da eroare ca sunt goale si in cele din urma se va strica. un cartus original te tine mult. e utila|0
672|o imprimanta de dimensiuni mai mici ( eram putin limitat de spatiul de pe birou) dar care isi face treaba foarte bine. pentru cei care nu au de tiparit o cantitate mare de documente este excelenta. kit-ul de instalare se poate descarca si de pe site-ul canon ( pixma) pentru cei care nu au unitate optica dvd. la pretul de 180 ron este excelenta! recomand!|0
673|cumparat de bf cu 119 lei, la mine totul a mers usor, driverele le a luat windows fara ca eu sa fac nimic, dupa ce am instalat softul de pe pagina oficiala, a facut un test si printeaza chiar mai bine. pentru pretul platit, este foarte buna pentru acasa.|0
674|este o imprimanta foarte buna. isi face foarte bine treaba. am scos si cateva poze cu ea si se descurca de minune. dar trebuie sa aveti grija la pozele cu foarte multa lumina, deoarece se pot inverzi. dar partial este o imprimanta foarte buna.|0
675|miroase frumos si atat, de persistat nu persista nici 10 minute si nu doar pe mine, cat si pe altii, probabil review urile sunt platite, cum fac majoritatea.|0
676|din pacare nu miroase deloc a parfum. miroase foarte ciudat si nici nu persista. foarte dezamagita.|0
677|toate parfumurile arabesti au acelasi miros de baza! este un miros greu! este a doua mea experirnta cu aceste parfumuri si clar ultima!!! sa nu va inchipuiti ca sunt “replici” ale unor parfumuri consacrate, originale! nici nu se apropie mirosul! nu merita!|0
678|nu are nici o legatura cu ce stiam eu. am cumparat acest parfum dupa ce l-am incercat la cineva, dar aduce foarte putin la inceput cu acela, iar pe piele ramane un miros tare ciudat, gazos. dezamagire totala!|0
679|folosesc acest parfum de cativa ani si este unul extrem de puternic si persistent. acum l-am achizitionat pentru prima data din acest magazin, in rest l-am cumparat din alte locuri, si nu este deloc ca celalalte. miroase a apa cu alcool si nu persista absolut deloc mirosul. ceva nu e in regula cu acest parfum achizitionat din acest magazin.|0
680|cand vreau sa ma dau cu el se scurge pe sticla si mirosul... miroase a spray de muste. am unul indetic comandat dupa un alt site si nu se compara cu ce mia venit acum.|0
681|nu stiu daca parfumul comandat si primit de mine este defect, ideea e ca i l-am luat sotului cadou de sarbatori in urma review-urilor( a ras ca am facut misto de el cu asa parfum). chestia e ca ambalajul este fain, are o cutie moale la atingere asa cu un fel de plus pe ea. dar sa vorbim de miros.. miroase a cauciuc efectiv, are cel mai aiurea miros pe care l-am intalnit, pur si simplu zici ca miroase a punga biodegradabila din supermarket. nu l-am putut folosi nici sa parfumez casa cu el. am fost nevoita sa il arunc|1
682|nu merita achizitionat. dupa 0-2 utilizari mirosul s a schimbat total, dupa ce e desfacut si folosit se simte un alt miros, unul ciudat, care nu are legatura cu ce simti la primele utilizari. e ca si cum ar oxida, doar ca intr un timp exagerat de scurt. nu il recomand! plus ca presistenta atat pe piele cat si pe haine este extrem de scazuta, ca sa nu mai vorbim de siaj care este 0.|0
683|dau 0 stele doar pentru faptul ca e puternic, dar mirosul pentru mine este oribil. prea concentrat mirosul, imi pare rau ca nu pot dezactiva receptorii pentru a scapa de acest miros|0
684|cumparat din curiozitate. nu prea are legatura cu mirosul de mosc... la inceput e un miros gen benzina+miros de piele(geanta noua). nu o sa-l mai iau a doua oara. dupa 10-15 minute ajunge sa se aseze si sa se deschida putin, cu tente usor dulci. nu m-a impresionat.|0
685|persistenta este ok, insa miroase foarte puternic a petrol, mai ales la inceput... se mai domoleste dupa cateva ore. categoric nu e pentru toata lumea|0
686|l-am cumparat in baza recomandarilor, insa mirosul seamana, cel putin intr-o faza intermediara, cu cel al unui spray de insecte. partea „buna” este ca nu persista.|0
687|am achizitionat acest parfum citind multe recenzii bune... doar ca nu este pe placul meu!!! acest parfum nu e pentru oricine... musk-ul.... are un miros ciudat desii am avut si alte parfumuri cu musk si miroseau altfel|0
688|sintetic pur care tinde sa fie inecacios precum naftalina. primul contact e destul de ok, dar dupa 20 de minute ajungi sa nu mai suporti mirosul. dupa cafeva ore, ramane un miros dulce|0
689|miroase puternic si e foarte persistent si greoi. miroase frumos dar este genul foarte greu de purtat si de suportat. e ok daca il dai pe haine si le porti dupa cateva zile. am observat asta la esarfa. desi l-am mirosit inainte de a-l comanda, nu il pot purta.|0
690|miros puternic, persista pe piele si haine timp indelungat, insa nu pe gustul meu.|0
691|il folosesc ca parfum de zi cu zi si e grozav. sunt foarte multumita, e remarcat mereu. e asemanator cu my geisha musk, insa mai finut.|0
692|depinde din ce lot il prinzi. sau de furnizorul de unde il achizitionezi. el in esenta lui miroase foarte bine, dar depinde de unde il cumperi. persista si nu prea.|0
693|mi se pare ca are un miros catre spirt, prima data cand te dai, apoi se atenueaza mirosul de spirt si ramane alt miros|0
694|oribil, dupa 0 utilizari s-a stricat|0
695|se opreste mereu chiar si daca nu aplic presiune se opreste si porneste singura chiar si cand o tin doar in mana, nu recomand|0
696|un plastic de cea mai proasta calitate, bateria nu tine nici macar 0 zile|0
697|aveam asteptari mult mai mari. bateria tine putin, maxim 0 zile, iar in timpul spalarii se opreste cand ai nevoie mai mare de ea. periutele oral b mai vechi erau incomparabil mai bune. acum sunt ori foarte scumpe cu consumabile si mai scumpe si facute ca si cum ai vrea sa pleci cu ele in spatiu, nu sa te speli pe dinti, ori ca aceasta, adica bune de nimic. eu zic ca periuta aceasta e doar cel mai scump si inutil plastic.|0
698|pe langa perierea inexacta chiar si la viteza cea mai mare, produsul nu se mai incarca dupa nici un an de folosire. multumita emag, nu exista nici modalitatea de a trimite produsul in garantie.|0
699|pana si in treapta de viteza cea mai mica tot este prea aspra pt dinti si sangerezi. prea dura nu recomand|0
700|prima periuta electrica, de la acelasi producator, avea o baterie mai buna si rezista mai mult fara reincarcare|0
701|nu recomand.stiti vorba aia. dai un ban, dar stai in fata. este o periuta ieftina, care s a stricat dupa nici 2 luni. nu are nici macar led sa te avertizeze ca s a descarcat. calitate foarte slaba.|0
702|eficienta, doar 11 luni. acum sta la incarcat si functioneaza 20 secunde. cred ca au schimbat producatorii timpul de periat si nu stim noi.|0
703|nu are led de incarcare.nu stiu cand se termina incarcarea|0
704|a fost in service de 0 ori in 2 saptamani.|0
705|normal periuta merge bine, aveam una identica, model mai vechi si n am avut niciodata probleme cu ea, dar asta care a venit nu se incarca. o fi ceva defect la baterie ori la incarcator.|0
706|are 2 moduri de viteza, problema este ca la viteza 2(viteza normala) timpul timer ului care vibreaza la fiecare minut, scade la 30de secunde. la modelul anterior stiai clar ca la fiecare vibratie a trecut un minut de utilizare, acum de fapt la fiecare vibratie au trecut ~20 sau 30 de secunde|0
707|dupa doar 5-6 utilizari nu se mai opreste. vibreaza pana i se consuma bateria.|0
708|in anumite pozitii, miscari ale mainii, periuta are intreruperi, lucru foarte enervant, am cumparat 2 bucati, una cu problema de noua, nu am prea mari asteptari in timp|0
709|dezamagire. am cumparat 0 bucati, una am facut-o cadou. aceeasi parere, aceeasi dezamagire si pentru cealalta persoana.degeaba are 2 viteze, la viteza maxima functioneaza ca periutele pe baterii, cu bateria spre terminare.o tin conectata in permanenta la curent, in incarcator, deci exclus ca ar fi insuficient incarcata cand o folosesc. am avut un model mai vechi inainte, dar foarte eficient. imi pare rau ca am renuntat la el.|0
710|nu curata deloc bine, merge mult mai slab fata de un model mai vechi, chiar daca are 2 programe, nici pe cel mai puternic nu e comparabila. mai mult tremura decat curata. e si destul de zgomotoasa.|0
711|am folosit-o o saptamana de zile si deodata in timpul periajului sa oprit de tot.. specific ca am bagat-o la incarcat dupa aceasta intamplare si degeaba nu m-ai functioneaza deloc|0
712|la acesta periuta lipseste ledul pentru acumulator care pe mine ma ajuta foarte mult - acum te trezesti in mijlocul periajului ca nu mai ai baterie.|0
713|de doua ori am folosit periuta apoi nu a mai mers|0
714|se descarca foarte repede|0
715|nu prea mai tine bateria chiar asa mult cum tinea la modelele anterioare|0
716|se descarca foarte repede, dupa 5 zile. senzorul de presiune pe dinte opreste functionarea periutei la cea mai mica apasare. dezamagitor.|0
717|viteza cea mai mare de care e capabila este cam la nivelul periutei anterioare cand mai avea doar putina baterie si incetinea intentionat viteza ca avertisment pentru reincarcare. nu exista nici un beculet/led care sa-ti arate ca se incarca, desi in instructiuni iti apare ca ar exista (probabil sunt instructiuni generice) si te trezesti deodata ca nu mai functioneaza. un produs foarte prost.|0
718|bateria ma tine undeva la 2-4 zile maxim, se opreste brusc si nu indica atunci cand este aproape descarcata din pacate.|0
719|daca compar modelul vechi pe care il aveam (cumparat acum vreo 5 ani), periuta aceasta este net inferioara!parca se dezmembreaza atunci cand o pornesti! este foarte de zgomotoasa! are 2 trepte de viteza dar nici la treapta 2 nu are puterea celei vechi. daca as fi cumparat una singura, as fi zis ca poate am avut eu ghinionul sa primesc una defecta (avand in vedere review-urile atat de bune), dar amandoua periutele cumparate sunt la fel.|0
720|are 2 programe si parca sunt degeaba. am un model mai vechi cu un singur program care e superior celui cu viteza cea mai mare de la acest produs. primele doua parca sunt degeaba. ca sa ajungi la programul 2, trebuie sa apesi de 2 ori pe buton. nu recomand|0
721|ea curata foarte bine, e foarte usor de folosit, dar am scapat-o in chiuveta si de atunci tot am avut probleme cu ea. nu a pornit deloc la inceput, am reparat-o, apoi a inceput sa vibreze dintr-o data, pana i se descarca bateria si o puteam opri doar cand era la incarcat. acum cateva zile s-a stricat de tot. tin sa mentionez ca am folosit-o doar un an si cateva luni. un alt model de periuta, tot de la oralb, m-a tinut 2+ ani.|0
722|periuta se intrerupe 1/0 secunde in timp ce te speli. face de vreo 0 ori la un periat.|0
723|nu are o putere mare de curatare|0
724|nu e chiar cine stie ce|0
725|nu se ridica la nivelul asteptarilor create de ultima periuta oral b braun care a tinut 13 ani fara probleme. s a stricat incarcatorul doar. periuta in sine e ok, o periuta electrica clasica dar sta incarcata doua zile si mai scoate sunete ciudate, ca si cum s ar chinui sa invarta capatul periutei. raport calitate pret e acceptabil.|0
726|functioneaza ok, dar perioada a venit plina de praf.|0
727|destul de slabut acest model. are 2 viteze dar nu poti folosi decat pe cea mare pentru o curatare eficienta. era bun un led de semnalizare al bateriei incarcate/descarcate.|0
728|e buna dar se poate si mai bine, uneori cand ma spal maj are cate un scadaj stil intrerupere dar isi revine instant. incarcatorul si periuta cand sunt comectate nu arata cand incarca, in felul asta nu stiu niciodata cand e gata|0
729|ea isi face bine treaba, insa face prea mult zgomot, iar bateria tine foarte putin. pe langa asta, la fiecare spalare se opreste cateva secunde brusc. n as recomanda-o neaparat..|0
730|pentru a opri-o, trebuie sa treci prin toate cele 2 niveluri de viteza. se opreste si reporneste automat la cateva secunde. in rest. isi face treaba.|0
731|plusuri: design, ambalaj, 2 moduri de periaj.minusuri: lipsa led incarcare (nu stii cand se termina bateria), la un anumit interval se opreste pret de cateva secunde, banuiesc ca dupa 30 sec, cat ar trebui periata fiecare parte a arcadelor; doar ca nu am gasit informatia in manual.|0
732|este prima periuta electrica pe care o detin.aparent este ok, doar ca in timpul functionarii se opreste ca si cum se blocheaza o secunda si dupa continua. face chestia asta aleatoriu, nu la un timp anume. si uneori face si de doua trei ori consecutiv. am incercat sa o las sa mearga fara sa o utilizez si la fel face. voiam sa stiu daca a mai intampinat cineva problema sau asa functioneaza ea…desi nu mi se pare ok.|0
733|periuta este buna, singurul minus este lipsa unui beculet care sa indice nivelul bateriei sau cel putin daca periuta este incarcata/descarcata complet. pachetul a venit cu periuta incarcata, iar dupa 2 zile s-a oprit in timpul periatului, initial am crezut ca s-a stricat. am tinut-o la incarcat peste noapte, momentan pare ca rezista undeva la 1 saptamana.|0
734|e ok, mai aveam una la fel, care nu mai invartea cand periuta atingea gingia. nu e chiar top, dar primesti pt cat platesti.|0
735|minusuri destule pentru aceasta periuta. nu am indicator baterie, peria este dura si afecteaza gingiile, se intrerupe in timpul folosirii cam des. nu are putere si se opreste indiferent pe ce treapta de viteza o setezi.|0
736|iubesc periutele de dinti de la oralb insa aceasta nu a fost cea mai buna alegere pentru mine (folosesc seria io). vibreaza prea tare ca intensitate si zgomot.|0
737|produs de calitate, bateria tine cam 0 saptamani, are 2 trepte de intensitate|0
738|dupa prima utilizare am ramas surprins cat de bine curata. am realizat cata mizerie si bacterii ramaneau inainte cu periuta normala. acum dintii se simt mult mai curati, iar respiratia e mai proaspata. pentru mine merita banii. recomand!|0
739|pentru inceput pare un produs bun. voi vedea in timp cum se comporta si voi veni cu completari. recomand.|0
740|singurul inconvenient este lipsa unei avertizari luminoase pt a semnaliza descarcarea bateriei. altfel, foarte multumita|0
741|raportul calitate pret super ok. as recomanda altcuiva? da. periuta ajunge si in cele mai inaccesibile locuri si curata placa dentara, mai ales langa gingii. pentru acest produs capatul periutei este cam rigid, pentru mine cel putin, voi comanda varianta soft, cu perii moi. de asemenea, este usor de utilizat si de incarcat.|0
742|totul a ajuns rapid, ambalat corect, totul merge. iar cadoul primit a fost o surptiza extrem de placuta! multumesc!|1
743|spala foarte bine, 2 moduri de vibratie, folosita de 0 ori pe zi pe program de 0 minute. cine spune ca nu tine bateria, minte cu nerusinare. tine peste o saptamana cu o singura incarcare, chiar mai bine.usor de curatat si intretinut. vine cu stativ de incarcare (adica o pui in picioare la incarcat)|0
744|produsul este sub asteptari. in mod normal, sotul meu schimba rezerva o data pe saptamana, folosind aparatul zilnic. aceste rezerve insa „ciupesc” si este nevoie sa treaca de mai multe ori pe aceeasi zona pentru a obtine rezultatele cu care era obisnuit. foloseste aparatul oneblade de peste 5 ani, insa aceste lame nu ofera aceeasi calitate.|0
745|nu sunt de calitate. in kitul one blade pro, rezervele, erau mult mai bune. astea agata.|0
746|livrarea rapida. nu sunt bune. ciupesc, nu taie, si sunt zgomotoase.|2
747|lamele astea au un unghi mai ascutit decat cele clasice. din cauza asta ori nu taie, ori trebuie sa le apesi foarte tare pe piele, deci alegi ce vrei dintre: barbierit prost sau barbierit cu iritatii. sunt mai comfortabile de folosit lamele vechi. singurul punct in plus e ca par sa fie putin mai ok daca folosesti inaltator reglabil (nu mai stiu cum ii spune). la distanta de 2.5 mm se descurca parca putin mai bine decat lamele vechi probabil din cauza unghiului de atac, dar tot nu e fantastic pt ca nu taie pe cat de bine m-as astepta. personal nu mai cumpar|0
748|am comandat acest kit de lame in luna septembrie 2023 pentru aparatul meu qp6551, achizitionat in iulie de la alt comerciant, care il avea fizic in magazin (era o urgenta). cele 0 lame care au venit la pachet cu aparatul au rezistat aproximativ 1 luna de zile fiecare (mult sub cat declara producatorul). in schimb, aceste rezerve nu le-am putut folosi nici macar 0 saptamani (ambele), agata inca de la prima utilizare, iar dupa 2-4 utilizari poti sa folosesti aparatul pe post de depilator fara griji.|0
749|nu mi se par wow, normal ar trebui sa tina 2-4 luni dar la mine dupa maxim 2 saptamani incep sa agate si sa nu mai taie|0
750|nu stiu daca este produsul original, dar se strica foarte repede, dupa doua folosiri incepe sa ciupa…|0
751|produse de slaba calitate importate direct din china. livrarea a durat in jur de 2 saptamani.in folosinta vibreaza mult mai tare si sunt mult mai galagioase. subscriu la mai multe review-uri care spun ca se rup dintii de la lame si sunt sanse sa ciupeasca pielea.|2
752|exista intr-adevar o mare diferenta intre lamele originale cu care vine aparatul si acestea. se pot folosi in caz de urgenta, dar confortul nu mai este acelasi. in plus, poate mi se pare doar mie, aparatul a devenit mai zgomotos. una peste alta raportul calitate/pret poate fi acceptabil.|0
753|pentru fata daca nu ai pielea prea sensibila sunt foarte bune, daca ai pielea sensibila nu recomand aceste lame|0
754|taie destul de bine insa se duc prea repede rezervele,dupa doua/trei utilizari are sa schimbi rezerva|0
755|am cumparat aceste rezerve pentru oneblade-ul meu si sunt foarte multumit de calitate. se potrivesc perfect si taie uniform, iar pielea ramane neteda fara iritatii. e foarte practic ca pot schimba lama rapid. setul cu mai multe rezerve e bun pentru mai multe luni, iar curatarea sub jet de apa e super usoara. clar merita investitia.|0
756|am luat aceste rezerve pentru aparatul meu oneblade. sunt precum cele originale cu care a venit aparatul, se monteaza simplu si lama flexibila urmareste contururile fetei, ceea ce ma ajuta sa tund sau rade precis. sunt confortabile pe piele si, in mod normal, ma tin cateva saptamani bune fiecare daca le folosesc regulat. curatarea e usoara sub apa si imi place ca am 2 lame in set.|0
757|folosesc aceste rezerve de ceva timp si sunt foarte ok pentru intretinere regulata. aluneca usor pe piele si ofera un contur curat, fara senzatie de disconfort. imi place ca lama 360 urmareste bine forma fetei si ajuta la finisaje precise. se schimba rapid si rezista destul de bine in timp, daca sunt curatate corect.|0
758|se potriveresc bine pe vechiul oneblade, sper doar sa nu le rup si pe acestea la fel de usor precum le-am rupt pe celelalte|0
759|azi le-am primit si am si pus la proba una, este la fel ca aia care vine cu aparatul, pe rezerve scrie philips in partea de jos a lamei, parerea mea e ca cele originale ca astea sunt foarte bune dar daca luati compatibile, nu taie fiinca am mai cumparat odata din alta parte, aratau la fel dar nu erau produse de philips si nu taiau deloc, agata si foarte tare. astea sunt ce trebuie, recomand cu caldura, sper sa ma tina tot 0,5 ani cat ma tinut aia din aparat|0
760|sunt de vis, se resimte mobilitatea si plus par sa taie mai bine decat cele clasice, rezistenta indelungata fata de clasice, am cumparat varianta vanduta si livrata de emag, daca vreti sa fiti siguri ca luati calitate, cumparati doar de la comercianti mari ca emag, altex, flanco.|2
761|produsele sunt originale, nu replici cum vand alti comercianti.|0
762|pentru gradul de finete al angrenajelor si constructiei sale, aceasta rezerva este foarte performanta. sa luam in calcul ca este trimer, nu lama. deci tinde, nu rade.iar gradul de finete este remarcabil. aceasta performanta vine la pachet cu un aspect negativ. fiabilitate redusa. pentru cei cu firul de par mai gros, n-as recomanda-o. in rest, face treaba foarte buna indiferent de zona in care are folosita.|0
763|lame originale. am avut emotii citind celelalte review-uri dar au fost super ok. mai silentioase decat cele pe care pe aveam, scria oneblade pe ele, rad perfect.|0
764|sunt originale, produse in olanda, de buna calitate. nu sunt ca acele fake-uri care zgarie.|0
765|le-am prins la un pret foarte bun. nu am sesizat diferente fata de cele originale din pachetul aparatului de ras.|0
766|este o imitatie. are cupele mai mici, atat este de proasta calitate si varful scurt|0
767|nu, deoarece dupa 2 zile de utilizare a sarit toata vopseaua de pe ea|0
768|nu are gripul sticky clear e rubber|0
769|o am de 0 luni deja 0 noduri nu prea mai are grip stickerul de pe ea sa dezlipit si arata asa|0
770|s-a stricat foarte repede, s-a zgariat de la prima utilizare, i s-a dus lipiciul foarte repede.|0
771|dezamagitor, are aceeasi calitate ca una mai ieftina|0
772|grip prost, cupe mici, nu ca cele din imagine|0
773|eu mi am comandat aceasta kendama pentru culoare si materialul bilei dar a venit o alta kendama alba cu material care nu are grip deloc. ea este buna dar mult mai greu de jucat cu ea neavand bila lipicioasa ca acea din poza, si nu sunt singurul caruia i sa intamplat deoarece am dat comanda de aceeasi kendama cu un prieten si ia venit acelasi produs ca si mie|0
774|kendama a venit fara stikere si ata, iar cutia era de la o kendama krom noia 4. baietelul meu s-a bucurat oricum, dar vanzatorul ar trebui sa fie mai atent.|0
775|bila este lucioasa, nu a venit cu ata de schimb sau stiker, aveam alte asteptari de la emag|0
776|grip-ul se duce foarte repede. atentie, se rupe foarte usor daca se aseaza cineva din greseala pe kendama.|0
777|kendama e foarte buna insa ambalajul a ajus extrem de deteriorat|0
778|nu m-a dat pe spate, stratul lipicios de pe bila s-a zgariat/deteriorat in prima zi de utilizare. in fine copilul este incantat, cupele sunt ok insa nu recomand genul acesta de bila, cred ca simpla, din lemn este in regula pentru genul intens de utilizare.|0
779|copilul este incantat de kendama, zice ca are grip bun, insa dupa 2 luni s-a desfacut bucatile de lemn aranjate in cruce una peste alta, de a trebuit sotul sa o lipeasca cu ceva lipici mai puternic. nu are zgarieturi adanci, iar vopseaua rezista inca foarte bine|0
780|kendama e foarte buna insa ambalajul a ajus extrem de deteriorat|0
781|kendama e 10 din 10 pentru mine dar un prieten a achizitionat-o de pe site ul krom si a avut mai multe stickere eu am primit doar unul pentru asta dau patru stele dar daca avea si restul de stickere erau 5|0
782|a ajuns in timpul estimat, doar cu ambalajul putin deteriorat, de aceea am dat 4 stele. e ok, copilul multumit.|1
783|este super tare are ata de rezerva in cutie si are grip foarte bun arata ma bine ca in poze o recomand cu cea mai mare sinceritate|0
784|recomand. livrare rapida|2
785|excelent produs, original, baietelul a fost foarte incantat. livrare rapida, promtitudine din partea emag si a magazinului partener!!! am prins-o si la un pret foarte bun|2
786|lipicios, rezistent, copiii care se antreneaza mult, extrem de incantati.|0
787|este asa cum am comandat, este foarte buna, recomand!|0
788|efectiv cand mia venit miam dat seama ca e calitate dar se juleste foarte usor|0
789|am comandat acest pachet in ideea ca macar culorile sa se potriveasca dar surpriza, nu sunt cele de pe reclama, in prima poza ilustreaza pachetul cu toate cele 10 nuante si in a doua ceea ce am primit, in ceea ce priveste calitatea asa si asa, acum trebuie sa-mi bat capul cu returul|1
790|calitatea lasa de dorit. tricourile au variatii de dimensiuni extreme intre ele, desi toate au eticheta identica. unul din tricouri a venit stramb, cu vreo 5-10 centrimetri mai lung in partea stanga, nu poate fi purtat in public.|0
791|la numar au iesit in pachet, in rest calitate destul de slaba, nu sunt toate tricourile la fel - parca sunt second-hand|0
792|la prima purtare s-a rupt tot tivu de la maneca. nu descusut, rupt materialul|0
793|arata frumos, este destul de comod (de aceea am dat 0 stele) dar este facut din cele mai proaste materiale metalice posibile. dupa 0 zile s-a strambat fierul care tine spatarul. cei mai prosti 500 de lei investiti ever|0
794|toate piesele de suport din plastic(steaua cu roti, si suportul de piston)se strica foarte usor. dupa cateva luni pistonul s-a stricat, si suportul de roti s-a crapat.|0
795|a tinut fix 0 ani si s-a stricat sistemul spatarului, asa ca nu mai poate fi folosit. ca sa nu mai zic ca scartaia dupa primele 2 luni.|0
796|scaunul este foarte ok doar ca avea lipsa un surub, destul de rau pentru pretul acesta. in rest toate ok.|0
797|dupa o saptamana scartzaia din absolut toate incheieturile. l-am uns eu, dar pentru asta a trebuit sa ii tai fermoarele fiindca nu are acces catre interior.|0
798|sistemul de prindere al spatarului nu este bune gandit. locul in care trebuie sa intre tija de fier ca sa reglezi inaltimea spatarului este din plastic ieftin si cand invarti de roata aia ca sa strangi pentru pozitia dorita strangi fix degeaba ca nu tine. la mine s-a rupt aia din a doua zi. la banii astia nu poti avea pretentii prea mari, dar nici sa te astepti sa vina un scaun din carton. inca are garantie, dar orice mi-ar veni la schimb sunt sigur ca la fel voi pati asa ca ma straduiesc cu el asa si ma agandesc sa ii fac eu ceva sa stea|0
799|produsul a venit bine ambalat, conform descrierii. din pacate, calitatea produsului lasa de dorit. dupa doar o saptamana de utilizare normala, ventilatorul s-a oprit brusc si nu a mai pornit deloc.nu recomand acest produs, deoarece fiabilitatea este foarte scazuta. e neplacut sa cumperi ceva nou si sa se „arda” dupa cateva zile.|1
800|sa oprit si nu mai porneste, exact ca si primul din aceasta comanda doar ca la acela am putut sa-l dau inapoi imediat, acesta se pare ca a trecut perioada de retur. din pacate trebuie sa il trimit in service dupa ce am pierdut banii si pe livrare de la primul ventilator. eu as dori retur la acest ventilator avand in vedere cat de prostie sunt, doua am luat ambele s-au defectat in asa scurta perioada, foarte dezamagitor.|1
801|calitate indoielnica. sistemul de imbinare a celor doua grilaje este conceput foarte prost. eu am reusit si m-am taiat la deget destul de rau in timp ce incercam sa il asamblez intr-o tabla extrem de ascutita! mi se pare inadmisibil ca asemenea produse ajung pe piata!|0
802|din pacate am intampinat ceva probleme la montare, cele doua bucati din partea de sus se prind cu un gen de cauciuc care mi-a dat ceva batai de cap pana am reusit sa il fixez. la a doua utilizare butonul de pornire nu a mai functionat. nu recomand|0
803|miros puternic de plastic, care persista deja de multe zile. presimt ca e si toxic, nu cred ca a verificat cineva asta.cum il desfaci iti dai seama ca ai luat o chinezarie, de la ambalaj pana la calitatea materialelor. foarte zgomotos si la cel mai mic nivel.telecomanda da rateuri des. apesi si nimic. trebuie indreptata fix fix catre ventilator.|0
804|desi initial am fost multumita pentru ca si-a facut treaba pe timpul caniculei, dupa nici o luna de la cumparare butoanele nu mai functioneaza (il pot actiona doar din telecomanda) si a inceput sa porneasca/operasca singur.|0
805|nu discut pretul la momentul review-ului, probabil fiecare isi da seama ca nu cumperi in sezon. carcasa motor spate prea subtire si prost prinsa, aparatul are un zgomot tip vibratie destul de enervant. receptorul ir al aparatului are un unghi de semnal foarte ingust, practic trebuie perfect aliniat cu telecomanda pentru a inregistra comanda. pe de alta parte telecomanda interfereaza cu alte aparate, cum ar fi receptorul digi|0
806|s a stricat la fix o luna dupa expirarea garantiei|0
807|s a ars dupa o vara de folosire.|0
808|ventilatorul are un sistem de montare care lasa de dorit, foarte des se desurubeaza ceva, fie grilajul, fie baza, iar din acest motiv nu pot recomanda acest produs. am achizitionat un aer conditionat din alt loc, acest produs a fost util doar cat timp am asteptat instalarea aerului conditionat.|0
809|foarte incantat de ventilator la inceput, dar dupa un timp incepe sa faca zgomot, este al 0-lea pe care il incerc|0
810|fiabilitatea lasa de dorit|0
811|slab din multe puncte de vedere. finisaje de slaba calitate, subred, material de proasta calitate. pe treapta 1 mai silentios, dar nu dadea mult aer. pe treptele 0 si 2 intra in rezonanta si baraia. nu se auzea doar zgomotul aerului impins, ci vibratii de la intreg ventilatorul pe frecvente joase, suparatoare. cauciucul care leaga cele doua semigrile imposibil de montat de o singura persoana. telecomanda oribila si cu functionare redusa, trebuie sa indrepti exact in zona senzorului. cablu de alimentare ridicol de scurt.|0
812|nu este deloc silentios, pe a treia treapta de viteza de aude ca o masina de spalat si nu se simte diferenta foarte mare cu el in ceea ce priveste temperatura din camera. sunt putin dezamagita|0
813|cumparat acum un an cu 130 lei. nu ne deranjeaza zgomotul. dar asamblarea nu este pentru o singura persoana. trebuie vreo 2 asa. foarte enervant de asamblat partea de sus cu sina care trebuie stransa cu un surubel mic.|0
814|nu se ridica la nivelul asteptarilor, nu este suficient de puternic|0
815|s-a defectat imediat ce a iesit din garantie. cat a functionat a fost foarte ok.|0
816|ar fi bun dar, pacat ca dupa o saptamana a luat-o razna controler-ul. isi schimba singur vitezele si programele de temporizare, butoanele se blocheaza si doar din telecomanda il poti comanda.|0
817|nu raceste prea bine, elicea e de proasta calitate. nu este super zgomotos, dar sincer la treapta 2(singura care raceste ceva) este enervant. se putea mult mai bine. daca racea cum trebuie, ii acordam 5 stele.|0
818|"are putere foarte mare, chiar si pe trapta 1, dar are un zgomot f enervant la functia ""swing"" (cand se roteste). mai are cineva problema asta? asa sunt toate sau am nimerit eu unul defect?"|0
819|foarte galagios.in primele saptamani miroase a plastic ars. baza nu este perfect dreapta si ventilatorul are o mica oscilatie stanga-dreapta. pro telecomanda, timer, oscilatie automata|0
820|contra miros de plastic/cauciuc ars, motorul se incinge destul de tare si miroase a ars - ca si cum ceva se atinge pe acolo si nu functioneaza, bine mi-e sa nu ia foc ceva. pro treapta 1 e silent, arata fain fata de altele, foarte stabil, timer si remote.|0
821|miroase puternic a plastic/vopsea. dupa 4 ore de functionare, mirosul nu a iesit din dormitor si hol.|0
822|l-am luat pentru perioada torida de vara... dupa nici macar 2 saptamani folosit cate 10 ore pe zi, a incetat din senin sa mai functioneze. pe perioada utilizarii a fost chiar bun, volumul de aer mai mult decat suficient, treptele de racire foarte utile, unghiul de acoperire mare, iar toate setarile se puteau face foarte usor cu ajutorul telecomenzii fara a te mai deplasa pana la el.|0
823|foarte tare ideea de a avea telecomanda si timer la un ventilator, insa, din pacate, ventilatorul este foarte galagios, chiar si pe treapta cea mai mica se aude ca un avion cu elice, nu poti sa dormi cu el ponit; am mai avut unul de aceeasi dimensiune, foarte silontios, nici nu il auzei, adormeai cu el pornit|0
824|acceptabil ptr pretul platit. singurul inconvenient este ca a inceput sa scartaie atunci cand oscileaza stanga-dreapta, la nici 0 saptamani de la achizitie.|0
825|e ok dar de la mediu in sus zici ca ai un avion cu elice in casa. nu poate fi lasat noaptea pornit in aceasi camera|0
826|ventilatorul este destul de ok, are putere sa ventileze, dar este destul de instabil, piciorul se desurubeaza|0
827|produsul este bun insa a fost foarte dificila asamblarea produsului, a luat mai mult de 1 ora. in rest produsul isi face treaba.|0
828|daca ar fi mai putin zgomotos ar fi foarte bine, dar e cam zgomotos inclusiv parte de confirmare dupa apasarea telecomenzii.|0
829|la banii pe care ii dai face treaba. cateva zile la inceput se simte un miros puternic de plastic ars, de produs ieftin, dar apoi acel miros dispare. a trebuit sa-i schimb dupa doua saptamani si bateria la telecomanda. sa vedem acum cat rezista.|0
830|isi face treaba, dar face galagie destul de mare. in primele zile miroase plasticul chinezesc din ce este facut. in rest o chinezarie ieftina din plastic 100% care din punctul meu de vedere nu prea merita banii. il voi returna.|0
831|l-am returnat in 2 zile pentru ca era zgomotos si nu reusea sa racoreasca un balcon relativ mediu ca dimensiuni. plasticul nu e de cea mai buna calitate, asa ca nu cred ca ar fi avut o rezistenta buna in timp. vine cu telecomanda si are trei viteze, dar la cat e de galagios, 1/2 e deja deranjant. nu recomand|0
832|il folosesc fara protectia din fata, clamele sunt prea greu de prins.|0
833|pentru pret e ok, destul de silentios, aspect modern si are avantajul telecomenzii. cam atat.|0
834|trecand peste faptul ca mi-a luat o mie de ani sa il montez, e ok-ish. foarte zgomotos pe medium si high speed.|0
835|am achitionat 0 bucati. unul a venit perfect al 0 cu probleme, l-am returtant. am platit transportul a venit altu, surpriza  nu avea un surub de sustinere, l-am improvizat si l-am lasat asa, dar merge foarte bine in rest. puternic si cel mai fain este ca are telecomanda noaptea ti-l pornesti/opresti cand vrei.|0
836|este ok. sunt multumit. merge bine. materialele (plasticul) sunt ieftine si piesele puteau fi mai bine finisate. telecomanda pare o jucarie de copii.|0
837|dupa multiple anulari ale comenzii, l-am primit, asamblat si folosit 2 zile. emana miros de cauciuc si pe treapta de oscilatie e ft zgomotos. il trimit in service sa vad ce are. am rezerve cu privire la calificativ, nu sunt prea happy. in cel mai rau caz ii dau retur |0
838|singurul minus este ca este prea puternic pe setarea cea mai joasa daca ai un apartament/camera mica nu recomand sa il iei , este mult prea puternic.|0
839|"am citit din review-uri ca e ""foarte silentios"", nu este chiar asa, la viteza a 2-a zici ca isi ia zborul. montatul este relativ usor, nu are materiale de calitate, dar la banii astia, nu poti sa speri la mai mult. miroase a plastic incins de la motor, in toata casa. fie am nimerit eu un produs defect, fie sunt prea pretentios."|0
840|foarte greu de asamblat, instructiuni proaste|0
841|nu este deloc silentios precum descriu altii.|0
842|"corect raportul pret-calitate. dar un mare dezavantaj este lipsa butonului de reglare a capului ventilatorului. este prevazut, insa, cu surub si piulita, destul de greu de manevrat daca nu ai surubelnita potrivita. oricum, acest lucru nu poate fi facut frecvent pentru ca surulbul ""olareste"" plasticul capului de ventilator. ceea ce in timp va avea ca efect imposibila fixare in vreo pozitie. adica va face imposbila folosirea ventilatorului, practic."|0
843|nu e foarte silentios, dar nici zgomot prea mare nu scoate. are uneori probleme cu comenzile de la telecomanda. apas pe o comanda si inregistreaza alta, dar nu se intampla des. arata foarte bine si e relativ usor de asamblat. la pretul asta e foarte bun|0
844|se monteaza usor maxim 5 minute, telecomanda cu viteze + timer de oprire automata de la 30min la 8 ore, 2 trepte se viteza, fluxul de aer este puternic.|0
845|sunt foarte multumit de el, dureaza ceva pana te obisnuiesti cu zgomotul dar telecomanda si functia de temporizare e extraordinara!|0
846|imi place! isi face treaba excelent. materialele nu miros urat si are putere destul de mare. putin complicata montarea, dar nu imposibila. recomand!|0
847|sistemul de prindere la mijloc e jalnic, pica daca il atingi catusi de putin, in rest e ok, isi face treaba.|0
848|review dupa aproximativ un an de cand l-am cumparat. la o saptamana de la data achizitiei a inceput sa scartaie ingrozitor din toate partile, desi l-am asamblat conform instructiunilor. perna lombara nu este calitativa deloc, s-a deformat dupa o luna de folosire. in cele din urma, dupa un an de la achizitie, a cedat si s-a rupt. mentionez ca sunt sub greutatea maxima admisa a scaunului, deci chiar nu vad niciun motiv pentru care sa fi cedat atat de repede, decat doar calitatea precara a materialelor si a constuctiei.|0
849|il detin de vreo 2, momentan scaunul este ok. un minus il dau calitatii slabe la material s a rupt foarte repede, arata ciudat.si venind vorba de confort ei bine cam dezastru incerc toate poziile posibile sa nu ma mai doara spatele, chiar si picioarele uneori, s au dezlipit si logo-urile. sincer, pe vremea aia nu stiam ce scaun sa iau. la banii astia ma asteptam la ceva mai bun,si un confort decent,si material din care este facut dar eh, trebuie sa gresesti o data ca sigur nu vei gresii a 0 a oara, depinde de situatie.|0
850|pro aspect placut, relativ comod.contra: dupa nici o saptamana de folosire, spatarul are joc, incepe sa si scartaie putin. calitate slaba|0
851|te tine un an dupa care incepe sa cedeze: scartaie la fiecare miscare pe care o faci, pielea artificiala incepe sa se cojeasca. atentie la faptul ca nu este asa de inalt precum alte scaune din aceeasi categorie.|0
852|ma folosesc de acest scaun de pe data de 15.05.2022-pana in prezent. dupa aproximativ o luna de folosita a cate maxim 0-2 ore pe zi, a inceput sa scartaie foarte tare, suruburile de la spatar cele din lateral trebuie sa le strang aproximativ in fiecare zi deoarece se slabesc foarte usor, sistemul de ridicare a manerelor a inceput sa dea rateu (nu prea mai au forta sa-mi sustina bratul, am 92kg si 1,85 inaltime, deci nu am brat de culturist. din cauza acestor motive o sa fac retur pe acest model de scaun. toate cele bune!|0
853|minusuri manerele nu se ridica foarte mult si nu se dau in fata si in spate, pielea nu e m-ai deloc calitativa, daca ai parul m-ai lung si te apesi mai tare cu capul pe scaun o sa iti intre parul in plasticele de la cele 0 gauri ,buretele de la sezut nu este foarte gros drept urmare daca stai foarte mult pe el o sa te doara fundul. plusuri e un scaun de buget |0
854|am cumparat produsul acesta aproximativ acum 10 luni. dupa ce am cautat ceva vreme un scaun de calitate, m-am oprit la acesta. a venit okay, primele luni a mers fara nicio problema. incetul cu incetul, fiecare componenta (inafara de tapiterie) a inceput sa scartaie si sa dea rateuri. astazi a murit de-a dreptul, suportul stanga din imbinarea cu partea de jos (deci placa din interiorul pernei care suporta spatele) a cedat, efectiv sudura s-a desprins. nu merita pentru cat am dat eu, dar pentru pretul curent? e o gluma proasta, la care rad numai producatorii.|0
855|sa rupt piciorul dupa 10 luni, se cunoaste ca material slab, la manere a inceput sa se rupa, a fost okay cat a durat|0
856|am achizitionat acest produs, resigilat, si am constatat ca avea o piesa rupta, si era foarte prafuit. sincer, as prefera sa se descrie produsul exact asa cum este, sa stiu pe ce dau banii!|0
857|pe cutia produsului in 2 limbi diferite scrie ca greutatea maxima admisa e de 120kg. pe site-ul emag cat si pe alte site-uri scrie 150kg. am cumparat acest scaun pentru ca am 0.06 metri si 135kg, deci puteti intelege de ce am cautat un scaun care sustine pana in 150kg. prima data cand am stat pe un scaun de gaming a fost intamplator la un internet cafe si mi-a fost foarte comod. pacat ca nu am retinut numele producatorului si modelul acelui scaun. pe acest scaun ma simt ciudat si am impresia ca imi provoaca durere la spate in conditile in care eu am discopatie lombara. eu l-am achizitionat la 499 ron si la pretul asta mi se pare foarte scump.|0
858|este un scaun ok, in banii astia mi am luat altceva mai calitativ dupa 4 ani de folosire. la scurt timp a inceput sa scartaie, piele s a luat cam toata dupa el. daca aceste 0 aspecte nu te deranjeaza, e un scaun bun.|0
859|la aproximativ 1 zi dupa folosire, maneta de ridicare, lasare a scaunului in jos s-a stricat, cand trag de maneta scaunul nu se mai ridica|0
860|5 stele pentru livrare a venit urmatoarea zi dupa plasarea comenzi. scaunul este confortabil, montarea a fost usoara. cel mai mare minus il au cotierele nu au un sistem de blocare stanga/dreapta se misca foarte usor cand le atingi, al meu are un joc si fata/spate ceva nu e ok. ridicarea si coborarea cam inutila deoarece nu ajungi cu coatele pe ele.|2
861|scaunul este confortabil, dar nu este bun pentru cei mai inalti. eu am 1.81 si pot spune ca e cam la limita.  acum vreo 0 saptamani a inceput sa scartaie.|0
862|scaunul arata okay, mi se pare super confortabil. problema mea este cu scartaitul... dupa 0 saptamani a inceput sa faca foarte urat, am incercat sa mai strang suruburile dar nu pare sa ajute prea mult.|0
863|scaunul este confortabil, insa te incingi pe el, iar perna superioara este inconfortabila. trebuie sa ai minim 1.75 ca sa poti sta confortabil pe el.|0
864|nu te poti astepta la ceva extraordinar. acum ramane de vazut cat ii de durabil. am fost mai ghinionist pt ca dorel nu a pozitionat gaurile cum trebuie, un surub nu am reusit sa il pun pt ca nu era pe pozitie cu gaura. doresc sa cumpar produse fabricate in tara dar din pacate imi lasa un gust amar, dezinteres din partea muncitorilor piese lipsa, posibilitatea montarii doar partiale. atasez poza cu sezutul scaunului.|0
865|plasticul cu care e capitonat incinge, daca stai pe el mai mult timp.  mi-a venit cu un defect de fabricatie, a trebuit sa-l inlocuiesc - o nota proasta pentru seriozitatea producatorului.|0
866|sunt extrem de dezamagit pana acum; lam luat pt recomandarile de pe net dar nu isi merita bani. de asemenea cutile au fost aduse sparte pe langa asta pernele nu-s comode deloc perna de gat este foarte tare si cea de coloana la fel. momentan o sa-l tin 0-2 zile sa vad daca ma obisnuiesc cu el daca nu il returnez si caut altu.|0
867|scaunul ar fi fost ok daca nu ar fi fost toate partile de imbinare de plastic sparte. nu stiu cum transporta emag coletele, pentru ca a fost ridicat din showroom, dar absolut toate piesele de imbinare de la picior erau tandari.. si nu am avut cum sa il montam, a trebuit sa il returnam.. de acum vom verifica in showroom fiecare produs sa nu il mai caram pana acasa si sa avem surprize...|1
868|am luat 2, pt fii mei adolescenti. sunt foarte bune, comode, va zic sincer ca am citit si comparat, vreme de 2 zile, multe review-uri de la alte branduri pt pt acest interval de pret sunt cele mai ok.usor de asamblat si chiar au un raport bun calitate pret.|0
869|super calitate, confortabil! stiam asta, pentru ca nu este primul pe care il cumpar... il am pe cel cu albastru la serviciu de un an si pot sa spun ca am scapat de durerile de spate si nici nu simt ca stau in el 8 ore pe zi. l-am vrut si acasa, asa ca l-am luat pe cel cu rosu. sunt foarte multumita, recomand cu incredere!|0
870|scaunul este ok confortabil, un pic cam inalt dar nu poti sa le ai pe toate. este o diferenta mare fata de cel facut din panza, mult mai confortabil. asamblarea este putin complicata 20 minte ca am stiut despre ce este vorba cu cel de inainte. mare atentie intructiunile sunt dificile, luati un ghid de asamblare pe youtube ca sa va orientati unde cum vin suruburile cu capacele.|0
871|multumit de scaun, asamblarea a fost usoara, nu au fost probleme. daca toate suruburile sunt stranse ok, nu scartie si este foarte stabil. am schimbat rotile cu altele speciale pentru parchet din silicon si all is good.|0
872|am achizitionat acest scaun pentru sotul meu. este foarte incantat de el. s-a montat usor, este foarte comod. speram sa fie si rezistent (asa pare a fi). livrarea a fost foarte rapida|2
873|material foarte subtire. se largesc dupa doua spalari. calitate proasta.|0
874|100% bumbac. bune daca nu le speli, dupa spalare din m devin xs|0
875|material ok dar dupa prima spalare se micsoreaza.|0
876|materialul lasa de dorit, nu cred ca e facut integral din bumbac. iar la marime vine foarte mulat - mai degraba slim fit.|0
877|par a fi tricouri purtate, este un material de proasta calitate!|0
878|intre maneci si trup parca sunt lipite cu adeziv, nu cumparati|0
879|foarte lungi, nu respecta marimea.foarte dezamagit|0
880|modul de impachetare lasa de dorit nici pe departe cum este prezentat in descriere.|0
881|tricourile sunt un magnet de scame…marimea s este chiar cam fixa, nu este asa cum spun toti ca la spalare se largeste…poate difera sellerii, prima comanda cu marimea m era prea mare, dupa am dat comanda de s si este cam fix, nu vine peste umar cusatura. deci, sunt doi selleri care vand aceste tricouri si cei de la vaella le au pe cele strimte si ce sa scamoseaza.|0
882|nu recomand decat daca le purtaţi prin casa sau cand dormiţi. se descos la talie si se deterioreaza materialul la spalare.|0
883|sunt bune de stat prin casa. atentie la marime, dupa spalare se micsoreaza.|0
884|arata bine, dar nu merita banii pentru ca se rareste repede materialul in zona degetului mare. dupa cateva purtari deja se vede soseta din exteriorul adidasului.|0
885|comozi si atat. calitatea lasa de dorit. materialul textil de pe talpici s-a deslipit.|0
886|imi place sunt fan puma, dar marimile nu se potrivesc nicicum, desi am comandat cu un numar mai mare.|0
887|un pic cam incomozi|0
888|acum mi-au venit, mi s-au parut comozi cand i-am probat prin casa dar subliniez stand cu fundul pe pat adica nu era mare presiune pe tapla, in vreo 10 min au inceput sa ma doara picioarele cu toate ca i-am luat cu jumatate de numar mai mare.|0
889|calitate indoielnica, i-am purtat 20 minute prin casa si deja au facut cuta in fata si incep sa se descuameze. nu cred ca vor rezista prea mult. nu i-as recomanda, pacat. in rest, au venit repede, s-au potrivit.|0
890|foarte incomozi, plus ca materialul folosit arata foarte ieftin, se increteste tare.|0
891|s-au uzat cam repede... nu le-as mai cumpara inca o data.|0
892|calitatea este proasta, nu sunt comozi si nici numarul nu se potriveste|0
893|nu sunt comozi deloc, am retur a doua zi.|0
894|dupa cateva luni a cazut butonul dreapta sus... nu mai poti edita ora... practic devine neutilizabil|0
895|butonul de reset nu functioneaza!!|0
896|nu m-a ajutat cu nimic. pentru mine nu a mers|0
897|din pacate mie imi usuca tenul/pielea destul de tare.|0
898|desi la prima vedere curata foarte bine, dupa cateva zile am realizat ca mi-a uscat foarte tare fata. lasa o senzatie de piele stransa si chiar usutrime. nu am tenul sensibil sau cu probleme.|0
899|am cumparat acest gel de curatare la inceputul lunii noiembrie si l-am folosit pana acum de doua ori pe zi si vreau sa va spun ca nu observ diferente. eu am tenul foarte sensibil, mi. au aparut cosuri in continuare iar cele pe care le aveam inca nu au disparut, doar s-au estompat.|0
900|dupa prima utilizare imi apar cosuri si usturime pe fata. poate la altii ii bun dar mie practic nu. miros de lipicu eu nu am simtit.|0
901|produsul difera fata de ceea ce este prezentat in imagini, fata de ceea ce se vinde in farmacie. acesta nu are aceleasi inscriptii cu cel din farmacie si nu imi ofera prea multa incredere in ceea ce priveste actiunea sa fata de piele, eu am optat pentru retur. cei ce cunosc produsul si il folosesc vor observa diferentele pe care ambalajul acestuia le prezinta, in farmacie nu se gaseste sub aceasta forma. |1
902|am acest gel din vara. curata bine tenul, piele ramane catifelata. mie nu mi-a facut bine acest gel de curatare pentru ca contine niacinamida, pe care tenul meu nu o tolereaza. dupa folosirea lui imi aparea cate un cos sau uneori mai multe. nu o sa il mai cumpar. daca aveti intoleranta la acesta substanta nu vi-l recomand. niacinamida scoate la suprafata toate cosurile care trebuiau sa iti iasa intr-o perioada mai lunga de timp. de exemplu, de aseara cand l-am folosit ultima data pana acum, dimineata, mi-au aparut 5 cosuri noi pe fata, unele dureroase.|0
903|face greu spuma, dupa o clatire abundenta inca simti produsul pe piele si experimentez o acnee destul de uratica pe obraji sunt la a3a saptamana de folosire si inca nu a trecut. singurele plusuri sunt ca am fata mai luminata si nu ti lasa fata uscata dupa utilizare.|0
904|lipsa folie protectie, nici un fel de sigiliu.|0
905|crema fara nici un fel de sigiliu, inclusiv capacul nu era inchis bine, fara folie in interior, nemultumita|0
906|folosesc gama cerave demult, cunosc aceasta crema, insa aceasta formula noua a ei mi se pare ca a stricat o minunatie de crema. are parfum, miroase a nivea, sincer initial am crezut ca este contrafacuta, nu intelegeam ce se intampla. consistenta cremei este cu totul alta. pacat, era foarte buna vechea formula...|0
907|pentru o piele foarte uscata nu functioneaza, sau cel putin la mine nu a functionat.|0
908|"am primit crema azi si cand sa deschid capacul, vad o ditamai gaura, de parca cineva a luat o cantitate buna din ea. foarte ciudat, o fi de la transport... dar ambalajul lasa de dorit si mai are si un pret pe masura.
 "|1
909|crema nu intra in piele. daca o aplici seara pe fata, dimineata cand te speli o simti cum inca este pe fata, neabsorbita. personal, nu imi place textura si nici cum ramane pielea dupa aplicare. o sa ma reorientez catre alt produs.|0
910|fata de aprecierile citite aici, consider ca aceasta crema nu e nici mai buna, nici mai rea in comparatie cu alte creme. este o crema hidratanta, fara parfum. intra repede in piele dar nu dureaza chiar o zi intreaga hidratarea. nu as mai comanda-o a doua oara.|0
911|nu ma ajutat, mi-a facut fata mult mai lucioasa.|0
912|nu hidrateaza pe cum este in descriere. o crema simpla care poate fi luata si la jumatate din pretul acesteia.|0
913|prea vascaosa, lipicioasa|0
914|este important ca nu contine parfum, in rest, lasa de dorit. ma asteptam la o consistenta mai de calitate a acestei creme. foarte pe departe de ceea ce se doreste a fi din propria-i prezentare!|0
915|pentru mine, isi face efectul, hidrateaza destul de bine. imi place ca nu are miros(parfumuri) si ca intra rapid in piele|0
916|cea mai buna crema cand vine vorba de ingrijirea universala a pielii. n-as recomanda nimic altceva pentru cei cu piele sensibila.|0
917|este foarte buna si pentru fata dar o folosesc si pentru corp|0
918|mama e multumita! livrare rapida|2
919|crema este foarte hidratanta si intra in piele in mai putin de 1 minut, nu are parfum, cum scrie si in descriere. am pielea sensibila si nu ma irita deloc. mentionez ca am cumparat produsul direct de la emag, nu prin intermediul unui alt vendor de pe platforma.|0
920|meniu greoi, putin configurabil. telecomanda greu utilizabila. la analogice imaginea e stersa|0
921|"porneste destul de rapid dar schimba canalele in 5-6 secunde, are aplicatii pe care le deschide foarte greu
 nu merita banii"|0
922|am facut retur. gasesti mult mai calitativ in aceeasi bani.|0
923|calitatea imaginii scazuta|0
924|deci este ultimul televizor de la samsung pe care il mai cumpar... nu are nici un fel de hdr + nici macar un hdr normal, sunetul este cum este... calitate slaba... nu sunt respectate specificatiile... la pretul asta mai am un tlc, care este mult peste, cu hdr, dolby atmos, dolby vision... si multe altele... deci pentru un model 2024... dezamagire totala!|0
925|nu ma asteptam sa fie atat de slab din punct de vedere calitativ, imaginea este in ceata, culori sterse! pur si simplu nu se vede clar fata stiristei, de exemplu. inteleg ca la o diagonala de 163 cm imaginea nu este la fel de clara ca la 108, sa zicem, dar nici atat de mare diferenta, atat de slaba, stearsa, cenusie. sambata l-am cumparat, luni il returnez.|0
926|calitatea imaginii este deplorabila, blurata, culori sterse, nu ma asteptam ca un televizor samsung sa fie atat de neperformant in anul 2024.|0
927|pe canalele hd imagina era buna, insa pe celelalte canale imaginea era de slaba calitate. din pacate nu mi-am putut da seama daca este problema de la cablu digi sau de la tv. am returnat produsul.|0
928|am mers mult timp pe lg si am zis sa mai incerc si ceva de la samsung! imagine buna sunet varza... si cireasa de pe tort meniul... a trebuit sa intru pe youtube ca sa vad cum se cauta programele... telecomanda varza fata de magic remote de la lg! ultima oara pentru mine samsung!|0
929|acest tv are imagine decenta tinand cont de pretul cu care l-am luat (1550 cu tot cu rabla -150 lei) dar cam atat. calitatea sunetului este foarte slaba, meniul dificil, telecomanda un cosmar. lg 55uh668v luat de pe emag in 2016 este mult peste acesta la toate capitolele. am preferat sa-l repar cu 500 de lei, iar la acest samsung i-am facut retur|0
930|comparativ cu modelul 2022... imagine intuneacata, meniu greoi, fara iesire digitala doar hdmi, imaginea sare de la 16:9 la full pe. canalele analog, foarte ciudatel, conexiunea de smart view foarte slaba se conecteaza greu. dezamagit de un tv 2024|0
931|la circa 90 minute de functionare pierde semnalul si nu mai poate fi controlat din telecomanda. trebuie scos din priza ca sa il poti opri.|0
932|mult sub asteptarile mele. cu toate setarile de luminozitate la maxim si cu modul economic desactivat si nu avea luminozitate suficienta. peste 50% nu mai crestea luminozitatea, poate era defect. este mult sub nivelul unui samsung hd de 4 ani sau al unui horizon de 5 ani. probat 1 zi si dat retur.|0
933|din pacate dupa achitionare am instalat windows 11 pro si surpriza nu are wlan, adica wi-fi integrat. am tot instalat drivere de wi-fi dar degeaba. nu am cablu ethernet asa ca azi cumpar un adaptor wi-fi. pacat. candva erau cu toate instalate.|0
934|l-am achizitionat pe cel cu intel core i7 9700f si placa video rtx2070 de la gigabyte, a mers foarte bine in primele 2-4 zile panca cand placa video a inceput sa scoata niste sunete la ventilatore, sau mai bine zis ventilator ca doar unu din ele mergea cealalt se ''odihnea''' am crezut ca trebuie sa ajunga la o anumita temperatura sa porneasca da nici gand, la 83 de grade tot nu se invartea si ala care se invartea parca rasnea boabe de cafea asa de urat se auzea. ar fi trebuit sa imi iau banii inapoi si sa mai astept, pentru ca nu trecusera decat doua saptamani de cand l-am luat, iar acum sta de alte doua saptamani in service.|0
935|"comand prima bucata.. lumini nefunctionale la carcasa. fac retur.. evident! comand al 0 pc... esec.. si mai rau... lumini tot nu merg.. e clar ca cine l a ansamblat e paralel! in plus.. al 0 produs scotea niste sunete dubioase de la sursa.. parea sa plesneasca din moment in moment... a 0 zi retur!
 deci nu... clar! pacat de configuratie.. el merge f bine.. placa video ok.. procesor.. placa baza ok. temperaturi bune.. viteza! in schimb... sursa e de 0 lei.. slaba.. carcasa.. slaba. in plus daca vrei sa schimbi ceva.. trebuie sa trimiti produs la depanero.. exemplu.. sa pui un hdd.. costa 120 lei doar o mufare de sata.. plus transport dus.. intors.. plus produs.. nu se merita"|0
936|problema este ca nu imi pot instala placa video ca placa de baza nu o citeste si nu pot instala drivere. cam dezamagit ca nu am reusit pana acum|0
937|stricat dupa 0 ani jumate de utilizare. imposibil de reparat, a ajuns la gunoi. bun dar fiabilitate zero|0
938|arata bine insa pune probleme la configurare. l-am dat retur.|0
939|un laptop slab pentru specificatiile pe care le are. trimis in garantie, pentru lag in jocuri, s-a schimbat ssd-ul si a inceput sa mearga mai ok, dar tot are lag spikes. in jocuri cu fps uncapped nu trece de 200fps, pentru un laptop de 8k lei nu se merita.|0
940|bateria scade vazand cu ochii, iar dupa o luna si ceva de utilizare medie(excell dupa-masa 0 ore) sacadeaza ecranul.|0
941|nu am avut niciodata atatea probleme cu un singur laptop. intr-un an l-am dus in service-ul emag de 0 ori.o data nu imi mai mergea butonul de deschidere, mi-au schimbat tastatura.apoi avea probleme la placa video, nu-mi mai deschidea jocurile. merge greu, la 2 minute dupa ce il deschid isi da freeze. se incinge imediat desi am un cooler separat nu recomandar acer in general, dar parca laptop ul asta a fost prea de tot|0
942|nu imi place! nu are driver-e instalate. nu are port pentru cablu internet. wifi face figuri si are conexiunea slaba si greoaie in comparatie cu un asus fara memorie!!! lenovo meu are in tera di e msi slab! daca imi mai face figuri wifi, cred ca il returnez! am luat un laptop resigilat!|0
943|din cutie este inutil, nu functioneaza pad-ul fara driver si fara un mouse nu il poti folosi, net nu ai ca ai nevoie iar de drive... fara un alt laptop conectat la net, te uiti la produs. la acesti bani macar cele doua drivere lenovo puteau sa le puna in cutie pe un stik ieftin.tastatura nu este iluminata dar numai ce treci peste aceste puncte negative, calitate-pret este un produs decent. dar sincer, eu nu il recomand|0
944|din pacate l-am returnat din cauza display-ului care este tn. se vede foarte prost.|0
945|nu sunt multumit de laptopul lenovo achizitionat. primul lucru care ma nemultumeste este fapotul ca nu are mufa de intrare pentru internet prin cablu. se stie ca viteza de transfer e mai mare prin cablu decat prin wi-fi. al doilea lucru care ma nemultumeste este ca nu are decat doua porturi usb. consider ca erau necesare cel putin patru poate chiar sase. o sa-mi spuneti ca exista multiplicatoare de porturi usb, stiu si mi-am luat deja „hama” cu patru iesiri dar nu e acelasi lucru. am un dvd riter extern care necesita alimentare din doua porturi usb in paralel (pentru putere de alimentare mai mare), asa are si cablul de alimentare, se ramifica in doua pentru doua porturi usb. prin folosirea multiplicatorului nu se rezolva marirea puterii de alimentare deoarece se conecteaza la o singura iesire din laptop. si raportul calitate-pret in general este slab.|0
946|nu functioneaza touchpad-ul, desi am instalat driverul, am incercat si cu alte versiuni de drivere si acelasi lucru. sistemul de operare instalat si compatibil conform specificatiilor win10.|0
947|s a stricat in mai putin de o luna... cei de la garantie depanero, au raspuns solicitarii imediat, iar pt ca nu s a mai putut repara, am solicitat banii inapoi, ceea ce emag a raspuns imediat cererii. am comandat alt model, acum sa speram ca va fi ok.|0
948|rapid, finut. e cam complicat de instalat windowsul, dar pana la urma a mers. sunetul nu e nemaipomenit, displayul e asa si asa. in rest, e un produs bun.|0
949|sunt multumita de produs, sunetul nu este chiar foarte “clar” dar personal, nu l am luat pentru a asculta muzica pe el. de mentionat ca acest laptop este facut pentru windows 11, deci pe windows 10 nu o sa mearga touchpad ul si nici nu l puteti gasi in setari.|0
950|face bine ceea ce trebuia sa faca. am instalat pachetul office si ruleaza super bine. nu este luat pentru jocuri, deci nu imi dau cu parerea.|0
951|un laptop ideal pentru utilizare home sau office. imi place aspectul si faptul ca este destul de slim. caracteristicile de performanta sunt peste medie si este suficient pentru ceea ce intentionez sa-l folosesc. driverul de windows trebuie instalat separat. bugetul in care am vrut sa ma incadrez a fost cel de 2500 lei si cel care mi s-a parut cel mai ok a fost acest model. l-am luat cu 2300. are ecran de 16, ips, 1 tb, tastatura numerologia, este subtire si usor.|0
952|foarte multumit de laptop, greuta instalarea windows, nu a mers 10 si am pus 11. driverul de wifi l-am instalat dupa ce am deschis windows pe un stick, apoi am instalat restul din site-ul lenovo, se poate seta sa se actualizeze automat.|0
953|ma intreb daca in tarile vestice, se vand astfel de dispozitive?! eu inteleg ca este ieftin, dar nici chiar sa nu te poti folosi de un produs. doar youtube rula in fundal si mergea sacadat ori se tot oprea sa se incarce. daca mai deschideam un task, fie youtube mai mult statea, fie efectiv se inchidea. ecranul e putin peste un toshiba din 2014. difuzoarele, o gluma, dar se rezolva cu fel de fel de difuzoare/boxe externe, asta daca - nu se deconecteaza de la dispozitivele bluetooth mereu. daca vreti multi-task, fugiti de el. i-am instalat windows, ca altfel il returnam.|0
954|windows-ul este o gluma.. mai bine cumperi unul fara sistem de operare, bateria tine dar el se blocheaza destul de repede sau merge greoi|0
955|acest laptop vine la pachet cu un windows 11 s mode ceea ce inseamna ca nu poti instala nimic din google play, a fost foarte dificil sa dezactivam acel s mode, nu l-as mai cumpara a doua oara daca ar fi cazul|0
956|dupa un an si jumatate de la achizitionarea acestui laptop pot spune ca a fost cea mai proasta alegere de la acea vreme. m. am bucurat la un pret mic si am cumparat un produs foarte slab. se misca foarte, foarte greu. pana incarca o fila poti face un somn. ca sa faci actualizarile de windows sau aplicatii, trebuie sa. ti iei concediu. acest laptop in aceasta configuratie, este o gluma proasta.|0
957|performanta este excelenta, porneste rapid si ruleaza fluent chiar si aplicatiile mai solicitante. tastatura este confortabila si solida, iar designul este elegant si modern. bateria are o autonomie foarte buna, perfecta pentru munca sau studiu in deplasare. recomand cu incredere lenovo pentru fiabilitate si raportul calitate-pret foarte bun!|0
958|cand iti uiti un laptop acasa si ai nevoie cu el la destinatie, ce faci, decat sa iti cumperi altul... asa si eu... este bun mai ales ca il folosesc pentru programe usoare. nu am incercat sa instalez jocuri (oricum nu prea am timp de ele). sunt multumita de achizitie. va fi un extra laptop pentru vizionat filmele de pe netflix|0
959|raport pret-calitate ok.livrare impecabila, ambalat foarte bine|2
960|e ok functioneaza ok raport calitate pret ok e usor bateria dureaza pt jobul meu e bun nu vine cu windows-ul preinstalat dar in rest e ok|0
961|folosesc cu ubuntu, doar office si cateodata filme. nu am avut asteptari prea mari, dar sunt super multumit de ce ofera. bateria tine peste 5 ore. se incarca repede. usor si foarte slim, merita investitia 100%.|0
962|calitate slaba a bolurilor, la cel mare s-a rupt siguranta dupa 1 an si aproximativ 15 folosiri.|0
963|am revenit cu review-ul, la cateva utilizari s-a stricat mecanismul de contact al bolului, astfel incat nu mai este functional pana la achizitia unui vas nou. foarte fragil si prost plasticul, motorul e bun. |0
964|stau de-o vreme sa ma gandesc daca e cea mai slaba unealta de bucatarie pe care am avut-o vreodata sau nu. daca partea de maruntire este, in cel mai bun caz, mediocra, partea de blender este absolut inutila. practic, am pus 4 biscuiti digestivi in blender spre a-i faramita. a reusit sa macine unul dintre ei, restul au ramas intregi. recomand sa alegeti orice altceva. |0
965|hei! aparatul este foarte dragut. destul de practic si de usor de utilizat la un pret accesibil. l-am achizitionat in septembrie a anului trecut pentru parintii mei, care l-au dorit pentru a-si stoarce suc de portocale. au inceput sa il foloseasca abia pe la sarbatori, iar in ultima vreme nu s-au prea atins de el. zilele trecute a scos fum si nu mai porneste... mi se pare totusi o durata de viata cam scurta, chiar si la acest pret. in nici 6 luni de la achizitionare? le-am adresat alor mei tot felul de intrebari ca sa-mi dau seama daca au facut ei ceva nepotrivit si i-au ruinat soarta, dar am concluzionat ca pur si simplu acest aparat a decis sa ne paraseasca. ne va lipsi, la fel cum ne vom lipsi si noi de acest producator.|0
966|initial am crezut ca e ok aparatul, dar pana la urma chiar nu recomand. atasamentul de tel s-a facut bucati dupa doua folosiri. literalmente bucati, s-a dezmembrat. oricum era inutil, nu ajungeau telurile sa amestece pana jos.la un moment dat nu a mai functionat cu vasul de blender si nici cu cel mic. de la service mi-au zis ca nu se poate repara.|0
967|materiale proaste, greu de montat, iti ofera o usoara impresie ca se va rupe la urmatoarea utilizare. in schimb, daca reusesti, va taia bine ceapa - atat am incercat|0
968|aparat robust, raport calitate - pret acceptabil, recomand|0
969|un fier de calcat calitativ la un pret mai mult decat decent.|0
970|nu ma asteptat sa mearga asa bine la pretul acela dar am ramas uimita|0
971|multumiti de acest fier de calcat. este destul de usor ca greutate.cumparat la 73 lei, suntem multumiti de raportul calitate pret.|0
972|un produs foarte bun. calitate-pret excelenta, recomand|0
973|nu recomand, s-a stricat dupa un an de folosit sporadic, acum astept sa vad daca se poate repara, noroc ca este in garantie|0
974|a fost bun 0 ani jumatate. acum nu mai functioneaza, se aude un harait in el si scoate fum. garantia a fost 0 ani|0
975|"am achizitionat cuptorul in urma cu 0 ani... dupa 0 luni a scos un sunet ciudat, tremura. l-am dus la reparat, aveam garantie. toate bune si frumoase exact pana la terminarea garantiei... la o luna dupa cei 0 ani cuptorul meu efectiv nu a mai incalzit! mergea, tavita se rotea, lumina se aprindea... dar degeaba.si vorbim de un cuptor curatat, ingrijit.nu stiu daca toata gama este asa, daca am avut eu ghinionul unui cuptor defect din start sau daca am cumparat la pret de nou un cuptor,, prefolosit"". ideea e ca sunt dezamagita, pentru imi placea de el in rest. nu vreau sa ma tina toata viata, dar nici doar pana expira garantia!"|0
976|detin acest produs de aproximativ 1 luna si nu sunt multumita. carcasa este dintr-un material foarte slab de aceea se incalzeste foarte tare cand incalzesc ceva timp de 2-4 minute, nu vreau sa-mi inchipui ce se intampla daca il las sa mearga mai mult. este destul de galagios iar cantitatile mici nu le incalzeste tot timpul la fel. am incercat sa incalzesc aceeasi cantitate de apa in aceeasi cana timp de 20 secunde si de fiecare data apa avea alta temperatura. nu recomand.|0
977|"am dat sa sterg ""geamul"" si m-am trezit cu folia de plastic ce imita geam-ul in mana. dezamagit de constructia slaba. in materie de incalzit e relativ ok dar relativ ok e si unul la 200 ron deci nu se merita 300 ron cat am dat eu pe el."|0
978|dupa nici 0-2 luni plasticul de la butoane e pe duca.. unica folosinta|0
979|in primul rand nu cred ca are 20 litri, asta ma dernajat pe mine, nu am apuucat sa il utilizez prea mult.|0
980|nu curata foarte bine tenul gras desi este si pentru acest tip de ten|0
981|nu stiu daca e doar la mine, l-am cumparat pe baza recenziilor si dupa fiecare utilizare ma inrosesc pe fata si ma mananca fata de la el... eu avand tenul gras, deci probabil nu mi s-a potrivit mie.|0
982|pentru mine nu a functionat deloc acest produs. mi-a uscat tenul foarte tare, pielea m-a piscat dupa folosire si aveam acea senzatie de strangere.|0
983|produsul este okay. nu are colorant sau miros si dupa aplicare este foarte spumos. eu am un ten sensibil si pare ca se impaca destul de bine cu el, insa nu m-a ajutat deloc impotriva cosurilor. l-am folosit si ca demachiant, iar datorita spumei este destul de bun si la asta. se indeparteaza destul de greu de pe fata si, din pacate nu se pliaza prea bine nevoilor tenului meu.|0
984|avand o formula atat de usoara, nu simti ca revigoreaza tenul dupa spalare si am constatat ca raman inca impuritati, cand am probat cu apa micelara. prietenos, asa, cu pielea, dar departe de “performanta”.|0
985|in talie ceva cam stramti, clar mai stramti decat de obicei pt marimea ce am cumparat-o de mai multe ori(34). culoarea mai inchisa decat in poze iar materialul nu cel mai fin. in rest ok, pret aproape jumatate fata de malluri.|0
986|marimea nu corespunde cu acest model. am mai multe perechi de 501, dar acest specimen este mai stramt pe picior. made in bulgaria. tivul de jos este cusut foarte aproape de margine. nu am mai vazut aceasta abordare de cusatura la levi's pana acum.|0
987|marimea nu corespunde. e cu o marime mai mica decat cea pe care o port de obicei.|0
988|culoare frumoasa, material si croiala asa si asa|0
989|aproape de asteptarile mele, pret bun, recomand|0
990|o mica diferenta de culoare, nu este chiar olive dar nu ma deranjeaza. material super bun si fitting bun.|0
991|modelul este foarte frumos, din pacate, cu toate ca la alte modele sketchers port 37, la acesta 37 mi-a fost mica... pacat ca nu exista un tabel cu marimile sa poti sti exact dimensiunea..|0
992|bun, dar mic pentru mine! m-am luat dupa alte reviews, cum ca ar fi calapodul cu jumatate de numar mai mare, dar este doar lat, la lungime nu este mai mare deloc! iar ca de obicei, incaltarile cu jumatate de numar nu sunt la oferta! mereu... lipsa stoc, dar doar la promotie, cu pret intreg nu lipseste!|0
993|se lasa foarte tare dupa cateva purtari.|0
994|confortabili, usori. recomand|0
995|usori. comozi, un mic defect de fabricatie la sireturi|0
996|sunt usori si comozi, pretul e bun tinand cont ca sunt puma. voiam ceva de incaltat pe ploaie, sunt la fix.|0
997|pielea ecologica de fapt o musama. la acelasi pret cumperi produs asemanator din piele naturala dar fara brand. marime potrivita la lungime. daca ai picioare de shrek ca mine te vor strange la inceput|0
998|pantofii ar trebui sa fie mai lati ma string cam tare. a trebuit sa ii dau cu spirt sanitar sa se largeasca. transportul a fost ok|0
999|la prima vedere, pantofii arata bine, insa sunt cam ingusti. cine se stie ca are piciorul mai lat ii cumpara degeaba.|0
1000|nu are bol blender de sticla, e din plastic si nici nu e specificat la detalii. m-au pacalit pozele. daca stiam ca bolul e din plastic nu- luam. e cam zgomotos.|0
