;content;design
0;se aud foarte bine si sunt confortabile. atata tot ca trebuie sa ai grija la portiunea de fir de langa mufa, caci e mai sensibila.;2
1;acumulatorul la raporul calitate pret este foarte bun. raspunde descrierii facute, mai putin la timpu de incarcare care este destul de mare. recomand.;0
2;acceptabil, pt pretul asta;0
3;"m am chinui prima oara vreo 5 minute sa il bag in locasul brichetei, pana i am gasit ""punctul"" in care intra. sta destul de bine odara pus acolo, se scoate tot greu, dar mai greu intra. incarca fast charge, e micut si e ok. mai ales la 20 de lei. are un mic led albastru, un punct de lumina care te anunta ca e la incarcat. per total un produs bun.";0
4;bun☺☺☺☺☺☺☺;0
5;este ok, dar lipseste usb c si un strat aderent ca sa nu alunece telefonul pus la incarcat pe wireless.;1
6;pro: finisaje bune, se misca destul de rapid  contra: rezolutia poate sa deranjeze;2
7;initial am achizitionat o tableta vonino magnet w10 de care am fost super dezamagit de lag-ul pe care il avea aceasta tableta de la vonino. am facut retur tableta vonino si am ales tableta aceasta de la huawei care are aproximativ aceleasi specificatii tehnice cu exceptia procesorului. am dat in plus 100 de lei si sunt foarte multumit de noua achizitie. functioneaza impecabil si fara nici un lag. recomand.  cei care zic ca nu are slot de sim si 3g/4g, eu nu am vazut in specificatii tehnice ale tablete sa scrie despre acestea. intr-adevar exista acelasi model de tableta care are si suport gsm, dar costa dublu. exista acelasi model si cu 3gb ram si 32gb memorie interna. si tot huawei mediapad t3 10 se numeste. deci atentie mare la ce cumparati.;0
8;+ livrare rapida, calitate buna  - nu este 100% compatibila cu asus z380 knl ( decupajul pt buton on/off, buton volum si decupajul pt camera spate nu sunt tocmai perfecte), apesi greu pe volum + si - si buton in/off iar camera spate este acoperita foarte putin de husa. am vrut sa o dau retur dar sau complicat lucrurile cu, curierul si am renuntat. multumit doar 90%.;0
9;am cautat mai mult pana sa gasesc un ceas pentru ce am nevoie. toate modelele sunt pentru sport si masoara prea multe. xiaomi are cate putin din fiecare. am conectat foarte repede, nu se deconecteaza usor si notificarile vin imediat. ce am gasit ca si problema si nu stiu de unde este, nu afiseaza numele apelantului, dar cred ca este o problema de permisivitate si sper sa o rezolv.;0
10;un produs bun in raport pret calitate!;0
11;capacitatea e adevarata, daca temperatura nu e prea coborata. la -10c nu mai da (aproape) nimic.;0
12;"plusuri:  + magnet foarte puternic;  + prindere cauciucata de grila de ventilatie;  + punctul de rotatie ferm;  + accesorii pentru toate marimile de telefon/tableta.    minusuri:  - cauciucul care ia contact cu grila de ventilatie este prins de partea de plastic a suportului cu o banda adeziva care aluneca usor in timp;  - ca si solutie constructiva, greutatea telefonului in suport va trage in jos grila orizontala de ventilatie; aceasta grila ajunge intr-o pozitie relativ orizontala, caci nu coboara mai jos datorita corpului de plastic al suportului, care si el se atinge de grila.    p. s.: in general, placuta metalica ce s-ar lipi de telefon impiedica incarcarea wireless; eu am bagat-o intre husa de telefon si acesta (fara sa o lipesc), pentru un galaxy s8, in partea inferioara; nu am probleme cu incarcatul wireless.    ca o concluzie: recomand!";1
13;produsul este ok, bateria tine 2 zile.;0
14;produsul este foarte bun, recomand acest produs deoarece nu este atat de scump pe cat de pun este. dau cu o stea mai putin deoarece cablul de incarcare cu care a venit mi s-a stricat dupa 4 luni, dar nu stiu de ce, adica se conecteaza, se deconecteaza si tot asa..;0
15;e ok, incarca un pic cam greu, cablu de incarcare cam scurt...;0
16;- acumulator cumparat de 2 sapt la 90 de lei: am incarcat de 4-5 ori full un i6s   - este destul de greu pt o geanta mica  - aspect placut, lucios  - saculetul cu care vine este f util  - ledurile care indica cat de incarcat este acumulatorul sunt f utile  - la incarcat - l am lasat peste noapte si dimineata era full;2
17;exact pe gustul meu;0
18;foarte, foarte bun produsul, recomand tuturor care doresc un produs de calitate.;0
19;produs ok.;0
20;il am de aproximativ 6 luni si il port in principiu zilnic. in acest timp l-am tinut conectat la iphone 6s. desi ceasul este “limitat” cand este impreunat cu un iphone, tot pot spune ca sunt multumit de el si face tot ce asi fi asteptat de la un smartwatch. conexiunea bluetooth e in principiu buna, uneori se deconecteaza de la telefon, dar asta e o problema de compatibilitate si nu una a dispozitivului. display-ul este foarte luminos si frumoz, lizibil si in cea mai insorita zi. functiile s-health sunt destul de exacte (ex: pasi, km parcursi, ore de somn). bateria tine aproximativ o zi jumatate - doua cu always-on si bluethooth conectat constant, cateva convorbiri telefonice si putina joaca cu ceasul fara always-on si cu bluetooth ocazional poate tine 3-4 zile. am avut ocazii in care s-a blocat si a trebuit sa il resetez. am observat ca se intampla asta cand instalez multe aplicatii si fete. din acest motiv momentan am revenit la fetele din fabrica si putine aplicatii peste cele standard. daca tot veni vorba de aplicatii trebuie mentionat ca, magazinul tizen este destul de sarac, fiind putine aplicatii si fete de ceas si multe dintre cele existe sunt extrem de kitsch-oase. din punct de vedere estetic i-as acorda 10 stele. chiar si dupa cateva luni bune mi se pare ca arata grozav pe mana.;2
21;foarte bun, arata si bine;2
22;isi face treaba, radio functioneaza cu cablu conectat pt incarcare si fara card. in rest pate ok.;0
23;ceasul arata bine, este destul de solid, iar varianta de 46 (ce am eu) nu e atat de mare pe cat ma asteptam. dimensiunea zic eu ca e ok pentru oricine.  raspunde destul de repede atunci cand vrei sa vezi ora. in functie de setari... ecranul e inchis, iar cand misti mana sa te uiti la el se aprinde foarte repede.  sincronizarea cu telefonul e ok, iar conexiunea la internet de asemenea.  e placut si modul in care ticaie... cand se aprinde.  minus - sistemul de operare. nu sunt foarte multe aplicatii pe samsung market place, cum sunt pe google play.  alt minus, dar aici e legat de infrastructura din romania, versiunea disponibila nu are sim.;2
24;calitate - pret excelent;0
25;- se aude bine si nu distorsioneaza prea mult sunetul original nici atunci cand e volumul la maxim.  - acumulatorul se incarca rapid.  - se aude un bazait atunci cand o folosesti si o incarcati in acelasi timp.    per total e un bun.;0
26;le-am bagat la masina de spalat si merg la fel de bine... isi merita bani;0
27;e bun, deocamdata.;0
28;se aude bine si distanta de acoperire este ok  o mica problema ar fi ca nu se aseaza perfect pe urechi si trebuie sa o asezi mai bine ca sa stea ok.;0
29;il am de aprox. 1 luna, nu ma dezamagit pana acum, pare ca functioneaza exact ca in specificatii. bateria tine in functie de cat de intens il folosesti.;0
30;se potriveste perfect... fara probleme la montaj sau la reglatul lungimii bratarii... recomand;2
31;raport calitate pret ok, dar nu gasesc functia de ascultare fara sa sun copilul? trebuie instalat ceva in plus? in rest ok;0
32;aparatul este destul de precis:  - pt. hr l-am comparat cu datele oferite de un ceas suunto m5 cu centura de puls si au dat rezultate similare  - pt. tensiunea l-am comparat cu un tensiometru automat (de tipul celor pe care le poti cumpara din farmacie) si, la fel, rezultatele au fost similare    pro: precizia in masuratori hr si puls, e usurel, bateria tine vreo 4-5 zile, arata bine, alea-alea.    contra: mare (-) pentru ca functia principala pentru care am luat bratara (notificare pentru apeluri, watsup etc.) lasa de dorit in sensul ca ceasul se deconecteaza. chiar daca pe telefon, in aplicatie, iti apare ca e conectat, pe ceas apare conexiune intrerupta. asta din senin, fara sa ma indepartez de telefon etc.   am sa incerc sa vad daca pe alt telefon are aceleasi deconectari aiurea dupa care ma decid daca il dau inapoi sau il pastrez.;2
33;foarte convenabil calitate/pret. un cadou perfect;0
34;sunetul este foarte ok pentru dimensiunea boxei si nivelul este suficient pentru o camera normala (oricum range-ul pe bluetooth nu permite distantarea prea mult si in niciun caz deplasarea in alta camera), dar si pentru afara, la un gratar cu prietenii, in curte, fara sa deranjezi vecinii.  se gasesc usor si case-uri ieftine pentru protectie / transport.  ca minus: m-a dezamagit ca nu poti vedea nivelul bateriei nicicum, nici macar prin conexiunea bluetooth (android), acea iconita mica de status care apare chiar si la casti chinezesti cu bluetooth de 5 dolari.  doar clipeste un led cand ajunge pe low battery. in fine, pana la urma pot trai cu asta.. cand am ocazia si imi aduc aminte, o mai incarc cate putin, nu neaparat full.  e ok si pentru browsing sau video pe laptop sau tableta, mai ales ca daca ai doua bucati le poti sincroniza;0
35;portabil e cam mult spus... sau nu in buzunar.     vine incarcat cam 75 % se incarca la 100% in 2 ore. probabil de la 0 dureaza cam 6  7 ore  am reusit sa incarc 3 telefoane si o camera foto si mai aveam aprox 35 40 %;0
36;are momente cand se misca mai greut si memorie reala cam mica, mi-am luat un card de memorie pentru a suplimenta spatiul. dar pe youtube merge bine. e ok la banii astia!;0
37;noi am cumparat 2. una pentru barbat si una pt femeie.    am ales pentru design si pentru ca stie mai multe sporturi.  materialul este bun, dupa 2 saptamani nu au aparut zgarieturi.  pedometrul am testat cu o alta bratara si este ok.  masoara tensiuniea bine.  bataile inimii ok.    trebuie incarcat in fiecare 4 zile.  bratara cand in cand opreste pt 5-6 minute.  am folosit numai functia de alergare, mi lipseste ca nu arata km parcursi, arata numai cate minutele am alergat si cate pasi am factut.    aplicatia este foarte prost. trebuie repronit zilnic de 2-3 ori, pentru ca nu sincronizeaza.   am plimbat impreuna 9 km., is cele doua bratari au aratat distante diferite, una 9 km si cealalta 7, dar ca problema vine de la program.  ar trebui o aplicatie mai buna.....    mie lipseste functia antilost.     pentru acest pret este o bratara buna.;2
38;cand umbli la bass si il scazi, cresc inaltele:))  pe radio nu poti face karaoke:)   la banii astia merita aparatul!!!;0
39;am un iphone 6s si il pot incarca de 4 pe zi  il pui noaptea la incarcat si se incarca full  se zgarie foarte rapid..;1
40;un card decent, nu-l setati ca si cale de salvare la video, ca nu merge asa de repede, dar pt fotografii, fisiere e super.  nu mi-a facut figuri, si l-am folosit intensiv, dar stiu sa nu cer mai mult decat poate duce.  il recomand!;0
41;bratara este buna pentru pretul pe care il are. are o precizie destul de buna si tine incarcata mai mult de 20 de zile.   am prmit comada foarte repede doar ca ecranul este putin ciobit.;1
42;raport calitate-pret e ok.;0
43;o folosesc de o saptamana, mai bine zis o foloseste fiul meu de 3 ani. totul pare in regula. wi-fi cam lasa de dorit. ma asteptam la mai mult. in rest totul dupa specificatii. bateria in schimb vad ca duce bine, nu se incalzesre prea tare etc. se merita sa o iei la banii astia!;0
44;husa este de calitate;0
45;este ok.;0
46;am luat. o la oferta cu 50lei... aseara cand am deschis pachetul era 75% incarcata.... am incarcat telefonul meu samsung de 3 ori si am tinut lanterna toata noaptea aprinsa... deci pot spune ca de maxim 5 ori o sa. l incarc cu siguranta, recomand!!!;0
47;scriu acest comentariu doar pentru a aduce la cunostinta celor care urmeaza sa achizitioneza acest produs, faptul ca modulul radio nu functioneaza atunci cand boxa este la incarcat. modului fm functioneaza doar cu un cablu micro usb conectat in aceeasi intrare prin care se incarca.    in rest nu am argumente nici pro nici contra, un produs ok la un pret ok.;0
48;un produs ok, rezista cu brio la socurile pe care i le administreaza un copil de 1 an.  raza de actiune 4-5 m in casa.;2
49;am achizitionat de la acelasi furnizor si modelul cu scai. foarte rapida livrarea (a doua zi de dimineata cu comanda lansata dupa ora 12, daca nu ma insel). calitativ si productiv cureaua este decenta comparand-o cu cele originale, insa nu lasa de dorit avand in vedere si pretul.;2
50;cam mare difuzorul care intra in ureche.  in rest se aude bine. isi face treaba.;0
51;aceasta baterie este absolut perfecta pentru calatorii, festivaluri, etc, datorita capacitatii mari de incarcare. nu am apucat sa imi incarc telefonul (iphone 7) de mai mult de 2 ori, fara sa pun apoi bateria la incarcat. cu 2 incarcari ale telefonului, capcacitatea bateriei a ajuns la 75 %.  singurele dezavataje sunt dimensiunile destul de mari si faptul ca este cam grea, 300 gr, dar acestea sunt deja specificate in descriere.;1
52;este un suport practic si universal. il folosesc pentru un iphone 5s cu tot cu husa si este stabil in mers. foarte practic pentru facetime.;0
53;este foarte util. in special pentru notificari. are multe fete interesante si este usor de folosit. o mica dezamagire a fost ca se lauda cu cateva aplicatii pe care nu pot sa le folosesc:    spotify - nu este in store. probabil din cauza tarii.  uber - nu functioneaza mai deloc. ii pui adresele din telefon, iti ia locatia din ceas, dar cand sa selectezi adresa, este empty. in plus, consuma foarte mult bateria, chiar daca nu o folosesti.    dar acestea sunt cauze care se pot remedia in timp. ceasul si functionalitatile lui sunt foarte utile.;2
54;"am cumparat bratara dupa ce am cautt informatii pe internet. pretul este ok pentru ce face. am 3 probleme/ nelamuriri:  1. cineva scria ca se poate seta culoarea de fundal; cred ca era postat gresit comentariul, eu nu gasesc setarea pentru asa ceva;  2. nu pot seta decat notificari pentru sms si apel, nu pentru wapp, facebook, twitter etc., nici nu am optiunile astea;  3. nu apare id-ul apelantului, nu am gasit optiunea pentru importarea contactelor.";0
55;nemultumiti de cureaua, e foarte rigida pentru asteptarile mele.   curierul a venit la 6 zile dupa ce am facut comanda. (urgent curier). meniul este slab.;1
56;"pro - feluri diferite pentru conectare cu device-uri  - sunet curat, placut care umple incaperea cu un bass prezent cat ai nevoie  - bateria tine cateva zile cu o folosire moderata.  - design placut  contra - ce nu e trecut in descriere si anume faptul ca ""vorbeste"".  vorbeste atunci cand se conenteaza, deconecteaza, cand urmeaza sa se inchida si atunci cand e conctat la telefon iti spune nr de telefon. partea negativa este ca nu poti anula functia respectiva. noi folosim boxa pentru o aplicatie din telefon cu sunete din natura la somnul copilului si cand ti e lumea mai draga si suna cineva asta taie sunetele si incepe sa dicteze nr de telefon. la fel face si cand se termina bateria.     ar fi primit 5 stele daca functia respectiva se putea anula cumva.";2
57;foarte bun, l-am achizitionat la pretul de 60 de lei, inca il folosesc, imi incarc telefonul de aproximativ 4 ori. afisajul electronic este util. lanterna e un mare plus.;0
58;bun, multumit de produs;0
59;tine un pic mai mult decat cel vechi, insa cel vechi se stingea cand ajungea la 20%;0
60;sunt de o calitate deosebita;0
61;pro: este foarte tare mai ales daca ai un s7 cu 128 gb iti intra la jocuri de numa. anti: cand vrei sa bagi telefonul nu iti merge din prima sa te joci si nu se vede asa bine dar e foarte bun. as da 5 stele dar cu telefonul sa il bagi acolo sa mearga nu merge din prima. foarte tare.;0
62;merita, este peste asteptari!;0
63;"pro:  nu se incalzeste;  randament bun - din 10050 mah cat are bateria, te bucuri de vreo 9.000 mah;  notificare led pentru a sti cat este de incarcata bateria;    contra:  cablul de incarcare/descarcare sensibil - al meu s-a defectat dupa cateva utilizari, fara sa il fortez in vreun fel.";0
64;este in regula... problema e ca nu mi se activeaza optiunea de monitorizare somn. o sa mai incerc.;0
65;multumit.... in mare un produs ok. era mai interesant si mai practic sa aiba si un buton pt volum pe boxa, dar nu este.;0
66;sunetul este destul de bun: pentru asemenea marime basul este surprinzator, inaltele cam lipsesc si uneori gijiie. fiind foarte usoara vibreaza deranjant. dupa primirea unui apel, nu revine la modul muzica, astfel senzatia este ca s-a stricat, aceasta se poate remedia din setari apel telefon.;0
67;este ok pana am va recomand;0
68;produsul pe care l-am achizitionat nu este cu nimic mai bun ca in alt magazin, important este ca clientul sa se simta bine primit in magazin si sa primeasca asistenta necesara. lucru care de altfel s-a si intamplat. legat de pret, sunt multumit, calitate?! e totusi samsung. intotdeauna am recomandat emag ca magazin si sper sa fiti in continuare macar la fel. multumesc!;0
69;am cumparat de o saptamana acest acumulator, nu l-am incercat inca la capacitate maxima, dar se pare ca este ok. indicatorul de incarcare palpaie prea slab si se vede destul de greu daca s-a terminat incarcarea acumulatorului.;0
70;destul de ok, calitate/pret.  am achizitionat doua incarcatoare diferite. pe acesta si unul mai ieftin care le folosesc la incarcarea unui iphone se. pot sa spun ca aceste este foarte bun comparativ cu cel mai ieftin cu 10 lei. nu se intrerupe, adica pui telefonul la incarcat si il incarca, sau daca nu il asezi cum trebuie, atunci te anunta imediat ca nu se face incarcarea. cel mai ieftin face cam acelasi lucru doar ca te anunta dupa unul doaua minute ca nu se face incarcarea bine.;0
71;am prins-o de black friday cu 40 lei... incarca relativ ok ca si timp, cred ca miliamperii sunt reali.;0
72;"daca era cu greutatea mai usoara era mai bine  sunt multumit de puterea de iesire 2.4  sunt multumit de livrarea rapida din partea emag si pretul aest produs ca mi a convins ca sa fac comanda pt inca un acumulator cu culoare albastru;-)";0
73;"am cumparat bratara in urma cu o saptamana din dorinta de a-mi evalua activitatea zilnica si somnul.  + bateria tine vreo 5 zile  + ecranul este suficient de mare si vizibilitatea textului pe el este buna  + combinata cu aplicatiile ce se pot instala pe telefonul mobil si pe calculator, bratara furnizeaza informatii despre nr. de pasi, km parcursi, etaje urcate, calorii consumate, calorii ingerate, somn etc.  + se pot adauga activitati fizice chiar daca bratara nu a fost purtata, putandu-se aproxima efortul si consumul de calorii; se pot adauga inclusiv km parcursi  - bratara nu este rezistenta la apa (este usor rezistenta la umezeala)  - bratara este dintr-un plastic cauciucat ce se incalzeste la efort    am cumparat bratara la reducere pt. ca a fost pachet desigilat si consider ca acesta este un pret okay. daca ar fi fost si rezistenta la apa (pentru a nu fi nevoit sa o dau jos cand inot) ar fi fost de nota maxima. nu am avut asteptari de acuratete 100% a masuratorilor (probabil ca senzorul poate fi ""pacalit"" de anumite miscari), dar per ansamblu este un obiect util.";1
74;bateria tine intr-adevar peste asteptari. memoria ram in plus, ar facilita un mai bun raspuns multitouch in aplicatii, mai ales in android 7.0.;0
75;sunt multumita de raportul calitate-pret.  se aude bine atat cu fir, cat si prin bluetooth.   bateria nu prea tine de la o zi la alta, dar chiar daca luminita se aprinde mai poti asculta o perioada indelungata.   imi place ca se pliaza si nu ocupa mult spatiu.;2
76;conform specificatiilor. am dat de cap radioului cu un cablu lung de alimentare introdus in mufa de incarcare, nu in aceea de usb. radiatoarele de bas nu prea misca dar la 10 wati ai difuzoarelor asta este. are un sunet mai plin, mai cald fata de alte concurente care doar tipa tare! a-si fi dorit o h 20 sau a 6 dar de unde pe siturile romanesti! in cele straine si nu dau nume nu am incredere! apreciez expedierea rapida si am incredere in emag!;0
77;se aude foarte clar si destul de tare pentru puterea redusa. bateria tine foarte bine.    recomand;0
78;detin de 1 saptamina acest incarcator si se descurca foarte bine. am incarcat un telefon samsung cu bateria de putere 2100mah si o tableta. dupa care a mai ramas 2 leduri luminoase. deci consum de 60%. telefonul la incarcat in 1ora si 50min. acumulatorul dureaza 3, 5 ore pentru incarcare completa. sunt multumit de acest produs. contra -culoarea;2
79;sunt multumit, raport pret -calitate excelent;0
80;suna bine, dar plasticul nu e foarte bun;1
81;foarte multumit de alegerea facuta.;0
82;este mai mare decat pare in imagini, insa e foarte practic. plasticul e destul de rezistent. ventuza insa nu se prinde de bord, doar de parbriz.;2
83;produsul este in regula, insa cu siguranta puteti achizitiona de la alt furnizor. eset gsm nu accepta retur, in schimb nu livreaza comanda corecta. am comandat husa rosie si am primit-o neagra. asta dupa ce am fost sunata de o doamna sa ma intrebe daca sunt sigura ca tableta mea se potriveste cu husa comandata. deoarece ei nu accepta retur. cam mari mofturi intr-o piata saturata de produse. si, cand colo, nu sunt in stare sa livreze corect.;0
84;+  acumulatorul, asa cum l-am primit incarcat la 77%, a reusit sa tina 3 incarcari succesive pentru un telefon asus zenfone zoom. nu stiu daca mai avea capacitate pentru o alta incarcare, nu am mai incercat.  afisajul digital este de ajutor.    -  lanterna este o gluma, un led slabut si cam atat.  timpul de incarcare este mare, cel putin folosind incarcatorul telefonului mai sus mentionat.;0
85;concluzia finala este fix cat dai atata face, poate chiar putin mai slab produsul pt 120lei cat m au costat cu transport.;0
86;nu are 2 usb-uri  prezenta lanterna led este un plus  sa vedem cat tine!;0
87;se aude foarte bine pentru marimea si pretul ei.;0
88;boxa e foarte misto, conectivitatea cu aplicatia jbl connect e mai nasoala, e la fel de portabila ca un frigider de apartament, nu are baterie.  *probabil cei de la emag au gresit titlul*  sunetul e clar si designul misto.;2
89;se comporta ok.... doar in limba engleza arata si numele apelantului...;0
90;foarte buna, dar nu tine decat 4 zile maxim bateria.;0
91;produsul este chiar ok la banutii astia;0
92;un accesoriu foarte util care functioneaza conform specificatii;0
93;inafara de marime si greutate, lucruri stiute la achitie, in rest merita 100 lei - isi face treaba 4-5 incarcari iphone 7 si samsung s6 edge;0
94;incarca de 2 ori un asus zenfone 2, materialul destul de placut la atingere iar bateria in sine este destul de compacta;2
95;"in primul rand vreau sa iti pun in vedere ca in general sunt extrem de pretentios.    m-a rugat sotia sa ii cumpar o boxa portabila si inital m-am oprint la gbl go care din ce observ are sute de review-uri pozitive... sute.    astazi am fost la magazin sa o probez- calitate ok, bass puternic... destul de ok boxa la banii astia... dar slaba ca si putere comparabil cu sony (cam 3/4w putere reala). design-ul este extrem de slabut- materiale kitcioase- nu o pot recomanda pentru femei pretentioase.    acolo era si philips bt100a- finisaje de calitate, putere decenta (cam 2/3w putere reala), inalte foarte bune... in general ok dar.... bass... pauza totala.    la magazinul respectiv era si sony srsxb10b. finisaje frumoase si foarte placuta la atingere... de boxa vorbesc;)  cand am pornit sony-ul... game over - inalte, joase, fidelitate... bass si muuuuuulta putere. foarte multa putere pentru cat de mica este aceasta boxa.     calitatea sunetului este senzationala- daca va doriti o boxa cu finisaje deosebite, ultraportabila, sunet de senzatie si putere reala de 5w va recomand cu caldura sony srsxb10b";2
96;cam scurt dar multumit de el.;0
97;singurul incovenient este faptul ca tremura putin din cauza asta nu i-am acordat 5 stele.  mentionez ca eu nu il montez/demontez. odata montat acolo a ramas;0
98;foarte bun produsul dar daca vrei sa-i folosesti ca radio nu ai nici o sansa sau cel putin al meu nu prinde nimic;0
99;robusta, rezistenta si suna surprinzator de bine pt un speaker de marimea ei. fun gadget.;2
100;buna ziua. mi-am achizitionat recent o tableta samsung galaxy tab e t560, 9.6'', quad-core 1.3 ghz,1.5gb ram,8 gb. functioneaza impecabil insa problema este la incarcare. dureaza foarte multa incarcarea ei desi e incarcatorul ei original. poate dura si 8-10 ore sa ajunga la 100%. pute-ti va rog sa mi spune-ti care ar fi problema. multumesc.;0
101;e foarte bun, am un galaxy s7 edge, si pot spune ca incarca destul de repede pe fast, deferenta fata de cablu pe fast e undeva la 30 min care zic eu ca e ok avand in vedere ca e wireles, oricum pretul e cam mare;0
102;inafara de ce au scris persoanele care au achizitionat acest produs:  pro: acumulatorul are o autonomie mai mare decat cea precizata in descriptia produsului( dupa achizitie cu acumulatorul oferit de producator fara sa il incarc a avut o autonomie de 5 ore) me modul radio. are doua fasii de picioruse foarte aderente pe multiple suprafate: masa, masina, pervazul de la geam si nu iti fuge din mana daca vrei sa accesezi butoanele. o poti folosi si fara acumulator conectat la priza. poate fii folosit ca si reciver bluetooth la home cinema, hi-fi etc dar puterea muzicala scade la 1/3(de pe lumia 520). are buton on/off.  contra: basul lasa de dorit dar la pretul acesta si marime nu prea gasesti diferente uriase. probleme cu redarea pieselor prin bluetooth, la o distanta de max 3m interferente ca si la radio de parca ai avea semnal slab. dar dupa restartarea boxei problema s-a remediat(fiind in posesia produsului de 11 zile am muscat-o de 2 ori)  este un produs pe care pui mana si greu il poti refuza pentru ca iti ofera multe intr-o forma compacta, solida, practica si probleme avute cu bluetooth-ul nu ma vor convinge sa returnez produsul.  off: despre produs: am avut o placere placuta cand am ridicat produsul blaupunkt bt02wh, fm, white fiind blue cum este afisat in poze.;2
103;ii ok, imi place;0
104;"daca nu are defecte din fabricatie, este o boxa foarte buna, cu multe calitati: sunetul plin si placut, mateiale de buna calitate si baterie pentru 20 de ore. aplicatia de telefon merge bine si este foarte utila. pate fi pornita direct din aplicatie sa redea muzica sau cu functia de ""wake up"". am cumparat 3 boxe, doua le-am pastrat, una am facut-o cadou si de 2 ori le-am schimbat. primull defect intalnit consta in lipsa alimentarii prin cablu (nu se incarca) iar alt defect intalnit a fost functionarea defectuoasa a boxei la inceputul redarii unei melodii; sunetul avea o intarziere si incepea cu paraituri. am vazut si pe forumuri ca sunt oarecum defecte frecvente ale celor de la logitech. inlocuirea nu a fost dificila iar utilizarea lor este azi o placere. sfatul meu: daca se poate, testati alimentarea si redarea inainte de a le cumpara.";2
105;nokia 520, merge fara probleme.;0
106;foarte bun, tinand cont de raportul calitate -pret;0
107;este o bratara foarte utila intrucat afiseaza continutul notificarilor, iti arata si vremea, are cronometru, find device pentru telefon si in rest e la fel ca xiaomi band 2. un mic minus: faptul ca se termina bateria mult mai repede decat band2. intr o saptamana a ajuns la 15%. nu pot sa zic oricum ca e un mare disconfort.   o recomand deoarece e o bratara care merita banii.;0
108;am cumparat acest produs cu aproximatie 3 saptamani sa apara pe piata romaneasca   functionare cu sony xperia xz 9/10  aplicatii 8/10  baterie cu functii heart pornit 1, 5 zile   bateria cu functii heart oprit 6 zile   materiale 8/ 10  bluetooth 3-4 m 6/10  telefon sms-uri notificare 8/10  garmin pay 1/10 disponibil in cateva tari si cateva banci probabilitatea in romania egala cu 0  nu am avut probleme cu apa   pret 249 euro germania   daca nu il cumparm din germania sigur il luam de la emag;0
109;pro: bass foarte bun   merg excelent;0
110;calitatea sunetului chiar surprinde.;0
111;multumita!;0
112;bratara arata foarte bine pe un gear s3 frontier, magnetul este suficient de puternic iar colaborarea cu vanzatorul este ireprosabila.;2
113;acumulatorul este bun, partea de conectica pare un pic labila insa este functionala.;0
114;aceste casti, sunt foarte bune, se aude destul de clar, si merita cumparate;0
115;se aud clar dar fara bass;0
116;se deschide destul de greu nu se poate pune problema sa cada singura de la mana.   partea metalica cam te trage de par la unele miscari dar cu putina grija si un patent se poate indeparta.   eu sunt multumit de ea se poate folosi ca simplu cablu de incarcat sau cablu de date.;1
117;foarte bun! iti faci treaba cu el.;0
118;un produs ok, consider ca dureaza cam mult incarcarea bateriei si este cam grea.;0
119;buna!! credeti ca poate suna dimineata, daca e conectata la un dispozitiv??;0
120;e foarte practic, arata bine, sunt multumit de el. vine la pachet cu un cablu de alimentare, pe care de cate ori l-am folosit imi incinge incarcatoarele;2
121;un card bun si fiabil. viteza decenta.;0
122;calitate buna, ramane de vazut cum se comporta in timp.;0
123;am primit produsul fara cureaua ce se ataseaza la aparat. as dori sa mi-o trimiteti deoarece imi este necesara. produsul era sosit la punctul de ridicare de 3 zile dar eu nu primisem nici un mesaj pe telefon. sony nu se dezminte, ramane un produs de calitate. sunet puternic, bas minunat, aparat mic, usor portabil. recomand.;2
124;salutare, am cumparat boxa de 1 saptamana si as vrea sa spun ca sunt multumit de ea, bass-ul este bun, face fata intr-o casa de dimensiuni medii fara probleme, la volum maxim isi pierde din bass, cum de altfel este normal, insa claritatea sunetului ramane perfecta. merita precizat faptul ca pentru o calitate audio buna, boxa trebuie orientata mereu cu fata catre cel care asculta (nu este 360). am folosit-o de cateva ori si in masina (din curiozitate) si ma ramas putin dezamagit, la volum maxim parca nu facea fata;0
125;am un sony xperia z3+, care are o baterie de 2930 mah.  am incarcat telefonul de la 1%.  s-a incarcat de 2 ori full, si a 3-a oara 40%.  rezulta ca asus zen power10050 mah are in realitate 7032 mah.  in rest totul ok, design frumos, arintiu, carcasa metalica.  conform specificatiilor din manualul produsului, asus-ul se incarca intre 6-9 ore, si este specificat ca atat acumulatorul asus cat si dispozitivul care se incarca de la asus sa fie facute cu cablul sau propriu(cel cu care vine in pachet pt ca asa e cel mai bine!;2
126;raportul calitate/pret ok, recomand;0
127;aceasta baterie merita folosita. recomand;0
128;ma ajuta sa imi incarc un iphone xsmax de 3 ori, dar e cam grea.;0
129;raport calitate-pret bun. am folosit-o de cateva ori si am ajuns la urmatoarele concluzii. poate incarca un telefon cu baterie 3000 mah de 2 ori, maxim 3 (daca incarci smartphone ul de la 35 % fara sa-l folosesti in timpul acela). eu am prins pretul redus la 60 lei. pentru situatii de urgenta este buna. ce m-a dezamagit pe mine este timpul de incarcare al bateriei externe pana la 100%. dureaza aproximativ 11-12 ore. din acest punct de vedere ar fi un minus, dar fiind de capacitate mare, presupun ca nu ar fi o problema majora. iar capacitatea reala, ca la orice baterie externa, nu este de 100%. sunt niste pierderi de curent, din pacate sau din fericire.  este de mare ajutor pentru cei care nu cer prea mult. de asemenea, functia de lanterna /lampa este binevenita.  pentru aceasta zona de pret este o alegere buna, din punctul meu de vedere. insa, fiecare are punctul lui de vedere.;0
130;raportul calitate pret este bun. recomand.;0
131;un raport pret/calitate foarte bun. este foarte bine construit cu materiale de calitate. microfonul functioneaza pe distante foarte mari si nu are nici o problema atunci cand vorbesti din camera de alaturi. este considerat drept boxa monitor asa ca sa nu te astepti la un bass foarte bun, in schimb calitatea sunetului este excelenta atunci cand sursa este una adecvata. bateria tine destul de mult chiar si in conditii de temperatura de sub 0 grade. functia de radio este departe de a fi buna datorita lipsei unei antene. personal recomand acest produs celor care nu au pretentii de bass profund si vor un volum puternic ce va umple cu sunet de calitate chiar si o camera de 50 de metrii patrati;2
132;este buna, dar cum are acces la frig nu mai incarca deloc si trebuie sa ai grija;0
133;bateria se dovedeste a fi ceea ce ar trebui sa fie, o baterie, desi telefonul la care o folosesc, bb q10, are display mai mic, cand este folosit intens si mai ales pe jocuri se descarca ca orice baterie si anume repede dar sunt multumit cand il folosesc pentru ceea ce a fost conceput un telefon si ceva internet bateria duce la 2 zile e ok dar nu extraordinar.;0
134;este foarte buna raport calitate/pret;0
135;foarte buna. incarca repede. de retinut orice baterie externa cu cat o reincarci de mai multe ori din atat se duce mai repede durata de viata.-asa scrie in carticica ei-;0
136;se aud tare si frumos. reda la calitate buna muzica sau alte materiale audio. toata gama de frecvente uzuale din audio este redata ok. functioneaza si cu un card micro sd pe care puteti pune muzica in format mp3. are pe langa bluetooth si intrare auxiliara. carcasa construita din aluminiu. nu este rezistenta la apa. nu are agatatoare de care poate fi atarnata. mica dar solid construita, destul de grea pentru dimensiunea ei.;2
137;"se misca excelent, bateria tine 2-3 zile. nu vine cu intructiuni de folosire... iar uneori se deconecteaza de la telefon si suna alarma de ""telefon uitat"" desi is amandoua langa mine (sau pe masa unul langa altu). are g sensor ceea ce il face ca atunci cand ridici mana se te uiti la ceas se aprinde automat, nu fiind necesar sa atingi ceasul. 4 stele din cauza alarmei antipierdere (dezactivat-o ca suna si noaptea:( )";0
138;incarca cam greu dar isi face treaba.  dimensiuni cam mari... se poate utiliza pt. autoaparare, chiar si impotriva cainilor agresivi datorita lanternei incorporate.  recomand achizitionarea unui rucsac pentru transport!;1
139;pro: are un sunet foarte decent.  con: nu are cablu plat, ca si pe poze. se strica usor cablul dupa o jumatate de an (este adevarat pentru cam fiecare casti in-ear sub200 ron, totusi, sa nu asteptati o viata lunga de ele).;0
140;cablul in 2 luni a cedat, in rest totul ok.  se incarca in 4, 5 ore full.;0
141;calitate ok, nu este fast charge, dar incarca bine. este bun daca nu mai vrei sa folosesti mufa de incarcare a telefonului.;0
142;o boxa mica care suna foarte bine si tare;0
143;se aude bine, avand in vedere dimensiunile. sper sa fie fiabil...;0
144;produsul este bun.;0
145;destul de ok. se aude bine.  bateria pare ca tine destul.  intrarile sunt ok, insa ma asteptam si la un jack 3.5.;0
146;partea buna este ca se aude foarte bine, si spre deosebire de alte boxe portabile ce le-am avut are egalizator in aplicatia de telefon din care se pot regla bas, medii si inalte.  pe de alta parte nu mi se pare ca are chiar asa mult bas cum se lauda.  bateria tine mult fara lumini, daca le aprinzi, mai ales toate (banda led si strobo) atunci chiar si la volum mediu nu tine foarte mult.  arata bestial intr-o camera intunecata cu luminile pornite. ce ar mai fi de mentionat e ca nu cred ca luminile sunt sincronizate cu melodia. se pot alege anumite preseturi din aplicatia de telefon.  cateva imagini din aplicatie atasate.;2
147;am purtat o un an scolar raportul calitate pret este excelent, abia astept sa fac cunostinta cu mi band 3. recomand;0
148;se aude foarte bine si tare pentru marimea lor. bateria tine cam 4 ore. cand ai mai multe deviceuri si schimbi de pe unul pe altu pierzi mai mult timp incercand sa conectezi boxa dar nici nu pretinde ca se conecteaza la mai multe deviceuri de-odata deci nu e o problema cu boxa in sine.;0
149;e ok.. incarca destul de repede.;0
150;tableta este ok,   chiar daca e “budget” (fata de pro) este ok isi face treaba bine   4 stele ii dau ca vine cu incarcator priza us dar cei de la emag ofera in pachet adaptor.;0
151;un ceas bun pt a avea contact cu copilul. localizarea cam inexacta.;0
152;"bun elegant   singura chestie e la monitorizarea ritmului cardiac... cateodata dureaza mult pana da rezul; tatul si de multe ori da rateu";0
153;super cablu. lung si cu protectie din plasa de plastic. cam abraziva dar destul de elegant. mufele arata foarte bine si par bine facute.;2
154;multumita de el isi merita toti banii;0
155;dupa o saptamana de folosire, pot sa zic ca este cu precadere o jucarie urbana. te ajuta sa te pui in miscare, mai ales daca ai job de birou. la turele de mountain bike insa, e mai greu cu connected gps, de aceea prefer sa le contorizez cu alta aplicatie. asa ca eu combin fitbit-ul cu strava si fitness pal. se impaca destul de bine. per total, imi place, desi pretul e destul de ridicat.;0
156;pret destul de mare, insa calitatea este foarte ok. daca nu aveti si protectia pentru spate o sa para ca este mai mare decat tableta.;0
157;il am de 1 luna zile si e ok il folosesc pentru a preincalzi cu un calorifer pe ulei o cabana. raspunde la comenzi de la distanta.;0
158;nu are 3g / 4g...  in rest este ok.;0
159;frumos. arata bine.;2
160;multumit!;0
161;constructie robusta. calitate acceptabila pentru pretul lor. le folosesc de peste 3 luni.;2
162;prec oke si calitate perfect;0
163;se prinde bine, tine bine telefonul dar e putin scurt bratul si trebuie sa ma intind sa ajung la el- tine de preferinte.;0
164;castile se aud foarte bine pentru pretul lor, dar am avut ghinionul ca dupa mai putin de o luna sa trag de ele din greseala si am smuls cablul din mufa. stau bine in ureche si sunt comode.;2
165;raport calitate / pret este bun pentru chestii nu foarte complicate gen citit, jocuri sau social media.;0
166;timpul de reincarcare este mai mare de 6 ore. (5v,2a). posibilitatea de a reincarca de 2 ori telefonul. finisaje ok. un pic cam greu dar compenseaza cu marimea redusa. recomand;2
167;salutare. am achizitionat si eu acest ceas la oferta( dupa ce citisem zeci de review-uri). da, arata premium. distanta de conectivitate cu telefonul? slab!!! (detin un huawei p9). daca te afli la mai mult de 3-4 metri, aleluia, ai pierdut conexiunea. uneori da rateuri la notificari(cu telefonul in buzunar). nu va asteptati la un ceas sper smart, ci mai degraba la un ceas-good looking, cu cateva chestii smart. imi place ca si romanii fac totusi ceva de calitate(e un conceput de o echipa de romani), bravooo!!;2
168;eu sunt multumit. am luat produsul resigilat, care arata ca si nou, la un pret bun. incarca iphone 6s de trei ori...;0
169;raport calitate pret f bun!;0
170;nu ma da pe spate.  o boxa ca oricare alta...  este o boxa bose mediocra... nu poti spune ca este din gama high class.  evident si pretul pe masura.  o pot compara cu 1 boxa sonny din linkul urmator   www.emag.ro/boxa-portabila-sony-srsxb31b-extra-bass-live-sound-bluetooth-nfc-wi-fi-wireless-party-chain-party-booster-rezistenta-la-apa-efect-de-lumini-negru-srsxb31b-ce7/pd/db8h1fbbm/    cred ca sonny este peste bose cu mult la capitolul boxe portabile, din puntul meu de vedere.  nu pot spune ca bose este o companie slaba dar poate uimesc produsele lor la alta calitate si functionabilitate.  pro:  design placut  utilitate  se conecteaza repede cu orice dispozitiv.  contra:  sunetul este slab.  doar bassul este peste  inalte slab...  la volum maxim devine'' galagioasa'' nu mai are claritate.;2
171;per ansamblu, un pret bun pentru calitatea oferita. cu toate acestea, sunt unele momente in care lasa impresia ca se ineaca si sunetul se pierde pentru 1-2 secunde.   deocamdata, functioneaza de 5 ore si nu a fost necesara reincarcarea.;0
172;e bun . singura chestie e greutatea care e un pic mare;0
173;bateriile raport calitate/pret decente aparent bine construite dintr-un plastic calitativ cu insertii pana cand apesi pe butonul de pornire/oprite care e badaran greu de apasat si produce un zgomot mult prea mare. functia de incarcare rapida este mai lenta cu aproximativ 10 minute mai lenta decat ceea de la priza decent. cel mai mare dezavantaj la cea de 20000 este durata de de reincarcarea a acumulatorului in sine aproximativ 12 ore pana la incarcarea completa cea de 5000 undeva intre 3-4 ore.;2
174;incarca un pic cam greu, nu asa cum este in anunt  in rest nu am comentarii negative, a venit sigilat, fara alte probleme! recomand produsul, doar sa aveti un pic rabdare la incarcarea telefonului.  aspect frumos si cat este telefonul la incarcat, vedere de ansamblu al telefonului.;2
175;nu se potriveste la fix, trebuie pus putin mai spre margine din cauza gaurii pentru camera nepozitionata bine, dar in rest e ok.;1
176;capacelul de la mufa usb se rupe usor   si bratara la un timp slabete si nu mai sta pe mana in timpul alergari   nu are calculator;1
177;dimensiune conteaza. e mai mic si de capacitate mai mare decat cel pe care l-am achizotionat acum 6 luni, pretul e mai mic, deci.. recomand cu incredere! an dat 4 stele doar pentru carcasa exterioara care e prea fina si din plastic destul de moale care se zgarie usor iar pe negru se vede tot. e o piesa pe care o misti de colo-colo, o transporti peste tot deci trebuie sa fie rezistenta.;1
178;produs comandat in data de 17.11ajuns in data de 27.11 la oficiul postal dorit.  lasand la o parte lunga perioade de asteptare pentru ca produsul sa imi ajunga, vreau sa va spun cateva despre acesta:    -cutia in care vine bateria este destul de interesanta, contine cablu usb, eu am luat varianta pe alb, cablul fiind de aceeasi culoare.  -bateria a venit incarcata 85%, am incarcat un iphone 7 de la 25% pana la 100% in ~1h 50 min, procentul bateriei scazand pana la 45%, lucru care ma ingrijoreaza putin avand in vedere bateria de 1970 mah a telefonului.  -cablul usb nu face probleme, nu este intrerupt, totul este ok.    voi reveni cu un edit maine, dupa ce o sa incerc bateria complet, sa vad ce poate.;0
179;cablul este original si isi indeplineste functiile, adica incarcare, sincronizare, transfer... pana nu schimba apple standardul din nou, e bine de avut prin casa...;2
180;"per total acest smartwatch este unul bun tinand cont de pretul lui si de faptul ca il poti folosi cand conduci, cand e frig, ninge, ploua si cand tii umbrela cu o mana; sau oricand nu ai cum sa scoti ditamai telefonul din buzunar.  * pro:  1. arata bine si are un design placut;  2. vine cu folie de protectie;  3. cureaua e dintr-un silicon fin iar carcasa din metal;  4. se incarca foarte repede cu un incarcator normal aprox 50 min (in pachet gasim doar cablu usb);  5. touchscreen-ul raspunde bine iar sunetul in convorbire e ok;  6. are sensor de miscare la pretul asta (folositor la pedometru, sleep monitor);  7. prin intermediul aplicatiei bluetooth notification afiseaza in timp real notificarile, agenda, mesajele, apelurile pierdute/primite, poti apela sau raspunde si poti accesa camera sau mp3 playerul.  * contra:  1. rezolutia ecranului cam mica;  2. bluetouth-ul are o raza de actiune reala de doar 5-6 metri (nu 10 cat scrie pe cutie);  3. are un sunet deranjant atunci cand folosesti tastele senzitive;  4. cand asculti muzica prin bt volumul este unul foarte mic si se intrerupe daca misti mult telefonul;  5. bateria nu tine mult; cam o zi maxim in conditii de utilizare mixta (niste setari, apeluri, notificari si apoi mai mult stand by);  6. cand aleg una din cele 2 teme de afisare a ceasului digital ora ramane inghetata la deblocare (trebuie sa intru in meniu apoi sa ies ca sa se actualizeze ora. noroc ca temele analogice afiseaza ora in timp real);  7. cand raspund la telefon am aceeasi problema ca si alti interlocutori si anume mi se aude in ceas nu in telefon desi microfonul activ e cel al telefonului.";2
181;este ok ca si raport calitate/pret. se aude bine ca si redare sunet. nu distorsioneaza semnalul audio la volum maxim. singura problema ar fi la butoanele de volum care se confunda la atingere cu cele de schimbare a melodiei (cum se atinge butonul, cum se schimba melodia chiar daca tu vrei sa dai mai tare sau mai incet prin atingere prelungita).;0
182;ok, calitate-pret;0
183;se ridica la nivelul. asteptarilor, multumit de raportul calitate pret, recomand.;0
184;este un produs bun!;0
185;bratara e ok, iti arata pulsul, nivelul de stres, numarul de pasi.   in cazul in care ai diferite tipuri de activitati, trebuie setate manual, nu le selecteaza automat.;0
186;foarte util in calatorii;0
187;mic compact si util, are putere destula sa faci chef in camera, desi ii lipseste basul;2
188;cam figurant la formatari! nu e atat de rapid pe cat scrie pe el!;0
189;claritatea sunetului excelenta chiar si la volum maxim.;0
190;bratara excelenta problema e ca soseste cu instructiuni doar in limba engleza;0
191;este a treia casca plantronics pe care o am, dupa un m50 si un m70. acelea m-au dezamagit din cauza pretului mare si a calitatii proaste a convorbirii, si au costat cam 160-180 lei. asa ca cu inima indoita am ales sa cumpar casca asta, era la reducere la 200 lei. am ales-o pentru ca foloseste bt ver 4 si hd voice.   pro: claritate si calitate buna cand 4g e activ si poate folosi hd voice. e comoda in ureche, ca si predecesoarele. se poate raspunde sau activa usor cu umarul. are strapul usb magnetic care sper ca o va face mai greu de pierdut.   contra: durata mica de viata a bateriei, 7 ore teoretice (practic vreo 4-5) fata de cele 10 anterioare. nu m-a interesat, o incarc oricum si nu vorbesc atata pe ea. piesa in-ear de silicon f moale, se va rupe prob rapid.   concluzie: la 200 lei merita. mai mult nu as da.;2
192;se aud decent, mai ales tinand cont de pretul lor.  totusi, pentru a amplifica sunetul si pentru o calitate mai buna a basului, trebuiesc directionate mai bine in ureche.;0
193;dupa prima incarcare si descarcare capacitatea reala e de 4,5a. cablul e prost dupa a -3a incarcare s-a intrerupt...;0
194;per total foarte ok;0
195;un ceas foarte bun. multe functii si baterie buna.  totusi, cam butucanos.;0
196;sunt multumita. o am de 2 saptamani si functioneaza bine. face tot ce scrie in descriere. are si un pret bun.  .;0
197;este un cablu bun, transmite date la o viteza buna nu doar incarca. singurul motiv ptr stele acordate este faptul ca usor ii slabeste fixarea ca bratara. se desprinde mai usor, poti sa il pierzi daca dai o bluza jos.   mufa ptr telefon se fixeaza foarte bine la fel si usb ul;1
198;incuietoarea face ce zice, doar un repros ( pentru ca functia autolock sa fie ceea ce trebuie se putea pune un senzor de proximitate ca autolock sa blocheze usa doar cand e inchisa. (ma refer lipita de toc ).;0
199;un produs bun.... compact..... un minus ar fi ca se incarca cam greu....;2
200;e ok;0
201;isi face treaba cu brio.  raportul pret / rezultate mi se pare foarte ok.;0
202;"ok, incepem cu disclaimer - nu sunt audiofil dar pot aprecia un sunet bun / peste medie, ce urmeaza este strict parerea mea, fara influente de review-uri profi de pe site-uri de profil.    boon, pentru banii ceruti sunt cliseic ""best bang for the buck"" dar asta nu inseamna ca primesti akg, beyer, sennheiser sau frati de-ai lor. efectiv primesti un pachet decent - casti bune zi de zi, fie ca alergi, stai pe canapea sau intr-un bar la o bere.  3 seturi de dopuri, 3 seturi de carlige - ca nu stiu cum altfel sa le denumesc si 3 seturi de suporti - ceva forma usor anatomica pe ureche + cablu, manual, etc. eu folosesc carligele pt ca nu infing dopul in ureche, ci prefer sa-l las sa pice usor pe canal - mai lasa si sunet din exterior pe care vreau sa-l aud, gen masini.  heads-up - dopurile sunt ferme, eu unul le-am inlocuit cu unele mai moi e la ceva casti htc din dotare - aici este dupa preferinta individuala.  la capitolul confort sunt.. in zona.. nu sunt nici pe departe perfecte dar sunt in regula, 3-4 ore de purtare si abia simt un usor disconfort. acum le port, ascultand muzica pe youtube iar nevasta foloseste mixerul la 2 metri: d volum pe la 70% si nu o mai aud.  cablul este destul de lung cat sa permita miscari naturale ale capului fara sa detaseze castile din urechi si in acelasi timp, destul de scurt incat sa nu creeze senzatia de casti cu fir.  microfonul este surprinzator de bun - l-am folosit destul de des iar interlocutorii nu au sesizat diferenta intre telefon stock si casca... deci, cel putin decent.  calitatea constructiva este iar, surprinzator de buna - plastic, dar placut la atingere, cauciuc, fin, parca de plush (scuze de h dar trebuia sa scot sunetul potrivit).  bateria, pe test, am impins 7 ore si ceva, bun, nu extraordinar dar totusi de apreciat pentru clasa si zona de pret. mentiune ca nu ascult la volum maxim iar distanta intre emitator si receptor, de regula, nu depaseste 1 metru.  conexiunea bt se face rapid, in medie 5-6 secunde si este stabila. nu sunt bip-uri deranjante, sunt de frecventa medie, alerte normale.  acum ajungem la partea importanta, sunetul.  in ansamblu sunetul este bun, inaltele pot sa zgarie putin dar asta tine si de timpan - eu sunt mai sensibilos si mai zgarie putin, bass prezent, nu exceleaza dar prezent si la datorie. zona medie este putin orientata pe inalt, configuratie buna pentru destul de multe genuri, preferinta proprie dicteaza daca da sau ba aici - la mine este putin spre ba, pt ca prefer zona de joase si sunete putin mai calde. exemplu, acum ascult jazz, trompeta si sunt obligat sa reduc volumul sub jumatate (implicit aud mixerul) pt a avea totusi un nivel de confort.  rock, suna bine, zgarie putin pe alocuri, rap - nu am de ce sa critic, blues - doar vocal si poate uneori, sa comentez ca sunt prea sus, generic lounge - pianul suna bine, foarte bine iar trompeta si saxofonul forteaza o reducere de volum - mai sunt multe dar sper ca am creat o idee.  contra:  dintr-un motiv sau altul, sunt destule momente in care apar artefacte audio, pocnituri, tin cam 10-20 secunde si se normalizeaza sunetul.  nu stiu daca este generica afectiunea sau daca am eu putin ghinion. am castile de 2 saptamani, timp in care, prima saptamana aparitiile au fost mai reduse, dar acum, saptamana 2 sunt destul de dese.  amr o saptamana pana la verdictul final - le tin sau le returnez.     parerea de ansamblu - sunt casti bune, isi merita pretul cu varf si indesat, pentru cativa lei in plus sunt disponibile si in varianta cu magneti (putin moft dar poate avea avantajele sale) iar la finalul zilei, ofera un sunet decent si o autonomie surprinzatoare.";2
203;suna ca un sony, e impecabila. doar 4 stele din cauza designerului beat (sper ca beat, ca altfel este tampit de-a dreptul) care a decis inscriptionarea butoanelor cu alb pe fond galben. imposibil de descifrat!;0
204;"imi place tableta. functioneaza frumos, fara poticneli. si raportul pret/calitate e foarte bun (la pretul platit de 1.199 lei). sper sa aibe o viata lunga, mai lunga decat modelul sm-t700, pe care am folosit-o pana de curand, dar care a ""murit"" din senin la varsta de numai 2 ani si 11 luni.";0
205;dupa ce am folosit cu multa satisfactie go 1 vreo doi ani, m-am gandit sa trec la generatia urmatoare.  pana acum sunt destul de multumit. nu sesizez diferente prea mari.   imi place mult designul mai rotunjit.  conectarea e la fel de facila (semnalele sonore sunt schimbate, in bine), dar conexiunea pare un pic instabila. sunetul e la fel de puternic si de calitate. desi are acumulatorul mai mare, n-am sesizat vreo imbunatatire la autonomie (cam 6 ore cu volumul la doua treimi).  inca n-am testat rezistenta la apa, dar constructia pare suficient ermetizata.;2
206;bateria ma tine 2 zile conectat la telefon, in rest e ok;0
207;se aude bine, se conecteaza repede.   de fiecare data cand tin apasat butonul de volum+ ramane blocat. am reusit cu greu sa-l deblochez... decat sa mai fac retururi mai bine nu mai apas pe el.;0
208;tableta este buna da ce ma enerveaza la ea se blocheaza din 30 de minute pe zi si nu prea mi place;0
209;pro: raport pret/calitate ok    contra: sistemul de operare android putin vechi si nu se poate da update la cel nou.;0
210;volumul si calitatea auditiei buna spre foarte buna.inalte si bass decente.  arata si se aude ca ce este, adica o boxa.  pret corect.;2
211;raport calitate / pret = bun;0
212;este bun, nu voiam decat un plus de memorie la tel. si pana acum face ce trebuie.;0
213;foarte bine se aude, dar e foarte mare.;0
214;ok la banii astia;0
215;"am luat mai multe bucati (10.000 si 15.000 mah) deoarece este foarte utila lumina ambientala.  la 1 din 5 (10.000 mah-alb), in mai putin de 1 an, nu a mai facut contact tot timpul mufa in care se incarca acumulatorul (acumulatorul cel mai folosit). am primit banii inapoi fara nici o problema (as fi preferat inlocuire, dar nu a fost pe stoc in acel moment).  la 1 din 5, (15.000 mah-albastru), o liniuta de la o cifra din afisaj nu a functionat de nou. am decis sa ignor problema deoarece acumulatorul functiona corect (se incarca si incarca).  pe iesirea de 2.1a tine fara problema o tableta de 8.1"" in utilizare (tableta primeste mai mult curent decat consuma).  afisajul nu cred ca este foarte precis si nu stiu cat va puteti baza pe el.  incarcarea acumulatorului (10.000 mah) de la 0% la 100% printr-o statie de incarcare cu iesire de 2.4a: 8:30 ore:  - 00% - 99% = 6 ore (5:45)  - 00% - 100% = 8:30 ore  (99% - 100% = 2:45 ore)";0
216;raportul calitate - pret este ok;0
217;multumit de raport pret calitate.;0
218;e decent, n-am probleme cu el;0
219;este buna! subtire, dar nu acopera chiar in intregime ecranul, mai lasa cam 2 milimetri, de fiecare parte, neaoperiti.;2
220;imi place ca are 20000 mah dar totusi nu incarca atat de mult cat m-am asteptat (consuma 20-15% pt a incarca un iphone 6 de la 0% la 100%) si de asemenea are o dimesiune foarte mare, dar in rest sunt foarte multumit de ea, si imi place ca se incarca full intr-o noapte sau mai putin...;0
221;atentie pentru cei care au doi copii (cazul de fata), smartwatchul foloseste o singura aplicatie. nu poti monitoriza ambele ceasuri cu aplicatia there, iar deest2 este doar pentru iphone.  aceste lucruri cei de la iuni. ro au uitat sa le specifice.  in rest smartwatchul este foarte ok, iar baietii de la service iuni chiar te ajuta sa-l setezi telefoic fara a te mai deplasa la firma (singur nu prea poti sa-l setezi, tinand cont ca aproape toate modelele u11 vin cu data expirata din 2017). respect maxim!  pro: ajutorul acordat de baietii din service telefonic.  contra: aplicatia there nu poate monitoriza doua sau mai multe smartwachuri in acelasi timp.;0
222;pana acum sunt ok. nu s-au intrerupt, desi firul pare destul de firav. sunt curios cat vor rezista.;0
223;produsul are un design interesant, este slim, relativ light, constructia pare ok. as recomanda un cablu mai lung intrucat daca vrei sa folosesti telefonul in timp ce incarca e destul de incomod.   are si charge passtrough - adica poti sa il tii la incarcat si el, la randu-i, sa incarce un device (telefon, tableta etc). inseamna ca poti incarca telefonul si acumulatorul peste noapte folosind un singur incarcator. foarte util, este unul din considerentele pentru care l-am ales, aceasta functie este disponibila si la xiaomi.  fata de alte incarcatoare incercate de mine acesta necesita apasarea butonului de test baterie pentru a incepe incarcarea. obisnuit cu xiaomi 16000 mah, care incepe incarcarea imediat dupa ce l-ai conectat, am stat cu telefonul si cu acumulatorul in aceiasi mana, back-to-back, pana cand a dat telefonul in rosu cu bateria. apoi mi-am dat seama sa apas butonul. se intampla frecvent treaba asta si poate fi considerat incomod.;2
224;l-am prins la o oferta de 299 de lei si intrucat il urmaream de mult n-am mai stat pe ganduri.  este un smartwatch foarte cuprinzator la banii astia. il recomand oricui ca primul smartwatch sau cuiva care nu are pretentii foarte mari pe partea sportiva si activitati sportive precise. trebuie sa spun ca inainte am avut garmin vivoactive hr pe care l-am cumparat dupa foarte mult research in review-uri aici si pe alte site-uri.  am dorit un smartwatch care sa aiba heart rate si eventual gps, acest amazfit le are pe ambele.  are un aspect foarte placut, multi privitori il confunda cu apple watch. display-ul este foarte clar, nu ca rezolutie ci dpdv al contrastului. in plus, cu cat ai mai multa lumina, cu atat se vede mai bine, invers fata de ecranele de la telefoane.  informatiile de pe display by default sunt, asa cum vine din fabrica si se vede si in pozele de prezentare constau in ora, pulsul din minutele anterioare si pasii din ziua respectiva. atentie, au fost comentarii pe aici care au spus ca ceasul nu sesizeaza primii pasi pe care incepi sa ii faci dupa ce te ridici de pe scaun. gresit. acest modul de informatii se updateaza, probabil pentru economisirea bateriei, odata pe minut, odata cu minutarul. tot atunci iti face update si la pasii pacursi intre timp, si la puls. deci ii numara imediat ce incepi sa ii faci, ii afiseaza dupa 1 minut. sigur ca se poate inlocui acest display by default cu altele, care fac update ecranului la secunda, avand si secundarul afisat. dar, asa cum te atentioneaza ceasul, acestea consuma mai multa baterie. n-am incercat niciun altul.  ca activitati dedicate, are doar outdoor bike, outdoor run, indoor run si walk. fara swim, fara hike. ceea ce imi lipseste mie pe langa numaratorul de pasi este numarul de etaje urcate. in specificatii spune ca are altimetru, pacat ca nu este si folosit ca sa-ti faca, la fel ca la pasi, un target zilnic ca sa incerci sa te tii de el.  numaratorul de pasi este surprizator de precis, bate perfect cu numaratorul de pe telefonul mobil (care la randul lui batea perfect cu vivoactive hr). targetul zilnic ti-l stabilesti zilnic, din pacate nu este ca la garmin unde iti analizeaza activitatea si in functie de asta iti creste sau stagneaza zilnic targetul privind numarul de pasi. sa speram ca vor imbunatati asta in viitoarele versiuni de soft.  pe partea de puls nu are din pacate un mod auto. ideal ar fi fost sa ia prin sondaj la cateva minute pulsul si in plus, sa ti-l ia de fiecare data cand incepi sa te misti, sa faci pasi, sa urci etc. din pacate nu are decat setarea off, setarea auto care nu este auto ci te intreaba la cate minute vrei sa iti ia pulsul (in loc sa ti-l ia, repet, cand incepi sa te misti) si o a treia setare, sleep assistant care spune ca creste acuratetea analizei somnului. insa daca vrei si pulsul pe auto si sleep assistant, nu poti. poate se va regla chestia asta la firmware-urile viitoare.  alt lucru care imi place este ca aplicatia de pe telefon face statistici, pentru cei care sunt pasionati de asa ceva. iti spune cum te situezi in comparatie cu alti utilizatori ai aplicatiei la ora culcarii, durata somnului, iti face recomandari etc.  din pacate, si asta e principalul motiv din care ii dau 4 stele si nu 5, desi aplicatia pentru telefon este bogata in functii si informatii, nu exista o aplicatie pentru pc sau o pagina de internet pe care sa sincronizezi aceste date. majoritatea smartwatch-urilor presupun conturi care exista si pentru mobil, si pentru web. vezi informatiile si pe pc de la birou, nu esti nevoit sa te chiorasti neaparat in telefon. de exemplu, pe activitatea outside run sau walk iti deschide gps-ul si iti afiseaza frumos pe google maps tot traseul. pacat insa ca trebuie sa te chiorasti in telefon e harta in loc s-o poti deschide pe pc sincronizata. sa speram ca lucreaza la o aplicatie web pentru pc.  bateria, cum s-a mai spus, tine foarte mult, il am de circa o saptamana, avea 70%, acum are 30, cu 3-4 activitati a cate 30 minute fiecare care au presupus gps.    poate daca nu as fi avut inainte vivoactive hr, care costa de trei ori mai mult, as fi fost si mai multumit de amazfit si nu as fi avut nicio critica. chiar si asa, il recomand oricui care nu e neaparat impatimit in ceea ce priveste sportul si monitorizarea sporturilor. e fff ok la 300 sau 400 lei. xiaomi face produse de calitate la preturi sub concurenta si intra din ce in ce mai tare pe piata.;0
225;pro:  -materiale de calitate superioara  -stabil  -elegant    contra:  -pretul putin cam ridicat;2
226;ambalajul firmei de curierat era rupt, iar ambalajul produsului nu era sigilat, in rest ok.;0
227;sunt un mic colectionar de boxe ieftine. am 6 si mi-au trecut prin mana multe. ce pot spune despre aceasta boxapare foarte bine construita. claritatea si bass-ul ok. sub asteptarile mele se aude incet. ma asteptam sa se auda mai tare. probabil nu se aude tare din cauza ca reda foarte bine un bass fara medii. cum mai am si alte boxe acelea redau medii mai mult si bass mai putin. am o boxa ce am achizitionat-o la pret 1/3 din aceasta, se aude de 2x mai tare dar calitatea sunetului incomparabila. ce pot spune la final. mi se pare ca se aude incet. o sa mai achizitionez una pentru a forma un minisistem stereo;2
228;tocmai ce mi-am achizitionat acest produs de la emag.  petreci timp de calitate pe el. per total sunt multumit, cu ceva exceptii    pro: se misca foarte bine, nu are lag, se vede frumos (detin un s6 edge), este usor    contra: sunt ceva aplicatii care se platesc (dar totusi sunt destule si gratuite care sa te bucure)  cand este conectat telefonul la casca gearvr, se incalzeste destul de repede pe jocuri si filme, iar la 30min trebuie facuta pauza (scrie si in manual), altfel sacadeaza (te averitizeaza cu un mesaj in prealabil)  din cand in cand se aburesc lentilele interioare, ceea ce devine cam deranjant;0
229;e ok. raportul calitate pret este ok.;0
230;pro: - se aude destul de tare,  - rezistenta  - usor de manevrat  contra: - deficitar la radio;2
231;super distractiv!!!;0
232;fara probleme de conectivitate si/sau pierdere a conexiunii bluetooth pe ios 11.4.1 si android ore 8.0. zidurile incaperii si usile termopan ecraneaza semnalul puternic, dar in aceeasi incapere telefonul si banda, e totul ok.;0
233;pentru un produs in plaja asta de pret este foarte ok. din nefericire vine fara niciun fel de marcaj (iesire 1a/2a), fara instructiuni, fara nimic;0
234;"am tableta de aproape 1 an jumate si i-am convertit rom-ul de la sm-t560 la sm-t561 pentru a-mi da posibilitatea actualizarii firmware-ului la versiunea din august 2017. dupa aceasta operatiunea, tableta a devenit mai rapida si poate rula aplicatii mai noi. spre exemplu nu rula aplicatia ""mi home"", acum functioneaza. din pacate os-ul a ramas 4.4.4, nu exista posibilitate momentan de actualizare la nici o versiunea mai mare de 4.4.4.";0
235;util mai ales pentru asezarea telefonului-phabletului pe bordul masinii. pozitia e totusi cam inclinata dar suportul face treaba in cazul aplicatiilor de navigatie.  ieftin, material destul de bun.;2
236;se descarca destul de rapid.;0
237;este exact ceea ce mi-am dorit, un raport calitate/pret excelent. masoara pulsul in timpul activitatilor cu precizie destul de buna, iar pentru ceas exista mai multe variante, cu/ fara secundar, cu/ fara alti parametri in functie de preferinta.;0
238;dupa aproximativ o luna de utilizat am venit sa scriu un review ca poate o sa intereseze pe cineva parerea mea.  castile le-am cumparat pe increderea review-urilor de aici si pe increderea firmei samsung......  dupa ce le-am primit, primul gand a fost sa le incerc la telefonul meu(un allview), dar spre supararea se auzea anapoda..... dupa lungi cautari pe net am gasit cum sa le rezolv, mai exact am luat o ata si am legat putonul de play si asa am reusit sa acult muzica.  dar microfonul nu se presteaza prea bine... pentru pretul lor mi se pare si normal.  ar mai fi un lucru de adaugat, firul care porneste din jack pare ca firav si in timp sar putea rupe, asa ca va recomand sa puneti un arc de la un pix.  intr-un final, castile sunt bune pentru pretul lor dar dupa o ora de utilizare te cam dor urechile;0
239;intr-o sufragerie obisnuita se aude super, dar la esterior este nevoie de un volum mai puternic, asa ca aproape de maxim distorsioneaza. am testat boxa prin cablu si prin bluetooth, pe laptop si pe mobil. calitatea este satisfacatoare, avand in vedere pretul platit si dimensiunile reduse ale boxei sony, merita investitia.;2
240;nu arata ca incarca rapid pe un lg g5. dar totusi incarca destul de repede;0
241;se misca destul de lent, dar pentru pretul pe care il afiseaza producatorul, merita.;0
242;"tinand cont ca este primul smartwatch pot spune urmatoarele:   -bateria tine 1 saptamana(activat heart rate si ecranul sa se aprinda cand intorci mana, si mesajele de rigoare de pe whatsup, facebook si sms)  -totusi prea putine fete(poate cu update-urile vor veni si alte fete)  -nu masoara doar pasii, ci si anumite miscari ale mainii  -consuma bateria telefonului cu 1/3 mai mult decat se consuma in mod automat la telefon.  acestea deocamdata in prima saptamana de la cumparare.  a, era sa uit, draga emag, daca tot platesc serviciul de a veni coletul la o anumita ora, doresc macar sa ma anunte curierul ca intarzie, nu sa vina peste 3h diferenta. acesta este motivul pentru care dau 4 stele; in rest produsul se comporta bine.";0
243;ok pentru pretul asta.;0
244;imi intrece asteptarile cam la orice categorie, inafara de puterea sunetului si faptul ca se aude relativ slab daca nu e indreptata spre tine;0
245;ok, face ce trebuie.;0
246;are o culoare placuta, greutatea si marimea sunt foarte mici, ceea ce avantajeaza mult, insa se incarca complet in 7 ore si 30-45 min:( ledurile se cam incalzesc dar in rest totul este ok, livrare in 2 zile;2
247;este ok. am incarcat 3 telefoane.;0
248;produs bun avind in vedere raportul pret/calitate. am avut impresia, ca totusi dureaza cam mult scrierea unui fisier de dimensiuni mari. merge bine in tableta pe care o am. pina acum nu am avut nici o problema cu vreo memorie kingston cumparata de la emag sper ca nici de aici in colo sa nu am. are garantie pe viata.;0
249;pro: tine mult si se incarca destul de repede, depinde de telefon cu incarcarea. de ex. daca ai bateria buna cu portul de 2.1a ar trebuie sa-ti incarce cu 1% pe minut am testat dupa 80% incarca putin mai greu.  iti arata cat la suta mai are bateria.  led-urile sunt puternice si te ajuta cand ai nevoie.    contra: cam grea.  la portul de 2.1a la unele telefoane se opreste din incarcare.;1
250;bass-ul este super ok la acest pret.  nu sunt prea rezistente, dupa 3-4 luni nu se mai aude intr-o casca.  sunet foarte clar si fara distorsionari exagerate la volum mare.;0
251;produsul din partea mea merita 3-4 stele, si o sa expun experienta mea. desi am citit reviewurile inainte de achizitie si in multe din ele se spune ca incarca extrem de greu un telefon, am spus ca nu mi se poate intampla si mie:). eh, uite ca mi s-a intamplat - la inceput incarca foarte repede telefonul, dar dupa 1-2 luni a inceput sa urce timpul de incarcare. ajunsese la 6 ore si ceva pt un galaxy s6 in conditiile in care la inceput dura aprox 2 ore. aici vine partea interesanta, de vina este cablul care este foarte slab calitativ. am probat apoi cu alt cablu si aveam timp de incarcare de 1h: 40 min.     pe scurt - bateria merita din plin daca o folositi cu un alt cablu de calitate mai buna, cel din pachet fiind extraordinar de prost. lanterna (cea mata) este superba. la fel este si la modelul de 5000 mah, poate chiar mai faina. lanterna mata are 2 setari de intensitate, iar pe modul mai puternic lumineaza lejer o camera mica.    pana acum nu am avut probleme cu blocarea lanternelor. recomand produsul, dar cu folosirea altui cablu;2
252;functioneaza bine pe un note 5.  era bun un capat pentru priza. daca nu ai la indemana un pc sau laptop e cam incomod de incarcat.;0
253;se aud bine, sunt confortabile, dar se strica repede.;2
254;sunetul e bun. castile nu izoleaza zgomotul din exterior aproape deloc. ca sa nu mai auzi zgomotul de exterior e nevoie sa mergi cu muzica la maxim. in concluzie cine nu e foarte pretentios poate sa le cumpere   pro. calitatea sunetului  contra faptul ca nu izoleaza zgomotul de exterior;0
255;avea 2 linii, am incarcat 2 telefoane si am mai ramas cu 1 linie.  puteau totusi sa puna in led mai peformant la lanterna:);0
256;multumit. cablul inclus e cam slabut in rest numai cuvinte de lauda;0
257;are 2 magneti de prindere. merge la orice masina. foarte bine gandit. sunt multumit!;2
258;un produs minunat, ce isi merita fiecare banut.;0
259;experienta:  este una foarte placuta, as zice ca nu prea conteaza banii in situatia produsului de fata.  - fac pair asa cum trebuie. daca ai alt tip de casti, stii foarte bine cat de complicat e procesul de pair, plus incomod sa le pornesti sa te asiguri ca s-au conectat etc(bleah! - in principal de asta am stat departe de castile bluetooth pana acum). aici este foarte simplu - le cumperi le pui langa telefon si o sa ai butonul connect pe ecran, pe viitor nu mai este necesara nici o interventie din partea ta, le-ai scos din cutiuta merg automat.       calitate audio:  multumit  - decent spre placut, peste medie. bass si medii placute, inaltele parca sunt un pic cam accentuate, pentru urechea mea. ce e super interesant este ca in combinatie cu apple music, reda sunetul asa cum expune apple music, pentru ca aceste casti pot decoda aac, ceea ce e folosit in aplicatie in momentul de fata si de catre producatorii de muzica care urca continutul in am.  asta se traduce prin aceeasi calitate indiferent daca folosesti casti cu fir sau aceste casti, pentru ca nu mai este necesara reencodarea, si automat, pierderea de continut audio.      design:  ciudate cu material premium  - nu sunt cele mai placute casti ca design, dar stau placut in ureche, fara dureri de urechi. uneori uiti ca le porti.  - calitate material premium      compatibilitate:  orice device cu bluetooth.  - le-am testat cu android, iphone, chrome os si windows 10. pe iphone ai functionalitate in plus(scos din ureche pauza pus play). pe restul se comporta ca orice pereche de casti bt, la fel cu usurinta de le scoti din cutiuta si merg automat.      baterie:  un plus mare al produsului  - autonomie foarte mare (nu am fost in situatia in care sa am nevoie de ele si sa nu mai am baterie)  - incarcare foarte rapida (intotdeuna o sa ai baterie suficienta)      ce as vrea personal in plus de la v2:  - marime redusa  - mutipoint (conectarea simultana la mai multe deviceuri - daca ai un pc si iphone de exemplu, sa mearga in paralel, cine initiaza sunet ultimul preia conexiunea)  - bluetooth v5 - distanta de conectare este suficienta in momentul de fata, dar as vrea sa vad ca pot cobora un etaj la birou sau sa ma plimb pe toata suprafata fara telefon dupa mine.;2
260;am dat 4 stele pentru ca s-ar fi putut auzi putin mai bine dar este rezonabil si asa. conexiunea bluetooth merge foarte bine ( chiar te anunta boxa cand s-a realizat conexiunea). per total sunt multumit de el!;0
261;castile se comporta destul de bine, bateria tine destul de mult   in schimb reducerea de la de la 459 este cam unflata, la producator este un pret foarte accesibil cu tot cu transport pretul ajunge ca cel postat de voi.;0
262;am cumparat pt htc desire 620g. casti ok dar telefonul nu mai recunoaste;0
263;foarte bun pentru telefon.;0
264;aici as spune deocamdata ca nu l am returnat nu am reusit sa l testez f bine dar pare a fi ok doar ca se incarca cam greu cred ca din cauza volumului de mah, are lanterna cu o luminita slabuta dar placuta are 2 iesiri iarasi e placut si util si ceva smart din descriere dar nu am avut ocazia sa citesc dar cred pe cuvint tel se incarca repejor deci recomand naspa ar fi doar timpul de reincarcare.;0
265;cam mare si cam greu in rest e ok.;1
266;nu pot fi spuse prea multe, este ok si functioneaza bine la primele incercari, sa vedem in timp cum se comporta... am dat 4 stele fiindca asamblarea obiectului nu sugereaza foarte multa preocupare in privinta calitatii, dar, la acest pret, asta nici nu are relevanta!;0
267;un produs util in orice situatie.. il recomand pentru ipad pro!;0
268;piciorusele care intra in priza nu stau tot timpul drepte, dar este un incovenient peste care pot trece. isi face treaba ok.;0
269;de acord cu celelalte review-uri.  e un produs super pentru incepatori si nu numai. dupa cum arata si pretul, bateria nu tine mult (depinde si de telefon, distanta, volum...) dar cu asta se si incarca destul de repede. sunet si baterii mai bune sunt la alea mai scumpe.  pt conectare e nevoie sa tii apasat lung (mai mult de 2 sec), dai search pe telefon si nu lasi butonul pana nu-l vede. altfel, casca sta asa aprinsa, nu se conecteaza, un albastru foarte luminos.;0
270;este ok...  pro: raport calitate/pret foarte ok  contra: bass nu prea dar nu te poti astepta la avioane... dintr-o boxa portabila.;0
271;este o boxa micuta dar care se aude foarte clar si frumos. se poate folosi doar in spatiile inchise.;0
272;am dat 4 stele pt ca nu protejeaza muchiile tabletei, husa fiind doar ca o coperta ce se ataseaza magnetic de tableta;0
273;recomand  pro:: calitate - pret = totul ok \r\nlivrare imediata;0
274;am cumparat initial 2 apoi am mai luat inca unul pentru ca overall sunt multumit. daca le instalati pe sistemul de termoficare comun (ex. radet) se regleaza destul de greu. dupa 2 saptamani tot nu am reusit sa obtin temperatura ideala. el are un factor de corectie “temperature offset” care se seteaza in functie de diferenta dintre temperatura masurata de el (langa calorifer) si temperatura reala din camera masurata cu un termometru ambiental (eve room sau orice alt termometru de incapere). avantajul folosirii eve room este ca aplicatia vede ambele temperaturi si iti propune automat valoarea offset pe care ar trebui sa o pui. totusi din cauza ca temperatura agentului termic de la radet variaza destul de mult (+\- 20 grade) in functie de temperatura de afara, acest lucru influenteaza diferenta dintre temp senzorului langa calorifer si cea resimtita in casa care nu cresc/ scad direct proportional. de aceea valoarea “offset” trebuie ajustata destul de des, altfel riscati ca dupa toate reglajele sa aveti -2 grade fata de temperatura asteptata in camera si sa resimtiti frigul sau sa fie prea cald noaptea. uneori pe baza temperaturii masurata cu eve room, aplicatia mi-a propus un offset de -1grad, alteori pe acelasi calorifer mi-a propus -4 grade ca sa ajung in realitate la temperatura dorita. eu am renuntat sa pun scenarii gen 24grade ziua si 22 noaptea. compromisul a fost sa setez 30 grade pentru intervalul cand sunt acasa ca sa ma asigur ca valva e deschisa la maxim si 16 grade cand nu sunt acasa pentru economie ca sa ma asigur ca valva e inchisa total. oricum intr-un bloc cu termoficare centralizata de la radet, cu toate caloriferele oprite, temperatura nu poate scadea sub 21 grade datorita coloanelor incalzite si a peretilor/ plafoanelor care absorb caldura de la ceilalti vecini. intr-un final acele 8h/ zi in medie cand sunt inchise caloriferele imi aduc o economie cat sa le amortizez in 2 sezoane. daca sunteti obisnuiti sa traiti insa in 22 grade nu merita sa le cumparati pt termoficare radet! luati termostate manuale si gasiti sigur o pozitie la ele sa aveti o temperatura constanta.;0
275;nu arata deloc rau ca bratara, plus ca vei avea mereu un cablu microusb la tine. o steluta a sarit din schema deaorece este foarte greu de desfacut daca l-ai inchis complet. mult mai simplu e sa ti-l scoata altcineva, fara sa rupa firele.;1
276;sper sa va ajute review-ul meu. o sa incerc sa il fac cat mai ordonat.  -pret 339 ron-acum este 299 ron deci foarte bine pentru cei care il cumpara acum.  -face ceea ce spune  -baterie extraordinara: 1 luna daca nu il tii mereu conectat la telefon sau daca nu faci sport intens si hr este pornit la 5 min, daca il folosesti si la sport-aproximativ 15-20 zile. 5 stele pentru asta  -luminozitate-perfecta, se vede oricand  -afiseaza vremea-e destul de interesant dar nu exact-logic:)  -touchscreen-ul nu functioneaza mereu    2 probleme pe care le-am intalnit eu. pot fi subiective dar am ajuns la concluzia ca l-as vinde si mi-as lua garmin vivoactive sau fenix 3    cand l-am cumparat la pretul afisat mi-am dat seama cat va face si a fost foarte bine. mi-am dat seama ca imi doresc mai mult. sunt o persoana sedentara si recunosc -dar de 1 luna am devenit activ-sport outdoor si sala (fitness) atunci mi-am dat seama ca am nevoie de mai mult.    -pulsul chiar daca este setat la 1 minut el face un average si e destul de fals. stiam acest lucru dar nu ma gandeam ca va afecta cu ceva-dar daca faci exercitii in care vrei sa tii pulsul sus nu te ajuta deloc. singurul sport in care a fost pe aproape este alergatul-acolo sare de 170 si ma notifica:))    -limitarea sporturilor: practic poti contoriza doar 4:(. acestea sunt: outdoor running, treadmill, cycling, walking. din pacate pe indoor este foarte limitat. m-ar fi ajutat spinning, clase, yoga, etc... din acest motiv voi face upgrade la garmin. ar fi fost interesant sa isi dea singur seama ce fel de exercitii am nevoie sau sa le pot creea.    in concluzie. isi face banii si merita pentru un smartwatch simplu, limitat dar foarte placut. mi-as dori sa gasesc avantajele acestui ceas si la brandurile dedicate.;0
277;pentru garantie unde sa ma adresez? am achizitionat produsul in 23.03.2018, iar acum nu mai incarca nimic.;0
278;viteza mica, altfel bune pentru scopul lor.;0
279;dupa aproape o luna de teste cu aceast power bank, pot spune ca este ok. se dau multe informatii eronate pe net insa am vazut si multe comentarii inutile... gen ca a incarcat full un samsung s7 de 3 ori cu bateria asta. asta inseamna 9000 de mah. chiar daca l-ai incarca de la 10%, tot n-ar putea ajunge la capacitatea aceia. daca il incarci de la 30% asa ii mai plauzibil. capacitatea reala a bateriei este undeva in jur de 7000 mah. pe site-ul celor de la romoss scria ca pierderea la aceste baterii este de doar 1500 mah, ceea ce ii o minciuna. totusi 70% din 10 000 nu-i chiar atat de rau. am reusit sa incarc 2x 3300 mah, ceea ce pentru mine ii ok tinand cont ca la pretul asta nu prea gasesti baterii la fel de bune. inainte de asta aveam o mizerie de 4400 mah, care incarca doar 2200 mah, pentru 35 de lei, ceea ce mie mi s-a parut scump.;0
280;da rezonabil...;0
281;par destul de rezistente in comparatie cu alte casti no name. sunetul e ok, butoanele merg insa doar pe versiuni mai noi de samsung (pe vechiul mini2 nu functioneaza). castile vin cu auricular mic, mediu si mare, cauciucul din care e confectionat e f placut in ureche.;2
282;l-am cuparat la discount, aproape la jumatate de pret. totusi la pret intreg, nu e de 5. nu cred ca o sa reziste la prea multe socuri.;0
283;isi face treaba... cat dai atat face!;0
284;functioneaza fast charge-ul, iar calitatea materialelor folosite este bune. multumit de produs;0
285;foarte ok;0
286;este o. k. dar durata de incarcare completa a bateriei externe este mai lunga decat s-ar credea.;0
287;setarile au durat un pic mai mult decat m-am asteptat, in rest sunt multumita. abia l-am achizitionat, vom vedea in timp.;0
288;este un produs destul de bun, eu sunt multumit de el. l-am achizitionat pe 31.03.2017 la pretul de 79.90 de lei. puterea reala a bateriei este de 6700mah, dureaza destul de mult sa o incari 100%, undeva la 7-8 ore, insa raport calitate pret e bun.;0
289;produsul este ok, avand in vedere pretul acestuia.;0
290;+produsul este unul de calitate, sunt multumit!  -singurul dezavantaj este cablul de alimentare care este foarte fragil, la folosire intensa se deterioreaza repede datorita materialului rigid.;1
291;un produs ok.;0
292;incarcator la indemana oricand;0
293;destul de stabil... strange bine telefonul..;0
294;bunicel, samsung-ul sotiei cu gps si internet pornit il incarca dar sony-ul m5 cu acelasi functii pornite il tine doar sa nu se consume bateria, fata de cele vechi care le-am avut este bun si confectionat din materiale calitative, l-am luat cu 41.99 lei.;2
295;foarte buna bateria, 4 stele pentru ca e un pic cam mare.;0
296;am primit produsul, e in regula, nu are urme de folosire si functioneaza perfect. singura problema e cu cablul de alimentare livrat, care este unul destul de folosit(uzat) nicidecum unul nou. frumos ar fi fost sa se verifice produsul inainte de repunerea in vanzare si sa se inlocuiasca anumite componente ce nu sunt la parametrii. produsul a fost cumparat cu titulatura de “resigilat”, nu “second hand”.;0
297;o tableta pe masura asteptarilor. are un display de calitate, este rapida, si, foarte important, bateria este foarte buna. ca si mici dezavantaje as puncta faptul ca din 16 gb, sunt utilizabili doar 10 gb, iar din acestia direct din pachet 2gb sunt ocupati de aplicatiile de sistem. sunetul de asemenea putea fi o idee mai de calitate. vizionarea filmelor o recomand cu casti, fiindca altfel se aude dintr-o parte (difuzoarele fiind de aceeasi parte). per total insa sunt multumit de achizitie.;2
298;azi am primit coletul de la emag si am avut timp sa ma joc putin cu bratara mi band 2 de la xiaomi.     am cumparat-o cu 69 lei resealed de la emag dar pana acum se pare ca funtioneaza bine.   pro:  -aplicatia mi fit este foarte bogata si bne facuta  -are heart rate  -din cate am mai citit bateria tine cam o luna daca nu si mai bine.     minus:  -ecranul bratarii este mic iar in lumina soarelui nu se vede mai nimic  -sistemul de incarcare nu imi place, trebuie sa scoti gadgetul din cureaua de plastic/cauciuc si apoi cu un adaptor special trebuie s ail bagi in priza la incarcat.     in genereal, multumit de achizitie, sper sa tina.;2
299;pro: usoara, fiabila, autonomie mai mult decat rezonabila.  contra: lipseste semnalul de terminare a apelului.  recomand.;2
300;deocamdata e ok. pro: semnal bun in limita a 40-50m de casa. bateria il tine lejer 5 zile. sunet clar. aspect placut. n-am dat 5 stele pentru ca il am doar de o saptamana si nu stiu inca ce urmeaza. imi pastrez rezerve:) contra: nimic deocamdata.;2
301;am acest produs de 2 zile si pot spune ca este decent, mai ales ca pretul este accesibil. pro:  - design reusit, lumina albastra este de efect. - portul de 2a zbarnaie (dar l-am identificat din a doua incercare) - porturile usb sunt in unghi de 90 grade fata de axul prizei, iar pentru masina mea care are priza de bricheta fix in dreptul schimbatorului, este exact ce imi trebuia. contra: - portul de 1a, nu reuseste sa imi incarce telefonul - nu se fixeaza prea bine in priza de bricheta, avand tendinta de a iesi din lacas cand masina trece peste denivelari.;2
302;"ventuza solida, are si un gel/buza de silicon pe ea pentru prindere pe bord. tija solida, insa cu un telefon de 5.7"" bila care regleaza directia vibreaza. cu ceva pana in 5"" merge ok, insa telefonul meu are si 220gr. sunt multumit.";0
303;buna;0
304;este un ceas smart ok... ca si pretul de 130 de lei... merge bine se aude bine...  nu am reusit sa deschid capacul din spate pt a baga cardul de memorie si cartela... sugestii?;0
305;"dispozitivul m-a dezamagit initial, dar apoi am gasit un mod de convietuire si acum mi-a intrat sub piele.  se fixeaza bine pe bord, chiar daca textura bordului nu e perfect lucioasa. are ventuza cu suctiune + adeziv. de aceea ideal e sa-l montati:  1. dupa ce ati identificat de la inceput locul ideal (sa nu trebuiasca sa-l tot mutati)  2. dupa ce ati curatat locul de prindere cu putin alcool.  daca forma suprafetei de prindere nu este prea curbata, atunci fixarea e solida si stabila in timp. gheara de prindere a telefonului/dispozitivului este foarte puternica, de aceea trebuie sa va faceti reflexul sa introduceti si scoateti dispozitivul fara sa fortati prinderea in ventuza.  pro:   - ventuza destul de puternica prin combinatia de suctiune si adeziv (permite chiar prinderea pe suprafete usor curbate; dar *usor* curbate)  - gheara de prindere a dispozitivului foarte putenica  - multe grade de libertate prin culisarea prinderii si miscari de rotatie  - il testez de cateva luni si si-a pastrat proprietatile (altele se degradau deja intr-o luna-doua)  contra:  - ventuza cu adeziv nu permite prea multe schimbari ale prinderii  - gheara (extrem de) puternica de prindere a dispozitivului necesita atentie la prindere si desprinderea lui pentru a nu forta prinderea in ventuza";1
306;sunt multumita cu produsul. are 9cm diametru. sunt multumita cu pretul redus mai mult n as fi dat pe el. materialul e de calitate si robust. se aude bn chiar si bunica il aude cu usurinta desi are probleme auditive. cupleaza dintr o data cand te suna cineva si poti vb la tel chiar si de la indepartare sau cu spatele la el.;2
307;singurul cusur tine mai curand de aspect decat de siguranta. in zona telescopului as fi preferat sa fie usor mai lata precum bratara originala. altfel, dupa putina practica te obisnuiesti cu sistemul de inchidere care, cel putin in cazul meu, nu a dat semne de slabiciune.;2
308;recomand, este un produs bun, care isi face treaba. are lanterna are lumina ambientala, are 11500mah din 15000. e ok.;0
309;detin un fitbit ionic de aprox 4 luni si sunt foarte multumit, spun asta in contextul in care versa este acelasi lucru cu ionic doar ca este pentru ladies fara gps. bateria este extraordinara, ma tine si 7 zile fara alte exercitii care sa foloseasca gps. de exemplu, am pedalat 75km intr-o zi, pornit gps, timp de plimbat aprox 6 ore, acuratetea gps-ului nu am ce sa-i reprosez, chiar si in zonele unde google maps nu avea traseu, la final de zi mai aveam 34% baterie. de la 34% s-a incarcat in aproximativ 80-90 min. masoara foarte bine heart rate, sleep monitoring si celelalte functii.   sa nu mai vorbim de claritatea display-ului, este foarte placut sa te uiti la el comparativ cu garmin care este pixelat, corect, garmin se adreseaza acelor personae care nu dau importanta claritatii detaliilor de pe display cat functionalitatilor... (am renuntat la garmin tocmai din cauza asta).   pentru mine personal un dezavantaj este faptul ca nu poti instala mai mult de o tema ca si la garmin, cateodata mai da rateuri la instalarea unei noi teme, dar cu rabdare treci si peste asta.  in concluzie recomand, dar nu la acest pret tinand cont ca nu are gps, undeva intre 700-800 ar fii pretul potrivit, dar fiind un produs nou se intelege, e doar marketing...;0
310;"filmarea este excelenta, dar partea de procesare are probleme. pe mai multe calculatoare apare problema unui ""hexagon"" negru in mijlocul filmului ""lipit"" cu actiondirector de la samsung.   am cerut ajutorul celor de la samsung, iar raspunsul lor a fost ""sunati la 1-800-samsung""...   pana nu voi gasi o solutie pentru procesarea filmului, imi va fi greu sa dau 5 stele. calitatea filmarii brute si usurinta de a o folosi cu si fara un telefon m-au determinat sa o pastrez pana la gasirea unei solutii";0
311;este o inventie interesanta. are functii la care nu m-as fi gandit si totusi le gasesc foarte folositoare.  se aude binisor. ecranul se vede bine este confortabil la mana si cel mai important cea mica este foarte incantat de el  totusi eu zic ca merge pentru copii de peste 6 ani si nu am gasit specificat acest lucru in descriere. din aceasta cauza doar 4 stele;0
312;raport calitate-pret foarte bun. o boxa complexa care se aude foarte bine.;0
313;astazi l. am comandat. dupa ce am citit comentarile am ramas usor uimit. unii spun da nu e bun de nimic, iar altii ca e ok. sper sa fie bun la raport calitate-pret.;0
314;sunt bune, se aude clar, microfon sensibil, se aude zgomotul din jur.;0
315;am luat cardul pentru telefon, este bun isi face treaba, nu stiu daca exista o clasa mai rapida, insa daca este, va recomand una cu viteze mai mari, la mine daca fac mai multe poze rapid, se blocheaza, pana la urma trebuie sa astept sau sa ies din modul de camera foto pentru ca nu te mai lasa sa faci nici o poza altfel. nu aveam problema asta cu cardul precedent.;0
316;materialele folosite sunt de o calitate foarte buna. vine cu un cablu de incarcare mic, alb, plat, foarte finut si frumos. este foarte compact, nu l-am testat sa vad exact cat are capacitatea dar am masurat curentul de iesire. la 9v se duce in maxim 1.5a (nu garantez de acuratetea aparatului cu care am masurat), iar la 5v s-a dus tot pe la 1.5-1.7a. posibil si device-ul testat (si cablul de date) sa influenteze aceste date. o sa mai adaug noi date pe masura ce mai testez aparatul.;2
317;un ceas foarte fain care are un design ce mie personal imi place. este si primul smartwatch si nu prea am cu ce sa-l compar dar o sa pun o lista de pro si contra.    pro:   - bateria tine super bine - adica de marti pana acum nu l-am incarcat si asta inseamna de la 57% la 24%  - design-ul   - materialele de calitate  - functiile de sport    cons:  - daca navighezi prin setari si primesti o notificare - te scoate pur si simplu din setari si iti apare notificarea  - notificarile nu sunt afisate din punctul meu de vedere foarte grupate cum mi-ar place mie parca is asa aruncate pe display atunci cand sunt mai multe.    se vede clar ca sunt la inceput - si versiunea softului zice totul 1.0.3.54 - mie mi se pare un beta care ii bagat in productie.;2
318;functioneaza foarte bine, sunt comode, ofera un sunet mai mult decat acceptabil pt suma platita.;2
319;o tableta buna, cumparata de black friday cu 1500 ron, care se misca bine, arata bine, sunet excelent, ecran bun, daca nu bate soarele f. tare, baterie excelenta.    ce e mai problematic, conexiunea slabuta la retea, cu un samsung note 9 aveam 299 mb/s pe o retea wireless 5g, iar pe aceasta tableta aveam 160-180 mb/sec. wifi direct de transfer fisiere se intrerupe... nu am incercat si 4g, dar ma gandesc ca e tot cam la fel…    a doua mare problema este lipsa jack-ului audio... mare problema ptr mine:( tableta multimedia fara jack.... aici s-au prostit ca aia de la apple sau google...    in concluzie o tableta buna la acest pret.... i-as da 5 stele dar mai este si samsung tab s4 care chiar este de 5 stele si atunci ne clasam pe locul urmator cu 4 stelute bine meritate;0
320;ce pot sa zic ca mi-a displacut:   - destul de mari, sunt destul de evidente ( ies din ureche, nu sunt foarte subtile )  - sunt din plastic  - aria in care trebuie sa stai ca sa nu pierzi semnalul e putin cam mica, dar pentru sala / scoala sunt perfecte   in rest, totul este pro, calitatea sunetului, functionalitatea butonului, durata de viata a bateriilor, portabilitatea, confortul in ureche. nu regret achizitia, recomand si altora.;1
321;o folosesc cu un iphone se.   bateria la iphone nu e afectata foarte mult. undeva autonomia a scazut cu vreo 3 ore. dupa vreo 5 zile la bratara mai am undeva la 78% baterie.   arata cine te suna, sms. arata bine, ieftina la accesorii.    pasii- daca iti tii mana imobila in timp ce mergi mai scapa din pasi( sau impingi un carut cu bebe, scapa destui de multi, spre deloc).;2
322;o tableta frumoasa, la prima vedere rezistenta full metal capac apare.;0
323;inchiderea se face ok, deschiderea e putin mai tricky, iar partea metalica e usor nefinisata pe interior. raport calitate pret ok;2
324;raport calitate/pret foarte bun. bine finisata. buna pentru citit pe situri, mesagerii diverse, youtube, netflix. probabil nepotrivita utilizarilor intensive (jocuri). instalarea noilor aplicatii e inceata, apoi merg bine. as zice ca satisface asteptari realiste.;2
325;apar intreruperi ale sunetului, desi distanta fata de telefon nu depaseste 1m. probabil doar in cazul meu.  in rest, sunt foarte practice oar calitatea sunetului foarte buna;2
326;se aude chiar bine pentru marimea ei. totusi, daca o dai prea tare, mai distorsioneaza. are si ceva bas:);0
327;foarte buna......;0
328;aproape la fel de bun ca originalul;0
329;e chiar ok ceasul telefon pt copii.  m-am prins un pic mai greu cum e sa introduci numere in ceas folosind aplicatia de pe telefonul tau mobil... dar oamenii de la mobile express communication, ceie care il importa, au fost super amabili - bravo!;0
330;tocmai ce am achizitionat produsul, suntem foarte incantati de el, isi face treaba foarte bine, l-am configurat repede urmand instructiunile primite, dar am primit numai cablu usb, oare nu ar fi trebuit si incarcator? poate ne raspunde cineva... multumesc!;0
331;din punct de vedere al raportului pret-calitate, e un produs excelent! bateria tine in jur de 4 ore, in functie de volumul utilizat. sunetul e destul de clar, dar efectul de bidon e prezent, generand un ecou infundat. sunt multumit de alegerea facuta.;0
332;pentru dimensiunile boxei e printre cele mai performante, materiale sunt de calitate, sunet mai mult decat decent.;2
333;sunet bun, usor de folosit.;2
334;baterie buna, dar destul de grea.;0
335;"e un produs foarte ok  plus: aspect, ecran excelent, touch perfect utilizabil, notificari cu vibratii + afisate, ritm cardiac masurat permanent, conexiunea la telefon destul de stabila, surprinzator de usor in special comparativ cu fenix5.   minus: pret ciudat de variabil si mare, azi 2100, ieri 1700...; conectarea la pc e ok si softul dedicat(garmin express) simplu dar la deconectare s-a blocat, a trebuit sa-l resetez apoi a pornit normal. se poate trai si fara conectare la pc, aplicatia android (garmin connect) face aceeasi treaba.";2
336;sistemul de incarcare presupune un element suplimentar adaugat la miniusb.;0
337;e destul de ok! si ca pret bun!;0
338;(incercati sa o prindeti la 99 de lei... maxim 119 daca e graba)    bune:  - afisaj aproape lizibil afara in lumina  - relativ ok si pe mana mica  - capsula si curea separata, cand se rupe cureaua nu trebuie aruncata cu totul  - bateria tine peste o saptamana  - nu am probleme de conectivitate  - cu telefon xiaomi se poate activa screen unlock cand sunteti langa telefon  - aplicatie decenta, multe setari    rele:  - senzorul de puls indecis rau de tot, ba am 57, ba 72, ba 117  - detectia somnului slaba, daca nu dorm dar stau cuminte imi pune light sleep    mai buna decat bratarile a+ si nu mult mai scumpa;2
339;l-am luat ca si alternativa pentru cureaua din silicon cu care vine ceasul. este destul de slabut calitativ, se mrdareste repede si se scamoseaza pe margini. nu stiu cum se curata dar fiind din plastic nu ar trebui sa fie o problema. in timp insa nu cred ca rezista.;1
340;ecran bun, wi-fi destul de puternic, booteaza un pic cam greu, dar se misca bine dupa aia... merge pe 4g de la digi..:)... merita cumparata pt navigare pe net si jocuri nepretentioase;2
341;calitate buna.;0
342;pro:  - design foarte placut  - materiale de foarte buna calitate  - foarte rezistenta si compacta  - waterproof  - baterie ok    contra:   - sunetul, desi suficient de bun, parca se putea mai mult. la volum ridicat (peste 70%) se aude ok dar parca se chinuie putin si bass ul, mediile, inaltele parca se contopesc, nu se mai prea face diferenta intre ele    concluzie:  - raport calitate pret, mai bun, nu cred ca exista (am achizitionat o la 319 lei)  - daca nu ai pretentii exagerate din partea sunetului este absolut un must have.    enjoy!;2
343;interfata usor de folosit, gps precis, bateria rezista 2 zile lejer cu gps, hr si bluetooth activate permanent. singurul minus, monitorizeaza ritmul cardiac cu pauze, chiar daca urmezi indicatiile de purtare.;2
344;"destul de bune, dar te face sa le utilizezi cu volum mai tare dat, deoarece nu par a antifona prea bine. am casti cu fir care chiar ""astupa"" urechea bine si nu mai auzi zgomotul de afara asa clar.    de asemenea, ledurile nu se opresc decat atunci cand dai play la muzica. cand muzica e pe pauza, ledurile acelea consuma baterie, un mare minus, plus ca nu tin foarte mult incarcate. pentru un drum de 30 min dus intors, se descarca imediat. un alt minus al castilor este slaba conexiune cu telefonul. eu le utilizez deja de 1 an si ceva, si de multe ori se intrerupe muzica sau se deconecteaza castile din senin (p. s mi-am testat telefonul si nu este el de vina), dar ca si calitate a sunetului, sunt bune, bass clar si puternic. raportul calitate/pret este ok, nu poti spera la mai mult la banii astia.";0
345;este o boxa buna. pana acum am avut doua boxe sony, jbl le depaseste ca si calitatea sunetului. l-am cumparat la reducere, pot sa va spun ca isi merita pretul.;0
346;este de mici dimensiuni, incape in buzunar cu tot cu telefon. incarca rapid.   singurul dezavantaj este ca nu are firul integrat. trebuie sa caut prin geanta dupa el.  raportul calitate-pret este ok.;2
347;se aude bine pentru marimea si pretul ei.;0
348;am cumparat acest model in urma cu 4-5 zile si pe care l-am supus la doua teste, de descarcare respectiv incarcare, pentru a vedea daca merita sau nu pretul cerut.  la inceput l-am descarcat complet, fiind la 64%, cu un bec de tip led de 0,70a, descacarea fiind extrem de rapida, temperatura -7 grade.  accesorii folosite in vederea testului au fost:  -doua aparate de masura dt 9205a cu cabluri cabluri groase artizanale pentru masurarea amperajului,  -2 leduri de tip cob,  -cablu de incarcare artizanal de 80 cm, cu sectiunea de 0,75mm,  -incarcator lenovo pentru tablete de 2,1a  cei 1.32a folositi pentru descarcare, mai exact cele doua leduri, au fost puse fiecare pe cate un port usb. cele doua cicluri complete de incarcare-descarcare au fost efectuate la temperatura de 18-20 grade. ----------------------------- incarcarea nr. 1:  curent de intrare maxim 1,62a total curent absorbit 14,2a durata 11ore si 35 de minute  rezumat: pana pe la 99% curentul de incarcare a fost fix de 1.61a, dupa care a inceput sa scada treptat. cand s-a facut 100%, incarcarea a mai durat aproximativ o ora si jumatate, intrand aproximativ 1,5a.  ----------------------------------- descarcarea nr. 2 (dupa prima incarcare completa) curent de descacare 1,32a - doua becuri total curent debitat 9,21a durata 7 ore --------------------------------- incarcarea nr. 2:  curent de intrare maxim 1,62a total curent absorbit 14,3a durata 11ore si 15 de minute --------------------------------------- descarcarea nr. 2: curent de descacare 1,32a - doua becuri total curent debitat 9,31a durata 7 ore ----------------------------------------- datorita pierderilor pe cablu, este posibil ca valoarile sa fie putin diferite in realitate, dar nu cu mult. cu un cablu obisnuit probabil vor fi alte rezultate. curentul pe care la putut absorbi o tableta a fost 1.85a, si in jur de 1.65a constant. cele doua portulri ofera acelasi amperaj. nu am incercat sa testez cati amperi cedeaza in cazul in care as pune mai multe becuri. nimeni nu incarca mai mult decat o tableta sau un telefon. -------------------------------- date tehnice: curent de intrare 1.62a (maxim) curent de iesire 1,85a (posibil mai mult) pe ambele porturi usb, chiar si la cel de 1a. nu am incercat pe ambele porturi simultan sa vad daca duc cate 1,8a fiecare, dar recomand consumatorii mari sa fie conectati la portul de 2,1a. valoare nominala 14300 mah (la al doilea ciclu de descarcare) valoare utila 9310 mah (la al doilea ciclu de descarcare) valori afisate pe display mai reale la descarcare decat la incarcare dupa 100%, incarcarea mai dureaza aproximativ 1ora si 30 de minute  momentan nu stiu daca sa fiu multumit sa nu de acumulator. ma asteptam la un randament mai bun. pretul de 100 de lei este maximal, nu cred ca face mai mult, mai putin da. daca ar fi fiabil, si sa tina cei 9,31a la 3-500 cilciuri, ar fi bine. probabil dupa mai multe cicluri de incarcare-descarcare, puterea de acumulare va mai creste.  clientii fac si ei teste, motiv de incurajare pentru producatori sa afiseze date tehnice reale ale produselor.;0
349;casca este foarte buna si se aude excelent... fiind usor de folosit  este o problema cu suportul care se prinde de ureche... nu sta stabil.. care mereu;0
350;dureaza ceva timp sa incarce un samsung dar isi face treba...;0
351;produsul pare ok, insa se insereaza si scoate foarte greu din priza auto. extrem de greu!;0
352;"merita de cumparat, raport pret / calitate bun; se aude bine si pe difuzor; bateria tine suficient (apx. 3zile cu 60min./zi); design placut, usor de manuit  pro:: -design placut, usor de manuit; -se aude bine si clar si pe difuzor  contra:: -de imbunatatit meniul si scrierea in agenda";2
353;pro> sunet ok perechea anterioara m a tinut 2 ani acum comand inca o pereche   contra> microfonul este varza;0
354;le recomand;0
355;"este o casca buna si merita banii.    plusuri  +este usoara  +volum destul de mare, al sunetului  +calitatea vocii este ok (ceilalti nu vor face diferenta intre telefon la ureche si acest hands-free)  +este eleganta    minusuri  - mi-a luat aprox. 2 saptamani ca sa ma obisnuiesc cu ea in ureche... lucru care nu s-a intamplat la plantronics  - bateria este relativ mica - ai undeva la 6-8 ore talk time  - gelurile de ureche, nu seamana a geluri, ci a cauciuc. mai incomode decat plantronics.    in pachetul meu, pe langa geluri de ureche suplimentare si earhook, a mai venit cu incarcator auto si un mic cablu usb.    daca as mai cumpara-o... nu stiu. nu mi-a placut experienta prin care am trecut in prima saptamana pana urechea ""s-a obisnuit cu casca"". si nu am urechi mici, dar nici mari.";2
356;se incarca destul de incet, 8ore+. portul pentru incarcare rapida este util cand vrei sa pleci cu device-ul si nu ai timp sa-l incarci, dar nici nu poti merge cu bateria dupa tine;0
357;este o boxa f buna pt un apartament. se aude destul de clar. am achizitionat-o la pretul de 220ron.;0
358;fitbit mai are mult de lucrat la compatibilitatea aplicatiei cu telefoanele, cel putin cele cu android.  m-am chinuit cu un huawei p10 lite si un htc 820.  ce folos daca ionic se lauda si cred ca este bun, daca nu-l poti sincroniza cu telefonul sau nu poti primi notificari.  abia astept ca echipa fitbit sa adauge si mai mult decat un huawei p9 in lista de compatibile.  produsul nu l-am luat de la emag ci de la primul distribuitor cate l-a adus in romamia.;0
359;produsul este conform specificatiilor. mai greu a fost cu livrarea.;0
360;mi-ar fi placut putin mai mult bass, dar la pretul acesta sunt chiar ok!;0
361;se aude impecabil, textura invelisului este placuta la atingere.  se descarca mai rapid decat ma asteptam. o folosesc intr-un spatiu comercial si este expusa la inaltime. ar fi fost de preferat sa tina de dimineata pana seara incarcata fara sa fim nevoiti sa o dam jos pentru a o incarca.;2
362;"overall este un produs bun pe care il recomand pentru cei care nu sunt foarte pretentiosi.  eu o folosesc la bucatarie, cand telefonul nu mai face fata hotei:)    pro:   -pretul mic  -sunet destul de tare si fara gajait pana la 90% din volum  -conectivitate usoara  -poate fi folosita in timp ce se incarca.    contra:  -la volum ridicat vibreaza pe o suprafata tare (eu o tin culcata)  -materialele nu sunt intocmai de calitate desi este grea si pare solida, butonul de selectare a functiei este ""subred""";1
363;am luat acest acumulator de la emag cu 80 de lei.  pro: incarca telefonul cam de 2 ori, plasticul e de calitate, chiar si dupa 50 de cicluri incarcare/descarcare inca pare a avea aceeasi capacitate, are lanterna si mufa de 2a incarca telefonul f repede  minusuri: nu merge sa-l incarci in timp ce ai conectat alte 2 device-uri la el care se incarca.;2
364;la iphon 6 s merge;0
365;e ok eu am facut-o cadou pentru ca ea fost la un pret accesibil;0
366;un produs conform asteptarilor. mufa tip c intra mai greu pentru ca nu este centrata.;0
367;chiar isi face datoria recomand;0
368;pro:  bass si sonor foarte bun  nu iti cad din ureche    contra:  nu sunt cele mai confortabila casti dar sunt ok.;0
369;face tot ce e in descriere. nu suna foarte tare, functioneaza cu baterii.;0
370;sunt ok..;0
371;este ok, dar nu corespunde produsul din imagine cu cel primit;0
372;merge ok.  eu o folosesc pentru chestii de zi cu zi. un mail, un internet, facebook.  nu am pus jocuri sau chestii mai grele.  bateria tine muuuuuult, pentru ce fac eu cu ea.  recomand pentru chestii banale, de zi cu zi.;0
373;"boxa este extrem de usor de utilizat iar livrarea a fost prompta. se aude excelent desi ""super bass"" este o titulatura subiectiva. la minusuri as trece anduranta bateriei (aprox 1 h), de aceea nu am dat 5 stele.";2
374;are capacitatea reala.  atat doar ca se incarca si incarca mai greu decat spune, iar procentajul nu e intotdeauna corect(de la 99%a bateriei pana la 76% a incarcat aprox 5%ale telefonului, iar de 76%pana la 75%a incarcat aprox.21% din bateria telefonului).  ma declar relativ multumit la pretul de 99lei, culoare albastru.;0
375;la 35 lei, nu ai ce sa vrei mai mult.;0
376;foarte buna bateria.  minusul ar fi marimea.;0
377;este o boxa destul de ok pentru cat costa, are un sunet bun chiar pusa in exterior, design placut si merge foarte bine pentru o seara de karaoke in grupul de prieteni. singurul dezavantaj si unul destul de major e ca nu o poti conecta prin bt la mai multe telefoane, chiar daca cel inregistrat in interfata ei are bt oprit... nu-ti da voie sa conectezi alt telefon decat dupa ce il stergi pe cel inregistrat din memoria ei apasand butonul mode cateva secunde.;0
378;l-am oferit cadou. persoana care l-a primit a fost multumita de el.;0
379;pro: bacteria tine f. mult, e mica si sta bine pe mana, rezista la apa, functioneaza corect.  contra: nu masoara si pulsul;1
380;este putin cam larga pentru mana mea (17 cm diametru), dar produsul isi face treaba. pacat ca nu sunt pe marimi.:(;1
381;util. nu ca bratara dar ca si cablu usb scurt.;0
382;este foarte ok, se aude bine si de o parte si de alta.  contra este localizarea, nu este exacta.     concluzii: merita banii, sa stii ca poti suna sau te poate suna daca se rataceste copilul este de nepretuit.;0
383;o am de o saptamana si deja au aparut cateva zgarieturi pe partea din spate deoarece este un plastic lucios care nu este prieten cu cheile;1
384;pare a fi un produs foarte util, as dori sa il cumpar dar observ ca nu il mai aveti in stoc, puteti da comanda de la producator de acest model de stick pentru a il putea cumpara?;0
385;mufa laterala de incarcare e pusa in asa fel incat sa te incurce cat mai mult. in rest sunt multumit;0
386;e destul de bun dar incarcatorul de la el l-am primit stricat asa ca am folosit un incarcator de samsung, se incarca repede dar se descarca in cateva ore,;0
387;ca si pret este ok la fel pot sa zic ca ma declar multumita si de design si faptul ca este din aluminiu. mam dezamagit cand inainte cu o luna sami expire garantia sa se strice spre norocul meu mi-au fost returnati banii.;2
388;un produs ok la prima utilizare, de mentionat ca puterea ei este de 2w nu de 3w cum este specificat in detalii ar trebui remediat acest aspect de catre cei de la emag;0
389;un produs rezonabil la acest pret.. din pacate sunetul lasa de dorit, livrarea de exceptie... multumesc emag!!!!;0
390;samsung galaxy tab e, o tableta pe care o am de 1 an, o sa spun mai jos ce imi place la ea si ce nu imi place dupa 1 an de folosinta    pro:  -incarcator puternic(si foarte bun materialul fata de cel de la apple tab 2,3,4 etc la care cablul trebuie schimbat dupa 10-11 luni de utilizare)  -bateria care tine foarte mult  -ecranul de 9,6 inch  -pretul(799 de lei a fost cand am cumparat-o)  -jocurile ruleaza foarte bine chiar si pentru 1,5 gb ram  -materialul de pe spate care se simte foarte bine la mana(pt. cei care se intreaba, nu, nu este acelasi material ca pe tab 4)  -stau mult pe youtube si se vede foarte bine  -interfata ecranului home screen      contra:  -erau bine primite si niste casti in cutie  -cutia este facuta dintr-un material sensibil      in total pot spune ca sunt foarte multumit de tableta in sine, o achizitie care nu o sa o regret;2
391;isi face treaba!  incarca de cam 4 ori destul de rapid.    dezavantaje: acumulatorul se incarca destul de greu iar cand e pe final nu prea mai face fata.;0
392;daca il iei cu speranta ca iti va masura pulsul, mai bine o lasi balta. ce-i drept e o bratara buna, se simte bine la mana, nu te deranjeaza in timpul somnului. monitorizeaza bine somnul si pasii, dar o da in bara cu masuratul pulsului( nu cred ca a avut cineva 40batai pe minut):))). bateria tine momentan, il am de 4 zile si abia am 82% deci se ridica la asteptarile de 14 zile. incarcarea se face la fel de rapid, intr-o ora e gata. inca nu am reusit sa ii testez rezistenta la apa, dar mai astept:)) un raport pret calitate perfect;2
393;imagine clara merg fluent daca ar fi sa le dau un minus leas da acolo la recunoastere vocala nu recunoaste ce nume rostesti;0
394;raport pret/calitate bun    au inalte, au si ceva bass     inlocuiesc cu succes castile din pachetul original al unui telefon samsung    testate cu galaxy a5, galaxy s7 si laptop    ca si minusuri: as putea spune ca firele par fragile;1
395;daca aveti nevoie de un refresh al bateriei uzate, aceasta este o solutie bine venita!;0
396;aproape ok;0
397;este un acumulator extern acceptabil si care isi face treaba pentru cati bani am dat pe el de (black friday - 39 ron). numai ca...  precizez ca si minusuri:  -nu are incarcare simultana pentru doua dispozitive asa cum este specificat pe cutie.  -eu, personal l-am ridicat din showroom iar cand am ajuns acasa si l-am desfacut, surpriza: era zgariat!   iar ca plusuri precizez:  -lanterna lumineaza excelent pentru o baterie externa.  -incarca telefonul cam cu 1.7 a  -nu este exagerat de grea pentru dimensiunile ei (15 cm lungime, 6 cm latime si 2,3 cm inaltime).  recomand produsul in procent de 70%.;2
398;calitate/pret ok;0
399;pana acum nu am avut nici un fel de problema cu el. pare putin cam firav cablul. dar functioneaza excelent daca nu este supus unor forte nefiresti;0
400;functioneaza ok, dar recomand alta firma mai cunoscuta daca va permiteti diferenta de pret.;0
401;ce imi place la acest acumulator este procentajul de afisare la baterie sa sti cat curent mai ai in el. ce nu imi place ca este prea mare de tinut in buzunar si greoi. este normal sa fie asa mare din cauza amperilor de 15000. eu recomand daca doriti sa il purtati in buzunar macar sa va luati de 7000 sau 10000 mah.;0
402;incarca un iphone de 2, maxim 3 ori.. in timp ce el se incarca poate alimenta si incarca si un alt device.;0
403;se aud impecabil. mai ales cu bass, pentru sesiune de workout la sala. pretul e bun, dar singura problema pentru care as dori sa le returnez (pacat ca nu le pot returna la emag pentru ca cumparate de pe emag de la producatorul hippo. ro) este ca distanta maxima la care ma pot indeparta de sursa bluetooth (telefon, pc, laptop, etc) este 3-4 metri, apoi se intrerupe. nu e cum spun ei 10 metri.   de ce nu le-am returnat pana acum e ca, mi-am cumparat aplicatia spotify pentru samsung gear s3 (0.99euro ptr 3 luni) si atat timp cand am ceasul la mana si conectat la wi-fi, pot asculta fara sa se intrerupa.  eu ascult la ~80% volum maxim, si castile se descarca in max 7 ore dupa ce au fost incarcate full. eu zic ca merita la pretul 155 lei.  inainte am avut casti bluetooth anker soundbuds sport nb10, cumparate la 112 lei. le recomand pe cele anker dar din pacate dupa 1 an de folosinte, o casca nu se mai aude, probabil un fir nu mai face contact bine.;0
404;am facut pana acum doar un ciclu de incarcare, totul pare ok, singura problema e greutatea. mult prea greu pt capacitatea de incarcare, insa... la banii pe care i-am platit pe el... nu prea am ce comenta.;0
405;bune, se aud foarte bine, sunetul este clar, bass cam putin, dar na, sunt ieftine.;0
406;incarca destul de rapid, este foarte comod de folosit.;2
407;se aude tare, la volum maxim sunetul este ascutit, bass foarte putin! este perfecta la pretul care il are!;0
408;ok, face scrie citeste asa cum e in descriere.;0
409;este buna merge.;0
410;un gadget interesant. ar fi fost bine sa fi avut o rezolutie mai mare. dar altfel, spectaculos si inedit. am instalat si aplicatia action director pe pc pentru prelucrarea filmuletelor. multe efecte, multe tranzitii haioase, dar se misca destul de greu.;2
411;daca il luati pentru filmari 4k sau 1080@60 va recomand ceva mai bun deoarece acesta mai da rateuri pe un gopro. in rest perfect normal pentru banii pe care ii platesti!;0
412;"sistemul de prindere nu este tocmai fix. pe grilajele testate pana acum nu a cazut.  odata prins in ""menghina"" acolo ramane, fiind greu sa scoti telefonul cu o singura mana:(. asta datorita sistemului de prindere care nu este foarte fix.   intamplator am vazut un sistem asemanator care permitea scoaterea telefonului cu o singura mana, dispozitivul ramanand fixat in grila de ventilatie.  per total, ma declar multumit. isi face treaba si este folositor.  mare plus este ca pe canicula aceasta (iulie 2015) telefonul nu se supraincalzeste deloc, fiind chiar foarte rece:)";0
413;multumit de raportul calitate pret.;0
414;e foarte buna tableta, functioneaza foarte bine. am dat decat 4 stele pentru ca in descriere scrie ca are memoria interna de 8 gb, cand defapt memoria interna este de 4,64 gb.;0
415;e ok. isi face treaba, face vid bine pe barbriz si e desul de stabil.;0
416;la banii astia e minunata!... pentru activitatile zilnice  dar eu nu inteleg cum de primiti voi notificari de pe whatsapp, facebook sau sms... ca eu primesc doar de la apeluri atat, poate nu fac eu bine ceva :-?? la 3 saptamani dupa prima comandata am mai dat comanda de una, super multumita ❤;0
417;o boxa cu un aspect interesant, un sunet echilibrat, atat inaltele cat si basul se aud foarte bine. volumul nu e foarte mare dar e suficient, la maxim nu distorsioneaza deloc. in specificatii autonomia e de 8 h, teoretic, practic undeva la maxim 3-4 h in functie de genul si volumul ascultat. autonomia e singurul incomvenient pentru care dau 4 stele!;2
418;bateria arata foarte plasticiana, led-urile sunt destul de puternice. de incarcat cred ca incarca bine. eu am luat o pentru lanterna mai mult, cica ar tine 17 ore.;2
419;raport calitate/pret este ok.;0
420;"finisaj de calitate, dar dupa cum scrie si pe partea de jos a lui: ""rated capacity: 6400mah""";2
421;sunt niste casti, deci atata timp cat nu imi bazaie in urechi si nu distorsioneaza sunetul, eu sunt multumita.   pro: se aud clar si tare ( o data in metrou ascultam un audio book si cineva de uita dubios la mine ca auzea)  contra: dupa un timp cred ca microfonul s-a uzat, dar nici nu am avut mare grija la cum le transportam prin geanta/rucsac  daca ti-ai rupt/pierdut/stricat castile vechi alege-le pe acestea. isi fac treaba foarte bine;0
422;cumparata pentru o tableta fara pretentii, isi face treaba decent si peste asteptari pentru 35 lei.;0
423;mi-a placut foarte mult, mai putin suportul pentru lipire pe bord, in rest excelent.;0
424;sunt multumit.  2 incarcari si jumatate la un xiaomi redmi note 3 cu baterie de 4100mah.  deci se pare ca, capacitatea mentionata este si cea reala.;0
425;isi face treaba de minune. sa nu va ganditi ca incarca cu 2a pe ora ca incarcatorul original... nu... incarcare standard de1a pe ora. in rest totul ok!;0
426;pare ok husa. o am de o zi si se potriveste cu tableta t585. am vazut-o intr-un magazin samsunt la un pret mai mare, deci e o afacere buna, chiar si cu plata transportului. problema pe care am avut-o a fost insa cu forma de curierat. dupa ce am fost asigurat la telefon de un angajat ca voi putea deschide coletul la livrare inainte de a-l plati, cei de la dpd curier nu au permis acest lucru.;0
427;pro:  - volum puternic  - mica, usoara  - rezistenta la stropituri  - se poate folosi si ca si car-kit  contra:  -bass slabut;2
428;"un produs apple (aproape) performant.  1-ecran “retina” admirabil care nu oboseste deloc vederea  2-se misca foarte bine, niciun fel de blocare  3-raspunde la comenzi imediat  4-aspect si ergonomie remarcabile, aproape ca nu-ti mai vine sa-l lasi din mana  5-are inclusiv 4g, desi nu prea apare clar acest lucru in lista de caracteristici. are slot pentru “simcard” de internet in reteaua mobila de date.  l-am incercat cu un sim card “digi mobile” pt.3g de la rds-rcs si merge foarte bine.  6-bateria se incarca cu o viteza decenta.   de la 20% la 100% are nevoie de 4 ore de incarcare cu incarcatorul livrat impreuna cu tableta. in timpul incarcarii nu se incalzesc, nici tableta si nici incarcatorul decat f. putin (38-40*)  7-are functia de “stylus support” adica realizarea de notite scrise de mana direct pe ecran.  8-setarile pentru aplicatiile care vin cu sistemul de operare, ca la orice produs apple, sunt mai la vedere, chiar intuitive ceea ce il face un instrument de lucru prietenos si mai usor de stapanit decat sa zicem intortocheatul labirint windows si chiar si decat androidul lui google    dar… totusi loc pentru mai bine exista:  9-are o sensibilitate scazuta in reteaua wi-fi, nu merge decat daca semnalul de la router este suficient de puternic; trebuie neaparat sa aiba nivel de “3 liniute” pe ecranul tabletei (adica maxim). daca semnalul wi-fi este doar de 2 liniute, (adica mediu) merge greu, o pagina de web se incarca in 5-12 secunde. vizionarea unui videoclip de pe youtube, este un chin, mai mult is pauze decat film.  (la semnal de o liniuta, nu mai vorbesc, este ca si cum n-ai avea wi-fi)  la o distanta mai mica de 4 m de router (deci semnalul wi-fi primit de tableta este puternic) functionarea este ok.   10-bateria se descarca un pic mai repede decat ar fi normal.   in cazul rularii de pe youtube a unui stream de 1,5 ore bateria se descarca de la 100% la 50% din capacitate.  precizez ca rularea s-a facut in conditii de semnal wi-fi puternic (3 linii)  la o tableta folosita de un an, produsa de alta firma, in aceleasi conditii descarcarea este doar pana la 75%.   11-ecranul tabletei desi se zice ca este “oleofobic” adica nu se vad pe el amprentele, ei bine, se vad “intro veselie” la fel ca la orice “device” fara pretentii.  12-camera pt. fotografii si inregistrari video, mai cu seama cea principala este modesta. atat luminozitatea obiectivului (diafragma 1/2,4) cat si acuratetea imaginii (claritate si stralucire) plaseaza tableta in zona medie a performantelor.  smartphone-uri mai ieftine si fara “brand” rasunator fac cu camera lor o treaba mai buna decat o face apple cu camera de pe aceasta tableta.  13- scrierea “insemnarilor” in “stylus support” adica acelea ce se scriu cu mana libera direct pe ecran, utilizand un creion “stylus” trebuie facuta cu mana “in aer” fara a o sprijini pe vreo parte a ecranului, altfel o sa apara pete si puncte nedorite in viitoarea “nota”.   daca totusi dorim sa ne sprijinim mana, trebuie sa folosim un demicarton de minim 1,5 mm grosime care sa-l plasam pe ecran in zona de sprijin a mainii.    problemele 11-13 cred ca sunt probleme de conceptie pentru tableta ipad 9,7 (2018). altfel zis, s-ar putea sa apara la toate exemplarele acestei serii care se vrea a fi mai accesibila ca pret si drept urmare si performantele-s pe masura, adica mai modeste.   problemele de la 9 si 10 in schimb (wi-fi-ul si bateria), ar putea sa existe doar la tableta pe care am cumparat-o eu. nu-mi vine sa cred ca si aceste minusuri fac parte din structura de conceptie a seriei, pentru ca ar fi foarte grav.   dar chiar si asa, ca deficiente de produs individual, m-as fi asteptat ca apple la nivelul sau de renume sa-si verifice mai atent calitatea la ceea ce iese “pe poarta fabricii” cu atat mai mult, cu cat e vorba de un produs lansat in martie 2018.  (refuz sa cred ca are niste norme de caliate pentru “vest” si alte norme de caliate pentru “estul mai putin pretentios”).    ca urmare a problemelor de la pct. 9 si 10 (cele de la 11-13 le trec cu vederea) am returnat tableta, cu un profund regret, avand in vedere celelalte calitati de exceptie pe care ca orice produs apple, tableta ipad 9,7 (2018) le are.    daca as recomanda acest produs si altora, ce sa zic… depinde de cat de mult ne putem cobora pretentiile fata de o tableta care costa totusi peste 2300 lei.  pe o scara valorica de la 1 la 5  nota 3,5 (trei si jumatate) lui apple pentru aceasta tableta  nota 5 (cinci) pentru emag care a fost punctual si profesionist atat la cumparare cat si la returnarea tabletei, fapt pentru care ii si spun:   “multumesc emag!”";2
429;dupa un an si o luna de utilizare, am revenit cu un review. pro. conectare usoara si rapida la telefon, fotografii reusite, filmare 4k, bateria tine mult, se incarca repede, sunetul e superb. (imi mentin parerea) contra. lentilele se zgarie foarte usor atunci cand camera nu e in suportul ei. daca camera e lasata in soare, lentila dinspre soare se abureste pe interior si nu se poate filma mai mult de 5-10min in lumina directa a soarelui. mi-a facut o faza in vara intr-o filmare erau o pata neagra in filmari si poze, am zis ca s. a ars senzorul, dar dupa aceea nu am mai avut probleme. am mai cumparat una la 400 lei noua de blackfriday. ceva mai ieftin decat 1750 lei cat am dat acum un an.;1
430;este o tableta destul de buna pentru pretul de achizitie;0
431;acumulator bun pentru pretul de achizitie... isi merita banii (100 lei). cand l am primit era incarcat cu doua linii din patru si am incarcat un samsung galaxy s3 neo o singura data... incarcarea acumulatorului extern a durat aproximativ 8 ore..;0
432;bass bun, dar nu fenomenal. nu sunt foarte durabile in timp.;0
433;pro:  numara pasii foarte precis (eroare verificata sub 5%),  masurare puls continua,  incarcare rapida,  autonomie 4 zile fara probleme  comoda, usoara si discreta    contra:  cureaua nu se aliniaza perfect cu unitatea,  nu se poate reseta la setarile din fabrica, nici reseta contul.  luminozitatea redusa, afisaj putin vizibil in lumina soarelui,  notificari doar pentru apel, mesaj si calendar.  putine variante de aspect al ceasului  cureaua mai iritanta pentru piele, cel putin fata de gear fit si chiar fata de fitbit charge hr;2
434;"tableta este excelenta: se misca repede, ecranul este de calitate. sunetul este excelent in casti (se aud decent chiar si castile furnizare), dar lasa de dorit pe difuzorul tabletei  senzatia cand o folosesti este de produs de calitate, nu de chinezarie.  este usoara si subtire, poti sa o iei cu tine peste tot.  wi-fi excelent, hotspot stabil la peste 30m de telefon!!!! (zic ca merita mai mult varianta wi-fi decat cea cu 4g intrucat la etaj am digi4g si la parter nu, asa ca pot folosi internetul de mare peste tot)  ca imbunatatiri posibile ar fi:   un incarcator ceva mai rapid; cel din cutie este de 0.3 a, incarca tableta in 18 ore.... cu un incarcator chinezesc lent reusesc sa o incarc in 5 ore (overnight), stiu ca incarcatoarele rapide busesc bateria dar nici 18 ore nu vreau sa stau!  difuzoarele stereo puteau fi puse in lateralul tabletei si nu pe aceeasi parte.  pare destul de fragila.... sper ca doar pare si nu e in realitate  la 1100-1200 lei merita toti banutii!";2
435;arata bine, se aude bine, dureaza ceva pana te prinzi cum e cu navigarea prin meniu si selectarea functiilor dorite, dar odata ce te-ai prins, nu mai e deranjant.  radio: memoreaza la primul autoscan toate posturile pe care le prinde denumindu-le ch01... ch50, partea buna e ca iti afiseaza si frecventa cand ai schimbat canalul, lucru care se poate intampla cand vrei sa modifici volumul si nu tii apasat lung pe +/-, foloseste cablul jack pe post de antena   partea de conectivitate mi s-a parut destul de intuitiva si s-a conectat usor, redare de pe sd, destul de placuta.  un produs care face ceea ce trebuie sa faca, daca ar fi fost un pic mai user friendly (fara apasari lungi pe butoane, etc) ar fi fost si mai bine.;2
436;l-am montat in parbriz acum vreo doua-trei saptamani. am facut cateva drumuri lungi cu un note 8. telefonul sta bine, suportul pare ca scoate ceva zgomote atunci cand este gol, dar nu deranjeaza. am avut inainte samsung. s-au rupt clemele din jurul bilei si m-am trezit cu el in brate. acest suport il egaleaza ca si calitate, pe cel samsung care a costat de trei ori pe atat.  plasticul nu pare de calitate, cum era cel samsung, frumos dar prost.  patru stele pentru sunetele slabe pe care le scoate atunci cand este gol si pentru ca sunt poate, prea pretentios.;1
437;am avut un acumulator ca acesta pe mana. l-am returnat, deaoarece nu suporta quick charge. indicatorul de incarcare si descarcare e destul de exact. in rest a fost ok. luminile, in special cea de fundal, care are mai multe leduri, sunt foarte utile. dupa ce l-am dat inapoi mi=am luat un asus zen de 2050 care a costat aproape 300 de lei.;0
438;multumit este cuvantul... o folosesc pentru muzica in camera celui mic. (daca nu avea sunetul de pornire sau schimbare a modului de redare era exact ceea ce mi-am dorit);0
439;"pacat ca se incarca atat de greu - peste 8 ore la priza; incarca cel putin de 3 ori 100% acumulatori de peste 300mah. deci bun";0
440;un produs bun  pro:: am avut emotii pentru tableta de 8` este un produs care merita raport calitate pret. agrafele de fixare se pot mula dupa multe dimensiuni si forme.  contra:: desi initial am avut o comanda pe o alta culoare am avut surpriza ca in momentul ridicari din showroom sa nu aiba decat pe negru.;0
441;am de aproximativ o luna produsul.   este detul de ok, nu am avut probleme cu el pana acum. sper sa si tina.  nu e nici mai bun si nici mai rau decat ce am asteptat.;0
442;acumulator ok dar nu se compara cu cel original;0
443;ceasul este foarte ok, are un meniu prietenos si bateria tine bine, gps-ul si-a factut bine treaba. este un ceas dedica pt sport outdoor  ma declar multumita de produs vs pret.;0
444;foarte buna, se misca bine, bateria tine destul de mult, partea negativa - cablul de alimentare e foarte mic, practic la incarcare tableta sta pe jos! s-au zgarcit la 10 cm de cablu in plus.;0
445;se incarca destul de greu daca folosesti telefonul in acelasi timp. prima liniuta se descarca destul de repede, incarca aproximativ 10%.;0
446;are aderenta destul de buna, bineinteles daca iei o curba de 90 de grade cu 100 la ora, posibil sa nu-ti stea. asta pentru cei care spun ca nu sta pe bord.  in rest produs de calitate, la pret super bun.;0
447;super.. mica si se aude decent:)... recunosc ca asteptam putin mai mult de la ea:);0
448;ceasul este ok, cureaua e problema, daca ti-o pui singur trece ziua si nu reusesti, trebuie sa rogi o femeie sa ti- o puna, intra cam greu in gaura pierzi mult timp din cauza asta, 4stele!!!;0
449;merge super il recomand;0
450;"castile se aud destul de bine. controlul multimedia al cartilor este foarte util. flexibile exact ca in poza pusa pe site. bateria dureaza mult. se pot folosi si bluetooth si cu fir (nu in acelasi timp bineinteles). ma deranjeaza oarecum ca nu simti nivelele de care treci atunci cand ajustezi castile si ajungi sa le ajustezi inegal. la un moment dat butonul de power a devenit mult prea sensibil, dupa parerea mea; probabil numai eu am patit asa.   avand in vedere ca sunt asa flexibile si se aud si bine, as zice ca sunt la pretul corect.   probabil le-as recomanda si altora pasionati sa asculte muzica in timp ce calatoresc.";2
451;am aceasta bratara de vreo saptamana si sunt multumit. intr-adevar, pasii pe care zice ca ii faci intr-o zi sunt cam multi si caloriile arse la fel, dar, in rest, spune corect. atentie totusi ca nu e compatibil cu toate telefoanele. eu am p8 lite si nu se sincronizeaza. dar seara il sincronizez cu samsung-ul sotiei si vad ce am facut. intrati pe site-ul lor si vedeti device-uri compatibile. emag, prompt ca deobicei.;0
452;bun pret calitate, nu cade din geam nu se misca, merita....;0
453;e interesant. o singura obiectie, face un biziit ciudat cind se aprinde lumina.;0
454;isi merita banii;0
455;super boxa! calitatea marcii jbl se vede.. bass, medii, joase, inalte, volum! nu credeam ca dintr-un difuzor atat de mic poate iesi un sunet atat de calitativ!    recomand jbl. eu am returnat-o pentru a lua jbl clip+ datorita rezistentei la apa;2
456;per ansamblu sunt multumit de aceste casti.    se aud destul de tare.  bass-ul este bun, insa am facut mici ajustari in playerul de muzica samsung la sound alive si egalizator. pe youtube nu persista la fel de mult bass-ul.  butoanele functioneaza bine, microfonul nu l-am testat, insa banuiesc ca mi-ar fi reprosat persoanele cu care am vorbit daca nu s-ar fi auzit ok.   vin cu 3 marimi de dopuri, cauciucul este moale, placut in ureche si comod, nu deranjeaza dupa mult timp petrecut cu ele in urechi. singurul dezavantaj pe care l-am sesizat este ca se cam lasa cauciucul dupa mult timp de utilizare, in sensul ca intra mai adanc pe casca.  spre deosebire de alte casti, acestea au firul mai subtire si din cate pare este mai fragil. deocamdata nu s-a rupt, functioneaza la fel de bine (le detin de 6 luni, le-am utilizat frecvent si nu am avut grija intotdeauna de ele).  un alt dezavantaj ar fi ca la volum mai ridicat, se aude si in exterior, persoanele din jurul tau (in autobuz) pot auzi ce asculti (la volum mai ridicat).     concluzie: raport pret-calitate este bun, eu le-am achizitionat din alt magazin la pretul de 33 de lei. recomand pentru utilizatorii care middle, daca pot spune asa:);2
457;nu distorsioneaza la volum maxim, vocea se aude clar, asta si pentru ca reda mai bine mediile si inalte, iar la basul nu se aude prea tare, doar se simte. aproape ca poti da o mica petrecere cu boxa asta care e cat un pachet de tigari.:);0
458;viteza buna la 100ron, 70mb/read 53mb write:);0
459;imi place bratara dar o singura problema am avut la conectarea ei cu huawei p9 lite si un huawei p10 lite. nu am reusit sa ma conectez. am reusit insa cu huawei p9. insa mi se pare o problema foarte mare... trebuie sa imi cumpar si telefon ca sa pot folosi bratara??;0
460;pro:  - se aude tare  - e compacta  - se incarca rapid si nu am incarcat-o pana acum, dar o folosesc ocazional  - poate reda direct de pe microsd  - se conecteaza rapid prin bluetooth    contra:  - pentru a asculta radio trebuie sa aibe cablul bagat la spate si astfel capacelul trebuie tinut deschis. e foarte deranjant. asta daca o cumperi pentru radio  - daca reda de pe microsd, dezavantajul este ca mereu porneste playlistul de la capat si daca o pornesti ocazional, trebuie sa dai next, next sa sari peste aceleasi melodii.    una peste alta, la ce poate sa faca si cate functii are, isi merita banii. daca o mai prinzi si la reducere, nu ezita. e peste alte boxe mai scumpe de atat, care stiu sa redea doar prin aux sau bluetooth. asta e un fel de 4 in 1.;2
461;"il am doar de cateva zile, asa ca nu e un review, ci doar niste pareri:    ca si context, am trecut la ceas de la un smartband mi-2, care m-a entuziasmat (dar avea doua lipsuri dpdv meu, respectiv ca nu se vedea constant ceasul si lipsa capacitatii de a citi notificarile)    ce am cautat:   - baterie care sa tina cam cat smartband (in niciun caz 18h sau 24 sau 2-3 zile) - da (nu pot sa zic 40 de zile, dar pare sa tina).  - display always on, care sa se vada in lumina soarelui - da  - notificari care se pot citi - da (in cazul meu cu ochelari, sunt cam minuscule)    mai are, in plus o lista enumerata de cei dinaintea mea.    nu are niste facilitati notabile, la fel enumerate, gen control muzica, ”casca bluetooth”) unele care le aveam la ”smartwatch”-ul anterior, dar care cu greu tinea o zi...    ce am notat eu ca si aspecte negative (din perspectiva mea, desigur):  -- cureaua! este inutilizabila daca lucrezi la birou... dupa cateva ore in prima seara, aveam niste urme serioase pe mana; problema oarecum similara cu alte ceasuri sport, dar aici mi se pare chiar serioasa (am comandat alte curele, sper sa fie mai ok);    -- se deconecteaza foarte frecvent (poate ca sa nu consume?) astfel face propria functionalitate (alert when disconnect) ceva foarte deranjant (speram sa o folosesc cand as uita sa iau telefonul cu mine, dar se activeaza constant cu telefonul pe birou, langa mana mea);    -- durata instalarii! cam 1hr, daca nu mai mult, cand l-am pornit prima data: instalare app & update (a dat eroare la 99%, reluat), instalare gps, instalare a-gps... telefonul avea -20% baterie dupa aceasta aventura    in rest, foarte ok, dar nu stiu daca face cat 3 x mi band#2 sau 2 x mi band#3 (care pare a fi ceasul taiat in doua, la figurat, dar nu am testat-o.. asa ca nu pot sa ma pronunt)";0
462;"foarte misto! simt lipsa faptului ca nu are functia cu lte, (dar asta stiam:) ); in rest e foarte ok!";0
463;pro: 2 mufe una 1a alta 2a  lanterna  incarcare rapida  afisaj baterie ramasa  cablu usb  contra: nu cred ca are 10000 mha dar oricum 2 incarcari faci la un tel cu 3000 mha;0
464;cablul de date functioneaza corespunzator si pare de calitate buna.  daca livrarea nu ar fi durat 2 saptamani, as fi acordat 5 stele.;0
465;sticla este in regula, nu acopera toata suprafata telefonului, deoarece, nu este 2,5d, ramanand circa 2mm pe margini neacoperiti.in rest vizibilitatea este foarte buna, amprentele raman, dar asta este nu cred ca este tratata oleofobic;1
466;sunt multumita de produs.;0
467;isi face treaba, dar telefonul se incalzeste ceea ce inseamna degradarea bateriei in timp. practic ai o incarcare mai lenta decat prin cablu, dar cu caldura mai mare. il folosesc doar la incarcari scurte intre 40 si 80%.;0
468;dupa aproape doua luni de purtat permanent sunt multumit de ceas, constructia este solida, materiale de calitate si rezistente, nu are nicio zgarietura inca.  conectarea la telefon este fara probleme, foarte stabila (nu uita conexiunea, cum pateam la o alta bratara).  functiile oferite sunt variate, pe unele le gasesc utile (monitorizarea activitatilor fizice si a somnului, datele varsate direct in aplicatia health pe telefon), pe altele inutile (de exemplu aplicatia de muzica) sau enervante (notificarile, daca sunt prea multe).  am observat uneori lag, semn ca hardware este un pic in urma software.   bateria tine 3 zile in regimul de utilizare curent (fara display allways on).  imi place ca fac imbunatatiri la soft, cel mai recent update aducand multe imbunatatiri pe partea de informatie oferita. pe de alta parte, aplicatia de telefon galaxy wearable are o interfata destul de confuza si lipsuri (de exemplu poti copia 1gb de muzica in ceas, dar nu le poti sterge din aplicatia de telefon, doar de pe ceas).  una peste alta, foarte multumit.;2
469;e ok, tinand cont ca are garantie pe viata....;0
470;cam greu..., in rest ok;0
471;faini dar cu toate ca am un s7 edge pixelii sunt mult prea vizibili, probabil pe viitor va evolua mai mult, pana atunci ne bucuram de ce avem in prezent.;0
472;baterie externa de calitate. se incarca repede, tine mult. e compacta si din materiale durabile.;2
473;"am "" jucaria"" de vreo doua zile, asa ca am sa incerc un review...  1. aspect: arata super bine, subtire, nu badaran ca altele din aceasi categorie. coroana e metalica, iar cureaua e realizata din silicon foarte moale, cu un model in relief, foarte aspectuoasa, si e destul de lunga, si pentru incheieturi..... generoase!  2. functionalitate: chiar ii merg toate aplicatiile! raspunde bine la comenzi, are o foarte buna legatura cu telefonul, nu se deconecteaza aiurea - cu exceptia sa nu te indepartezi de telefon mai mult de 5 metri-. in cazul unui telefon, suna destul de tare, se aude foarte clar, esti auzit foarte clar, la distanta mainii.  bateria, care nu este de 280, ci de 380. m-a tinut o zi..... in cazul in care a fost febril butonat, si aproximativ o ora de vorbit. teledonul este waterproof, asa ca... este ok, la acesti bani. nu este 3 g..... asa ca sa nu lati de buna tot ce se scrie despre.. camera e de 300 de pixeli, telefonul are si vibratii, insa nu ercomand sa fie folosit pe vibratii...  mai multe nu mai are rost sa mai spun -nu vreau sa stric surpriza nimanui-, nu va asteptati la mari minuni de vitejie si curaj, insa nu uitati nici bugetul alocat pentru el, si veti gasii un echilibru mai mult decat multumitor, calitate-pret.";2
474;este ok cand esti in miscare si nu vrei sa te cari cu un clablu de incarcare dupa tine;0
475;"un smartwatch simplu cu functii interesante pentru acest pret. bateria este punctul lui forte, l-am incarcat 100% cand l-am luat 19.08 si azi 24.08 am 83% in conditiile in care este in permanenta conectat prin bt la telefon, hr continuu, actualizare vreme si plus schimbat fetele pt ceas de nenumarate ori(se gasesc f multe pe play store). ecranul are o vizibilitate excelenta in lumina f puternica. este un smartwatch pt cei care nu au f multe pretentii si care nu vor sa il incarce zilnic. este usor si comod iar aspectul nu da senzatia de ""ieftin""";0
476;detin toate cele boxe din serie 3, s10, s20, s30 si pot sa zic ca sunt satisfacut de calitatea muzicii care o ascult in toata casa prin imperecherea lor. singurul lucru ca re ma nemultumeste este aplicatia, cam o data la 2-3 zile pierde una dintre boxe si trebuie sa refac de la capat imperecherea, totusi au fost 1200€;0
477;multumesc pentru profesionalismul de care ati dat dovada, in final produsul este ok.;0
478;se aude foarte bine, aplicatia music center este foarte folositoare.  din music center boxa se poate opri, porni/opri/customiza functia party booster, porni/opri/customiza luminitele. din pacate nu se poate si porni din aplicatie  cam greu de facut pairing cu un model mai vechi (srs-xb40) dupa instructiunile gasite pe site, but youtube saved the day. odata ce s-a facut paiting-ul prima data, dupa este foarte simplu.  perioada de functionare destul de mare, nu am cronometrat dar min 10 ore.  functia party booster destul de interesanta mai ales ca sunetele se pot schimba pe fiecare parte.;0
479;nu am termen de comparatie, dar prin prisma raportului pret/calitate e un produs pe care il recomand;0
480;initial voiam sa o returnez pentru ca nu am primit in pachet si manualul de utilizare si-a trebuit sa stau doua ore sa caut aplicatia de conectare a bratarii la telefon (pentru altii care patesc ca mine, aplicatia se cheama fitness bracelet).  masoara bine pasii si pulsul, primesc notificarile de pe telefon, apeluri si mesaje si multe altele pe care le poti alege dintr-o lista.  functia de monitorizare a somnului nu am incercat-o dar nu as avea prea mare incredere in ea.  uneori se deconecteaza de la telefon si trebuie reconectata.   in mare isi face treaba pentru pretul pe care il are.;0
481;functioneaza, dar daca nu sti comentezi aiurea.   pentru necunoscatori, download aplicatia camerafi si e nevoie de adaptor otg pentru telefon. daca rezolutia camerei era mai mare primea 5 stele.;0
482;inainte, eram in metrou si trebuia sa ascult conversatiile oamenilor in fiecare dimineata, ceea ce ma facea sa ajung la munca foarte stresat. de cand folosesc aceste casti, viata mea s-a schimbat (in bine). pot spune ca a salvat si vietile altora, pentru ca daca mai eram nevoit sa mai aud dimineata conversatii idioate, ma opream la jilava.    ps: sunt bune, sunetul este clar, firul este cam lung (sau sunt eu prea scund) si mi se par putin grele;2
483;super pret de bfriday;0
484;l-am cumparat de o luna si jumatate si pana acum s-a comportat ireprosabil, dpdv e un produs bun.;0
485;mi se pare util prin faptul ca se poate lasa incarcatorul conectat la priza tot timpul iar incarcatorul wireless pe un birou sau masa si se poate pune la incarcat telefonul foarte usor. un singur lucru nu imi place la el: cand se incarca telefonul se aprinde un led albastru destul de puternic iar noaptea poate sa deranjeze. in rest numai de bine despre el.;0
486;nu reiau ce s-a mai spus in comentariile anterioare ca si calitate materiale si baterie pentru ca este adevarat, insa un aspect care ma pune in dubii este distanta si numarul de pasi masurat de bratara... dau un ex. dintr-un dormitor in celalalt imi arata cam 90 de metri, sa fim serios mi-as dori o casa asa mare:)), ceea ce ma face sa cred ca algoritmul de masurare a pasilor poate confunda usor cu alte miscari ale mainii, gen daca stai in pat si te joci pe telefon sau poate este a mea defecta... motivul principal pentru care am achizitionat-o fiind primirea de notificari de apel si mesaj cand telefonul nu este la indemana si din cand in cand un puls.;2
487;foarte bun, chiar surprinzator de bun. datorita ventuzei are aderenta foarte buna. pret 16,99;0
488;cei 30 w sunt chiar reali. suna f bine. si radio e ok. cand se pune pe pauza, se aude un zgomot fin de fundal, perceptibil de la 1-2 metri.;0
489;este un produs foarte bun!;0
490;un produs genial! i-am dat 4 stele deoarece se vinde fara charging station si nu gasesti in ro momentan.     am folosit plantronics edge timp de 2 ani si din pacate l-am pierdut.   pro:  sunet de calitate, microfoane ce reduc zgomotul ambiental, fara interferente, durata baterie de cel putin 4-5 ore, comenzi vocale, usor (sta in ureche fara alte carlige - trebuie sa te obisnuiesti un pic cu el).     contra:   produsul nu vine cu docul de incarcare portabil!!!! acesta consider ca este o teapa de marketing (mai ales ca nu am gasit docul nicaieri in romania) in acest sens recomand produsul cu docul inclus 3240 sau 3200 uc cred... va rog sa verificati.     se pierde usor. mai ales fara charging station.;0
491;"e aproape perfect ceasul. display impecabil, baterie foarte buna si rotita cu care navighezi e foarte intuitiva. ce nu-mi place in schimb si ma deranjeaza destul de tare, e ca nu poti pune nici google maps (e o varianta contra cost, dar nu merge ok) si nici google assistant pe ceas (din cauza sistemului de operare a celor de la samsung). cu ceasul huawei pe care il aveam inainte, ii ziceam ceasului in timp ce conduceam ""ok google, give me directions home/ to work"" si in 2s m-i se pornea navigatia pe telefon (care e s9+ si mergea perfect cu huawei). bixby e fooooooarte prost ca si assistant + multe alte lipsuri care tin de google si care mi se par foarte uzuale.  in rest, absolut nimic de comentat + enoooorm de multe fatete de ceasuri.";2
492;multumit de produs cu toate ca l-am achizitionat resigilat, sta foarte bine la mana.;0
493;ok, multumit nu am experienta;0
494;nu e exact ce ma asteptam. cam mare ca si dimensiuni, incomoda. sunetul e destul de bun, clar, puternic. pe mine personal ma deranjeaza vocea care atentioneaza conectarea sau alte chestii de genu, e chiar puternica si nu poti folosi aceasta boxa in mod discret. daca acest lucru nu prezinta un inconvenient o recomand.;1
495;e un produs peste medie in ceea ce priveste raportul calitate pret.;0
496;mcdodo reuseste sa ridice stacheta cu materiale de calitate si mici bonusuri de ergonomie. cablul este imbracat intr-o camasa textila neagra si are o coarda de cauciuc pentru strangere si depozitare. conectorul usb este foarte subtire si fin – highlight-ul acestui produs.  led-urile multicolore sunt exemplul tipic de kitsch inutil dar, in cele din urma, benign.  partea cu auto-disconnect-ul e cu pro si contra. este de asteptat ca un device modern sa fie in stare sa-si regleze singur ciclurile de incarcare si sa isi intrerupa alimentarea pentru conservarea vietii bateriei. mai mult, la alimentarea unor alte tipuri de device-uri, de pilda un raspberry pi, se poate intampla ca acest cablu „inteligent” sa intrerupa alimentarea cand consumul scade sub un anumit prag.;2
497;cardul de memorie chiar daca scrie pe site ca e de 64 gb in telefon arata ca e 59,59 gb spatiul de stocare;0
498;produsul este ok.   imi pare rau ca am comandat livrarea in magazinul emag, unde personalul este slab pregatit.;0
499;prosus ok chiar daca a fost resigilat.  se aude bine, are bas decent. prinde radio la o calitate buna;0
500;le am de la 4 ianuarie 2019 si consider ca este destul de bun, am luat un pachet cu 3 si de 2 luni si nu am avut vreo problema cu ele, mufa intra foarte bine si nu iese plus ca are un cablu gros, as fi preferat sa fie mai flexibil, dar cu o lungime buna.  mufa usb este la 45°, este folositoare im majoritatea cazurilor, dar cateodata incurca pe laptop cand ai 2 cabluri unul langa celalalt si dupa trebuie sa le inversezi sa nu se intercaleze.  la unul dintre cabluri am indoit mufa din greseala, dar merge la fel de bine ca inainte  l. am folosit si pentru controller-ul de la ps4 si merge excelent. sunt foarte multumit, dar daca va hotarati sa le luati asteptati o oferta mai buna in jur de 14 lei. sa aveti o zi frumoasa!;2
501;"ce-ti poti dori mai mult de la o tableta? sa fie rapida, sa aiba un ecran luminos si culori stralucitoare si sa reziste... conditii indeplinite la un nivel inalt de ipad-ul 2018, si chiar daca dispozitivul pare ceva mai scump, lucrul acesta este pe deplin justificat, deoarece componenetele sale sunt neindoielnic de calitate si peste cele oferite de concurenta. faptul ca tableta va beneficia de update-uri pe toata durata vietii ei, spre deosebire de celelalte, constituie un atu major.  acum, sunt utilizatori care se simt mai confortabil in lumea aplicatiilor apple si altii care se simt mai bine in lumea aplicatiilor google. in fond tableta este o platforma pe care iti instalezi aplicatiile. in mod ideal o tableta trebuie sa fie extrem de plictisitoare, sa nu-ti faca surprize, adica sa mearga... daca pornesti ceva, sa porneasca imediat, sa nu crape, sa faci multitasking, etc... eu am ales sa o ""google-tizez""cu totul, facand compromisul perfect: software-ul google cu care sunt obisnuit, peste hardware-ul foarte bun de la apple! rezultatul obtinut ma satisface pe deplin.  doar o mentiune, pentru formatul tabletei de 4:3. nu este formatul ideal in ceea ce priveste vizionarea filmelor, iar daca esti obisnuit cu formatul 16:9 vei avea o problema.  de buna seama ca perfectiunea nu exista, dar tinand cont de faptul ca cea mai buna tableta android la ora actuala, este fara indoiala samsung galaxy tab s3, dar pretul ei fiind cu cca 1000 de lei mai mare, alegerea va apartine.";2
502;super merita toti banii.;0
503;am cumparat aceasta baterie la recomandarea unei prietene care avea deja 2 modelul acesta si era foarte multumita de ele. in 6-8h obtii o incarcare completa a bateriei si 4 incarcari ale telefonului de la 1% la 100%:) e putin greuta, vine cu un cablu scurt de maxim 7cm pe care am inteles ca e indicat sa-l folosesc mai de graba decat un cablu de incarcator din cauza ca cel din urma s-ar uza mai repede, dat fiind amperajul mare al bateriei. all in all, sunt foarte multumita pana acum si chiar recomand produsele asus. si telefonul tot un asus zenfone este.;0
504;am cumparat o a doua casca dupa ce am vazut ca sotul este multumit de aceasta.;0
505;isi face treaba excelent, dar putea fi putin mai ifetina!;0
506;mica, usoara, versatila, sunet surprizator de bun.  merita;2
507;super multumita de acest acumulator extern!;0
508;este exact ce aveam nevoie! telefonul se prinde foarte bine datorita magnetului si e cu mult mai practic decat suporturile de plastic dotate cu ventuza! recomand cu incredere!;0
509;raportul pret calitate al boxei este excelent!  excelent a fost sa cumpar un produs vandut de avstore!;0
510;produsul merita din plin banii. se asaza perfect iar detaliile sunt exact ca in poza. cu ajutorul lui puteti acoperi toate zgarieturile de pe telefon.   ca la orice skin vinilic autoadeziv este nevoie la sfarsitul montajului sa folositi un uscator de par cu aer cald pentru ca vinilul sa se muleze pe curbele telefonului si totodata pentru a activa adezivul.   am montat skin-ul peste protectia de ecran care o aveam deja montata de cand am cumparat telefonul.  recomand sa cititi instructiunile inainte de a face montajul intrucat veti gasi informatii foarte utile.;2
511;pt un telefon este excelent ca spatiu suplimentar de stocare.;0
512;este ok si util;0
513;acumulator extern cumparat de la eastcom pe emag marketplace. daca este complet incarcat, se poate incarca cu el de 4 ori un telefon samsung galaxy s4 mini cu acumulator de 1900 mah. incarcarea telefonului este poate chiar mai rapida decat de la priza. (este doar o impresie subiectiva.)    incarcarea power bank-ului se realizeaza usor. daca se foloseste un incarcator de 2 a, incarcarea este completa in aprox. 5-6 ore. am incercat si cu un incarcator de 1 a, atunci timpul de incarcarea se dubleaza. (cum este logic de altfel.:) )    utilizare usoara, aparat simplu si robust. se pot incarca cu el si alte aparate, cum ar fi de ex. luminile pt. biciclete cu incarcare prin usb.    il am de aprox o saptamana, inca nu stiu cum se comporta in timp. un avantaj fata de alte marci este garantia de 2 ani oferit de comerciant. (la alte marci si alti furnizori am vazut doar intre 6 si 12 luni.);0
514;am cumparat ipadpro 10.5 resigilat. imi asum eroarea de a nu fi verificat si cablul de incarcare care era crapat. greseala mea. in rest, nimic de obiectat. a fost in stare perfecta, nici macar o urma dfe utilizare. oricum, diferenta de pret ca urmare a ambalajului desigilat imi permite clar sa cumpar un cablu nou:).... asta cand va fi cazul.;0
515;f bun, recomand!;0
516;recomand, se merita sa cumparati;0
517;100% original recomand.;0
518;cel mai bun produs in gama 10.000 mah. incarcare rapida, aluminiu, dimensiune redusa. in aceasta gama de pret si capacitate concureaza cu powerbankul de la xiaomi, ambele fiind otiuni excelente.;2
519;perfect! ca si viteza ca si stil;0
520;pentru dimensiunile ei aceasta boxa isi face treaba excelent. sunetul perfect chiar si la volum maxim. usor de transportat si bateria tine mai mult decat asteptat. foarte usor de folosit si conectat.;2
521;este usor de folosit, il recomand cu incredere,.,.,.,.;2
522;folosesc acest card impreuna cu o camera auto si sunt foarte multumit.  recomand cu incredere acest card.;0
523;l-am cumparat pentru dimensiune si capacitate. e mai mic (scund si ingust) decat alte acumulatoare la aceeasi capacitate. e printre putinele la pret decent care incape in buzunarul lateral al ghiozdanului meu. incarca foarte repede, mai repede decat acumulatoarele a+ alea cu lanterna. nu am gasit minusuri.;2
524;determina pulsul corect. se comporta foarte bine in apa si la sauna.;0
525;un ceas smart bun. aplicatie simpla si intuitiva. meniul ceasului la fel. bateria tine in jur de 1 zi jumate - 2. acceptabil. curea moale si comoda. arata f bine ca design.;2
526;am cumparat o husa impreuna cu tableta acum 2 ani la achizitie, la pretul de atunci de 169 lei, acum se gasesc la 139 lei.  personal am cumparat din showroomul din constanta doua, si cu toate ca am o tableta alba si una aurie, la pretul de 14.99 lei era si pacat sa nu iau de rezerva inca una.;0
527;sunet slabut dar ii ok!;0
528;produs ok.;0
529;super sunet, calitate.;0
530;un produs ok care isi face treaba.;0
531;ok incarcatorul. merita;0
532;pro: design elegant, bateria buna  contra: gasesti greu huse in afara de cea dedicata;2
533;excelenta bateria, incarca rapid + vine cu propriul cablu;0
534;foarte bun, raport pret/calitate excelent. lanterna bonus...;0
535;se potriceste perfect pe ceas, se pune usor. nici nu iti dai seama ca are folie pe el;2
536;foarte bun raportul calitate-pret!;0
537;"este ok, incarca de 3 ori telefonul. este ok ca dimensiuni si greutate, incape in buzunar.  cablul fff scurt 12cm, la priza de perete ""atarna"", trebuie pus pe podea la incarcat";2
538;incarca foarte rapid telefonul! recomand!;0
539;merita, sunt multumit;0
540;o tableta minunata recomand;0
541;o boxa care la pretul acesta e cam best-buy.   bateria: o folosesc de 3-4 ore la volum peste 60% si inca nu mi-a palpait ledul rosu. (am pus-o la incarcat vreo 45 de minute ieri, caci atunci am luat-o)   sunet: jbl by harman. am spus tot cu asta. mai ales ca folosesc equaliser la telefon (samsung s8) pentru bass, sunetul este foarte placut si tare pentru 3.1w.  rezistenta la apa:inca nu m-am ivit de un accident xd. capacelul care ascunde porturile e foarte gros si eu zic ca rezista la o cadere in piscina.  am folosit boxa si cu cablu aux la pc si se aude foarte bine asemenea.     ce mi-ar fi placut: sa aibe si suport stereo. (ma gandeam sa mai cumpar inca una,imi place ca o pot pune in buzunar, fata de modelele mai mari de la jbl:) );0
542;recomand aceasta husa, se potriveste perfect la tableta si ofera protectie.;0
543;calitate f buna atat a materialelor cat si a sunetului;2
544;foarte performant. deci, nu pot sa cred ca youtube merge ca uns, prin wi-fi.;0
545;l-am achizitionat de 5 zile pana acum se comporta tare bine. sunt multumit!;0
546;foarte util daca ai nevoie sa urmaresti un serial sau ceva pe telefon. il poti lipi pe husa... foarte bun, nu e necesar... dar merita sa il ai, cumparati cu incredere!!!;0
547;nu se lipeste 100% perfect fiind ecranul la ceas foarte curbat insa nici nu deranjeaza (nu se vede decat daca te uiti super-mega-ultra atent). deja am spart 2 folii, urmeaza sa o comand tot de aici pe a 3-a.;0
548;f. bun.;0
549;produs ok, livrare rapida.;0
550;e foarte buna;0
551;detin boxa de doar 3 zile si pot sa spun ca este extraordinara    +  sunet 360, pusa pe noptiera/comoda se aude bine intr-o camera de 20 mp.  bass-ul este impresionant pentru marimea ei (este prezent inclusiv la volum mic)  medii si inalte foarte bine conturate.  nivelul indicatorului pentru baterie foarte intuitiv.    -  cand am desfacut-o am vrut sa o incarc la priza cu un incarcator de samsung fast charger. din pacate boxa nu este compatibila cu un astfel de incarcator si se inchide automat dupa 1 minut. (protectie la suprasarcina) se incarca totusi cu un incarcator normal 5v 1a in aproximativ 3 ore.;0
552;excelent raportul calitate / pret;0
553;castile sunt foarte bune. se aud foarte bine chiar peste asteptari. recomand!;0
554;excelenta pt. dimensiunile ei. sunet curat si un bass decent. pret/calitate = excelent;2
555;dupa 1 an inca tine ca la inceput;0
556;l-am luat pentru un asus zenfone selfie, rezista la 2 incercari jumatate, cum este specificat de fabricant.    mi-a rezistat la un drum de 5 ore cu gps si apel vocal 90% din timp, plus alte aplicatii.     recomand.;0
557;bratara arata si functioneaza excelent. este un accesoriu foarte util pentru sport dar si in viata de zi cu zi. multumesc emag!;2
558;este foarte ok, functioneza bine si volumul este destul de puternic;0
559;folia se incadreaza perfect pe tableta si arata bine. se aplica foarte usor cu ajutorul abtibild-urilor de care este insotita. sticla era ambalata foarte bine.;2
560;de multi ani folosesc telefoanele dect, si sunt f. multumit de ele.   un incovenient observat la aceste modele - seria 210, este ca nu poti transfera numerele din memorie intre receptoare, modelele mult mai scumpe permit acest lucru.  o alta problema, dar care este la cele mai multe modele dect, este legata de timpul in care afiseaza numarul care te apeleaza, adica daca persoana da un simplu bip, atunci nu apare numarul lui, acesta apare doar daca telefonul tau suna cam de 2 ori...   despre raza de actiune, este ok, dar depinde puternic de numarul de ziduri si de grosimea lor - am preferat sa montez baza in podul casei (unde nu am acces usor), iar raza de actiune s-a marit considerabil...;0
561;este mult mai mica decat ma asteptam, dar face fata foarte bine intr un birou de 17mp  ascultam radio in fiecare zi si este extraordinara, se aude foarte bine. bateria tine si ea toata ziua. sunt foarte multumita de produs.;2
562;am facut multe cautari, dar intr-un final am castigat-o la concrsul firmei. e mai mult decat pot folosi la un apartament. nu stiu altii ce pretentii au, dar eu nu pot cere mai mult la asemenea dimensiuni. sunet foarte clar si cu bass suficient. intentionez sa mai cumpar una deoarece le poti conecta la acelasi device. nu ap probat-o n apa, dar nu cred ca sunt interesat:))).;0
563;iphone 6s 1700mah ( 4 cicluri de incarcari )   deci, bateria are aproximativ: 6800mah  bateria nu se incalzeste.  sunt multumit.;0
564;baterie excelenta. recomand produsul!;0
565;buna ziua,    este foarte ok tableta, are spatiu de microsim si de micro sd.  se misca foarte bine si tine forte mult acumulatorul.;0
566;pentru ce pret are si cat de mica e, e super buna. are bass, are claritate, asta tinand cont de marime. nu e perfecta, dar e mica, practic incape in buzunar. ca minusuri, autonomia putea fi mai buna, nu se poate desface sa pui o baterie mai mare, dar am rezolvat cu un power bank. are deja doi ani. si merge ca noua.;2
567;am testat produsul, parametrii corespund intocmai, nimic de reprosat pana acum.;0
568;sunet foarte bun pentru un difuzor atat de mic!;0
569;comanda ok;0
570;nimic spectaculos, un mediu de stocare rapid si (sper) sigur. cat despre cei de la emag, nota 10 ca de obicei.;0
571;functioneaza ireprosabil pe s8 plus. toate aplocatiile ruleaza full screen, inclusiv netflix-hbogo... etc. singurul minus ar fi ca nu poti incarca telefonul in timp ce ai adaptorul conectat fapt ce poate fi rezolvat cu un wireless charger.;0
572;folosesc ceasul de 10 zile, design fain, touchscreen-ul se misca ok, masuratorile sunt bune, folosesc des gps -ul si chiar si asa ma tine bateria, per total calitate pret bun.;2
573;recomand. decat sa cumperi de 3 ori care nu functioneaza, mai bine iei o data si gata. 50 lei+20 lei transport...;0
574;e super! baiatul meu e foarte multumit!!!;0
575;super tare produsul super multumit;0
576;"ok! super!  5 zile standby!  de mers? ""meserie"", tipic samsung!";0
577;f ok, sunet bun;0
578;cea mai buna tableta am cumparati la pretul de 350 de lei sunt multumit de ea pentru pretul pe care il are am tras multe jocuri memoria este de 8gb si a am mai ramas cu 2gb ramul este de 1gb camera face poze destul de bune pe timp de zi dar noaptea nu ies asa de bine va recomand aceasta tableta;0
579;produs excelent. recomand cu incredere.;0
580;recomand 100%  este mica si o poti lua oriunde iar sunetul este puternic si clar si cu volumul dat la maxim;2
581;foarte buna! incarca un p9 lite 2016 de 3000mah in 2h30min. la pretul de 30 lei este mai mult decat convenabila. lanterna este foarte folositoare. va recomand sa o formatati la prima utilizare si sa folositi un cablu usb de calitate, nu cel din cutie deoarece este foarte scurt si se strica repede.;1
582;cel mai bun raport pret-calitate;0
583;micuta, eleganta, compacta si cu un volum/sunet excelent!;2
584;se incadreaza in bugetul meu. nu este prea greu sau voluminos. se potriveste foarte bine si nu intra lumina exterioara, sunteti literalmente in lumea voastra acolo. telefonul sta foarte bine fixat.;2
585;recomand pt toti parintii care vor sa si stie copii in siguranta;0
586;dincolo de asteptari. atat prinderea in fanta de aerisire cat si magnetii sunt extrem de puternice. telefonul n-o sa cada indiferent de denivelarile la care este supusa masina chiar si in cazul unui note 8 (pe care il folosesc).;0
587;este ok, am incarcat telefonul(s8) de 3 ori.;0
588;un acumulator f bun ce a venit incarcat 75%. l-am descarcat total cuplat la o tableta si incarcarea unui mobil, iar incarcarea a durat cam 6 ore cu un incarcator de lenovo k6, model 32 gb si 3 gb de ram!;0
589;am achizitionat de curand boxa pentru a o face cadou cuiva. am apucat sa testez produsul si am ramas placut surprins de fidelitatea si puterea sunetului, tinand cont de dimensiunile reduse. basul e bun la 80% din volum, dupa care se stinge usor, dar oricum e ok.  deja stau la panda sa achizitionez una si pentru mine.;0
590;"isi face treaba bine, am incarcat telefonul si o boxa. dureaza cam 8 h sa se incarce el {acumulatorul) complet, dar apoi e ok. vine cu doua minicabluri de incarcare (foarte scurte, dar suficiente cat sa pui incarcatorul pe masa si sa incarci telefonul in timp ce faci chestii cu el.  incarca de 3 ori un telefon de 3000 mah., iat timpul de incarcare nu e diferit de cel de la priza.  minusuri - timpul mare de incarcare a acumulatorului; greutatea";2
591;super... recomand;0
592;vine foarte ok pe telefon, se pliaza perfect, nu mai ai nevoie de husa;0
593;"diagonala, viteza procesor si grafica, numar difuzoare harmankardon, baterie, viteza combinata bluetooth+wireless m5 mai mari decit t4;    din pacate, m5 maninca bataie urita le pret: t4 domina majestuos, fiind de 2 ori mai mare...";0
594;daca aveti un iphone codat recomand acest produs! se introduce cipul sub cartela si gata, iphoneul merge struna!;0
595;sabilitate totala in sistemul de acordare bt, acumulatori excelenti. merita toti banii.;0
596;bateria tine, merita banii;0
597;foarte elegant, magnet puternic, foarte stabil. recomand;2
598;suna foarte bun.;0
599;se misca bine, bateria tine bine, e mai usor de folosit pentru citit pdf-uri decat o tableta de 10 inch.;0
600;sunet clar, puternic, calitate buna.;0
601;foarte ok. am achizitionat-o la pretul de 38 lei fara prea multe pretentii, insa m-a surprins.  sunet foarte bun si produs finut.;2
602;sunet foarte bun. foarte multumit. recomand!!!;0
603;excelenta. isi face treaba/;0
604;culoare foarte frumoasa, sincer arata mult mai bine in realitate.  recomand.;2
605;"per total consider ca aceasta boxa portabila merita 5 stele si am sa justific si de ce.   anterior acestei boxe am achizitionat o boxa akai ss023a-x10, de care fara discutii nu am fost multumit. mentionez faptul ca am anumite asteptari calitative de la o boxa. dupa 2 sapt de utilizare a boxei akai ss023a-x10 m-am hotarat sa incerc o alta boxa si anume akai abts-1002, avand in vedere ca diferenta de pret a fost de doar 159 de lei. boxa se aude foarte tare, are bass-ul suficient de puternic. luand in considerare faptul ca este portabila cu pretul de achitie de 659 de lei este cea mai buna boxa raport pret/calitate, fiind suficient de puternica pentru sali de evenimente mai mici (botezuri, zile de nastere, majorate, cabane - este insa mult prea mult pentru un apartament la bloc)  voi prezenta pe scurt anumite caracteristici tehnice care nu se regasesc pe site la prezentarea produsului:  -carcasa mdf+plastic  -difuzor de bass 10"",4ω50w cu iluminare multicolora functie de ritmul melodiei ascultate protejat de grila metalica  -difuzoare inalte hs 3""-26, 4ω10w protejate de grile metalice  -microfon wireless frecventa 259,1 mhz  -telecomada  -2 porturi pentru microfoane cu fir 6,5mm  -port usb si card sd  -alimtarea se face cu cablu vde 1.5m, 0.75mm  -acumulator pb acid 6fm9(12v9ah/20hr)/151*65*100  -suporta fisiere mp3, wma, bluetooth, radio fm (pachetul contine si antena fm), aux  pro:  -designul boxei deosebit, concureaza fara probleme cu boxele sony  -consola de control aflata in partea de sus a boxei cu design deosebit si iluminata albastru asematoare cu boxele sony acoperita cu un plastic ce imita folia de carbon. consola contine porturile pentru microfoanele cu fir, usb, card sd, potentiometrele pentru volumul microfonului, mic eq, echo, bass si inalte, volumul boxei, si butoaele pentru standby, mode redare, inainte, inapoi si oprire sau pornire iluminare led a boxei. are suport tip canal pentru telefoane si tablete.  -afisajul este amplasat frontal si de culoare albastru, iar caracterele afisate sunt mari  -in spatele boxei se regaseste butonul pentru modul de utilizare a energie ac sau dc si portul aux  -boxa este tip troliu cu roti si maner  -bass suficient de puternic  -frecvente redate 23-14000 hz  -ilumincare difuzor bass, perfect pentru petreceri  -microfonul se aude destul de bine spre foarte bine  -sunetul boxei este foarte curat si se aude foarte tare  -nu are sunet de fond  -nu distorsioneaza cu volumul la maxim  -radioul functioneaza perfect  -conectivitatea bluetooth este ireprosabila  -bateria tine foarte mult, la volum normal pentru un apartament tine lejer 3 zile, la maxim inca nu am reusit sa descarc bateria la un chef  contra:  -nu are manere pentru transport  -nu are alimentare la 12v, dar avand in vedere faptul ca acumulatorul este pe 12v se poate rezolva relativ usor";2
606;foarte ok boxa. raport pret -calitate f bun.;0
607;sunetul clar, puternic ne-deranjant. un pic cam grele. in rest sunt robuste iar mufa in unghi drept e perfecta pentru o folosire din buzunar.  le. s'au stricat in nici 6 luni!;1
608;am primit-o cadou de la sotul meu. este superba. pielea este fina, frumos lucrata. bateria externa este extrem de utila, iar telefonul se incarca destul de repede. chiar aveam o problema cand ieseam in oras cu fetele, mai ales seara, cand nivelul bateriei este mai mic si nu aveam unde sa-mi incarc telefonul. am devenit si un donator de curent pentru prietene. imi place mult, chiar ma nimerit cu acest cadou.:);2
609;demential.;0
610;foarte multumita;0
611;foarte eficienta;0
612;bratara are un sistem de prindere ok toate functiele merg bine iar pretul e foarte ieftin  in caz ca nu vati dat seama este iwach replica  dar face chear mai multe lucururi decat la ala de 46 de milioane  camera se vede ok daca intrii in setari>setari imagine> googd  este super si recomand cu incredere;0
613;calitatea sunetului foarte buna raportata la pret. initial daca tineam telefonul aproape se intrerupea, dar ulterior nu am mai avut problema asta.;0
614;conform asteptarilor.;0
615;am luat-o de black friday cu 89 lei! am fost impresionat de taote review-urile pozitive, iar cand am primit-o mi-am dat seama ca nu erau exagerate deloc. desi este mica (o poti tine in palma), calitatea sunetului si volumul intrec orice asteptare. se conecteaza usor la dispozitive. merita fiecare banutz!;2
616;ce sa zic, dupa cativa ani de windows (pana cand microsoft au distrus partea de windows phone/mobile), am trecut pe android, pe care il folosesc in prezent pe telefon si tableta.  insa am decis sa vad ce poate si lumea apple, prin achizitia acestei tablete (ipad 9.7 6th gen) 2018 (128 gb) si dupa o folosire intensa de cateva ore (setare, instalare aplicatii 2 jocuri, media - youtube, etc.) bateria a ajuns de la 90% la 50 si ceva de procente.    la capitolul performante, m-a socat efectiv si asta deoarece de curand achizitionasem o tableta galaxy tab s4 (destul de scumpa) si credeam ca este cea mai buna/performanta tableta, pana azi. efectiv in teste si viteza ipad este net superior fata de galaxy tab s4:  - in geekbench 4 pe single-core ipad a obtinut 3532 si 5963 pe multi-core iar tab s4 a obtinut 1882 puncte si 6506 puncte pe multi-core.   - in antutu benchmark, apple a lasat in urma tab s4, in timp ce eu ma uitam uluit cu o reactie de genul wtf...??? totusi ambele tablete au cam acelasi scor (201145 apple vs 201786 android) astfel ca nici nu vreau sa imi imaginez ce poate ipad pro.    experienta dintre android si apple este destul de mare - daca android se axeaza mai mult pe partea de entertainment, unde utilizatorul isi poate adapta si customiza dupa bunul plac intreg ecosistemul android, prin instalarea de teme si tot felul de widget-uri, la apple, ecosistemul este mult mai curat si bine organizat, mult mai profi, unde utilizatorul desi poate sa se simta umpic resctrictionat, are parte de mult mai multa stabilitate si performanta si asta la doar 2 gb de ram comparativ cu 4 gb de ram de la tab s4.  la display insa tab s4 este superior, ecranul amoled fiind peste ips-ul lui ipad. (ipad pro insa lucrurile banuiesc ca stau altfel...)    ce sa zic, si android-ul este un univers super cu care te obisnuiesti din prima, dar la apple lucrurile sunt mai mult orientate spre performanta si stil.    la spatiul de stocare, am facut bine ca pentru 600 ron in plus am ales varianta de 128 gb, nu de alta, dar inexistenta unui slot microsd, va face ca 32 gb, sa para o gluma buna, pentru ca spatiul se duce vazand cu ochii, un minim 64 gb de ram vor fi necesari pentru o utlizare si o experienta cat de cat normala (aplicatii, ceva jocuri, etc...).    recomand! desi apple are neajunsurile sale, este o experienta unica.;0
617;merge foarte bine, e usor de folosit, arata impecabil. singurul aspect negativ e bateria, care nu tine mai mult de 1,5 zile;2
618;am cumparat acest ceas si pot spune ca se misca foarte bine, are multe functii, raport calitate - pret excelent. per total nota 10. recomand acest produs. multumesc emag.;0
619;pot fi apelat si pot apela. acest lucru functioneaza foarte bine. normal ca nu se aude ca la un telefon obisnuit dar se poate folosi fara probleme. alte aspecte nu ma intereseaza si nu le-am testat.;0
620;apreciez cardurile de memorie kingston. au preturi bune si performante asemenea.;0
621;este foarte bun, poti incarca de 2-3 ori un telefon complet sau de mai multe ori de la 50-60%, si surprinzator, nu se incalzeste deloc, nici cand incarca, nici cand e incarcat! unul din produsele de cea mai buna calitate, nu ezitati sa cumparati si feriti-va de mizeriile 7 in 1, cu lanterne, displayuri colorate si 15 iesiri.;0
622;foarte stabil, bine inchegat si materiale de calitate. am avut alte 2 tipuri de suporti auto no. name si au sarit rotitele din ele, au crapat.   pana acum sup. auto samsung se comporta excelent. telefonul sta f. bine, se poate manevra f. usor. recomand 100%.;2
623;excelent.......;0
624;e mica adica portabila se aude bine are basul bun si dupa parerea mea e o boxa care isi merita banii;2
625;foarte calitativ. recomand.;0
626;un ceas frumos, bine finisat, functioneaza f bine. acumulatorul tine 2 zile si ceva in functie de cum este folosit. este in pic cam mare pt mina mea, dar nu este incomod la purtare. o singura problema am, se conecteaza la telefon fff greu(un sony z5 compact), trebuie sa restartez telefonul si apoi merge. in rest sunt multumit!;2
627;l-am cumparat pentru vacanta, incarca un s5 de 4 ori de la 20% la 100%. se incarca in 4 ore jumatate cu incarcator original samsung de s5, de 2a. cablul integrat nu e gandit sa fie flexibil pentru ca daca ar fi nu ar sta la locul lui, deci nu ii incercati limitele si nu o sa aveti probleme. e putin mai scump decat alti acumulatori, dar merita, daca telefonul are quick charge il incarca intr-o ora!  cautati-ma pe youtube pentru review video!;0
628;card sd foarte bun, recomand;0
629;am achizitionat acest produs de cateva zile si inca nu mi a disparut zambetul de pe fata. raport calitate- pret imbatabil in aceasta categorie! sunet incredibil de clar si puternic ptr o dimensiune asa mica. recomand!!!;2
630;dupa aproape 6 luni de folosire pot sa afirm ca este un acumulator pe care te poti baza.  pro:  - putere mare la output   - prezenta ledurilor $ la numar fiecare reprezentand aprox 2500 mah  - porneste aproape orice telefon cu necesar mare de baterie (lumia 950 xl, iphone 6s, samsung s6, s7) indiferent cat de epuizata ar fi bateria,  - efectueza incarcare rapida datorita amperajului mare la iesire.  - din practica (950xl/ samsung s7) - 3 cicluri complete de incarcare /  contra: destul de greu, durata de incarcare completa de la 0 aprox 6 ore (# o noapte)  dupa un an? parca ar fi prima zi de incarcare... bateria are in continuare forta si da a rama in stand by 1 luna si nu s-a descarcat de loc.... foarte multumit;0
631;bun, huawei p9.;0
632;sunet surprinzator de clar pentru o boxa asa mica, raport pret-calitate foarte bun. daca este utilizata la volum mai mare, surprinde prin claritate si putere, la volum mai mic bateria tine foarte mult.;2
633;sunt cam mici dar foarte bune, bass bun, se aseaza bine pe urechi;0
634;la 31lei 32gb si cu 100mb/sec e super!;0
635;raportul calitate-pret este foarte bun. nu stiu cum va rezista in timp, dar pare foarte calitativ.;0
636;excelent. recomand tuturor acest tablet.;0
637;un telefon ok, ecranul se vede bine din orice unghi. ( am vazut reviw- uri in care lumea se plangea de acest lucru ). are si o medoie polifonica ca ton de apel din repertoriul romanesc ( barca pe valuri.. parca ).;0
638;il folosesc intr-un bridge canon. isi face treaba foarte bine.;0
639;am scapat o de vreo 4 ori pe jos de la o inaltime de 1,50 m si are doar niste mici zgarieturi;0
640;eu sunt multumit imi incarca telefonul de trei ori.;0
641;am trecut de la un gear s2 la galaxy watch. pe partea de functionalitate nu este nimic diferit. speram ca senzorul de puls sa fie mai eficient, dar este la fel. merge bine noaptea, merge prost ziua cand te misti mult si/sau este galagie in jurul tau.  detectiile de workout se activeaza putin mai greu, in sensul ca s2 se prindea mai usor cand incepeam sa fac miscare.  detectiile de somn se activeaza de multe ori chiar daca nu dormi. de exemplu este cand stau destul de nemiscat, citesc o care, vreo 45-60 minute. dupa aceea imi vine notificare cum ca as fi dormit. cu gear s2 nu am avut aceasta problema.  primeste totusi 5 stele de la mine pentru ca:  1. bateria este fantastica. daca nu prea umblu la el, chiar si 5 zile tine. dar in nici un caz nu trebuie sa car incarcatorul dupa mine daca plec intr-o deplasare de 2-3 zile. de miercuri seara pana sambata seara am consumat 50% baterie.  2. design fizic excelent. arata bine, se simte bine pe mana, zimturile de la rama rotativa si de pe butoane fac manipularea acestora mult mai usoare fata de s2, in special in conditii de iarna si frig.;2
642;este de calitate, tine bine telefonul si e foarte usor de utilizat.;2
643;e bun... merge;0
644;un acumulatir foarte bun!;0
645;ba, deci nu am cuvinte sa spun cat de multumit sunt de ele.. ganditi-va ca mi s-a descarcat bateria la telefon de 2 ori pana sa trebuiasca sa bag castile la incarcat. cat despre sunt.. daca stai o ora cu ele in urechi cu volumul blana pe un trap turbat o sa ai impresia ca iti sangereaza urechile sau o sa incepi la latri.   prea bune pt pretul asta...;0
646;sunt foarte multumita de produs. am mai avut doua pana acum si aceasta mi se pare cea mai ok;0
647;o boxa excelenta, se aude impecabil, sunet clar si fara distorsiuni isi merita pretul din plin, eu am achizionat-o de bf cu 90 lei.;0
648;raport calitate pret f. bun, la 600lei nu gasesti ceva mai bun si sa aiba si 9.6 inch, sunetul ok, grafica la fel.;2
649;recomand, are putere si viteza de incarcare asemea incarcatorului original si aici ma refer la huawei p10!!;0
650;se fixeaza foarte bine.;0
651;super. foarte multumit;0
652;am luat boxa la reducere la pretul de 79. 99 lei si o recomand cu incredere. eu o conectez la ipad si iphone si functioneaza excelent. are autonomie mare, e usoara si are un design elegant. se aude foarte bine.;2
653;recomand cu toata increderea.;0
654;foarte multumita..;0
655;ce e fain la comutatorul acesta este ca te poti conecta direct la el si nu mai ai nevoie vreun hub.  am avut ceva temeri cu partea de montat ca nu sunt electrician, dar a fost ok, scrie pe el mic in si out.;0
656;tableta se misca foarte bine, pretul e destul de bun. eu am facut upgrade. ul de la un ipad mini 2, si e diferenta uriasa. raport pret-calitate bun. recomand;0
657;un pic cam greu si voluminos dar isi face treaba bine. lanterna functioneaza destul de bine.;1
658;foarte surprins de calitatea ei, avand in vedere dimensiunile.;0
659;sunt foarte multumit de produsul primit;0
660;foarte fain si suficient de smart.;0
661;ba frate boxa e foarte buna recomand cu cel mai mare drag! o tine bateria mult, bass-ul e bun, claritatea si volumul sunt excelente. ma bucur ca am facut aceasta alegere.;0
662;sunet foarte bun (pentru cei 3w), se conecteaza repede, micuta, usoara si pe handsfree se aude bine. recomand!;2
663;calitate super buna!;0
664;"-calitate excelenta a sunetului datorita suprimarii vantului si zgomotului;  -microfonul pare mai bun decat modelele anterioare;  -bass excelent;  -cablu lat pentru a reduce incurcarea;  -castile vin cu auricular mic, mediu si mare si unul special cum este prezentat in prima imagine a produsului ce confera mai multa stabilitate in ureche;  -calitatea sunetului este foarte buna;  in concluzie, la pretul asta merita cu varf si indesat.  inca nu am descoperit nici un defect, cand se va intampla asta voi posta!";0
665;l-am cumparat pentru sotie si este foarte multumita de produs. uneori bateria tine mai mult de 7 zile, softul de android are grafica draguta, monitorizeaza destul de detaliat calitatea somnului. ulterior l-am cumparat si pt mine. am folosit doar functiile steps si heart rate iar  dupa o saptamana bateria este inca la jumatate.;2
666;cablu super ok, plat ( nu se incalceste ), destul de lung (1 metru )   recomand;2
667;cea mai tare lanterna pe care am avut-o vreodata.:)    e ok si ca acumulator, scoate 2a, si-a meritat cu prisosinta cei 37 lei platiti la black friday.;0
668;arata mult mai bine in realitate. am fost putin sceptic avand in vedere pretul mic, pielea chiar e naturala si foarte fina, moale, calitativa. 10+ din partea mea.;2
669;se misca bine, fluent, nu agatza... in antotoo a scos 44000 si ceva ceea ce e bine pt o tableta... ca display e ok... unghiurile sunt bune. sunt mici detalii care parerea mea, nu ii exclud capacitatile.. gen ai tendinta sa apesi aiurea tastele cand o tii.. dar poti invata noi pozitii... sau formatul display-ului... dar... o recomand cu caldura. aspfalt 8 ruleaza perfect... wi fi pe ac se misca beton... viteza mare, rezolutia display foarte buna... citeste carduri pe care sunt trase filme format mare... peste 5 gb. e un produs curat fara erori ce tine pasul cu aplicatiile actuale!;2
670;in primul rand -1 stea pentru cargus care sunt execrabili. despre bratara pot spune ca este in regula. nu m-a dezamagit. masoara precis in special pulsul si numarul de pasi.   cu managementul somnului nu ma inteleg prea bine pentru ca tot imi zice ca dorm la 22 cand defapt nu dorm. nu-mi dau seama insa pare sa se calibreze in timp (o am de o sapt doar)   bateria este si ea in regula... pana acum nu am incarcat-o si pare sa mai aiba destul pana moare.   ca si ergonomie imi place. nu o simt la mana ca pe un ceas greu. este usoara si este facuta din materiale bune bag de seama.   multumit. sa vedem pe parcurs  p. s.  neaparat trebuie purtata cum trebuie la mana pentru ca altfel are erori la puls si tensiune.;2
671;produsul e bun, peste asteptari. multiple functii!;0
672;raport foarte bun calitate/pret (achizitie facuta de black friday).;0
673;produs conform specificatiilor, comunicare foarte buna cu vanzatorul, livrat conform intelegerii telefonice.;0
674;sunt foarte multumit de aceste casti, sunt peste nivelul asteptarilor mele.;0
675;avand in vedere pretul acestei boxe eu sunt foarte multumit;0
676;este o boxa portabila exceptionala.;0
677;fata de macbook retina air 13, ipad-ul asta il bate cu mult! nu se supraincalzeste ca si macbook-ul si merge si la jocuri si apeluri video excelent! macbookul se incalzea la 83 de grade la un apel video de 5 minute! pe scurt, merita toti banii;0
678;aspect si material nota 10... dau nota 9 pentru cum isi fac ele treaba... iar lantrenta dupa baterie este geniala  per total sunt multumit de aceasta baterie.. acuma sper sa ma si tina:);2
679;l-am folosit pentru a accesa date de pe un stick usb 32 gb in portul tip c al unui lenovo yoga. a mers excelent.  nu am incercat sa alimentez prin intermediul lui!  drept inconvenient ar fi faptul ca - fiind foarte mic - se poate pierde usor.;1
680;calitate audio foarte buna, bateria tine destul de mult si dupa parerea mea este o achizitie care merita!!!!;0
681;un produs excelent, recomand!;0
682;o boxa extraordinara;0
683;este un produs exceptional;0
684;l-am cumparat sa-l dau cadou. incarcator de buna calitate.;0
685;multumita;0
686;pana acum fara probleme la acest pet!;0
687;pentru cei 90 de lei platiti, sunt f multumit. construita cu materiale de calitate, plastic rezistent, grila fixata f bine, nu bazaie la volum mare. se aude bine, volumul maxim este mai mult decat suficient si se aude bine. in functie de melodie se poate auzi putin distorsionat, dar in mare parte duce bine orice melodie. pe partea de bass ii dau un 7/10, dar eu folosesc un egalizator cu un plus de bas si asa se aude perfect. mai ales daca amplasati boxa pe un suport din lemn, datorita bass-reflexului aflat la baza, se aude f bine. distanta pentru conexiunea bluetooh e undeva la 4-5 m, avand bateria incarcata, atunci cand e mai slaba bateria si distanta se reduce. bateria tine f mult, aspect la care am fost surprins. la mine a functionat 5 zile cu o folosire medie de 4 ore pe zi, radio/bluetooth, la un volum de circa 40%. mai tare e deranjant si trebuie sa strigi unul la altul intr o camera de 14mp, cazul meu. radio functioneaza binisor, adica nu prinde perfect decat in anumite locatii din casa, dar in exterior nu am avut probleme cu el din acest punct de vedere. restul functiilor (usb, card, input prin jack) functioneaza la fel de bine. singurul minus gasit de mine e faptul ca iti explica la fiecare pornire cum sa te conectezi prin bluetooth si o face la un nivel cam mare, ca volum. per total, nota 10 pentru usurinta in utilizare si functii. cumparati cu incredere.;2
688;foarte practic. raport pret calitate excelent!;0
689;pro: sunet tare, clar si curat, bass corect ( nota 8 pe o scara de la 1-10) fara distorsiuni. atentie insa ca boxa poate intra in rezonanta cu suprafata pe care este asezata (blat lemn, sticla) si poate crea impresia de distorsiune.... deci atentie unde este asezata. constructie robusta. cititor de card, usb pairingul cu playerul (telefonul) odata facut este recunoscut la fiecare activare a bt.  contra: instructiunile repetate cap-coada la fiecare pornire. conexiunea radio ok pentru 2-3 posturi, iar pentru celelalte ar trebui sa tineti mana pe fir pe post de antena. setarea posturilor radio si ulterior selectarea unui post, ceva mai deficitar, insa nu pentru radio am facut achizitia.  concluzii: sunet suficient pentru o camera de 20-22 mp. autonomie suficienta pentru o auditie de 4 ore (volum maxim), insa oricum functioneaza mai departe conectata la priza.;2
690;recomand merge super usor ecran stabil imagine clara din diferite unghiuri;0
691;un card de memorie de calitate superioara;0
692;salut din punctul meu de vedere isi face bani o am de cateva luni si functioneaza bine;0
693;material ok, functioneaza bine!;2
694;foarte buna recomand;0
695;cumparata la reducere cu 70 ron.  verificat si radio si micro sd (citeste mai intai ce e in radacina si apoi parcurge si directoarele).  arata bine:-).  cu volumul aproape de maxim acumulatorul tine cca 4 ore. cu sunetul cam pe la jumatate m-a tinut chiar vreo 6 ore.  singurul minus (e posibil sa nu fi descoperit eu inca modalitatea prin care se poate face) e ca nu am putut scoate semnal sa-l trec prin aux-ul radioului de la masina...;2
696;am achiztionat produsul cu 3 luni in urma si sun foarte mutumita de el.  din punct de vedere estetic arata foarte bine, bratara este de buna calitate si se simte foarte comfortabil pe mana, are un display dragut customizabil.  din punct de vedere tehnic, masuratorile care le face mi se par foarte aproape de realitate, atat la pasi/distante cat si la heart rate, iar bateria tine mai mult de 7 zile. de asemenea aplicatia folosita fitbit, este una usoara, foarte ok de navigat si prietenoasa.  recomnd aceasta bratara.;2
697;un produs foarte bun. sistemul de prindere e excelent.;0
698;cand reda prin bluetooth la volum mare tinde sa distorioneze cam mult la unele melodi. in schimb cand reda prin jack-ul de 3. 5mm aproape ca nu distorsioneaza de loc... oricum se aude putin mai bine prin cablu (care apropo este foarte lung). din fericire asta poate fi rezolvata foarte usor din egalizatorul telefonului. in rest, finisaje placute, foarte mica si portabila, bass are indeajuns si bateria tine destul de mult (mai ales daca folosesti cablul si nu bluetooth-ul).  149 lei... nu ar merita chiar atat. 70 lei, cu cat am luat-o eu, la reducere... clar da, merita!;2
699;excelent raport calitate pret. se aude extrem de bine;0
700;se potriveste perfect la ceas si magnetul functioneaza foarte bine!;0
701;un produs apple excelent, mai ales ca are o capacitate de stocare imensa (am 30 de jocuri instalate si consuma doar 10 gb din 128), are multe aplicatii pentru studenti sau elevi (keynote, pages etc..) foarte utile si o camera foarte buna!! un produs super fain! merita toti banii!;0
702;sunt foarte multumit, imi place foarte mult!;0
703;foarte multumita...;0
704;acestea sunt cele mai bune earbuds le-am folosit pana acum si am folosit suficient de multe ca sa stiu care sunt bune si care nu.   avantaje:  - acumulator extern este o ideea superba.  - calitate excelenta a sunetului si volum suficient.  - se conecteaza foarte usor la telefon.  - sunt destul de mici incat sa poti dormi cu ele    dezavantaje:  - bass-ul este mai bun decat apple airpods. dar nu e ca la casti cu fir.  - pretul este cam scump. dar, primesti ceea ce platesti    in general, sunt foarte multumit de ele.;2
705;se conecteaza la minimum 30 de sateliti, inclusiv cei sovietici. este monitorizat de cia fbi kgt si sri.     poate fi localizat la 10 metri sub pamant.   daca elodia avea asa un ceas putea fi gasita.;0
706;a fost exact ce am cautat. mic si subtil. il poti roti 360 de grade. daca ai un telefon mai greu, s-ar putea sa nu stea exact cum vrei tu, mai ales daca treci prin multe gropi. sunt curios cat tine arcul, momentan merge perfect.;2
707;este compatibila pentru lenovo tab 10. protejeaza destul de bine.;0
708;perfecte din orice punct de vedere.;0
709;sotia mea este fericita, obiectiv atins!;0
710;+ ~3,5 incarcari pe un lg g3 si oneplus 3 (baterie de 3000 mah in ambele) - de asteptat cand pe eticheta zice 10050 mah. ideea e ca n-a fost cazul de surprize neplacute.  + din ce zice prietena-mi (ea-i cu g3-ul), charge-ul se face repejor. n-am detalii. revin cand oi avea. - ps relevant. ea inca pokemoneste, pokemonit care e renumit pentru suptul bateriei.;0
711;fain. incarca cat trebuie;0
712;boxa este fenomenala, isi merita toti banii, cumparati-o cu mare incredere;0
713;dupa ce am achizitionat modelul de 6000 mah, am luat si unul de 12. 000 pentru tableta, un ipad mini. sunt pachetul perfect. cand plec in tara cateva zile, nu mai am grija incarcarii tabletei pentru ca bateria asta externa imi ofera toata autonomia de care am nevoie. cat despre motivele in urma carora am ales jupio, vedeti la modelul de 6000 mah ca am scris mai mult acolo... pe scurt, recomand. se potrivesc de minune si ca design.;2
714;sunet excelent si durata baterie foarte buna (pana acum, cel putin);0
715;de foarte buna calitate. il am de mai bine de o saptamana si sunt multumit de el.  am avut doua situatii in care nu vroia sa se mai conecteze la telefon dar pana la urma a mers - nu stiu daca e vina lui sau a telefonului. se aude foarte bine si interlocutorul ma aude foarte bine ( mult mai bine decat vechiul plantronics m165 marque 2). nu imi dau seama inca daca e ok sistemul de noise reduction - o sa aflu..:);0
716;surprinzator de buna pentru cat de mica e. nu va imaginati un sunet impresionant, insa cred ca isi are si ea locul ei in activitatile zilnice.;0
717;produsul este foarte util, mic, exact ce iti trebuie, si o calitate foarte bune, il am de ceva timp, si il folosesc aproape zilnic, nu s a stricat nimic la el.;2
718;am mai avut boxe portabile, dar nu au trecut testul timpului. jbl go este o boxa simpla, foarte rezistenta ce se si aude decent.;0
719;"se prinde foarte bine in grila de ventilatie.  vine cu doua placute metalice:  - o placuta am pus-o intre carcasa si husa telefonului meu;  - o placuta am pus-o intre carcasa si husa telefonului sotiei.  magnetul este suficient de puternic pentru samsung a7 (172 g)    produsul ""suport auto universal a+ holder h5"" este bun, se prinde pe parbriz, dar iti ia din vizibilitate.";0
720;o boxa mica, discreta si bine conceputa. se aude clar, fara zgomote de font, bass excelent. daca avea si radio era completa.  se conecteaza rapid si bateria tine suficient. merita toti banii. recomand;2
721;super cool bun asa;0
722;am un sistem de alarma care include si o sirena, dar mica si pentru interior. aveam nevoie de o sirena de exterior, mare si galagioasa. asta-i numai buna. chiar ca-i galagioasa. sunt multumit.;0
723;am cumparat ceasul fara prea mari sperante, stiind ca este aproape imposibil sa gasesti un smartwatch ieftin si bun. insa acesta mi-a depasit cu mult asteptarile.   materialele din care este fabricat il fac sa fie foarte rezistent, il am de o saptamana si arata ca nou, in ciuda neglijentei mele. ecranul este mult mai curbat decat apare in imagini, iar pe mine ma incanta faptul ca este always-on, adica pot sa vad ora fara sa fie nevoie sa intorc incheietura. pe langa cele cateva watch face-uri disponibile in memoria ceasului sau in aplicatie, am acces la alte sute din alte aplicatii care pot fi descarcate din google play.   ca functionalitate, ceasul merita 4.5 stele. pedometrul functioneaza perfect, testat fiind si cu huawei health, si cu garmin vivoactive 3. pulsul, de asemenea, este in conformitate cu realitatea, la fel si gps-ul si monitorul de somn. caloriile arse, pe de alta parte, mi se par cu aproximativ 100-200 mai putine in comparatie cu ce arata alte ceasuri, insa nu cred ca ar fi o problema foarte mare.  ceasul este foarte usor pe incheietura si siliconul bratarii este foarte fin. aplicatia, de   asemenea, are o interfata frumoasa si este usor de folosit, iar ceasul este cu siguranta rezistent la apa, nu am avut nicio problema cu el pana acum.;2
724;produse excelente!;0
725;l-am prins la o reducere foarte buna: sub 100 de ron. un produs excelent. daca l-as fi cumparat mai de mult, nu as mai fi mers in service esd-rom cu mufa telefonului s6 edge +.   recomand.;0
726;se aude perfect, tare, clar... aspect foarte placut si materiale de calitate, boxa compacta, rezistenta! bateria tine mult, conexiunea bluetooth se realizeaza in cateva secunde. cea mai buna boxa portabila sub 200 lei!;2
727;nimic de reprosat, inca nu s-a stricat;0
728;casti de buna calitate si usor de folosit chiar si la calculatorul de la birou, nu doar la laptop.;0
729;un produs excelent la un pret rezonabil!;0
730;pot spune ca mi-a depasit asteptarile, sunet clar, material foarte placut la atingere, autonomie mare, o boxa perfecta din toate punctele de vedere.;0
731;am cumparat acest incarcator wireless cu teama in primul rand, dupa experienta slaba cu alt incarcator dar am zis, asta e! daca e sa nu functioneze, il trimit inapoi. vreau sa spun ca este un incarcator exceptional. note 8 se incarca in 3 ore de la 0 la 100% iar prin fir se incarca in 2 ore 40. de asemenea nu se incalzeste deloc telefonul. celalalt incarcator ce l-am avut dura incarcarea 6 ore si parca lua foc telefonul. oricum e a-data o firma ce face produse excelente. mai am si 2 baterii externe de la aceasta firma si sunt foarte multumit. recomand sa cumparati cu incredere.;0
732;se potriveste foarte bine, este inscriptionata huawei;0
733;l-am cumparat de vreo 2 saptamani. le-am folosit aproape tot timpul. nu se blocheaza, nu are erori. inca nu am bagat card micro sd sa ma uit la poze, sa pun piese, dar asta urmeaza.;0
734;merita din plin!;0
735;este foarte bun.. merge excelent.. recomand..;0
736;design deosebit   incarca iphone5 de 4-5 ori;2
737;raportand calitate/pret este ok.!;0
738;multumita de ea!! se aude bine.;0
739;vechiul cablu era din plastic si se rupea la capat, cu asta nu voi mai avea probleme;1
740;se pot incarca doua telefoane simultan de la ea fara probleme.;0
741;folosesc acest ceas de mai bine de un an. nici macar o probema nu am avut cu el! se misca exceptional, este ideal pentru persoanele care se plictisesc rapid de un ceas anume asa cum sunt si eu. de cand am acest ceas nu am mai achizitionat niciun ceas clasic, acesta tine locul atat unui ceas pentru sport cat si unui ceas de ocazie.;0
742;un produs frumos cu o calitate surprinzatoare!;0
743;f bun raport calitate pret;0
744;nice;0
745;absolut minunata si flawless;0
746;se aude surprinzator de tare pentru marimea ei. recomand!;0
747;- super pentru ce-l folosesc:);0
748;sunet foate bun, autonomie buna. arata foarte bine facuta;2
749;am purtat ceasul timp de 14 zile continuu, dat jos doar pentru incarcare. l-am incarcat de 4 ori, l-am tinut si 2 zile always on display. folosesc fata simpla alb si negru care ajuta si la conservarea bateriei cat si functia goodnight mode. este foarte adevarat ca nu inregistreza corect etajele.     conectat cu samsung s8, notificarile vin cu delay de o secunda pe ceas. este ok sa vorbesti si la el, se aude cu distorsiuni cand esti la limita conexiuni bluetooth, dar in rest este super ok.     nu am avut probleme cu muzica de pe telefon, recunoaste toate melodiile fara sa fac un playlist anume sau o alta setare, am vazut ca au mai fost probleme de genul asta pe net.    nici nu i-l mai simt la mana, este super in regula ca greutate nu ai de ce sa iti face griji de genul asta. recunoaste automat zgomotele de fundal cand te uiti la un film pentru a-l trece in modul theatre (un fel de silent). totodata iti va calcula gresit somnul daca stai seara nemiscat si te uiti la film.     in ceea ce priveste bateria de saturi de el la mana pana sa-l incarci. este un smartwatch foarte bun atat ca design cat si pentru sport.;2
750;se aude bine.;0
751;se aud f bine.;0
752;sunet clar, bass puternic dar nu deranjant, raport calitate-pret mai mult decat satifacator. recomand atat produsul cat si pe cei de la emag.;0
753;multumit de raportul calitate pret  recomand si altora;0
754;sunt multumit de achizitie, pentru 50 ron chiar merita. usor de montat si tine fara probleme un note8. livrarea s-a facut a doua zi dupa comanda.;0
755;foarte buna bateria si-a revenit telefonul ca nou!!;0
756;stabil, usor de folosit, dupa ceva timp si exercitiu pot scoate telefonul folosind doar o mana. nimic de reprosat.;0
757;foarte usor de folosit. protocolul de conectare la aplicatia de mobil este simplu si direct. trebuie citite instructiunile si totul va decurge foarte usor.    in plus sunt foarte multumit pentru ca pot trimite comenzi pe retea dintr-un raspberry pi ca sa controlez starea on/off sau sa interoghez statusul.    in interogarea de status raspunde cu o structura de date json in care gasim chiar si date despre puterea consumata (bun pentru monitorizarea consumului de putere);2
758;am doua pe masina. primul tine perfect din vara lui 2017. acum, al doilea luat a avut ceva probleme cu adezivul ca pana sa ii gasesc locul l-am lipit si dezlipit de cateva ori de bord dar baietii de la maxmania mi-au trimis alte rezerve gratis si acum totul e ok. magnetul este foarte bun si cu totul, e bine construit.;0
759;sunt multumita. raport bun calitate-pret. arata foarte bine, aspect mat, manerul nu aluneca.  contra: firul de conectare cam scurt.;2
760;port ceasul asta de 6 luni si sunt foarte multumit de el. nu are multe functii fata de apple, samsung sau alte smartwatch-uri, dar are tot ce ma astept sa aiba un smartwatch si nimic mai mult. de incarcat l-am incarcat chiar mai rar de 30 de zile, ma tine bateria si o luna jumate. pentru mine, design-ul ceasului si durata de viata a bateriei sunt foarte importante.;2
761;f bun. il recomand. fixeaza f bine telefonul si nu cade la vibratii/ gropi;0
762;cea mai buna boxa portabila. desi este extrem de mica, se aude super. am folosit o in vacante;0
763;dimensiune mica, f portabila. claritate buna a sunetului. nu are bass puternic, dar la ce sa te astepti de la o boxa asa mica. puterea este de 3 w, insa nu distorsioneaza la maxim. se conecteaza foarte usor. vine cu un cablu de alimentare portocaliu. per total, multumit.;2
764;merita banii, este super ok pina acum;0
765;de la deschiderea cutiei observi calitatea materialelor. vechiul suport m-a servit timp de 1 an si ceva... cred ca acesta va avea o viata mai lunga.:)) imi ofera increderea ca telefonul meu e bine fixat.;2
766;daca vreti un smartwatch lowcost, dar care face cam majoritatea lucrurilor pe care le face si unul premium, va recomand cu incredere. mai ales varianta aceasta pe auriu arata foarte bine la mana.;0
767;"salut,    o sa incers ca scriu un scurt review dupa doua saptamani de utilizare.    in primul rand trebuie sa intelegeti ca in acest moment toate ceasurile smart de pe piata se incadreaza intr-un anumit ecosistem. si nu glumesc cand spun asta.  un ecosistem bun la toate, cu un produs de o calitate pe masura este apple watch - cuplat cu iphone. le face pe toate dar nu este specializat in nici o directie, si este cel mai bun produs. chiar daca pretul este putin prohibitiv.    acuma despre fitbit versa.  - ecran luminos, trei butane, si un pic de zapaceala in primele zile. dar nu am avut nici un fel de lag, indiferent de mesaje sau notificari. manaca bateria de la telefon asa cum il folosesc eu. sincronizat permanent. adica trebuie sa incarci iphone-ul in fiecare noapte.    - bateria tine 5 zile si are un senzor excelent pentru masurarea pulsului. asta suna bine daca vrei sa iti urmaresti somnul si toate cele ce il influenteaza. senzorul functioneaza ireprosabil.     - app-ul fitbit este excelent daca iti faci putin timp sa il intelegi. cantitatea de date puse la dispozitie este foarte mare si trebuie sa stii sa le interpretezi. daca reusesti e perfect si isi face treaba cu varf si indesat.    - nu are gps si alte prostii de genul microfon, etc... daca fac o tura cu bicicleta sau alerg imi iau in centura si telefonul. pe bitza il pun in geanta biciletei. si oricum nu raspund la telefon de pe ceas. nici pe iphone nu merge asa cum trebuie...    - primesc notificari de pe toate aplicatiile de pe iphone. am scos notificarile de pe facebook ca mana imi vibra tot timpul. si la un moment dat chiar ma seca.    - pot sa imi compar somnul (fazele lui) cu toti cei de varsta mea care sunt inregistrati in baza de date fitbit. daca inregistrezi notificari in myfitnesspall o sa vezi si de ce dormi si te trezesti obosit sau esti fit toata ziua.    - o surpriza incredibil de placuta a fost conectivitatea cu aplicatia myfitnesspall si pot sa spun ca sunt surprins cat de accurat este schimbul de date intre fittbit - myfitnesspall si ceas. pot sa imi urmaresc alimentatia, exercitiul fizic si rezultatele. pana la versa eram cam in ceata.    concluzie:  - da: daca e pentru voi insiva si daca vreti sa va urmariti activitatea fizica si alimentatia. cu toate ca duc o viata destul de sedentara acum pot sa spun ca sunt aproape permanent in faza ketonica si am reusit sa slabesc 12 kg. acuma sa nu intelegeti ca doar ceasul a facut asta. ceasul doar ma ajutat sa raman in faza ketonica aproape tot timpul. si sa inteleg cum ma afecteaza ceea ce mananc (nu fara app-ul myfitnesspall), ca de acolo vin datele. si probabil ca asta este ecosistemul unde exceleaza acest ceas.    - nu: daca vrei sa te lauzi ca ia cel mai tare smartwatch de pe piata. inca nu inteleg de ce unii poarta un smartwatch pe mana stanga si o bratara fitness pe mana dreapta???   poate fiindca nu au ales bine de la inceput. sau poate fiindca li se pare ""cool"".      ps - sincronizariarile cu app-urile si toate alea nu au venit de la sine. e nevoie de un pic de intelegere si munca. si ceva ""search"" pe net. si un strop de rabdare.";0
768;un produs excelent, se aude ff bine. autonomia bateriei aproximativ 7-8 ore, se contecteaza fff usor cu telefonul(doar cu telefonul am incercat) si are un aspect frumos. jbl by harman;2
769;pret 10/10  usoara, rezistenta, asus: d, eu sunt foarte multumit de ea nu vreau nimic mai mult. recomand!;2
770;se incarca in vreo 12 ore.;0
771;merge bine cam 8 mb/s.  recomand produs foarte bun la un pret redus.  il folosesc pe un samsung galaxy tab 3.  spatiu mare pentru bani putini.  emag este cel mai bun!;0
772;foarte bun produsul.;0
773;buna ziua! am achizitionat acest produs pe 21 iulie 2016 si l-am folosit doar pentru telefon si il am si acum 2.05.2017 si sunt extrem de multumita. este foarte bun de 1000 ori;0
774;calitate foarte buna, sunet excelent. recomand.;0
775;"il am de 2 ani si n-am ce sa reprosez. este mai scump decat diverse ""no name""-uri, dar am preferat sa nu risc bateriile si modulele de incarcare ale telefoanelor.   cine se vaita ca nu ii incarca, sa isi schimbe cablul, pt ca de acolo e problema. daca nu va pricepeti, documentati-va sau, macar, incercati toate variantele inainte de a comenta aiurea.";0
776;un suport de calitate!!;0
777;sunt multumit de el, am dat un ban in plus dar s-a meritat.;0
778;pret calitate foarte bun. sistemul de prindere si magnetul isi fsc treaba perfect. recomand cu incredere.;0
779;si-s facut treaba;0
780;un cadou potrivit pt un adolescent;0
781;foarte bun, incarc un s7 de 5 ori pana moare.;0
782;recomand. bun;0
783;pret-calitate super bun!!!! sunet, bass, autonomie acu excellent!!;0
784;foarte draguta, corespunde in totalitatea cu fotografia.;0
785;am comandat acest cablu ca o alternativa la cablul original al bratarii care a incetat din viata dupa 6 luni de utilizare:). este la fel ca cel original, exceptand logo-ul, insa isi face treaba perfect la un pret decent.;0
786;5 incarcari facute la un iphone 5s care mai avea 5% baterie.;0
787;fast charging intr-adevar! recomand!;0
788;mi-am dorit un suport care sa poata fi prins de bordul masinii si nu de geam.  pe site-uri am gasit doar aceste modele de la iottie.  am ales versiunea 4 de la iottie easy one touch 4, fiindca are ceva imbunatatiri fata de versiunea 3 (multe dintre ele la referindu-se la design).  prinderea de bordul masinii se realizeaza foarte usor urmarind indicatiile din brosura.  poti sa il aranjezi in mai multe feluri/directii. este stabil la denivelari/gropi.   poti, bineinteles sa il prinzi si de geam.;2
789;ok!;0
790;este perfecta pt copilasi;0
791;este un produs foarte bun;0
792;se merita!   e la un pret bun si se aude foarte bine pentru marimea sa!  o recomand!;0
793;boxa e foarte buna, merita toti banii.  pretul la boxa asta a fost totdeauna undeva ~500 lei asa ca astea nu sunt reduceri cum nu au fost nici cele de black friday.;0
794;o am de o saptamana si zicea ca mai are 8 ore de convorbire azi mai are 1 ora se aude foarte clar, se conecteaza foarte usor, bateria tine destul de mult si sta si fara agrafa de dupa ureche recomand cu incredere casca bluetooth plantronics m70 la 109 lei e excelenta;0
795;tine bine telefonul, util, recomand;0
796;folosesc cablul pt o baterie externa. super-util si mult mai ieftin decat de luat o baterie compatibila cu iphone 5;0
797;produs bun la un pret corect: 699 lei.;0
798;lucru de calitate. apreciez foarte mult rezistenta la apa si transpiratie. fac mult sport si am stricat casti audio pe banda rulanta. de mai mult de 4 luni le folosesc intens la sala de sport si sunt foarte multumita de ele. le recomand fara nici o retinere.;0
799;este ok, se conecteaza repede si se aude super clar.;0
800;am facut o verificare a charger-ului dupa 143 de incarcari: am reusit sa incarc telefonul meu iphone c, de la 2% la 100%, de 6 ori, iar la a 7a incarcare, am incarcat de la 2% la 62% pe slotul de fast charging. de fapt, pana acum (am peste 100 de incarcari) am folosit exclusiv slotul de fast charging.   am facut verificarea cu telefonul in repaus 100%, fara wifi/hotspot/4g activate. este un produs foarte bun, sunt multumit de el, il recomand. sper sa fie folositor review-ul meu.;0
801;se aude foarte bine.;0
802;nu are concurenta.;0
803;multumit!;0
804;incarca foarte repede, tine pentru 3 incarcari complete. il am deja de o luna si se comporta foarte bine.;0
805;un produs deosebit. sunet amplu, bogat. bateria tine fara problema o zi.  am si un jbl charge 3. prin comparatie ue boom 2 se aude mai bine, mai clar.;0
806;sunt foarte multumit de aceasta boxa, este un upgrade enorm fata de boxa portabila jbl pe care o aveam in trecut. aceasta este in stare sa scoata sunet foarte puternic fara sa piarda din calitate.   diferenta intre ea si beoplay a1 se simte doar atunci cand canta la maxim, altfel sunt destul de asemanatoare ca si sunet si diferenta de pret este destul de mare. oricum, este incredibil cat de mult sunet poate sa scoata o boxa asa mica, o folosesc si in exterior destul de des si nici nu am fost nevoit sa o tin prea des cu volumul la maxim. in orice caz, o sa imi cumpar un beoplay a2 sau un beolit candva pe viitor. nu vreau sa stiu ce sunet pot scoate acele boxe daca o boxa de buzunar de la ei este atat de buna!;0
807;sunt ok.. au meritat 25 lei:);0
808;ceasul este foarte bun. eu trec de la fitbit charge 2 la xiaomi si pot sa zic ca sunt mult mai multumita. primesc notificarile si apelurile instant, masaoara pulsul la 1 minut. bateria tine mult.   foarte important ca este rezistent la apa. de cand l am luat, nu l am mai dat jos de la mana. alarma functioneaza impecabil. are 1000 de functii si poti sa il configurezi cum vrei. are nenumarate fete pentru ceas.;0
809;pemtru cat de mica este se aude excelent.;0
810;constructie solida, ecran de rezolutie mare si foarte luminos si baterie din belsug. poate trece foarte usor drept un ceas normal. sistemul de operare se misca foarte bine si ofera exact informatiile necesare majoritatii oamenilor.    e posbil sa fie folosit si de un posesor de smartphone non-samsung dar e putin mai ciudat si setarea dureaza mai mult. daca detii un smartphone samsung atunci e cea mai buna recomandare.;2
811;am comandat acest ceas de la emag si pot sa zic ca sunt foarte multumita de el. imi era teama sa nu fie prea larg sau sa se vada prea mare la mana mea dar e super. nu e foarte mare si e foarte usor. s a conectat repede cu telefonul si si a facut update de soft. merge foarte bine, sunt foarte multumita. multumesc emag! miercuri seara am dat comanda si vineri dimineata a venit. in concluzie recomand acest ceas, arata foarte bine si stie sa faca multe pt cat costa. si da, seamana cu ceasul de la apple.;2
812;este buna;0
813;raport calitate-pret excelent. nu este chiar un fast charging dar isi face treaba cu brio.;0
814;calitate buna livrare rapida;0
815;sunt foarte multumita de el. se incarca destul de repede la priza iar telefonul se incarca mai repede prin acumulatorul extern. design placut. chiar foarte multumita. il recomand!!;2
816;o boxa portabila perfecta calitate/pret. se aude extraordinar de bine (avand in vedere marimea ei) si isi face treaba perfect.;0
817;am testat bateria in acest videoclip: www.youtube.com/watch;0
818;e super, incarca foarte bine. recomand;0
819;util, foarte practic, arata bine ca bratara si foarte comod. foarte multumita de produs.;2
820;bateria nu tine 10 zile cum se zice ci doar 4-5;0
821;este foarte practic si bun, dar aveti mare grija, am pierdut cablul, deci caut altul!;0
822;un ceas foarte bun.  pretul ok;0
823;mic si potent.;0
824;asa da. corect, frumos si elegant. mentionez c-am cumparat-o din magazinul lor.  sper sa se pastreze ideea  multumesc;2
825;recomand 100% pentru toti cei care folosesc acest accesoriu, pentru incarcare telefonul mobil!;0
826;foarte multumita de produs. este foarte folositor stand mult mai linistata cand iese afara sau cand il trimit sa cumpere ceva. pot sa urmaresc pe telefon traseul destul de precis.    sper sa nu am niciodata o experienta serioasa insa cu siguranta orice ajutor este binevenit. si acest dispozitiv chiar ajuta.    raport pret-utilitate excelent;0
827;da foarte multumit!;0
828;o tableta excelenta pentru nevoi normale.  feeling de produs premium, imagine si sunet excelente.   are si husa dedicata.   pret imbatabil.   nu sunt interesat de jocuri pe tableta. pentru asta exista desktop si console.   portabilitate f. buna si specificatii bune. totul ruleaza fara probleme.;2
829;este de foarte buna calitate!;0
830;compatibil cu gopro  inregistreaza lejer 2. 7k la 30 fps  este ieftin.;0
831;isi face treaba foarte bine.;0
832;isi merita banii!!!! se aude foarte bine chiar si atunci cand e aproape la maxim ( nu o poti da la maxim daca stai la bloc)! microfonul se aude si el fff bine si cel mai mult imi place ca poti face karaoke si in acelasi timp sa stai mai departe de boxa!;0
833;bun. tine 4-5 incarcari lejer, lumina led foarte folositoare;0
834;functioneaza fara probleme.;0
835;super multumita le am de 9 luni si nu am avut probleme;0
836;super multumit;0
837;cea mai buna tableta care poate fi luata la pretul acesta, am prins-o la 1550 de lei si pot zice ca e o investitie bine facuta. o recomand cu incredere.;0
838;review de 5 stele este pentru furnizor care a avut toata bunavointa din lume sa imi rezolve problema. am achizitionat doua ceasuri pentru cei mici si unul nu se incarca deloc. le am returnat a doua zi. imediat m-a sunat furnizorul sa intrebe care este problema si mi-a solutionat problema si mi-a schimbat ceasurile facand si toate setarile necesare plus verificarea acestora. ceasurile sunt utile daca sunt plecati la bunici sau dvs sa ii puteti suna, gps ul are eroare de cateva sute de metri dar pt mine a fost foarte importanta functia telefon. pt ceasuri 4 stelute.;0
839;incarca o baterie de 3000mah de aproximativ 3 ori, este foarte finuta cu aspect placut, mica, merita!;2
840;este un produs bun, necesar si cu viteza. totul la un pret bun si o servire promta de emag.;0
841;am achizitionat un astfel de smartwatch dupa indelungi cautari de informatii despre aceste gadget -uri, eu avand un iphone xs... am urmarit multe filmulete pe youtube si am ajuns la concluzia ca este mai bun decat un apple watch de aceeasi generatie... de ce am ajuns eu la aceasta concluzie? simplu! galaxy watch se conecteaza perfect la un iphone si, sa fim seriosi, este un ceas inteligent...si arata ca atare!!!  despre functii va spun doar atat... cred ca nu este o mare diferenta intre ele...insa poate ca, daca il conectam cu un android(samsung), era mai ok...  concluzii... totul la superlativ... de la serviciile emag pana la satisfactia unui gadget minunat! aaaa am fost direct in show-room sa il iau!!!;0
842;cata bro boss;0
843;sunetul este bun, e foarte utila in calatorii.;0
844;il folosesc pe un samsung s4, nu am avut nicio problema cu el, recomand!;0
845;sunet foarte mare, pentru o boxa asa mica!  am ramas uimit de ce poate face. recomand.;0
846;aspect neasteptat de bun la pretul asta. ma asteptam mai degraba la o chinezarie cu aspect ieftin, dar este o chinezarie de calitate:))   functioneaza conform specificatiilor.;2
847;functioneaza exact asa cum e prezentata + servicii ireprosabile de expeditie.;0
848;un produs excelent!;0
849;este tot ce ai putea cere de la o boxa portabila. recomand!;0
850;nu stiu sa mi le pun in urechi, ca. s eu batut in cap.;0
851;o tableta eleganta subtire si usoara, functioneaza perfect si rapid redare sonorizare pe masura ecran amoled no comm deci per total merita, un singur minus ce am observat, ca utilizand youtube se descarca destul de rapid sau numai mie mi se pare nu stiu, in schimb se incarca foarte repede nu se incalzeste deloc si cei 3 rami functioneaza f bine... recomand;2
852;foarte buna boxa si se aude tare;0
853;buna, recomand;0
854;mai ales la pretul de acum, 208 ron, e de recomandat. eu l-am luat mai scump 244 ron, dar nu imi pare rau. are cam 90 mb/s la citire si 68 mb/s la scriere, in conditiile unui test crystaldiskmark. in viata reala la transferul unui grup de foldere de 20 gb, a avut o viteza medie buna la scriere, de 62mb/s. si o caracteristica constanta a vitezei, ceea ce nu au multe carduri. l-am probat si la inregistrari full hd, nici o problema. cred ca merge si la 4k, depinde de rata de achizitie a aparatului foto sau video.   multumesc inca o data firmei emag pentru modul ireprosabil in care isi trateaza clientii.;0
855;foarte multumit de acest model.;0
856;recomand!!! un ceas frumos care place baiatului!!! multumesc estore!!!;2
857;e super. nu a cazut niciodata la gropile din bucuresti. e foarte stabil.;0
858;am primit bateria la timp si intreaga. era incarcata pe jumatate si din acea jumatate am incarcat o tableta pina la 50% si un telefon pina la 70% simultan. am incarcat-o full in 8 ore din care am incarcat un huawei p8 lite de 3 ori si a patra oara pina la 40%. este prea grea si prea mare pentru buzunar dar daca purtati o geanta sau rucsac e perfecta. eu o consider o achizitie buna si o recomand cu placere.;1
859;"ceasul arata ora, scaneaza din cand in cand ritmul cardiac, iti spune cat de bine ai dorimit, puteti seta o alarma, doua, trei, are pedometru, iti zice cati pasi/km ai facut, vibreaza la apeluri telefonice, puteti vizualiza smsurile pe el, etc.    displayul este cu e-ink (cel mai probabil), se vede ca un ceas lcd clasic ca si luminozitate si daca apasati butonul (pe care il are din dotare: d) ecranul ceasului va fi primi comenzi touch si se va lumina. din cauza tehnologiei nu tocmai matura a e-ink, culorile nu sunt foarte vii (sa nu va inchipuiti ca veti avea aceleasi culori ca un ecran oled sau lcd). basically cred ca afiseaza vreo 16 culori.   avantajul ecranului e-ink insa este acela ca bateria dureaza imens de mult (asta mi-a placut si la pebble pe care l-am avut inainte): in vreo 6 zile abia de s-a dus vreo 10% (de la 55% la 45% - cu 55% a venit incarcat).     cica ar putea sa se conecteze cu strava (personal nu mi-am dat prea mare interes pe tema asta, probabil ca la prima tura cu bicicleta voi cauta mai mult pe net cum se face). si cica ar avea gps intern si nu aveti nevoie de telefon pe traseu - va inregistra singur traseul (chiar is curios cum afecteaza treaba asta bateria).    watchfaceul este schimbabil (are vreo 6-7 predefinite) si mai sunt vreo 8 custom pe internet in aplicatia cu care vine, dar mai este o aplicatie ""notify & fitness for amazfit"" unde gasiti watchfaceuri facute de mai multi omuleti - unele arata chiar foarte misto. tot prin aplicatia asta se poate face si conexiunea cu strava (cica).   va atasez si o poza cu mana-mi paraoasa si ceasul atasat: d";2
860;este destul de zgomotos daca nu tii tableta in el, dar comparativ cu pretul este excelent. isi face treaba;0
861;mic, bine finisat, incarca rapid. contra: nimic.;2
862;super tare! mai ales ca si constructie, practic si util, foarte bine gandit! nu i-am gasit minusuri!;2
863;fabulos!  un smartwatch foarte bun.  initial, am avut un samsung gear sport dar l-am returnat pentru faptul ca bateria tinea o zi jumatate, sincronizarea se facea cu mare dificultate, in masina se suprapunea cu bluetooth-ul vehculului, o multime de discipline sportive, dar nu recunostea exercitiile de forta de la sala, lipsa compas si multe alte neajunsuri.  un ceas de parada, ca sa nu spun de bazar. multe sclipariciuri (cititi amoled), dar inutile si energofage. ca sa nu mai zic de dock-ul de incarcare care trebuia sa-l iau mereu cu mine.    noul vivoactive 3, care se vede ca este var cu fenix 5:), compenseaza si executa toate aceste neajunsuri. sticla gorilla glass 3, altimetru, compas.  adaug faptul ca sistemul de iluminare backlight, caracteristic si pentru marcile mai consacrate (fenix 5, suunto ect.) face ca consumul sa fie infim. este interesant faptul ca, cu cat lumina soarelui este mai intensa, cu atat iluminarea cadranului si contrastul se imbunatatesc. tine, la pas, 4-5 zile in watchmode.  meniul este foarte clar, navigarea intuitiva.  am avut ceva probleme la update, in sensul ca varianta 2.60 nu este chiar reusita. sugerez a se pastra varianta 2.50. daca totusi updatarea se face automat, cum am patit eu, nicio problema, dupa un hard reset si restart a facut un downgrade la 2.30, varianta de soft care mi se pare foarte stabila.  isi merita cu prisosinta fiecare leutz.;0
864;foarte bun.. raport pret-calitate!;0
865;l-am achizitionat acum aproximativ o luna de zile si pot spune ca sunt foarte multumita de acest produs! cu siguranta il recomand cu caldura!! este practic si foarte util, fiind recunoscut drept original atunci cand iti incarci telefonul, si il porti pura totodata si ca bratara. super produs!!!;2
866;folia de sticla foarte rezistenta, multumit 100%;0
867;multumita de produs, incarca fast telefonul meu samsung s7 edge;0
868;intuitiv, robust si calitati audio f bune;2
869;calitate/pret ok. incape in buzunar, volumul e ok, curba de egalizare pe joase dar nu prea deranjant. nu se deconecteaza, o folosesc cu google play music, sunt multumit. atentia, nu folositi pe post de soundbar sau party audio, veti fi dezamagiti.;0
870;este ok bratara, pe mine chiar ma interesa un accesoriu cu care sa imi masor calitatea somnului.;0
871;sunt foarte multumita, produsul este excelent!;0
872;este un produs care imi satisface nevoile legate de fitness, dar si un gadget perfect care ma anunta de fiecare data cand primesc notificari pe telefon. il recomand! si pretul este ok;0
873;au trecut deja cateva luni bune de cand il folosesc si nu da semne ca ar obosi. fara erori de citire/scriere, viteze decente.;0
874;se conecteaza foarte usor cu aplicatia mi fit;0
875;foarte bune in raport cu pretul.;0
876;incarca la fel ca cel original.;0
877;fff tare. te invita la sport.;0
878;produsul este bun, conform descrierii.;0
879;pro:  - incarca foarte repede si incarca cu curent mare (2a)  - are dimensiuni reduse pt capacitatea asta  - merge passthrough (incarci bateria si incarci un telefon din baterie in acelasi timp)  - carcasa de metal (aluminiu)    contra:  - cablul oferit este prea scurt    detin asus zenfone max (zc550kl) cu baterie de 5000 mah si il incarc o data full, iar a ii-a oara 80 - 90 %. bateria am cumparat-o de blackfriday (la pretul de 80 lei), ca sa stiti de cat timp o am, si cat am apucat sa o folosesc.;0
880;calitate buna a sunetului, bateria este ok;0
881;incarca bine in masina! pana in prezent nu am probleme! luat in urma cu 1 an!;0
882;boxa e super!;0
883;exact ce cautam. usor de purtat cu destule informatii ca sa te mentina motivat pentru miscare. aplicatia garminconnect se conecteaza cu myfitnesspal unde se pot inregistra caloriile consumate. recomand.;0
884;foarte frumos.  dar nu isi merita banii.  poate gateste.....;2
885;"la pretul asta e un semi-smartwatch bun.  pro:  -autonomie f buna(peste 2 saptamani-utilizare normala, gps 2 ori pe saptamana, schimbat zeci de fete(inca nu am gasit una ''perfecta'':)  -notificari si apeluri(telefonul inlb romana pt a vedea nume apelant) cu capacitataea din descriere(ignore sau inchis la apeluri, citire restul, etc)  -gps decent, conectare rapida  -functiile de fitness bune(cel putin pt mine care practic mers fortat de 2-3 ori pe saptamana)  -pasii au eroare de 10% in plus(acceptabil )  -sute de fete gratis  -in rest, face ce puteti vedea in descrieri, youtube, etc)  contra:  -incomod de purtat la somn(dar dupa 2 saptamani de mi band 3 si una de amazfit bip imi stiu somnul si oricum ma trezesc cu alarma telefon)  -semnal bluetooth slabut(cu 2-3 m mai slab ca mi band 3) in blocurile din beton armat, dar se accepta  -nu poti inota cu el( e doar minim submersibil)  am zis mai sus semi-smartwatch deoarece nu are microfon si difuzor; dar daca ar avea ar tine mai putin incarcat si ar fi dublu de scump. oricum mi se pare putin aiurea sa vb la telefon de pe ceas sau sa scrii mesaje. eu l=am vrut sa nu mai fiu nevoit sa stau asa mult cu telefonul in mana..";0
886;pret num foarte utila si paractoca o tecomand;0
887;recomand cu caldura - foarte multumita de produs.  pret foarte avantajos/;0
888;foarte buna bateria, am una exact la fel dar pe culoare neagra, asta am cumparat-o pentru sora mea. are mai bine de un an de utilizare si inca tot merge, design foarte placut. contra: nimic.;2
889;surprunxator de bun si de rezistent.;0
890;cadoul perfect... vibreaza subacvatic.....;0
891;face ce s-a promis ca va face.;0
892;foarte ok. capacitate mare, incarca destul de repede la mufa de 2a. ea se incarca destul de repede (la un incarcator de 2a) de la 0 la 99%, insa ca sa ajunga la 100% dureaza la fel de mult ca si pana la 99%. cablul cu care vine pare putin cam subred, dar inca merge desi e folosit de 4 luni aproape zi de zi. imi place foarte mult lumina ambientala care are doua moduri (tare si putin mai slab). un minus cred ca ar fi dimensiunea ei, dar la capacitatea asta nu imi bat capul.;2
893;recomand, achizitionat la un pret sub 200 lei;0
894;super... isi merita toti banii...;0
895;o boxa de dus (dush) foarte buna si care promite sa fie rezistenta (desi aici va trebui timpul sa isi spuna cuvantul). sunetul nu are profunzime, nici nu stiu daca ar avea de unde, dar se aude clar pe inalte si suficient de tare. are butoane pentru reglarea volumului. este de dus... sau cada. s-ar asezona bine cu niste ratuste de cada, btw.;2
896;este super din toate punctele de vedere. isi merita banii;0
897;omg super fain;0
898;se aude foarte bine.. este foarte usor, nici nu il simti pe ureche.;2
899;produsul este frumos ambalat, de buna calitate. mult peste asteptarile mele. pretul accesibil;0
900;simplu, eficient, usor;2
901;este un ceas bun. isi merita banii, recomand.;0
902;sunt foarte multumit de ele, le am achizitionat acum 2 saptamani si de atunci le folosesc in continuu. se descurca foarte bine, sunetul este puternic si se simte si bass-ul;0
903;este foarte util cel putin pentru 150 de lei... toate aplicatiile merg struna si cel mai bine este ca bateria tine extrem de bine. recomand!: d;0
904;usor de montat... foarte practic, isi face treaba cu brio!!!;2
905;nu primesc mesaj niciodata ca nu e componenta apple si isi face treaba.;0
906;boxa de mare calitate. nici nu putea fi altfel. jbl e made by harman kardon! despre ce vorbim?;0
907;calitatea este super, tine mai mult de 5 ore bateria. daca va cautati o boxa bluetooth ieftina si buna acesta e perfect.   pro: calitatea sunetului foarte buna  dimensiune mica, o poti duce oriunde  con: pentru acest pret nu am;0
908;bass super, depinde pe ce suprafata al pui, am pierdut una identica acum am achizitionat alta. raport pret calitate excelent/;0
909;super!!!  trecand de la i7 ( avand aceleasi speficicatii si mergea binisor ) - la i8 plus, nu eram sigur ca se va misca la fel de bine aceast ipad, dar am ramas surprins:   -este rapid (net, jocuri, se descurca minunat)  -amprenta ok  - baterie ok  -display ok  pret formidabil ( 1300-1 saptamana activata, garantie.. olx);0
910;livrare in 24 de ore iar bratara este ca si originala.;0
911;foarte bun! cand imi incarc telefonul sta bine, arata bine si imi place ideea gen fermoar. recomand;2
912;bun;0
913;materiale de calitate, semnal foarte bun.    face ce spune ca face.     obs.: nu primesti in cutie si husa (poti fi indus in eroare de specificatii, care dau si dimesiunile pentru aceasta), dar stiam asta.;2
914;multumimt de produs. isi face treaba.;0
915;este perfect pentru ce am avut nevoie. este compact dar mare ca si capacitate.   multumit.;2
916;merita. la banii acestia suna perfect;0
917;am acest produs de aproape jumatate de an timp in care nu am avut probleme cu el. s-a fixat din prima, telefoanele stau bine si e foarte usor de manevrat.;0
918;buna se aude ff bine si destul de tare recomand;0
919;se misca stas! face toti banii!;0
920;este foarte placut cand il porti la mana, are un ecran foarte bun, touch screenul merge foarte bine si vi-l recomand sa il cumparati.;2
921;perfect pentru orice activitate. pot controla muzica, pot raspunde la mesaje whatsapp, monitorizeaza somn, mers, puls etc si daca schimbi cureaua se poate purta si la costum la diferite evenimente formale. design uimitor si performanta impecabila. bateria duce undeva la 3 zile cu folosire medie.;2
922;cu adevarat rapid.  recomand.;0
923;la banii astia (20 lei) nu cred ca poti gasi ceva mai bun;0
924;am facut-o cadou unui coleg de serviciu si pana acuma am auzit numai lucruri bune despre ea.;0
925;foarte practic;0
926;casca in sine este o bijuterie.. usoara, functioneaza perfect, bateria tine f mult am cumparat pe baza feedbackurilor care asa si este... singura problema e ca am comandat expl 50 si am primit 55... nu stiu daca exista diferenta intre ele, sper sa fie ok... si nu am primit factura in pachet... livrarea de pe o zi pe alta;2
927;exact pe masura.;0
928;se conecteaza la doua telefoane, se aude bine, se incarca destul de repede, se aseaza bine pe ureche, se conecteaza imediat ce o deschizi... super.   recomand cu incredere;0
929;mentionez posesor anterior de huawey band. intre timp s-a stricat si nu mi-a mai venit sa dau bani multi pe o bratara.  este o bratara ok. arata foarte bine si este foarte fancy sa zic...  alerg in parca si este important sa imi masoare bine pasii... nu imi iau telefonul cu mine asa ca iau doar bratara. ajung acasa si o conectez cu telefonul. din calculele mele arata ca masoara destul de bine. fac 2 km pe zi si asta imi arata si in aplicatie. bateria tine foarte mult... nu am stat niciodata cu ea sa se descarce mai ales ca dureaza mult. notificarile nu le folosesc. ecranul este luminos si se vede bine. o folosesc in loc de ceas. ce sa zic.... un produs ok... sper ca v-a ajutat reveiw-ul meu.;2
930;"foarte multumit! se potriveste perfect pentru tableta huawei mediapad t3 de 7""! recomnd cu incredere!";0
931;merge foarte bine! recomand;0
932;este un ceas bun. isi merita banii, recomand!;0
933;foarte bun produs!;0
934;livrarea s a facut foarte repede, de pe o zi pe alta, am incercat castile imediat, se aud bine, se conecteaza usor la telefon, se deconecteaza individual daca pastrezi una si pe cealalta o pui in suport. tin destul de mult, si e avantajos faptul ca pot fi incarcate in suport, daca acesta a fost incarcat si el in prealabil. concluzie   recomand.;0
935;+ calitativ  + design  + sunetul curat    - nimic;2
936;cele mai tari casti sub 100 de ron!;0
937;in principiu sunt multumit, luand toate in calcul (inclusiv pret) este de nota 10, dar cu toate astea o sa specific aspectele pro/contra din punctul meu de vedere:    pro:   - culoare superba   - prinderea cu magnet isi face treaba perfect  - identica cu cea originala care e de 11 ori mai scumpa    contra:  - in anotimpul rece materialul metalic poate fi deranjant  - nu se potriveste chiar cu orice tinuta (poate doar daca esti fata merge)  - livrarea s-a facut dupa 2 zile    as fi dat 4 stele dar avand in vedere pretul foarte foarte mic vs ce am primit chiar nu am cum.;2
938;e un produs foarte bun, recomand.  pro: tine foarte mult, se incarca repede si e foarte buna calitativ.  contra: indicatorul led nu e precis. cele 2 buline din mijloc se termina mai repede decat celelalte 2, dar asta nu e nicio problema din perspectiva mea, avand in vedere ca nu afecteaza performanta.;0
939;l-am folosit in varianta lipit de parbriz cu tel meizu mx5 de 5. 5'' si gps navon. 1 cred ca poate fi utilizat si vertical si orizontal ca suport pentru orice se incadreaza in deschidere si nu se prinde chiar de butoane ori mufe de incarcare. 2referitor la zdranganit este real si se elimina prin strangerea maxima. 3detin si alte suporturi, nu tocmai ieftine, iar acesta compativ sta bine estetic, tehnic si ca pret daca il luati la aprox. 70-80 lei.;2
940;este excelent. pot sa-mi incarc de doua ori tableta de 7 inch, e tot asus. l- am folosit si afara, pe frig, si e o. k. recomand.;0
941;merita toti banii in combinatie cu un ipencil, pentru cei pasionati de desen. altfel nu as recomanda decat dupa o reducere de pret. inainte aveam un ipad air si nu pot sa spun ca ma ajuta ceva in mod deosebit la noul ipad in comparatie cu cel vechi, exceptie facand exact motivul pentru care l-am cumparat - desenatul.;0
942;se aude bine, tare, estetic arata super.  este foarte usor de transportat  total pro!;2
943;multumit recomand;0
944;"pur si simplu wow!   pro: sunet clar atat la volum maxim cat si minim; : culoarea foarte frumoasa, finisaje foarte frumoase; : fina la atingere parca e din catifea; : livrare rapida; : conectivitatea cu orice device este rapida; : pret foarte bun pentru ceea ce face;  este o boxa care pentru mine personal nu are rival.";2
945;cardul de memorie se misca foarte bine la telefon. raport calitate pret foarte bun.;0
946;un produs excelent. baterie buna si conectare buna la distanta 4-5m;0
947;un produs foarte bun. foarte util la drum lung.;0
948;o boxa foarte buna in acest pret, e mai buna decat jbl charge 3 are un bass puternic. eu am cumparat-o din media galaxy cu 500 de lei.;0
949;buna ziua,   am achizitionat produsul si nu am reusit sa-l conectez la telefon. am sunat la firma de distributie si am rezolvat imediat. cartela trebuia incarcata pentru a vea acces la internet,. sunt incantata. merita  mii de multumiri domnului care m-a ajutat sa-l setez.;0
950;excelent. sunt foarte multumit.;0
951;produsul este f. bun. recomand. la fel mi-am luat si eu, doar ca mai ieftin. si din alta parte. sic!;0
952;foarte rapid. pret bun;0
953;este foarte bun, mie mia placut strang bani si imi mai iau unul;0
954;ok! si dupa aproximativ 4 luni de folosire se comporta ca nou! lanterna este mai mult decat utila!;2
955;"este minunat pentru ca nu trebuie sa scoti incarcatorul din telefon cand primesti apeluri sau, mai rau, sa stai ""legat"" de priza.";0
956;produs ok! recomand!;0
957;pro: fixare buna in priza, viteza de incarcare buna  contra: cablu foarte lung care poate incurca la in timpul condusului;1
958;e racheta! foarte multumit de ea. chiar si prietenii mei sunt multumiti de ea cand raman fara gaz.;0
959;o baterie foarte buna. raport calitate pret excelent. imi incarc telefonul (j5 2016) de aproape 4 ori cu bateria. o recomand!;0
960;sunt foarte multumit de produs! recomand.;0
961;perfect>:);0
962;merge f bine;0
963;nu sunt ieftine dar si calitatea primita este pe masura. si a castilor dar si a serviciilor post-vanzare oferite de cei de la maxmania. sunt multumit.;0
964;o bratara buna. folosita deja de 1 luna cu huawei p10. este calitativa. bratara este din silicon moale si este confortabila. raza de conectare cu telefonul este de aprix 7-8 metrii. te anunta cand se deconecteaza si se conecteaza iar singura. aplicatia este intuitiva si simplu de utilizat. are cateva minusuri pe ici pe colo dar este ok. citirile bratarii sunt destul de exacte. pentru cineva care face exercitii normale bratara este foarte ok;2
965;eficient;0
966;este o boxa excelent de buna si o recomand. se aude mai bine ca altele mai scumpe si rezista 6 ore nu 5.;0
967;dopurile care apar in poza sunt foarte eficiente, fixeaza foarte bine castile in urechi si nu cad la alergat sau daca agheti cablul cu mana;0
968;este un card de memorie foarte bun. viteza excelenta de copiere. l-am luat la resigilat impecabil cu 40 de lei. il recomand. online va fi mereu simplu;0
969;sunt excelente. mi-am cumparat 2 de proba, iar acum am in plan sa mai achizitionez cateva;0
970;arata si functioneaza exact ca in descriere. se conecteaza usor, se aude bine si mai ales tine foarte mult acumulatorul. dupa desigilare si punere in functiune ma anunta ca timpul ramas de convorbire este de 4 ore si l-am folosit timp de 10 zile fara sa -l incarc iar dupa incarcarea la maxim timpul de convorbire anuntat a fost de 11 ore. recomand cu caldura.;2
971;✓ calitate sunet  ✓ volum  ✓ design;2
972;este o boxa excelenta pentru marimea ei sunetul este exceptional!;0
973;este exact ce scrie an descriere!;0
974;la un picnic in aer liber face serviciu nu mai este monoton timpul, cu muzica preferata cu tine.;0
975;am luat 2 in interval de 4 luni. se audea prea bine:);0
976;prea multe nu sunt de comentat, produs nou original sigilat, mi-a placut ca a venit la pachet cu carcasa de plastic pt acumulator.   cei de la emag au fost ca intodeauna de nota 10.;0
977;pentru dimensiunile sale, o calitate foarte buna a sunetului si a basului.;0
978;sunt excelente si la un pret bun;0
979;excelenta!   pro: se aude foarte bine, bas puternic pentru dimensiunile ei, bateria tine toata ziua, conectare rapida prin bluetooth la toate dispozitivele (telefon, laptop, tv, tableta, pc aio). mi s-a parut putin cam scumpa, dar isi merita din plin toti banii.  recomand.   contra: in afara de o schema cu pasii de urmat pentru conectare, niciun alt fel de instructiune de utilizare, nici in romaneste nici in alta limba. doar garantii si alte prostii. o sa incerc sa caut pe pagina producatorului sony un manual.;0
980;recomad tuturor! sa nu aveti dubii!;0
981;desi mica sunetul este foarte clar, volumul maxim surprinzator, recomand cu incredere.;0
982;produs bine finisat, se misca foarte bine, are creionul inclus in pret. o alternativa spun eu foarte buna la ipad. as fi luat produsul apple ( era o reducere la 1599ron) dar creionul ar fi urcat pretul cu inca 5-600 lei si nu cred ca ar fi meritat. in plus 32gb in loc de 16gb nu strica deloc.;2
983;foarte multumit de produs, arata foarte bine, dimensiuni reduse si capacitate de incarcare f buna, l-am facut cadou si apoi am luat si pentru mine:);2
984;produsul functioneaza in parametrii mentionati pe ambalaj, insa pentru cei interesati si de incarcare simultana, acest lucru nu functioneaza!;0
985;e fast charging pe bune.;0
986;cel mai bun pret. un adevarat upgrade fata de modelul anterior, pe care mi l-a spart pisica.;0
987;e un produs de foarte bunäƒ calitate. super. cumpäƒraå£i-l! nu staå£i pe ga®nduri.;0
988;dupa ce se instaleasa aplicatia tellur   becul se aprinde/inchide din telefon. pentru a putea sa conectezi becul se va da de intrerupator inchis/deschis pana se conecteaza. din aplicatie se poate selecta lumina alba sau calda, intensitatea luminii, se poate programa (pe ore si zile)cand sa se deschida si cand sa se inchida becul - foarte util pentru atunci cand vrei sa pleci de acasa.;0
989;super sound datorita prelucrarii digitale, autonomie 5 ore dupa care se incarca in cutie in 15-20 minute.    senzatia de libertate ( nu exista fir) si flexibilitatea totala (se pot conecta si la android si la ios) sunt de nedescris.  raport calitate/pret excelent.;0
990;2 ani mai tarziu si merge la fel ca in prima zi adica excelent.;0
991;isi face treaba, incarca repede.  are un ventilator care porneste in cazul in care ati activat fast wireless charging pe s7/s7 edge. se aude foarte incet, nu deranjeaza deloc.;0
992;un card bun, cu viteza de transfer mare. un raport calitate-pret mai mult decat ok;0
993;foarte bune recomand!;0
994;e construit bine si isi face treaba, insa cel mai important este ca incarca la fel de repede precum cablul original de la samsung pentru s4, la curent de 2a, lucru pe care cei de la emag nu il adauga la specificatii, desi e cel mai important cand vine vorba de un cablu de date pe care il folosesti la incarcarea telefonului.;2
995;pret 110 lei la reducere, am achizitionat 2, una neagra si un gri.. se aud super.. clar si destul de tare pentru o asa marime:);0
996;raport calitate pret foarte bun. merge foarte bine pe windows phone.;0
997;super ok. incarca rapid. original. de calitate.  recomand!;0
998;functioneaza foarte bine bateria! recomand cu incredere;0
999;o bratara excelenta, multe functii care isi fac treaba.;0
1000;se merita;0
1001;foarte bun suportul portabil de tableta de la tellur, este usor de instalat. este un suport solid, ideal pentru tabletele cu ecran de la 7 la 10 inchi. prinderea pe parbriz este foarte solida, iar daca se foloseste cu prindere pe tetiera pentru pasagerul din spate, veti avea un pasager fericit care poate sa se uite la un film pe parcursul calatoriei, fara a se ajuta de maini.  merita cumparat cu incredere. recomand cu drag!;2
1002;sunet excelent, recomand!;0
1003;un raport calitate-pret excelent. isi face treaba foarte bine si e usor de transportat. nu am ce sa-i reporsez.;0
1004;original, totul ok!;0
1005;un ceas foarte bun.    am facut upgrade de la modelul 1 de 42 la modelul 4 de 44.  la inceput nu mi s-a parut o diferenta prea mare intre ele la continutul softului (modelul 1 are tot ultima versiune de soft - 5.0.1) si la marime (42 vs 44), dar ca si viteza de lucru si oportunitati in utilizare e diferenta majora.  - in primul rand se deschide (la pornire/updatare soft) foarte repede, in jur de 20-30 secunde fata de modelul 1 care dura si 2-3 minute. toate aplicatiile se misca mult mai bine, fara sincope, dictarea vocala fiind impecabila (siri, notite).  - imi place ecranul de baza, pe care poti face scurtaturi catre aplicatiile cele mai utilizate (poti insera 7-8 shortcut-uri).  - bateria tine 2 zile jumatate - poate chiar 3, in conditii normale de lucru (date mobile deschise permanent pe telefon, wi-fi si gps deschise permanent pe ceas). la varianta 1 bateria imi tinea in jur de 1 zi si jumatate.    pe total, merita ca si device, insa mi se pare o mare diferenta de pret intre modelul 3 (care poti sa il iei si cu 1.400-1.500 lei sigilat din magazin) si modelul 4 ( pret de 2.400 - 2.500 lei - acolo unde este disponibil).;0
1006;am cumparat acest produs, dar inca nu stiu cind filmeaza, poate ne spune cineva si care are acest produs dupa ce ne dam seama ca a inceput filmarea;0
1007;un ceas de foarte buna calitate, cu numeroase conexiuni si numeroase programe pentru oameni activi. numeroase fetel de ceas, atat gratuite cat si cu bani, se pot customiza cu usurinta, se pot adauga numeroase widgeturi. nu il folosesc always on display, il tin legat de un s8, iar bateria ma tine aprox 4 zile, tinandu'l deschis si noaptea. in casa prin bt duce de la parter si pana la etajul 2 fara probleme, daca treci de mai mult de 2 pereti sau placi, isi cam pierde din conexiune. personal nu am folosit inca aplicatia de navigare, cred ca este folositoare (parerea mea)doar cand iesi cu bicicleta sau la munte. per total este un ceas de calitate, pentru oameni activi, putandu'se asorta cam la orice tinuta, atat sport cat si casual business.;0
1008;"suportul se comporta bine pana la momentul actual, arcul este destul de bun, strange bine si are margini moi pentru protejarea carcasei telefonului. daca vreti sa vedeti cum arata suportul si cum il folosesc, cautati pe youtube clipul ""trepied pentru telefon sau camera video weifeng wt 3540"" o sa vedeti cum il folosesc pe un trepied foto.";0
1009;un acumulator de dimensiuni reduse avand in vedere capacitatea, cat un card de credit obisnuit. am incarcat de aproape 4 ori un galaxy core prime. incarcarea se face rapid, are output de 2.4a. acumulatorul se incarca complet de seara pana a doua zi in jurul pranzului. per total cred ca iti faci treaba cu el intr un weekend departe, in natura. recomand;0
1010;foarte bun, isi face treaba, se lipeste foarte usor materiale bune, mai ales pentru pret.;0
1011;super. recomand!;0
1012;se aude excelent, este mica se poate pune oriunde.;0
1013;l-am avut cu mine in concediu. l-am luat cu mine chiar si pe plaja. s-a incalzit putin, dar nu a pierdut din capacitate. am incarcat cu el si telefonul si tableta. imi place pentru ca are autonomie mare si e foarte placut ca design. per total sunt foarte multumit.;2
1014;super ok. incarca bine, fara probleme;0
1015;"un ceas care mi-a depasit asteptarile si nu regret ca l-am ales pe cel de 46mm desi am incheietura mainii relativ mica. autonomia bateriei depaseste durata de 3 zile cuplat in permanenta cu un htc one m8; pot fi probleme cu descarcarea aplicatiei de pe google play dar se poate gasi apk separat si se poate instala fara probleme; am dat comanda vineri in showroom si mi-a sosit marti dupa cum mi s-a spus de la inceput.  multumesc emag!!";0
1016;sunt foarte multumita de acest produs, arata si functioneaza foarte bine, masoara aproape exact tensiunea si chiar perfect ritmul cardiac. recomand!;2
1017;este o tableta extraordinara, se misca foarte bine;0
1018;pentru o persoana ce doreste sa asculte muzica in conditii bune spre foarte bune, o recomand cu caldura. este mica si puternica, robusta, se cupleaza imediat, calitatea redarii este in functie si de calitatea inregistrarii.;2
1019;se misca bine, foarte bun semnal wi-fi si 4g(deci ca raspuns la comentariul domnului cucos, are nano sim cu conectare 4g. probabil sertarasul unde trebuia sa-l bage s-a ascuns foarte bine;0
1020;excelenta;0
1021;am cumparat acest card pentru a fi folosit intr-un navigator mio. cardul a venit si impreuna cu adaptor pentru sd (foarte important pentru cei ce vor sa il foloseasca intr-un card reader, sau in laptop) ceea ce este un bonus binevenit, iar pretul este foarte bun. in transferul de fisiere s-a comportat excelent, conform cu clasa 4 (4 mb/s), mai ales pentru fisiere de dimensiuni mari (>1 mb). nu am ce reprosa unui asemenea card. ceea ce am scris la contra este singurul „neajuns”, dar il consider nesemnificativ  pro:: viteza buna de transfer pret excelent vine si cu adaptor  contra:: fara carcasa;0
1022;este o tableta ok pt gama ei. browsing, youtube si jocuri. pacat ca are doar 3g.;0
1023;sunt foarte multumit de tableta. procesorul bun, memorie ram buna.... se misca foarte bine si materialul e de calitate.   are doar mufa micro usb, asa ca daca vreti husa cu tastatura, trebuie sa cumparati adaptor de la usb la microusb. e 5 lei pe aliexpress si nu incurca cu nimic. tastatura fizica functioneaza fara probleme.  rezolutia display-ului e bunicica iar bateria e buna avand in vedere pretul.  una peste alta, recomand produsul, am platit 900 lei pe el.;2
1024;raport calitate pret este super bun. v-il recomand cu drag.;0
1025;husa este excelenta.;0
1026;imi plac foarte mult. le-am primit cadou acum vreo 3 luni si de atunci le folosesc cam in fiecare zi. nu am nimic de reprosat. calitatea este super. imi place foarte mult si husa de protectie pe care am primit-o cu ele.;0
1027;il folosesc in apple homekit... chiar daca se specifica ca nu e de exterior, il tin intr-o zona protejata de soare/ interperii pe terasa si imi este foarte util pentru luminile din curte. cupleaza la rasarit si la apus... perfect. arata si cosnumul... statistica... merita banii!;2
1028;superba;0
1029;excelent;0
1030;f. multumit!;0
1031;multumit de produs, telefonul sta excelent, fixarea suportului pe parbriz fiind foarte buna!;0
1032;l-am primit cadou, imi place mult, arata cam tot ce vrei, singurul minus este autonomia de 2-3 zile.;2
1033;subtire, puternic, tine bine telefonul, se roteste!;2
1034;se zgarie si murdareste destul de usor, dar isi face treaba. daca nu ai posibilitatea timp de 1 zi sa bagi telefonul la incarcat nicaieri, te poti baza pe acumulator.;1
1035;numai buna pentru 3 reincarcari, adica vreo 2 zile de lucru;0
1036;sunt foarte multumit de suport, finisari foarte bune, calitatea materialelor foarte ok, design frumos. e foarte practic si se potriveste foarte bine la un s5. nu zdrancane nimic in timpul mersului fara telefonul pus in suport cum a spus cineva.  recomand!;2
1037;"am achizitionat aceste airpods, anul trecut (2018) in luna iulie. acum, dupa aproape 7 luni de utilizare, pot spune ca apple nu mi-a inselat asteptarile.   pentru mine apple, insemna produse premium.     argumente pro si contra:    pro:  - calitate sunet exceptionala - aud si sunt auzit foarte clar in timpul convorbirilor. muzica se aude intr-un mare fel.  - pur si simplu dupa o perioada de utilizare, uiti ca le ai in urechi;  - se incarca foarte repede, aproximativ 1% la 10-12 secunde.  - design placut si ergonomic care inspira calitatea de produs premium;  - le poti folosi practic imediat dupa ce le-ai scos din cutiuta lor, configurarea fiind extraordinar de rapida;  - poti raspunde si inchide apelul, prin doua batai usoare cu degetul in oricare dintre cele doua casti;  - pot fi folosite si pe telefoane cu android;  - poti verifica pe ecranul telefonului, nivelul de incarcare atat al castilor cat si al cutiutei care practic este o baterie externa;  - cutiuta, respectiv bateria externa are capacitatea sa incarce ""full"" castile, de aproximativ 4-5 ori, deci, asigura o utilizare de o zi intreaga, fara probleme.    contra:  - bateria externa (cutiuta lor), se incarca destul de greu cand este epuizata complet. in aproximativ 1h30min. daca o pui la incarcat peste noapte, nu o sa mai fie un argument asa de contra.:)  - fara o husa a bateriei externe, se zgarie relativ repede.    in ceea ce priveste pretul, scump, nescump, este un produs premium pe care il cumperi sau nu. ideea e ca, merita toti banii.";2
1038;super ceas. foarte multumit.;0
1039;toate cele 3 lentile isi fac treaba minunat.  recomand pasionatilor de poze macro si nu numai.;0
1040;"cautati pe youtube,, how to pair i7s"" sa vedeti de ce va merge doar o casca:))sunt perfecte.";0
1041;merita toti banii, bateria tine peste asteptarile mele... recomand.;0
1042;foarte multumita, desi e cam mare si cam greu dar isi face treaba;1
1043;sunet puternic, bass ok, recomand.;0
1044;foarte bun. l-am prins la reducere (16 lei). mai mult nu as fi dat.  tine telefonul, nu cade nici la drumurile de pe meleagurile noastre.  singurul aspect negativ este ca fiind lung, telefonul oscileaza sus-jos insa nu e grav.  sper sa nu rupa lamelele de la grila de aer.  per ansamblu, recomand.;0
1045;finisaj excelent. meniu accesibil. sunet clar. iluminat bun. meniu si in limba romana. un telefon de nota 10.  pro:: finisaj excelent. meniu accesibil. sunet clar. iluminat bun. meniu si in limba romana.  contra:: pentru a fi carcotas, consuma putin cam mult(descarca repede acumulatorii);2
1046;peste asteptari;0
1047;cel mai bun headset wireless pentru muzica la acest pret.  are o calitate si un volum al sunetului excelente.  sunt extraordinar de comode.   personal, sunt primele casti care le pot purta 10 ore / zi fara sa ma jeneze.  acumulatorul tine peste 10 ore de muzica!!! stand-by chiar si o saptamana!!!  intr-adevar nu vine insotit de incarcator, insa cine nu are pe acasa un cablu microusb???:);2
1048;cea mai buna boxa o ador;0
1049;folosesc cardul de 1 saptamana int-o actioncam drift hd ghost. nu am avut probleme pina acum. viteza de transfer ok. ramane sa vedem in timp cit o sa ma tina,;0
1050;il folosesc cu succes la alimentarea unei camere auto. la cat curent consuma, e mai mult decat ok.   pare de calitate, dar trebuie testat mult mai mult pentru a avea o idee despre produs.;0
1051;super casti la un pret super bun.   cine are de gand sa achizitioneze o pereche de casti de acest gen este cea mai buna alegere.;0
1052;este un produs foarte bun, ce contine functii foarte utile. il recomand cu incredere celor pasionati de gageturi.;0
1053;un produs excelent, numai bun pentru biroul unui om care lucreaza pe computer si care vrea sa aiba un suport elegant pentru telefon. tija pentru inclinatie are mai multe trepte, ceea ce ii confera produsului o maleabilitate si stabilitate numai buna. excelent pentru pauzele de netflix, jocuri pe telefon sau un video call. 10/10;2
1054;merge foarte bine. am avut probleme cu bateria si in doua zile mi-au reparato. bravo emag!!!;0
1055;ma asteptam sa fie mai mare, dar se icnadreaza perfect in palma.  un sunet fantastic pentru dimensiunile reduse.  bassul se simte putin, dar caracteristica definitorie este fidelitatea atat cand e data la maxim cat si atunci cand asculti in surdina.  autonomia excelenta, peste 5 ore, incarcare rapida;2
1056;super, super, super. am vazut la un prieten, mi s-a parut foarte tare. am cumparat si eu. inca mi se pare foarte tare. e o boxa mica, dar cu un sunet foarte clar si bun, inclusiv bass. cumparati cu incredere!;0
1057;foarte bun, incarca repede   super ok;0
1058;se aude bine de tot! cele 3 moduri de ascultare pot multumi ascultatori carcotasi;0
1059;top of the line;0
1060;recomand boxa.;0
1061;raport pret/performanta excelent! recomand.   formatarea ca ntfs pe 64k va creste cu 20% performantele de scriere/citire.   doar daca e cumparat pentru a rula un sistem de operare de pe el sau pentru stocare de fisiere de date de dimensiuni mici nu se recomanda varianta ntfs-64k.  pentru stocare de fisiere multimedia recomand ntfs-64k.  un produs excelent.;0
1062;acumulator util, pot incarca telefonul chiar si de 4x consecutiv.. eficient mai ales ca are 2 intrari usb si mereu iti arata cat de incarcata este, prin cele 4 liniute care se aprind odata activat.;2
1063;sub 120 de lei este un must have. este surprinzator cum o boxa de marime asa mica poate sa fie atat de puternica si sa isi pastreze claritatea la volum mare. toti prietenii mei au ramas surprinsi de raportul marime\putere. se ridica la numele jbl fara probleme. ii lipseste rezistenta la apa, insa eu o folosesc la dus si deocamdata nu s-a stricat, dar la pretul asta nu cred ca poti sa ai pretentia de rezistenta la apa. este cea mai buna boxa in categoria boxelor bluetooth de buget sau de marime mica. recomand!;0
1064;achizitionat pentru prietena mea. finisaj de exceptie, acel roz metalic este foarte placut. capacitate mare, quick charge la 2.4a, dimensiuni reduse. (cat cardul de credit).;2
1065;il folosesc cu s8 plus, il incarca foarte rapid;0
1066;se potriveste la fix. foarte calitativa fata de alte huse de pe piata.;2
1067;eu sunt foarte multmumit de aceasta baterie, de cand am luat o nu mai am probleme cu loganul, am reusit chiar sa pornewc tractorul unui vecin cu ea, eu cred ca as putea porni si un tanc dar inca nu qm gasit, app daca stiti pe cineva...;0
1068;sunt foarte bune castile, au o calitate audio buna si bateria tine destul de mult. sunt multumit de aceasta achizitie;0
1069;sunt foarte multumita de suport. se fixeaza foarte bine si e foarte flexibil. iar culoarea, o ador:);2
1070;e un produs ok;0
1071;am avut ceva emotii la achizitie, tocmai pentru ca am citit, cautat si cantarit foarte mult optiunile aflate pe piata. este un produs de buna calitate, la un pret rezonabil, foarte util celor care calatoresc mult.;0
1072;o configuratie super ok la un pret decent.  recomandat!;0
1073;foarte bun! merita banii;0
1074;super buna!;0
1075;"cine si-ar fi putut imagina ca ceva atat de mic poate fi asa zgomotos? o intrebare retorica la care multi tineri parinti au raspuns, dar la care putem raspunde la fel de retoric: ""nimeni"".    pe scurt: am cumparat boxa la oferta cu 109ron. consider ca am fost un norocos, boxa este una foarte buna, avand calitate a sunetului, volum si durata de viata a bateriei foarte bune si comparabile cu alte boxe portabile sau neportabile, mai ales considerand dimensiunile foarte reduse (cam cat un pachet de tigari.. 2 pachete pe axa z)    pro:  - este neagra  - volum: boxa ar putea fi utilizata la o petrecere de apartament (uimitor pt 3w)  - calitate sunet: are foarte buna; sunetele sunt clare si bine definite, nu exista zgomote sau alte artefacte pe nicaieri si aproape ca am cazut de pe scaun cand boxa chiar a scos sunete in zona a 200hz  - baterie: in cazul meu, la volum maxim, cantatnd in continuu, putin peste 4 ore  - dupa exorcizie si sfintire totul a ramas la fel    contra:  - usor de ratacit in apartament      atentie: uneori nu vrei ca toata lumea sa-ti poata auzi conversatia, recomand deconectarea de la boxa inainte de a raspunde la telefon.";2
1076;o avea 3w dar face galagie cat una de 10w. nu distorsioneaza la maxim, are bass atat atat cat ii trebuie, e minunata. face toti banii. o placere sa asculti la ea. chiar nu ma asteptam.;0
1077;foarte multumit de produs, raport calitate-pret bun!   pro: autonomie baterie foarte buna, calitate decenta a sunetului, extrem de portabila, volum care sa umple lejer un living, materiale bune.  contra: la banii astia nu am ce sa reprosez boxei. as fi vrut poate sa aiba un indicator pt baterie. ledul se aprinde pe rosu doar cand bateria e pe duca.;2
1078;achizitionat acum o luna, il folosesc constant pentru un s4 si un e-cig de 2500 mah. foarte comod, merge purtat in buzunar impreuna cu dispozitivul ce se pune la incarcat. elegant (pe negru), materiale de calitate, si design placut.  lasat seara la incarcat o data la 5-6 zile, este partenerul de care ai nevoie in miscare.;2
1079;am cumparat-o pentru o persoana in varsta (citirea ritmului cardiac, a nivelului de stres si a energiei) si functioneaza okay. bateria tine aprox. 7 zile ceea ce ma incanta.;0
1080;foarte multumit calitate pret livrare etc;0
1081;la cat e de mica, pe atat este voinica. produsul ma multumeste in totalitate. recomand.;0
1082;pro: sunet foarte foarte bun  contra: nimic;0
1083;ieftin si foarte bun.;0
1084;rezista:-)  fara probleme;0
1085;"un produs excelent si extrem de util! tastele sunt foarte bine distribuite, si avand forma rotunda, este usor de scris. cu optiunea de a conecta 3 aparate prin bluetooth, poti schimba imediat aparatul;) foarte util!";2
1086;pot spune ca aceasta boxa merita toti bani chiar daca este mica dar scoate un sunet exceptional.  basul este de nedescris pentru o asemenea boxa.;0
1087;super tare! tine mult incarcat si se aude f bine pt o boxa mica! o recomand din tot sufletul!;0
1088;recomand. incarca la fel de bine ca cel pe care l-am avut initial.;0
1089;foarte buna, incarca repede in jur de 3-4 incarcari;0
1090;prindere perfecta pe aproape orice suprafata.   chiar si dupa mult timp de stat in soare direct ventuza nu se deformeaza.  se adapteaxza la orice dimensiune/tip de telefon.   cleste e super puternic si nu te trezesti cu telefonul in brate.   se poate pozitiona super usor pe verticala sau orizontala.  este exact ce iti trebuie in masina.;2
1091;nice quality and very clear reception;0
1092;este o boxa foarte buna, la un pret excelent dupa parerea mea! recomand!;0
1093;este pur si simplu o bijuterie... se aude superb, tine mult bateria, este ergonomica... este „de efect„ oriundddde apari cu ea.;2
1094;se aud foarte bine, chiar mai bine decat cele originale de s6.  merita in totalitate si chiar peste suma platita.;0
1095;sunt fan lenovo, si aceasta isi face treaba. tot ce are este functional. forma este mai ciudat, la utilizare poate sa fie si incomoda, totodata foarte practica.;2
1096;calitate a sunetului foarte buna, durata de functionare pe baterie iarasi foarte buna.;0
1097;am acest card din 2015 si l am folosit pe diverse dispozitive  merge ireprosabil si consider ca vitezele de lucru sunt performante chiar si cu produsele actuale de pe piata  recomand!;0
1098;prima bratara de la xiaomi care nu contorizeaza datul din maini.  iar pretul este super ok pentru ce ofera.;0
1099;e perfecta!!!;0
1100;incarca bine, sunt foarte multumita de acest produs.    si lanterna este buna.;0
1101;produs de buna calitate;0
1102;"un produs bun, pentru sportivi amatori si oamenii ce isi doresc sa se mentina activi.  se pot configura toate exercitiile de baza si eu consider ca masoara destul de precis. cand vine vorba de masurare puls sunt momente foarte scurte cand nu mai arata nimic insa e posibil si datorita miscarilor rapizi, incordarea mainii, pozitiilor in rest nu am vazut probleme.  pentru pretul platit de 750 lei eu consider ca este un echipament de calitate si destul de ""fashion"" cat sa poata fi purtat zilnic.";2
1103;-e ok!;0
1104;foarte bun recomand.;0
1105;un cablu bun, imi place idea tip fermoar, arata superb...5 stele din partea mea;2
1106;calitate foarte buna;0
1107;sunt multumit, e un acumulator original de la samsung.;0
1108;este un incarcator foarte bun. incearca foarte rapid un s9+. recomand sa-l cumparati, 100%. eu sunt foarte multumit de el.;0
1109;am luat boxa la pretul de black friday (89.99 ron). se aude super tare, are bass ok si este si foarte compacta. 10/10;2
1110;e ok. am fost surprins placut ca a venit la pachet cu tot cu cablu. e ok.;0
1111;produl este conform descrieri, isi valorifica pretul platit de 14 lei.    apreciez vanzatorului ca mi_a trimis drept cadou un selfie stick. ii multumesc. am primit mai mult decat am platit.    recomand pentru promtitudine si produs.;0
1112;o bratara foarte utila pentru sport, slabit sau somn (respectiv de monitorizat trezirile bebelusului alaptat:-) ) am avut si fitbit flex insa aceasta mi se pare superioara din toate punctele de vedere;0
1113;un produs foarte bun. baietelul meu este foarte mandru de acest ceas. comunicarea este eficienta. localizarea exacta, vad exact unde este, oricand. functia spion functioneaza si aud perfect tot ce se vorbeste. culoarea este foarte frumoasa. am primit si o cartela cadou si nu am mai umblat eu dupa una. multumesc!;2
1114;foarte bun cardul recomand. are viteza de scriere/citire peste media cardurilor existente pe piata.;0
1115;imi place foarte mult. il recomand;0
1116;un telefon excelent, raport calitate-pret foarte bun!;0
1117;sunt foarte multumita de produs.;0
1118;pro- am cumparat acest produs in urma cu un an... si vreau sa spun ca sunt foarte multumit de el.  isi merita banii cat despre ledul acela rosu cand se stinge, bateria e incarcata:)    contra- nimic;0
1119;am cumparat boxa in ideea sa o fac cadou... nu-mi vine s-o mai dau;0
1120;sunt ok.;0
1121;bateria este foarte buna, imi incarca un s6 de la 0 la 100 de aproape 2 ori;0
1122;sunet clar, super bass... isi merita pretul!;0
1123;incarca telefonul rapid, de 3. 5 ori, (folosit cu nexus 5)  elegant cu led-uri ce indica curentul ramas in powerbank.  corp metalic rezistent.    pretul este acceptabil in comparatie cu competitia.;2
1124;incredibila! nemaipomenita! senzationala!:)))) redare clara chiar si la volum maxim, volumul maxim mai mult decat necesar pt o boxa portabila de marimea ei, basul bun, nimic de reprosat!;0
1125;boxa superba si din punct de vedere al constructiei si a sunetului... ma gandesc serios sa imi cumpar inca una pentru functia de true stereo;2
1126;este un ces bun insa aspectul din imaginile aratate nu arata cum e in realitate ceasul pt ca in imagini arata ca un apple watch insa in realitate nu si are ecranul mult mai mic decat pare nu cu mult doar putin mai mic. in afara de asta este un ceas foarte bun si il recomand;0
1127;sotul e incantat de baterie.    recomand!;0
1128;cumparat pt un s6 edge plus.   merge perfect pe fast charge, l am luat mai mult de cauza waze-lui care consuma multa baterie;0
1129;viteza de scriere buna.;0
1130;se prinde bine pe tableta.  buna coperta cu pliere.  are senzor magnetic ce porneste/opreste ecranul.  ok per ansamblu, recomand.;2
1131;raport calitate pret, cea mai buna alegere.;0
1132;sunt foarte multumita de cum functioneaza, dar un singur lucru ma deranjeaza: se incarca foare incet. nu stiu daca asa e normal sau asa e al meu:);0
1133;este rezistent la apa intreb;2
1134;best buy!!!;0
1135;exceptional, ca orice produs bose;0
1136;nu e luata din emag. dar pot spune ca e excelenta, se aude foarte bine si are boss foarte bun tinand cont de marime, cat palma. este rezistenta, se incarca repede, suna foarte tare. autonomie cam mica, poti scoate 7 ore la volum moderat sau 10 la volum mic, suficient de mic. eu o folosesc cu huawei y5 ii, si se aude super. pe hands free, se aude clar. are aspect de boxa de sonorizare miniaturala, i am luat un incarcator de mobil samsung. nu stiu daca scoate chiar 3w, dar 1,5 w tot scoate. si e suficient, face destul tambalau.;0
1137;super, acest suport poate fi folosit oriunde!!!;0
1138;produsul a fost achizitionat impreuna cu o husa (plastic tpu) pentru un copil cu sindromul down. pot afirma ca a fost un succes in combinatie cu aplicatiile senzoriale disponibile (aproape gratuit) in appstore.;0
1139;foarte bun  capacitate mare care se reflecta in odeul de a incarca de mai multe ori telefonul;0
1140;pros:  - bateria tine suuper mult, cel putin o saptamana jumate  - arata ultimile 5 notificari (puteti selecta notificarile de la ce aplicatii sa apara)  - pulsul este destul de accurate  - posibilitatea de a seta o alarma (chiar si snooze direct din bratara)  - dimensiunea super ok si pentru o mana mica, de fata (spre deosebire de smart-watchuri care sunt cat casa poporului)    cons:  - monotorizarea somnului nu e chiar ideala. imi zicea ca dorm iar eu ma miscam prin casa  - arata doar 5 notificari  - interactiunea cu bratara se face numai prin aplicatia din telefon. foarte putine setari se pot face direct din bratara. astfel pentru a seta o alarma trebuie sa fie conectata la telefon;2
1141;un produs ok, ambalaj foarte prezentabil, cablu plat, sunet bun- multumit!;2
1142;e super!!!;0
1143;o boza foarte tare, am fost placut impresionat de ea. am crezut ca este mai mare in realitate insa e foarte mica de fapt. cu toate astea i-as acorda un 8.5/10 pentru calitate, ceea ce este enorm pentru o boxa portabila.;0
1144;excelent...;0
1145;e mult mai buna decat plantronics m70. se aude mai tare, sta mai bine in ureche si e si mai ieftina. pare mai robusta si mai de calitate.;2
1146;un bun raport calitate -pret!;0
1147;isi face treaba. l-am cumparat la reducere, merita.;0
1148;foarte tare:);0
1149;foarte multumit;0
1150;un produs de calitate. recomand, pentru ca timpul de incarcare al telefonului este cam acelasi cu cel de la priza. se mentine nivelul de incarcare al acumulatorului, timp indelungat.;0
1151;bun pentru voiaj in zone unde nu exista retea electrica. am cumparat acest produs pentru un samsung a 3. doua chiar si trei reincarcari. este greu si destul de mare in volum dar asa isi face treaba bine.   nu am minusuri de comentat;0
1152;foarte, foarte buna boxa. se aude excelent pentru acest pret (mici sunt dezavantajele cand o compar cu o boxa sony ce are totusi 3 parti cu difuzor si costa de 5x mai mult).;0
1153;foarte buna, usor de folosit. are doua accesorii diferite care se pot lipi pe spatele telefonului.;2
1154;foarte multumita de aceasta naterie externa, merita banii!;0
1155;daca nu sti sa o folosesti, nu o sa fi niciodata multumit de ea. o camera foto/video 360° mai buna ca asta, la banii astia nu gasesti!!! eu sunt foarte multumit. eu filmarile si fotografiile le vad pe un tv 4k si au o claritate excelenta!!!;0
1156;o boxa foarte buna calitate/pret. se aude bine, am fost dezamagit la inceput din cauza zgomotului de fond cand punea m muzica pe stick, apoi am descoperit ca pe card sd se aude muzica mult mai bine fara zgomot de fond. sunt foarte multumit acum.;0
1157;prima data cand am achizitionat un produs de acest gen si pot spune ca sunt cu adevarat incantata. in primul rand este super usoara si comoda, nu simti ca ai casca pe ureche. in plus, se conecteaza foarte usor, iar bateria pare sa tina destul de bine.   pana acum sunt incantata de achizitie:);2
1158;sunt la a doua incrarcare totul merge ok. boxa se aude foarte bine si nu este nici o problema cu incarcarea. recomand!;0
1159;nici o problema cu acest card.;0
1160;"am cumparat suportul in vara si il folosesc zilnic cu un iphone 6 (+carcasa de silicon). sistemul de reglaj cu putine articulatii il face foarte stabil - nu vibreaza la gropi. sistemul care strange telefonul din lateral are pasii de reglaj foarte mici si asigura o prindere corecta. ventuza e facuta dintr-un cauciuc de calitate - nu a cazut niciodata pana acum. suprafata de contact cu telefonul este facuta dintr-un material caucuicat (nu textil precum la alte suporturi) si creaza un sentiment de calitate. butonul folosit pentru indepartarea telefonului din suport este pe spate, in partea de jos a suportului; il actionez strangand telefonul si suportul in acelasi timp (folosirea acestui sistem a necesitat obisnuire - nu vine natural).";2
1161;salut, am cumparat si eu acest produs, si sunt foarte multimit. se simte calitatea si va recomand si voua!;0
1162;merita este cea mai buna protectie pentru telefoane curbate din folia asta iese 2 folii pentru note 8 si 3 folii pentru s9;0
1163;foarte bun si util, functioneaza bine pana acum il am de 6 luni;0
1164;este un stylus multi functional. scrie bine, lanterna lumineaza destul de bine. bateriile pot fi schimbate si laserul este jucaria preferata a pisicii. recomand;0
1165;foarte util.;0
1166;foarte buna tinand cont de dimensiunile miniaturale;0
1167;suna foarte bine pentru dimensiunile si pretul pe care il are. merita.;0
1168;isi merita toti banii!;0
1169;utilizarea acestui produs este una unica. un produs elegant, bine facut si gandit.;2
1170;produs de calitate original apple pentru cine doreste fast charge iphone x. atentie, trebuie si adaptor apple usb-c power, 29w;0
1171;raport pret/calitate bun.;0
1172;foarte bun.;0
1173;aplicare usoara si culori foarte faine!;2
1174;sunt multumit de bratara. am primit-o repede dupa ce am dat comanda. isi face treaba si este conform descrierii mai putin partea cu monitorizarea somnului. nu are nicio treaba cu realitatea ce date da bratara. in rest pedometru, puls, notificari. ok. calitate materiale si constructie buna. pot sa recomand;2
1175;recomand bateria. se incarca in aprox 10h si incarc un iphone 5 de 6-7 ori. nu este foarte mare asa ca este usor de transportat.;2
1176;foarte multumit raspunde foarte bine la comenzi tine bateria un raport foarte bun calitate pret arata foarte bn sa fim seriosi la un pret de 100 de lei e foarte ok nu trebuie comparat cu un smart wath la 2000 sau 4000;0
1177;am aceste casti de cateva zile si pana acum se misca foarte bine, se aud bine si la 10 m distanta de la 11 m incep sa dea rateuri dar tot merg pana la 15 m. basul este foarte puternic, sincer nu ma asteptam la aceasta experienta, chiar m-am impresionant la prima utilizare. sunetul este mai mult decat puternic se aud foarte tare (nu recomand sa ascultsti la maxim deoarece, credeti-ma, sunt foarte puternice). in concluzie eu zic ca isi merita fiecare leut, avand in vedere ca eu le-am achizitionat cu 143 lei.;2
1178;am acest ceas de 3 saptamani si sunt foarte multumit! merge tot la el!;0
1179;face ce trebuie sa faca, scrie, citeste, ok;0
1180;foarte eficient. am reusit sa incarc si telefonul, si ebook ul cu el. se descarca destul de greu.;0
1181;am achizitionat 2produse, prima bratara nu s-a incarca de la inceput decat pana la 96%, insa chiar si asa isi merita fiecare banut.;0
1182;"un ceas foarte dragalas... este un cadou pentru nepotelul meu. l-am primit ambalat foarte frumos; insotit de suportul pentru telefon, de cartela si... de bomboane. multumesc kidgps!  livrare prompta. raport calitate-pret foarte bun.";0
1183;o bratara excelenta, la un pret rezonabil.  recomand.;0
1184;merge perfect isi merita toti banii;0
1185;foarte ok..... sunt chiar multumita de produs;0
1186;pana acum este bun cardul. vreau sa vad cum se comporta dupa 10 cicluri de poze.;0
1187;perfect.;0
1188;incarca la fel ca originalul fast charge de la samsung s8, adica de 3 ori mai repede ca un noname din piata:);0
1189;am ridicat produsul din showroom titan. sunt foarte incantat de caracteristicile lui, la numai 310 lei. acumulatorul tine in jur de 20 de zile, in functie de utilizare. recomand!;0
1190;un smartwach excelent!  are android 4.4, se misca foarte bine, bateria dureaza doua zile daca-l stingi noaptea, cu sim si wifi activat mereu! e ca un mini telefon! imi este foarte util cand merg si alerg sau fac sport, nu trebuie sa car telefonul dupa mine. este excelent folosit independent, conectat la telefon doar te nitifica cand te suna cineva pe mobil dar nu poti raspunde de pe ceas... la fel si mesajele, le primesti dar nu poti raspunde la ele... aplicatia funfit este slaba si antivirusul o gaseste ca fiind malware...  una peste alta folosit independent este un smartwach reusit! poti naviga pe net. poti instala pe el ce vrei! mi-am pus chiar si navigator...  multumesc emag, multumesc iuni, sunt multumit de achizitia facuta!☺;0
1191;foarte multumit. recomand!;0
1192;in ciuda dimensiunilor mari, este nemaipomenita pentru excursii!;0
1193;au sosit repede. curierul a fost prompt si a sunat in prealabil. castile sunt calitative, nokia...;0
1194;se aude tare in interior  daca dai maxim se opreste. probabil protectie  merita toti banii;0
1195;foarte multumita, recomand!;0
1196;foarte multumit dupa 1 an de la achizitionare... functioneaza perfect... cablul original sa rupt si l-am inlocuit, dar bateria functioneaza ireprosabil.... folosesc un htc desire 510 imi ajunge sa il incarc de 4 ori fara probleme baterie de 2100 mah;0
1197;este un dispozitiv excelent. isi face treaba foarte bine!;0
1198;castile functioneaza perfect. livrare rapida. foarte bun raport calitate/pret.;0
1199;super calitate/pret;0
1200;pe acest site exista 2 produse(in realitate doar 1): jbl xtreme si extreme(corect este doar xtreme).  am achizitionat aceasta boxa portabila la pretul de 899.  isi merita toti banii, bass ultra puternic si clar(daca stai la bloc cu siguranta iti vin vecinii).  bateria tine foarte mult si se incarca repede.  mi-ar fi placut sa poata reda muzica si de pe stick(daca tot are 2 porturi de pe care se poate incarca orice).  daca pleci mai mult timp iti trebuie si incarcatorul deoarece are o mufa speciala pentru incarcare(alte versiuni, de ex: charge3 au incarcare prin microusb, la fel ca oricare telefon cu android)  9,5/10.  este cea mai buna boxa portabila de categoria aceasta. recomand!;0
1201;bateria este buna, nu are probleme o folosesc deja de 3 luni, incarca telefonul foarte rapid( s7- aproape 4 incarcari).    multumit de baterie.;0
1202;mica, usoara - deci o porti lejer in buzunar, dar surprinzator de puternica.  ofera o auditie de calitate, isi merita toti banii.;2
1203;in comparatie cu chinezarii ce am mai folosit cumparate de pe grupuri locale de facebook se comporta excelent. nu o fi bateria de 10k, dar imi incarcat telefonul de 3-4 ori fiind de 3220mah. (nexus 6) nu se supraincalzeste si e rece ca gheata.;0
1204;un produs foarte bun achizitionat de bf 2017! are tot ce ii trebuie pentru o petrecere! bravo emag pentru livrare si pentru produs!;0
1205;este o boxa excelenta pentru marimea ei. avantajul sunetului 360 se vede atat afara cat si in casa. are un bass patrunzator, medii foarte bune. inaltele sunt bune, dar nu exceleaza. personal cred ca e cam scumpa, luata resigilata la 690, mai merge.;0
1206;chiar daca nu este fast charge, bateria incarca destul de repede si tine cam pentru 4 incarcari full. dezavantajul este ca se reincarca foarte greu (7-8h), dar este normal pentru o baterie asa mare.;0
1207;produs de calitate, finisaje de top. tine foarte bine telefonul, acesta ramanand nemiscat chiar si la drumuri accidentate. livrarea a fost prompta, seara am comandat, dimineata am primit (in provincie) dispozitivul, multumiri!;2
1208;isi face bine treaba!!!;0
1209;se aud decent pentru aceasta gama de pret.  personal am mai avut o pereche care m-a tinut un an si ceva, la aceasta pereche am fost mai recaut si am prins un arc de pix la mufa, deoarece de acolo s-a rupt vechea pereche. personal le-am cumparat pentru compatibilitatea samsung si tastele de volum.;0
1210;folosesc boxa la lucru in birou... toti colegii care au auzit cum suna vor sa-si cumpere! recomand!;0
1211;se incarca prea incet dar tina mult. recomand!;0
1212;se aude nesperat de bine!!;0
1213;o 'jucarie' practica. se aude clar, tare.;0
1214;am cumparat acest card, si nu am absolut nimic de reprosat. viteza de scriere este comform cu clasa 4 si viteza de copiere este mai mult decat multumitoare. recomand oricui acest produs.;0
1215;pret/calitate foarte ok;0
1216;este o boxa foarte buna la 292 lei se aude tare pe bluetooth dar pe stick, card trezesti vecinii, microfonul este bun doar ca daca il dai la maxim bazaie telecomanda nu imi trebuie dar este foarte buna incarcatorul nu este mare are o mufa care zici ca este de laptop problema este ca nu iti arata cand este incarcata complet, trebuie sa scotii boxa de la incarcat sa o pornesti si sa te uiti la ledurile din dreapta bateria tine mult si se incarca in doua ore. eu cred ca nu exista boxa tortabila mai buna in acesti bani;0
1217;este excelent ceasul.;0
1218;un produs romanesc extraordinar! se incarca foarte repede, materiale rezistente. pana acum am incarcat un note 8 de 2 ori de la 25% si inca nu s-a stins niciun led. incarca fast-charge. treba cu incarcarea solara este foarte bune, dar este un sistem secundar. sa nu cereti de la incarcarea solara sa fie la fel de rentabila ca cea de la priza. mai dureaza minim 20 de ani sa ajungem acolo. un produs excelent pentru drumetii si camping. recomand cu mare incredere. nu l-am testat inca in ploaie dar pare in regula;2
1219;deci e o boxa micuta care ati face pielea de gaina. merge sonoru foarte tare si clar fara distorsiuni la volum maxim.;0
1220;este foarte utila isi merita toti banii. atunci cand mergi de exemplu la plaja. ai uitat sa iti pui seara telefonul la incarcat dar ai bateria solara la tine pana faci o baie si mananci ceva e telefonul incarcat de jumatate (s4 black edition );0
1221;viteza reala pana in 27mb/s, achizitionat cu reducere 50% este rentabil.;0
1222;recomand!  pro:: rapid si sigur. folosit intr-o camera video 3d de la lg!;0
1223;chiar daca este clasa 4 se comporta foarte bine intr-un telefon;0
1224;achizitionat ca si cadou pentru fratele meu, insa am ajuns sa o folosesc si eu. finisaje placute, incarca bine un note5 de 2-3 ori (nu fast charge). un dezavantaj insignifiant ar fi ca se incarca destul de greu dar nu pt asta e facuta.;2
1225;tine mai mult de 6 ore, se aude bine. functioneaza si cand o incarcarci.;0
1226;foarte buna caliate;0
1227;un produs de calitate ergonomic si cu un design placut. activeaza modul fast charge pentru telefonul huawei p10 lite achizitionat recent. am reusit sa incarc bateria telefonului de 3 ori de la 20%. acumulatorul nu se incalzeste si se incarca destul de rapid utilizand de asemenea un incarcator fast charge (9v/2a);2
1228;excelent.  sunt foarte multumit, incarca rapid telefonul, iar dimenisunile sunt mici (aproximative cu un alt telefon) o poti pune in buzunar.  recomand;0
1229;multumit produs ok!!!;0
1230;foarte buna... incarc telefonul de 3 ori.  recomand;0
1231;am adaugat cardul meu visa de la banca transilvania si pot face plati la pos-uri, nici nu e nevoie de telefon in apropiere, este ca si cum ai avea cardul in mana, partea buna este ca nu se percepe comision. recomand!!!;0
1232;super recomand!;0
1233;f. multumita. recomand;0
1234;sunt foarte multumita, recomand acest produs!!!;0
1235;desi nu am cumparat. o de la emag... casca e foarte buna. se aude perfect si cel mai important, pentru mine, este ca in ureche nu simti ca ai ceva. am avut altele de la care aveam dureri de ureche din cauza ca era neconfortabila. de asta sunt multumit! recomand!;0
1236;este exact ce trebuie. calitatea materialelor este ok, iar raport calitate pret este clar supraunitar.;2
1237;"pentru mine functioneaza foarte bine, dupa aproape un an.. am o tableta de 7"" nexus 2014 si l-am tot mutat de pe o tetiera pe alta.";0
1238;un card ce isi face treaba cu brio. eu il folosesc la camera de supraveghere. recomand;0
1239;merge foarte bine. asa cum ma asteptam de la un produs marca energizer.;0
1240;o am de 2 zile, incarca foarte repede cele doua telefoane ale mele, materiale si calitate premium;2
1241;produs foarte bun. recomand.;0
1242;sunt foarte multumita de achizitionarea bateriei, imi incarca telefonul ( iphone 5s ) de cel putin 4-5 ori!;0
1243;calitate,incarca un telefon in 30 min peste 70%;0
1244;port bratara deja de jumatate de an si sunt in continuare la fel de incantata de ea. nu o folosesc cu notificarile pornite pentru ca nu ma intereseaza, dar imi verific somnul si activitatea de pe parcursul zilei. bateria tine mai mult decat e specificat si ce imi place e ca la ora 18 zilnic imi arata cat din obiectivele mele am atins. eu recomand.;0
1245;calitate buna a sunetului si surprinzator de puternica. la 100 de lei mi se pare o afacere (nu am inteles exact diferenta mare de pret in functie de culoare). poate fi folosita ca handsfree (are si microfon).;2
1246;o casca buna, ieftina  o folosesc zilnic la servici, se aude bine!! bateria ma tine cam 2 zile, avantajul ca se pot conecta 2telefoane in acelasi timp. cea veche am folosito 1an jumate dupa care nu se mai auzea foarte bune.  recomand!!!;0
1247;isi face treaba cu brio. la atingere materialul pare a fi de calitate.;2
1248;multumesc echipa emag am comandat o ieri si azi a venit deja merita 5,5 mil acesta tableta bravo emag pentru promptitudine si profesionalism tinerii tot asa.;0
1249;cea mai buna de pe piata...;0
1250;produs micut dragut si util.;2
1251;recomand. prinderea este din plastic cauciucat deci nu se zgarie la prindere iar magnetul este foarte puternic!;0
1252;util, ieftin, placut!;2
1253;-raport pret-calitate ok  -obtinerea produsului ok  -livrarea prin fan-curier execrabila (mai tarziu cu 3 zile si multa impertinenta din partea curierului)  -poate gasiti alta firma de curierat;0
1254;sunt multumit de el;0
1255;o alegere inspirata.;0
1256;adio fire!  asa incepe era decaderii laptopului.  smart-phone-ul se poate cupla la tastatura si ecran mare la smart tv.  poti folosi 3 telefoane in acelasi timp cuplate la 3 retele diferite.  salvezi in cloud.  mai ramane de rezolvat printarea. imprimanta trebuie sa aiba si ea bluetooth.   logitec-k480 este un produs excelent ptr. cine are mai multe telefoane si mai multe conturi de e-mail.;0
1257;mai bun decat ma asteptam.;0
1258;este un produs foarte bun il recomand cu incredere. raport calitate-pret bun, il am de 2 luni si nu am avut probleme cu el.;0
1259;functioneaza perfect single point si multi point!  a fost spalata in buzunarul unei haine iar apoi a stat 2 zile in orez. functioneaza ireprosabil!;0
1260;cel mai bun card raport pret / calitate.;0
1261;il am de ceva timp l-am dat la un nepot care il foloseste zilnic si inca face fata cu brio, recomand cu incredere;0
1262;eleganta, sunet excelent, autonomie, dupa parerea mea un accesoriu care isi face orice banut.:);2
1263;foarte bun, elegant si silentios!;2
1264;incarca rapid orice dispozitiv cu microusb. cablu mai lung decat cel original.;0
1265;functioneaza excelent, recomand!;0
1266;prietenii nu stiu cum sa o laud mai tare boxa asta micuta la cei 65 de lei cat a fost cam rupe gura targului, recomand;0
1267;recomand acest produs. este exact ce mi-am dorit.;0
1268;super boxa;0
1269;foarte bun! senzorul este destul de precis, atat cel de temperatura cat si cel de umiditate.    l-am luat pentru camera copilului cu intentia de a automatiza pornirea/oprirea umidificatorului. tineti cont - dispozitivul se conecteaza doar bluetooth, deci pentru automatizare e necesar sa aveti un gateway (mi bedside lamp), acesta se conecteaza prin bluetooth la senzor cat si la wireless, facand posibile scenariile de automatizare. personal nu am reusit sa conectez lampa la wireless sub nicio forma si prin urmare nu pot automatiza nimic, pot doar sa citesc valorile pe display sau pe telefon - prin bluetooth din camera alaturata.    aplicatia mi home trebuie setata pe serverul din china sau united states (asia server) altfel senzorul nu va aparea in lista.    cu toate acestea acord 5 stele deoarece dispozitivul in sine functioneaza perfect. daca vreti automatizare trebuie sa investiti mai mult in produse din ecosistemul smart home xiaomi.;0
1270;cumparata, dar nu de la emag! am prins-o la oferta de la alt magazin la jumatate cat o au ei! merita! sunet de calitate, design frumos!;2
1271;"o boxa de nota 10! cred ca in plaja 100-200 roni este cea mai buna alegere. materiale de calitate, sunet super, bass, chiar la maxim. daca ""incercam sa o fortam"" peste ceea ce poate face si face bine, trece in autoprotectie. bateria tine in jur de 4 ore functie de volum si daca e prin bluetooth. prin aux tine mai mult. daca ai o baterie reincarcabila pentru telefon o poti folosi si 12 ore continuu. nu am ce sa-i reprosez. cumparati cu incredere si nu va ""speriati ""de meniul in romana (care te ghideaza pe cele 5 functii: auxiliar, bluetooth, radio, card, usb) dar cu voce tare. o boxa desteapta, robusta si cu sunet excelent!";2
1272;detin 2 alte boxe identice, placut impresionat de calitatea sunetului, baterie si volum. recomand cu caldura. (acesta a fost un cadou - la fal de placut surprinsa a fost si persoana in cauza.);0
1273;raport calutate / pret este ok.;0
1274;o sa-l cumpar si din cate vad deja este apreciat, asa ca am asteptari mari de la el, sa vedem:);0
1275;aici scrie cablu samsung, insa pe factura de la importgsm scria ce trebuia, „cablu pentru samsung”. cablul nu e samsung original, a venit intr-o punga... insa merge excelent, atat pentru incarcare cat si pentru transfer de date. in plus, incarca repede telefonul cand e conectat la calculator.;0
1276;foarte bun cablu, calitate buna, pret bun!;0
1277;recomand!;0
1278;functioneaza ca si cablul original;0
1279;"ceasul face tot ce se povesteste in descriere, dar cu ceasul, singur, nu puteti face nici o configurare.  pentru configurari trebuie sa-l legati la internet. ca sa il legati la internet trebuie sa introduceti in el un sim cu date. nu merg sim-uri de la rds. sim-ul nu trebuie sa aiba pin si e bine sa va asigurati ca optiunea dorita este activa folosind intai sim-ul intr-un telefon. dupa ce bagati sim-ul in ceas trimiteti de pe alt telefon catre numarul de telefon al sim-ului ceasului cele doua sms-uri de configurare a apn-ului. atentie la apn, s-ar putea ca furnizorul sa aiba apn-uri diferite pentru planurile prepay si abonament. interesati-va dinainte sa fiti siguri cum se numeste adresa apn-ului. dupa apn trebuie sa aveti un diez (#).  dupa ce l-ati legat la internet (apar doua sageti care arata ca are acces la ""date""), urmeaza configurarea prin setracker3.  cu aplicatia setracker instalata. pe un telefon cu andoid minim 4.0, aveti acces la o multime de optiuni. cu ceasul asta puteti sa:  - stabiliti numerele de telefon din agenda. agenda se deschide cu butonul de sus. navigarea in agenda se face cu butoanele de sus si jos. apelul unui nr din agenda se face tinand apasat butonul de sus.  - da, se pot face apeluri de voce. calitatea apelului nu e stralucita, dar convorbirea este inteligibila de ambele parti.  - stabiliti numerele de telefon sos. acestea vor primi alertele.  - stabiliti timpul de refresh a pozitionarii gps: 1 min, 10 min, 1 ora. mai des consuma mai multa baterie. la 10 min o incarcare tine lejer doua zile cu cateva apeluri.  - stabiliti un perimetru de siguranta. la iesirea din acesta, se transmite o alerta cu potitionarea si un link la google maps. in setracker se poate vedea pozitia actuala si chiar adresa (strada, numar, cod postal).  - se poate trasa itinerariul parcurs. datorita duratei relativ mari de stabilire a pozitionarii (probabil sensibilitate scazuta in frecventele gps sau putine canale satelit), asteptati-va la putine puncte in itinerar, mai ales daca perioadele de stat sun cerul liber sunt mai mici de 15 min.  localizarea bazata de gsm este o gluma proasta, nu recomand.  - puteti activa modul ""fitness"". dupa ce stabiliti marimea pasului copilului, ceasul va numara pasii si alte bataieli si va comunica numarul de km echivalent-parcurs si numarul de calorii consumate.  - se poate motiva copilul folosind un sistem de premiere cu inimioare (+ sau -).  -se pot stabili alarme: zilnice, saptamanale, in anumite zile din saptamana, etc.  - se pot inregistra si transmite mesaje voce catre si de la un numar acceptat. se foloseate butonul de jos pentru inregistrare sau redare mesaj.  - se poate ""infrati"" cu un alt ceas folosind butonul de jos si apropiind telefoanele. aceasta optiune nu am testat-o.    atentie! dupa conectarea la internet si stabilirea numarului (numerelor) sos, ceasul nu se mai poate opri folosind butonul din mijloc! folosirea butonului are ca rezultat transmirerea unei alerte sos. pentru inchiderea ceasului se poate folosi setracker.    pentru interesati, acest ceas nu are:  - wi-fi  - bluetooth pentru uz general (ci doar pentru conectarea a doua smartwatch-uri)  - 3g, 3g+, 4g (din acest motiv nu merge cu sim-uri rds)  - camera foto  - slot sd-card  - mufa casti  - jocuri  - touchscreen  - folie protectie ecran.    exista si ceasuri mai ieftine si cu caracteristici mai bune, dar, din pacate, nededicate copiilor. doar pentru ca este destinat copiilor are un pret dublu fata de valoarea reala, comparativ cu alte smartwatch-uri.";0
1280;super multumiti de cesulet. nu ma asteptam sa faca tot din descriere. din cate au auzit de la cunoscuti nu toti u fost multumiti.     probabil si brand-ul conteaza. vne in cutie transparenta cu logo wonlex si cu holograma + un cod qr care daca este scanat poti verifica originalitatea    pro: marime, aspect, ecran luminos, difuzor ok, localizare gps +/- 30-40m din cate am obs (depinde totusi de locatie - daca este intr-un spatiu mic dintre blocuri chiar daca este afara eroare creste pana la 70-80m) insa in majoritatea timpului eroarea este neglijabila, raport calitate pret excelent    contra: localizare cand ceasul este in casa sau intr-un spatiu inchis    recomand;2
1281;e ok priza  la instalare am dat prima oara cu wps si nu a mers, apoi am dat sa selectez eu reteaua si a mers fara probleme  nu masoara curentul  merge cu google foarte bine  integrare si cu ifttt, nu am avut insa timp sa testez;0
1282;n-am ce sa-i reprosez.;0
1283;am cautat doar un suport pentru telefon, faptul ca are si odorizant este un bonus;0
1284;eu nu am luato de aici. am dat 36 de lei pe ea dintrun magazin chinezesc. sunetu e chiar beton la banii astia. problema este bateria si modulul de incarcare. cu volumul la maxim nici cu ea in priza nu duce. nu incarca pe cat consuma. eu vreau sai pun o baterie de vreo 2000 mah ca e pacat de sunetu care il scoate la marimea aia. butoanele sunt foarte sensibile. eu ala de + lam rezolvat din prima.... am apasat prea tare.... dar dau volumu de la telefon.;0
1285;este a doua pe care o acizitionez. prima functioneaza de un an impecabil si am cumparat-o pentru mine iar acum i-am cumparat si sotului una ca sa nu ne certam! sotul este muzician si este foarte multumit de ce face aceasta cutiuta simpatica. eu o recomand.;0
1286;super utila si destul de usoara.   material stilysh, culori vii, utilitate maxima.;2
1287;daca aveti norocul sa gasiti in pachet o legatura orizontala de cauciuc care se poate detasa, nu o pierdeti. asta rezolva problema castilor care pot sa mai sara din ureche si o mare parte din problemele cu sunetul (sunetul nu mai scapa din ureche si nu se mai pierde din calitate)     intr-adevar, sunt dezamagit de bas, mi-am dat egalizatorul pe telefon pe bass boosted ca sa acopere din lipsuri, dar tot nu face fata atat cat mi-as fi dorit.     recunosc, sunt foarte pretentios la sunet, dar pt cine e mai putin pretentios, ar putea merge.     poate un pic cam mult 200 de lei pt ele, dar daca nu va deranjeaza mica lipsa de bas si pretuiti numarul imens de ore de muzica (le incarc cam la 2-3 zile si le solicit mult in timpul zilei) sau daca pretuiti rezistenta la apa, incarcarea rapida, confortul pe urechi, conexiunea stabila si conectarea automata, atunci merita cei 200 de lei. (dupa primul pairing, daca telefonul are bluetooth pornit, chiar inactiv cum e mai nou la iphone, o simpla pornire a castilor le conecteaza la dispozitivul din apropiere pana sa-ti pui castile pe urechi);0
1288;nimic de reprosat!;0
1289;raport pret/calitate foarte bun. se misca foarte bine.;0
1290;se vede ca sony stau cel mai bine la capitolul memorii sd etc. am acest micro sd pe un samsung s5 si merge excelent, iar vitezele sunt la fel de bune. nu va luati dupa ce se scrie in alte review-uri. filmarea 4k de pe s5 merge super bine iar ca sa lamuresc pe toata lumea, da, este uhs-i, nu cum spun altii, testat, vazut. viteze demne de un uhs-i. este interesant ca are si 2 programe pe care nu am apucat sa le testez, insa sunt sigur ca isi vor face treaba la fel de bine ca si cardul. per total, este un produs care isi merita banii. din 32 gb, pe telefonul meu s5 imi arata total 30, 1gb, nu e rau. cu 4-5 video 4k pe la vreun evenent sau chiar 1 video, memoria dispare ca prin minune:));0
1291;foarte buna! incarca un iphone 5s de 4-5 ori.;0
1292;un produs bun, se aude tare, nici nu ma asteptam sa functioneze asa bine. este adevarat ca unele posturi se prin mai greu, sigur din cauza antenei pe care o are. dar eu sunt super multumit, chiar are si o toarta de care poti sa o transportul. un lucru folositor in casa si la iarba verde. si bateria, m-am uimit cat tine.;0
1293;super multumit, recomand;0
1294;folia se comporta excelent. ecranul tabletei este spart in zeci de cioburi, unele sarite. folia s-a lipit aproape singura.;1
1295;este un produs foarte util, l-am luat initial pentru tableta dar functioneaza si pe telefon (xperia m) pot sa conectez mouse, tastatura, stick de memorie etc. functioneaza perfect, il am de o luna si ceva si nu am treaba cu el;0
1296;nu dureaza chiar 8 ore, dar sunetul e foarte bun.;0
1297;se aude foarte bine si clar pt dimensiunea ei.;0
1298;la cit este de mica este destul de voinica. sunet clar, bas bun, se incarca intr-o ora si jumatate si tine destul de bine. nu va asteptati sa va tremure geamurile la casa, dar sa va asteptati ca intr-o sufragerie sa aveti un sunet bun. a cazut de la 2 m inaltime pe gresie si am ramas uimit vazind ca functioneaza si nu are nici cea mai mica urma de la soc. calitate buna a materialelor din care este construita.;2
1299;foarte bun si simplu de utilizat;0
1300;calitate foarte buna, pret bun, totul a fost corespunzator, recomand;0
1301;imi place! l-am luat pentru inot, in mod special, dar se comporta bine si la alte sporturi ciclism, alergare, etc;0
1302;buna pt un copil dar si pt unul mare care e neprietenos;0
1303;este util oricand si cand vrei sa te duci la sport pui simul in el si pleci!!;0
1304;bun. functionabil, rezistent.  la inceput a fost putin complicat cu aplicatia dar dupa o ora de butonat i-am dat de cap si am invatat copilul cum sa il foloseasca. incantati si noi parinti si copilul nostru.   recomand;2
1305;conform cu descrierea. necesita alimentare de 2 mah.  puterea de incarcare este de 1 mah. livrarea a fost facuta de catre eastcom.ro in nici 24 ore de la plasarea comenzii.;0
1306;am cumparat bateria aceasta si pot spune ca sunt foarte multumit de ea. inainte aveam mari probleme cu bateria telefonului, dar acum de cand am cumparat acest acumulator extern nu mai am acest gen de probleme.;0
1307;foarte faina ideea cu capul magnetic. daca ar exista si capete pentru micro usb ar fi ok:);0
1308;foarte ok, sunet, conectivitate, pacat ca nu are si acel snur de legat, dar se pare ca odata cu reducerile dispar anumite componente.;0
1309;este de calitate si foarte bun;0
1310;super bune. le folesesc pe un asus zenfone max se aud foarte bine. as mai cumpara o pereche;0
1311;cureaua este foarte sigura. magnetul tine foarte bine. recomand;0
1312;tare ceasul;0
1313;totul se potriveste perfect si livrarea a fost rapida.;0
1314;isi merita bani!;0
1315;o poti folosi foarte usor!! merita!;0
1316;am acest acumulator de cateva zile si pot spune ca sunt foarte multumita. iar pentru emag 1000 de stele, foarte seriosi.;0
1317;"o boxa ok din punct de vedere calitate pret daca este cumparata de unde trebuie. aici nu apare nici numele complet al boxei iar descrierea este saraca, plus pretul cu mult peste cat o gasesti in alte magazine si garantia este de un an in loc de 2. am impresia ca baietii de la celsius isi dau singuri care un review sec de exemplu: ""o boxa buna"" ca sa isi creasca sansele sa cumpere lumea. repet boxa este buna dar aveti grija de unde cumparati. romania tara smenurilor.";0
1318;excelent, bateria este cea originala. usor de montat.;2
1319;sunt multumit de acest produs ptr gps, tel, si functia spion, semnal bun si exact dar in special nota 10 celor de mobile express communication care il vand pe platforma emag. super amabili in ceea ce priveste ajutorul acordat in setarea si activarea acestui smartwatch si raspund la tel, ceea ce nu fac ceilalti care-l vand pe emag (asa cum vedeti si in alte comentarii). asa ca va recomand cu incredere achizitia de la mobile si atentie de unde luati produse pt ca emagul v-a ridica din umeri.;0
1320;pe scurt: ceam mai buna bratara fitness.  pro: bateria si precizie.  contra: era mai ok cu gps integrat (dar pentru asta exista surge-ul).;0
1321;multumit de produs.  invelisul metalic confera un aspect premium, cat si rezistenta. am scapat-o pe asfalt la cateva ore dupa ce am cumparat-o, merge perfect, are doar o mica julitura.    nu stiu cat e timpul mediu de incarcare al unui acumulator extern de 10k mah. dar in cazul de fata cu un incarcator standard de telefon (1a) dureaza aprox. 7 ore de la 0%.;2
1322;multumit de produs;0
1323;pe cat de micuta pe atat de tare se aude. foarte usor de transportat. bateria tine mult timp!;2
1324;produs bun;0
1325;super ok...;0
1326;super merita;0
1327;e foarte bun doar ca dureaza putin bateria;0
1328;un ceas foarte bun atat pentru cel mic cat mai ales pentru noi parintii. se configureaza usor se aude bine. livrare ok.;0
1329;am achizitionat acest ceas de pe emag acum o saptamana. sunt foarte multumita de el. are un design foarte elegant.   recomand cu caldura!;2
1330;sunt ok. se aude bine, s-au conectat repede.;0
1331;pentru dimensiune ei oeste f. buna;0
1332;luata cu doar 200 lei! merge mai greu, dar iti faci treaba cu ea.;0
1333;functionalitate impecabila si de o calitate ireprosabila. recomand achizitionarea ei impreuna cu smart case pentru o protectie completa.;2
1334;parerile sunt multe! sunt multumit de sonorizare, functii, fiabilitate. este un gadget portabil, ce ai putea sa te astepti mai mult, sa faci festivaluri? ce-mi place mai mult? se aude grozav de bine! carcotasi sa mai caute si alte produse!;0
1335;sunt foarte multumita, casca comoda cu sunet bun.;2
1336;este o noua provocare a celor de la apple, recomand cu placere.;0
1337;foarte bun! nu i-am gasit minusuri deocamdata:);0
1338;folosesc numai cardurile de memorie sandisk si sunt foarte multumita.   recomand!;0
1339;merita banii. isi face treaba conform descrierii...;0
1340;dupa parerea mea aceasta boxa isi merita banii si o recomand oricui isi doreste un moment de relaxare, atunci cand ajunge acasa. o folosesc intr-un apartament cu 2 camere si este mai mult decat suficienta.  - sunet excelent, clar. bass puternic, suficient  - volumul este mai mult decat suficient pentru un apartament  - design modern, o poti folosi si ca obiect de decor  - materiale premium  - conectarea se face super simplu printr-o apasare de buton  - am folosit-o si pentru apeluri telefonice, sunetul este clar, iar cele 2 microfoane isi fac pe deplin treaba.;2
1341;pro: -incarca un iphone 6s plus de 4 ori la 100%, am testat si un iphone 6 il incarca de 6 ori, sunt foarte multumit  contra: material care se zgarie usor si aluneca, in rest super;1
1342;foarte util, incarca de aprox. 2-3 ori telefonul descarcat, si arata bine:-);2
1343;am achizitionat-o dintr-un hipermarket si este destul de ok.;0
1344;dupa un an de folosire pot spune ca produsul merita toti banii;0
1345;raport calitae pret-ok  se conecteaza repede la telefon.  raza de actiune este mai mare de 10m la mine merge si la 20 m in spatiu deschis.  sunetul este destul de tare si fara distorsiuni la putere maxima a volumului.  radioul cu scanare automata si memorare posturi - ok  am primit in pachet si un cadou util, un suport pentru telefon oferit de inter-line company   recomand acest produs!;0
1346;este foarte tare;0
1347;"nu este baterie originala apple. dupa o saptamana de la instalare pot observa imbunatatiri destul de mari fata de bateria originala care ""obosise"" ( 3 ani ).";0
1348;"foarte bun... dupa aproximativ o saptamana si inca putin incarcat:)   sper sa o tina asa inca ani multi, ca sa pot spune excelent!  n-am apucat sa masor efectiv vitezele, insa face transfer de fisier mici (maxim 5mb) instantaneu; browsing prin gallery si deschidere poze ca de pe telefon, adica tot instantaneu.";0
1349;excelent! este o baterie care are capacitate buna vs. dimensiunile plate. il folosesc la plimbari cu bicicleta, il tin intr-o geanta pe cadru la un loc cu telefonul.;0
1350;recomand. sunet clar;0
1351;este un produs de cea mai buna calitate;0
1352;foarte bun, se incarca repede telefonul la el;0
1353;sper sa tina mai mult decat un cablu original din cutia telefonului care tine max 2 ani pt ca este mai rezistent (o fi avand ceva metalic in invelis dar nu e complet metalic, are si nylon). deocamdata recomand, dar nu are nici macar o luna.;1
1354;se conecteaza f usor, iar sunetul este excelent avand in vedere dimensiunile boxei.;0
1355;util, versatil, fara erori;0
1356;castile sunt mici si de bune calitate. stau bine in urechi.;2
1357;pt un nokia e ff bun;0
1358;este ok.  usor zgomot cand incarca... de la un oscilator intern probabil - asemanator unui secundar de ceas ca intensitate. pentru cei care l-ar tine langa pat. nu foarte deranjant, dar exista la mine.  husa telefonului, daca exista, trebuie sa nu fie prea groasa.;1
1359;superb! pana acum sunt multumit, ramane de vazut in continuare:);0
1360;foarte bun. recomand;0
1361;raport pret/calitate excelent. sunet clar, puternic, bass mai mult decat acceptabil. pentru o camera de bloc nici nu iti trebuie mai mult. recomand cu incredere.;0
1362;nu sunt un expert in carduri si nici telefonie mobila. mi-am luat cardul pentru telefon. pana acum sunt foarte multumit de raportul pret-calitate. il recomand!;0
1363;asta este cea mai frumoasa boxa portabila pe care am avut o pana acum plus de asta are voce radio merge perfect prinde multe posturi chiar daca nu are antenna recomand cumparati cu incredere si nu o sa va para rau;0
1364;foarte practic. trebuie incarcator de 2a pentru el ca sa nu lungesti incarcarea prea mult, cine are tableta poate folosi cu succes incarcatorul.;0
1365;se aude foarte bine si bateria chiar te tine! recomand!;0
1366;foarte util pentru masina!;0
1367;un gadget super, cu functii multe si utile! dupa mi fit un prieten mi-a instalat inca o aplicatie, notift & fitness ptr amazfit bip si functioneaza extraordinar cu meniu in limba romana! senzor puls verificat cu un tensiometru, este excelent. dar asteptati cateva secunde, nu este instantaneu!  recomand cu caldura, ma gandesc sa mai iau unul ptr un membru al familiei!;0
1368;am testato cu lg g3 si se aude foarte tare;0
1369;baterie de calitate. recomand!;0
1370;foarte bun, incarca repede si de mai multe ori.;0
1371;sunet fff bun!;0
1372;nicio problema intampinata pana acum cu el. timpul de incarcare al telefonului s7edge este de aproximativ 2h35min. foarte util impreuna cu alwayson si este foarte usor sa folosesti telefonul de pe el.;0
1373;super ok! si are un aspect fromos in masina!;2
1374;pret -calitate ok  se aude foarte bine, bateria tine in jur de 4 ore;0
1375;un card profesional la un pret foarte accesibil! \r\nam folosit un card acest model mai mult de 2 ani in aparatul meu foto si aproape zilnic fac fotografii si apoi le sterg si totusi cardul merge perfect, sant foarte multumit de el!  pro:: un card profesional la un pret foarte accesibil! \r\nam folosit un card acest model mai mult de 2 ani in aparatul meu foto si aproape zilnic fac fotografii si apoi le sterg si totusi cardul merge perfect, sant foarte multumit de el!  contra:: nu am descoperit nimic contra la acest produs!;0
1376;am cumparat-o pentru o tableta si functioneaza perfect.;0
1377;foarte multumita de el, recomand!;0
1378;se aude bine si destul de tare pentru scopul urmarit;0
1379;sunet impresionant, incredibil de bun. mi-am uimit prietenii. sunt incantat  bravo emag! doamnele de la oficiul postal 39 au fost foarte dragute. felicitari!;0
1380;numai cine nu a vazut tablete in viata lui poate sa vorbeasca negativ despre acest model. se misca bine, si pe wifi si pe 4g (cartela de net digi). sunet perfect, cele 4 difuzoare isi spun cuvantul.;0
1381;sunt foarte multumit de acest acumulator, merita toti banii.;0
1382;sunt placut impresionat de aceasta boxa portabila!;0
1383;excelent produs raport calitate/pret. firma serioasa asus. recomand;0
1384;testasem anterior ue megaboom si am fost impresionata. nu retinusem exact codul produsului, asa ca atunci cand am vazut reducerea la boom2, am crezut ca este vorba de acelasi produs. ei bine, diferente exista, dar chiar si asa boom2 nu dezamageste! am cumparat boxa pentru a o folosi afara, sunetul este foarte clar, nu distorsioneaza deloc. nu am incercat volumul la maxim, nu simt nevoia sa trec de jumatate. bateria tine foarte mult, 5-6 ore lejer. imi place si faptul ca pot porni/ controla boxa din aplicatia de mobil.   la 429 lei a meritat investitia.;2
1385;husa se potriveste numai cu huawei media pad m3 youth/lite 10 inch.;0
1386;cureaua arata perfect!! recomand, este identica cu cea originala. nota 10+;0
1387;am achizitionat bratara de aproximativ 7 zile si sunt multumit, datele inregistrate sunt destul de exacte, masoara tensiunea arteriala, bateriea tine cam 5-6 zile.  pert total calitate pret peste asteptari;0
1388;raport calitate/pret foasrte bun. surprinzator de puternica pentru greutatea si dimensiunea pe care o are.;0
1389;aceasta boxa este de calitate foarte buna, se simte ca este premium, constructia ei fiind foarte solida, este rezistenta la apa si socuri, deci o poti scoate fara probleme afara, sunetul este foarte puternic si clar, bateria tine foarte mult, are doua port-uri usb prin care poti incarca orice, recomand cu incredere aceasta boxa.;2
1390;raport calitate - pret excelent.;0
1391;sunet foarte bun avand in vedere dimensiunile. bass-ul se aude decent.;0
1392;bun. face ce trebuie.  contra: incarcatorul negru, firul si capul care intra in priza albe. inestetic. calbu scurt.;1
1393;foarte util si bun calitativ;0
1394;recomand. raport calitate pret 9,9;0
1395;se contecteaza rapid, se aude foarte bine mai ales in spatiu inchis - este boxa perfecta pentru warm up de festival: d   reactioneaza bine la frig, o folosesc si in masina.;0
1396;imi place ca este mica, la un pret bun si se aude foarte tare si clar;0
1397;exceptional!   totusi nu il recomand celor ce vor avioane si rachete de la un dispozitiv cu aspect clasic.;0
1398;imi place enorm, e piele naturala si arata incredibil de bine pentru pretul asta. e exact ca in poze, difera putin cusatura dar e mai frumoasa in realitate;2
1399;o baterie care isi face treaba cu succes. foarte multumit de alegerea facuta. am recomandat aceasta baterie si prietenilor mei.;0
1400;un produs super bun, sint foarte multumit. pret calitate o. k. recomand.;0
1401;"are un sunet foarte bun, plin, fara distorsiuni. se conecteaza usor prin bt, durata bateriei este de peste 6 ore la volum de 80%. prin aplicatia de telefon poate avea si alte utilizari, gen ceas de alarma. tine la ""tavaleala"", este boxa ideala de terasa!";0
1402;e ok. multumit;0
1403;imi place, sunt foarte multumit de ea.;0
1404;totul a fost ok!;0
1405;super, nu credeam ca se transfera asa rapid, recomand.;0
1406;raport calitate/pret excelent. mai detin si alte produse kingston si am o parere foarte buna despre aceasta firma.;0
1407;foarte buna, la inceput ma gandeam cum poate reda muzica un aparat atat de mic, insa dupa ce l-am conectat a fost super. recomand cu toata increderea. felicitari si pentru emag, nota 10, niciodata nu m-ati dezamagit, foarte promiti. tot respectul, tineti-o tot asa!!!!;0
1408;produse de calitate la un pret mic. curier rapid.;0
1409;este cablu original apple, si merge perfect.;0
1410;produs excelent! recomand;0
1411;foarte tare! se aude extra bine.;0
1412;"pro:  sunet placut (pana la volum mediu spre mare), volum suficient pentru o camera.  contra:  ledul albastru si faptul ca se inchide automat daca nu e folosita o perioada (poate fi un ""pro"" pentru altcineva)";0
1413;incantat de produs.   este foarte usor si are cureaua foarte moale insa pare rezistenta. il avem doar de 1 luna. pana acum toate bune.  destul de precis in localizare cu toate ca mai da cateodata pozitia aiurea... insa nu este deranjant.    pro: usor, mic, materiale ok (nu pare ieftin), localizare buna, apel telefonic satisfacator.   contra: nu cred ca se potriveste la un adult cu mana mai groasa. are gaurele pana sus pe curea asa ca la un copil chiar si mai mic este ok.;2
1414;astazi l am cumparat din alte surse. incarca excelent, facut din materiale premium. ma scuteste sa i mai introduc mufa de incarcare. bun bun;2
1415;este o baterie;0
1416;excelent pentru alimentare autonoma a unui device pe usb.  cu un incarcator de 2 a se incarca intr-un interval rezonabil pentru asemenea capacitate.  pentru mine e exact ceea ce aveam nevoie.;0
1417;estetic si functional. combinatia perfecta!;2
1418;livrare prompta. ceasul este conform cu poza si specificatia de pe site. recomand acest produs si firma care - l comercializeaza.;0
1419;aceasta este bratara fitness, nu este un smart watch insa este extraordinar de buna in monitorizarea activitatilor sportive, maritimo lui cardiac precum si foarte intuitiva in ceea ce priveste exercitiul efectuat. se sincronizeaza cu telefonul si poate prelua notificare cu privire la apeluri, mesaje precum si aplicatiile whatsapp si viber;2
1420;"am achizitionat acest incarcator si sunt foarte multumit de el. mai mult chiar l-am ""prins""si cu reducere: pret achizitie 159 ron.   concluzia: recomand!";0
1421;excelent emag o firma serioasa.;0
1422;finisaje bine realizate, magnet puternic, ventuza cu prindere buna pe parbriz si destul de stabila dupa primele zile de test, super practic. sper sa fie ok si la vara cand o sa bata soarele direct in ventuza. la cea anterioara si diferita ca model ventuza isi pierdea aderenta.;2
1423;avind o vasta experienta cu tabletele marca samsung am ezitat putin inainte de a cumpara acest model de la huawei, insa am facut-o, la pret de 600 lei, si pot sa spun ca este net superioara peste ce ofera samsung la modelele sub 1000 lei.  pro: absolut tot ce tine de tableta in sine, procesor, ecran, acumulator, sunet, etc...  contra: nesemnificativ, adica vine fara folie si fara casti, incarcator de 1 a ceea ce la un acumulator de 4800 ma se cunoaste.;0
1424;multumesc frumos. e un produs ok.;0
1425;acum ca l-am testat nu-mi vine sa cred cit de rapid e. benchmarkul folosit este crystal disk mark 6 si mi-a dat niste valori uriase. evident ca am comparat cu toate cardurile pe care le am deja si cu usb flashurile din dotare. citirea s-a facut cu cititorul de carduri de pe un laptop acer aspire e5 572g!    nu stiu daca pagina isi va pastra formatarea, dar daca da, atunci pun si rezultatele complete! si inca ceva... pretul de achizitie a fost unul foarte bun, acum nu prea mai e la fel.     rezultatul e urmatorul... la citire (sequential read (q= 32, t= 1): 84.283 mb/s), iar la scriere (67.820 mb/s) cu fisier test de 8gb.    sequential read (q= 32, t= 1): 84.283 mb/s  sequential write (q= 32, t= 1): 67.820 mb/s    random read 4kib (q= 8, t= 8): 4.194 mb/s [ 1023.9 iops]  random write 4kib (q= 8, t= 8): 1.986 mb/s [ 484.9 iops]  random read 4kib (q= 32, t= 1): 3.984 mb/s [ 972.7 iops]  random write 4kib (q= 32, t= 1): 1.959 mb/s [ 478.3 iops]  random read 4kib (q= 1, t= 1): 4.366 mb/s [ 1065.9 iops]  random write 4kib (q= 1, t= 1): 2.001 mb/s [ 488.5 iops];0
1426;este mai mic decat fenix 3, are hr, inregistreaza cu mare precizie trasee facute prin padure. apoi le pot relua de oricate ori vreau... mi s-a conectat fara nicio problema la telefon si senzorii externi (cadenta, viteza, temperatura)  recomand!;0
1427;produsul este extrem de fiabil insa acumulatorul trebuie format, iar durata de asteptare este ok pentru un acumulator aftermarket, nu trebuie resoftat telefonul (ceea ce este necesar in cazul acumulatorului original) raportul pret calitate este unul bun;0
1428;extraordinara. in special pt petreceri, serbari, conferinte, karaoke etc.;0
1429;pentru ce le-am luat - handsfree - sunt excelente. nu le folosesc sa ascult muzica, asa ca nu-mi dau cu parerea pe acest domeniu, dar pentru ce le-am luat eu sunt foarte ok. imi place in special ca firul este foarte flexibil si se simte placut pe piele.;2
1430;este foarte interesant si util acest transformator, isi merita baniii;0
1431;foarte bun acumulatorul recomand.;0
1432;foarte bun pentru telefon;0
1433;a fost achizitionat la recomandarea unui tip de la emag, in momentul in care am fost sa returnez o alta baterie de la o firma anonima care a murit dupa prima utilizare. o folosesc de aproximativ doua saptamani si sunt multumit. incarc lejer doua telefoane si jumatate de tableta.;0
1434;e super ok;0
1435;dragut accesoriu si foarte practic, il poti cara cu tine oriunde fara sa ocupe spatiu.;2
1436;recomand aceasta boxa la banii acestia!;0
1437;best;0
1438;o boxa foarte buna. se aude foarte bine.;0
1439;foarte bun produsul. recomand cu incredere.;0
1440;compact, design calitativ, opereaza la rece datorita invelisului din aluminiu.    incarca super repede un samsung sm-g3815, huawei p8max sau tigarea electronica ijust 100w, desi nu este fast-charge.    atentie, a se incarca la 2.0 a cel putin altfel dureaza o vesnicie datorita capacitatii sale.    aproximativ 7500 mah capacitate rezultata.;2
1441;sunt foarte multumit de acest produs, atat ca functionalitate cat si calitate! se fixeaza bine pe grila de ventilatie. se poate ajusta si capatul magnetic pentru o vizibilitate buna a telefonului!  l-am achizitionat de black friday si azi l-am si primit, ceea ce apreciez, avand in vedere nebunia comenzilor de dupa ziua de vineri! doar ca pretul pe care l-am platit a fost mai mare de black friday decat a doua zi... naspa faza emag... fiti mai atenti la produsele pe care le reduceti... sa fie reduceri pe bune, nu doar tehnici de marketing, mai ales ca am vazut unele produse care de black friday au avut pretul mai mare decat in restul timpului!;0
1442;e foarte usor de folosit, telefonul sta bine in el. se prinde bine de cap. problema este ca ecranul telefonului samsung s7 nu este foarte bun pentru realitate virtuala, se vad pixelii clar si nu creaza o imagine impecabila necesara unei experiente vr optime. mai trebuie cam 2-3 generatii pana la ceva multumitor.;2
1443;un produs 100 % original, livrare rapida, foarte multumita!;0
1444;excelenta dracia! am incercat atatea accesorii similare ca ma plictisisem.  asta chiar se pricepe sa faca ce trebuie: usor de montat, design placut si functionalitate maxima.   recomand!;2
1445;nota 10 pt produs si pt emag;0
1446;boxa akyta!;0
1447;la pretul de 89ron, fara taxa de transport ptr ca l-am ridicat personal de la posta(punct de livrare emag), este ok.;0
1448;foarte bine se aude! la o melodie cu mult bass... danseaza boxa! foarte multumit! am luat o la promotie cu 69 lei si nu regret deloc! recomand!!!;0
1449;castile au venit repede. dupa ce am incercat cateva zile, pot sa zic ca este construit bine, iar calitatea sunetului este buna. se simt confortabil in ureche si nu provoaca nici un disconfort. nu am testat durata de viata a bateriei inca. dar in general, sunt multumit.;2
1450;sunt foarte multumit de ceas. isi face bine treaba si isi merita banii. bateria tine mai mult decat la un telefon, chiar daca este folosit foarte des. se incarca destul de repede. recomand!;0
1451;castile acestea sunt la superlativ, se aud excelent cu absolut orice dispozitiv. le-am conectat inclusiv la un laptop acer. autonomia este undeva la 5 - 6 ore in redare audio. un mare minus este autonomia in apeluri telefonice, aici autonomia nu trece de 2 ore, insa se pot folosi pe rand. autonomia cutiei de incarcare este cam de 4 - 5 cicluri de incarcare de la 0 la 100% a castilor. le recomand cu mare incredere chiar daca pretul este destul de ridicat. auditie placuta:);0
1452;este un produs care imi satisface nevoile legate de fitness, dar si un gadget perfect care ma anunta de fiecare data cand primesc notificari pe telefon. il recomand!;0
1453;samsung isi spune cuvantul.  aparat premium.  nu se misca de pe parbriz.  foarte usor de instalat.  eu l-am prins la reducere,  o achizitie excelenta.  recomand.;0
1454;poti vorbi la telefon foarte bine fata de primul model;0
1455;sunt bune merg bine!;0
1456;am achizitionat-o, e super, e si cu bluetooth si cu cablu, o ador, se incarca rapid, nu ai cu mai spune..;0
1457;il folosesc pentru un iphone 6s si daca-l bag in functie de la 10-20% baterie, imi ajunge de 4 incarcari, deci e un produs care isi face treaba, mai ales ca a fost luat la bf2016 cu 30 lei:);0
1458;o tableta impecabila;0
1459;o jucarie excelenta. telefonul sta lipit fara probleme.;0
1460;il ador!;0
1461;sunt foarte multumit de produsul primit! am schimbat bateria pe un huawei p9 leica si pot spune ca tine ca la inceput, acum ajung si la 8 ore de ecran pornit dintr-o singura incarcare!;0
1462;este o afacere de calitate! merita toti banii. vio recomand!;0
1463;se aude de doua ori mai puternic decat fostele. foarte bune. recomand in primul rand aspectul si puterea;0
1464;calitate vs pret o alegere excelenta, sunet perfect, raza mare de actiune, bacteria dureaza satisfacator;0
1465;buna, recomand cu incredere.;0
1466;este o casca super, nu o simti in ureche nu e deranjata fata de alte modele, mica si cocheta;2
1467;nu ma asteptam sa fiu atat de multumit de aceasta boxa!!!!! se aude impecabil, are destul de mult bass la cat e de mica......... nu stiu cat tine acumulatorul ca nu am tinut cont. plus ca are si microfon, merg preluate apeluri, se aude mai tare si mai bine decat telefonul atunci cand esti pe difuzor. se merita! calitate exceptionala! daca ar mai scadea pretul sau ar mai intra la vreo reducere mai substantiala as mai lua una doua....... poate emag va comercializa si celelalte culori (in afara de negru si gri) fiindca sunt cam scumpe la ceilalti comercianti (199 ron).;0
1468;functioneaza perfect.;0
1469;mai am un jbl charge 2+ si sunt surprins sa observ ca se aude atat de clar si de bine. nu are acelasi bas dar e o surpriza frumoasa, mai ales pt 90 lei platiti. receptia e buna si pe apelurile telefonice.   distanta bluetooth, e ok, cam 10 m in apartament, depinde mult si de telefon.;0
1470;mi-a depasit asteptarile. pentru o boxa in categoria ei, se aude foarte bine - la volum 30% se aude deja foarte tare in toata camera. imi place si design-ul si materialele din care este fabricata. s-a conectat imediat la un iphone, sunetul e chiar ok. mediile sunt cam limitate, iar bass-ul (desi puternic) este putin cam infundat. merita banii astia.;2
1471;este foarte buna;0
1472;acest brand nu dezamageste niciodata! foarte bun dect.;0
1473;mg f bn  mergeeeeee foarteeeeee bineeeee;0
1474;o casca buna. inainte am avut trei ani mt55 pe care am pierdut-o. m70-ul l-am luat pentru ca are exact acelasi sistem de fixare in ureche ca si mt55. niciodata nu m-a incomodat in nici un fel la purtare. e conceputa ca sa o poti pune si lua de la ureche foarte repede si usor. sunetul e unul normal si de calitate. persoana cu care vorbesc ma aude excelent. se poate conecta la doua telefoane simultan. personal o folosesc doar cand sunt pe strada si in masina. cand ma suna cineva, o pornesc si o fixez la ureche. in rest o tin inchisa. conectarea la telefon se face aproape instant. astfel bateria tine o vesnicie.;2
1475;se aude foarte bine, un bass placut, merita banii.;0
1476;f util pt banii astea;0
1477;merita toti banii, imi incarc iphone 5s de 5 ori de la 0%. isi face treaba foarte bine. recomand!;0
1478;timp de incarcare a bateriei, aproximativ 6 ore pe usb type c  am reusit sa incarc telefonul cu baterie de 3000 ma de 4 ori de la 2-3% la 100% + o data pana la 50% deci 4 incarcari jumatate.  incarca cu fast charging.  cam mare ca dimensiune.  pret de achizitie: 119 ron;1
1479;fica mea este super multumita de el. recomand cu incredere!;0
1480;sunt foarte multumita!;0
1481;super buna boxa la banii astia. micuta si puternica, sunet clar, tine pe putin 8 ore fara sa o incarci si te anunta cand s a descarcat. am luat o si pe munte dar n am prea avut semnal la telefon. e minunata pentru ce am nevoie!;0
1482;are o muffa mica si un a mare. 4 leduri (albastrr) si o lanterna. toate la 49.69. parerea mea. rewieu.;0
1483;e usoara, se incarca repede si tine mult, incarca telefonul repede.;2
1484;e ok. sper acum sa imi ajunga acest card de 64.;0
1485;raport calitate pret: foarte bun!   recomand!;0
1486;dupa indelungi cautari pe net si in magazine de specialitate am ajuns la concluzia ca sony srs xb31 este cea mai buna alegere. se aude f f bine, incredibil de bine pt dimensiunile ei. sunetul este clar, bassul puternic si nici la max nu distorsioneaza. la pretul de 400-500lei nu aveti cum sa faceti o alegere mai buna.;2
1487;sunt ok. recomand;0
1488;foarte bun! incarca perfect telefonul!;0
1489;foarte ok!;0
1490;"un produs care se ridica la nivelul asteptarilor mele. ma declar extrem de multumit de raportul calitate pret deoarece acesta vine la pachet cu un trial de 6 luni kaspersky antivirus, ceea ce te ajuta sa ""impusti doi iepuri dintr-o singura tragere"".";0
1491;excelent pentru ceea ce face si mai ales pentru design si calitatea materialelor. are foarte multe optiuni si usor de umblat, bezelul rotativ... no coment.. e super.  p. s. pt hateri... go back to eboda;2
1492;o am de cateva luni, nu am nicio problema cu ea.;0
1493;produs de calitate, ma bucur ca pot folosi toate cablurile microusb pe care le aveam de la telefoanele vechi.;0
1494;imi place foarte mult acumulatorul. tine in el cam 3-5 incarcari, in functie de capacitatea bateriei telefonului (mai ales acum cu capacitati de peste 3000mah la unele telefoane). nu am calculat exact cat, dar are nevoie de destul timp ca sa se incarce. recomand sa fie lasat la incarcat peste noapte. e foarte compact si pare destul de durabil.;2
1495;fain modelul!;0
1496;o boxa excelenta, este destul de mica dar scoate un sunet foarte clar si e suficient de tare!;0
1497;calitatea acestei boxe este excelenta din toate punctele de vedere, incepand cu sunetul, conectivitatea si chiar si designul acestea.;2
1498;este buna nota 10;0
1499;foarte buna bateria. are autonomie mare. a incarcat 3 telefoane samsung s6 ( de la 5 la suta la 100 la suta cam intr-o ora ai jumatate) full. bateria trebuie lasata la incarcat cam 8-9 ore pentru a da randamentul dorit. recomand.;0
1500;ii dau nota maxima. se aude excelent, o transport usor in rucsac/geanta, are un invelis placut la atingere.  am achizitionat si un bose in acelasi timp pentru firma si recunosc ca imi place mai mult jbl.;2
1501;"foarte placut surprinsa, la cei 125 lei si la dimensiune ma asteptam sa fie mai slaba insa face ""galagie"" si se aude foarte clar. o recomand cu caldura o am de 2 saptamani si pana acum nu i am gasit nici un minus.";0
1502;incarca repede, nu are afisaj electronic (sincer eu prefer ledurile), e calitate samsung (mai am o baterie din 2013 luata de 9000 mah si merge si acum foarte bine, fara scadere vizibila a capacitatii de incarcare)    pro: cablul retractabil.;1
1503;le am de 2 zile si imi plac foarte mult, sunetul se aude bine, nu cad din urechi. le folosesc la un s5 mini si se potrivesc foarte bine.  pro: sunt adorabile.   contra: nu sunt negre, asa cum arata in imagine, mai degraba un bleumarin.;2
1504;foarte multumita de calitatea sunetului, de aspect, pentru ca e foarte frumoasa. abia am luat-o, nu stiu cat o tine bateria, dar pana acum sunt extra multumitaa!;2
1505;un sistem de protectie si alarmare foarte simplu dar foarte practic. este usore de montat, nu are nevoie de fire (toata transmisia se face wirelles fara a mai fi nevoit sa tragi o gramada de fire. in pachet vine cu un senoar de miscare si unul de usa pentru strictul necesar. alarma din doatare suna destul de puternic si poate pune pe funga eventualii infractori. este un sistem usor de montat, setat si utilizat fara probleme de ordin tehnic. este foarte buna pentru zonele unde nu exista rete de telfonie fisa, pui cartela de gsm in ea si gata. recomand;2
1506;l-am achizitionat resigilat, si este ca si nou. foarte bun.;0
1507;mai aveam una identica cu care ascult acum stereo, produsul resigilat a fost in regula.;0
1508;le recomand! le am de cateva ore si sunt ft multumit. nu le-am bagat niciun pic la incarcat de cand le-am luat din showroom. sunetul este excelent. are un singur defect, pe care pe mn nu prea ma deranjeaza. acela este ca, cand vorbesti la telefon se aude doar in casca stanga;0
1509;dau 5 stele cu toata lejeritatea, ptr. ca merita din plin!  +: volum puternic  bass bun catre excelent  ghid vocal  conectare rapida wi-fi  s.. a.....!  sist suboffer  -: cam voluminoasa, dar e de asteptat ptr 2 boxe de 2×5 watt  se putea o baterie mai mare    pet total: o recomand! pres buna ptr. raportul pret! cumparati-o cu toaya increderea.  datorita rewiurilor am cumparat+o.   bravo teamdeals!;0
1510;sunt destul de ok, avand in vedere ca alte produse de acest gen la pret triplu functioneaza la fel;0
1511;produsul a ajuns la timp, in stare foarte buna!;0
1512;boxa se aude surprinzator de bine pentru dimensiunile ei. inaltele si mediile sunt bune. pentru a avea parte de un pic de bas trebuie pozitionata in coltul camerei sau langa mobila. se aude mult mai bine decat pozitionata pe masa.   nu pot sa spun nimic despre baterie. o singura data am incarcat-o de cand o am. siliconul portocaliu in care e imbracata arata f bine. o recomand.;2
1513;foarte buna, recomand;0
1514;este un produs foarte bun! materiale de calitate, se conecteaza bine cu samsung. sunt foarte multumit! recomand!!!;2
1515;cablu de calitate, capatul merge la ce am eu pe usb - c. singura parte care nu imi place e prinzatoare de silicon pentru cable management e alba, impreuna cu cablu negru nu arata bine. pe capatul de la cablu e un led care arata cand e conectat, cand incarca. adaptorul de usb - c poate fi dificil de scos de unde e bagat. recomand;1
1516;folosesc acest receptor impreuna cu sistemul de la pni, sm400. am montat receptorul in doza circuitului de lumini pe care doream sa-l controlez. acest produs nu se monteaza in locul intrerupatorului de lumina! recomand ca instalarea receptorului sa fie facuta de un electrician. dupa ce l-am montat, am inrolat receptorul si l-am programat foarte usor. lumina se poate aprinde din aplicatia pni, din receptor direct sau prin programarea lui, iar aici sunt mai multe scenarii, de exemplu poti seta ca lumina sa se aprinda daca deschizi o anumita usa intr-un interval orar delimitat si sa se stinga tot prin deschiderea usii in alt interval orar, sau daca un senzor de miscare se activeaza, etc. eu am ales aprinderea si stingerea la anumite ore. sunt foarte multumit de investitie.;0
1517;"e minunata! o bijuterie... e putin mai greu cu conectarea la pc cu windows si la copierea fisierelor... ca si calitate a imaginii si sunetului+ viteza de reactie... merita fiecare banut...  vorba unei prietene:...""mi-a crescut calitatea vietii!""";0
1518;pentru cat costa sunt foarte bune. folosite zilnic 2-3 ore, au inceput sa cedeze dupa aproape 1 an.;0
1519;o tableta care merita fiecare banut.;0
1520;foarte util. este al doilea cumparat, primul a fost unul roz pentru fetita mea, acum am luat altul pentru baiat. este mai greu decat altele... cum am scris si la cel roz... dar pentru concedii, pentru deplasari cu masina, avionul cand il transporti in rucsac sau geanta este excelent!!!;2
1521;excelentaa;0
1522;o tableta super buna...;0
1523;intr-adevar o boxa excelenta - mica, dar scoate un volum destul de puternic pentru dimensiunea ei. imi place si cum se aude, clar si bass-ul se aude bine.  imi place si designul ei - curat si frumos.  imi place ca merge sa asculti in timp ce e conectata la charger.    singurul minus il dau persoanei care a avut grija sa puna boxa in transport - am primit alta culoare (teal) in loc de yellow si a trebuit sa fac un drum in plus la showroom crangasi, unde s-a rezolvat pe loc.;2
1524;foarte practica, usor de folosit si utila. recomand;2
1525;exact cum e in descriere.;0
1526;am avut o serie de power bank-uri, toate s-au stricat dupa cateva utilizari. din acest model am 2 si merg perfect. sper ca asta sa nu se schimbe prea curand.    mi-ar fi placut sa aiba 2 iesiri, sa poti incarca doua device-uri concomitent. in rest, n-am ce-i reprosa.;0
1527;performanta vs. pret - excelent;0
1528;"sint multumita de aceasta casca livrata prin emag.  s-a conectat imediat la telefonul allview p5_quad; este comoda, tine destul de mult incarcata.  are forma ergonomica; bratul mobil care se prinde de ureche este rezistent, din plastic, nu deranjeaza la purtat, cum mi s-a intimplat cu alt tip de casca care avea bratul respectiv subtire, din sirma invelita.  calitatea sunetului este buna; esti informat mereu despre starea de conectare/deconectare si despre numarul de ore ramase pina la urmatoarea incarcare.";2
1529;calitate;0
1530;un ceas care merita. este asa cum l-am dorit.;0
1531;chiar daca era resigilat, a fost ok, doar ambalajul era deteriorat.;0
1532;pana in acest moment nimic de reprosat la tableta. husa e model universal, din material gros, inestetic. rating-ul acordat e pentru tableta.;1
1533;am achizitionat acum 2 luni produsul, si chiar sunt foarte multumit.   se aude bine  conexiunea bluetooth e foarte buna   bateria tine ca in specificatii  pentru dimensiunile boxei si pretul dat nu ai ce sa ceri mai mult!;0
1534;am luat castile la 39 de lei si sincer sunt foarte bune pentru acest pret. chiar surprinzator de bune.   eu am auz absolut (a. k. a perfect pitch) si castile/calitatea lor sunt foarte importante pentru mine. orice mic inconvenient si aud imediat si ma deranjeaza. dar astea chiar se aud bine pentru pret: bass bun, sunet clar. aproape la fel de bune ca cele originale de la apple. dar de 4 ori mai ieftine. recomand cu incredere!;0
1535;tableta functionala cu display decent. iti faci treaba cu ea.;0
1536;exceptionale, conectare usoara, dimensiune mica si sunet foarte bun;2
1537;e super ok. raportul calitate pret e unul f bun.;0
1538;o boxa portabila ideala;0
1539;copilul e tare incantat de ea. atentie la marimea cardului care va fi pus.;0
1540;imi plac microsdurile ca le poti folosi in orice device, direct sau cu adaptoarele potrivite [sd, usb].;0
1541;calitativ;0
1542;"alegerea perfecta pentru citit, net sau utilizare in format ""portrait"". este fix cat o carte medie. cea de 9.7 este exact cat o carte mare. cine este obisnuit cu cartile, un 16:10 este imposibil. am renuntat la un mediapad m2 tocmai din cauza formatului sau. pe ted, de ex. nu-mi apar dungile negre sus-jos clipurile fiind filmate in semiobscuritate.  ecran superb, bateria mai mult decat ok, sunetul bunisor, specificatiile arhisuficiente. semnalul pe wi-fi este cu o linie in plus fata de un s4 dar cu una in minus fata de un adaptor pe usb toto link mimo 2x2db.   impreuna cu un card de 128, este de nelipsit pt. cativa ani.  singurul minus: lipsa accesoriilor sau pretul acestora. 180 lei pt. o husa originala, din plastic, este un pret cam ne***tit.  livrarea a fost super rapida, fara probleme. pretul, in schimb, a fost ca la poker. acum era 1299, intr-o ora devenea 1449, apoi iar 1299, a doua zi era 1199. cacealma curata.  totusi, as cumpara-o din nou. dragoste la prima vedere:)";2
1543;exact la ce ma asteptam. excelent. mai putin bateria dar pe mine nu ma deranjeaza asa tare.;0
1544;bun, bun, bun...;0
1545;sunet excelent.;0
1546;sunt multumit  incarcarea se face rapid   este foarte comod;0
1547;foarte bun si foarte util. incarca foarte repede, are si 2 feluri de iluminare + afisaj digital care arata procentul de incarcare.;0
1548;castile se aud excelent, le am de peste o luna, nu am avut grija de ele, tinute aiurea in buzunar, chiar bagate in masina de spalat si funcioneaza perfect chiar si microfonul. raportul calitate pret este perfect si le recomand.;0
1549;eu am cumparat acest ceas si eu zic ca este foarte util si confortabil plus ca are si facebook si pt cei care nu stiau cum puteti instala jocuri faceti asa: intari la telefon si scrieti *#00000000# duba va scrie game center apasati ok. este foarte usor de utilizat eu il recomand!!;2
1550;il avem de 2 zile.  dar am fost uimita in primul rand de amabilitatea celor de la celalalt capat al firului. o doamna foarte rabdatoare si amabila care m-a i drumat pas cu pas.   ❤️;0
1551;sunt foarte multimit de aceste casti si le folosesc zilnic pe bicicleta -  totodata ascult muzica si la sala / jogging -     au si microfon si se aude chiar ok.     calitate - pret chiar f bune!;0
1552;pentru ca-i nevoie de o parere sincera in legatura cu acest ceas. dupa experienta cu mi band 2, mi-am spus ca trebuie sa incerc mai multe produse de la xiaomi.   asa am ajuns la amazfit bip. ceasul este unul atent construit, cu un ecran ce inca ma uimeste si astazi, dupa 3 saptamani de utilizare. este mic, usor, fin, chestie care il face imposibil de dat jos de la mana.  softul este unul bun cu o interfata placuta in utilizarea de zi cu zi, nimic complicat.  eu l-am luat pentru a-mi inregistra antrenamentele pe bicicleta.  gps-ul face o treaba foarte buna, inregistreaza distanta cu precizie. viteza este si ea pe acolo, putin pe minus cu 0.5 km. altitudinea este bunicica, inca nu am inteles cu exactitate cum o calculeaza softul, dar este acolo.  legat de senzorul de puls, aici din pacate nu prea pot spune de bine, este o mare strutocamila in ceea ce priveste monitorizarea continua. in repaos e ok, isi face treaba bine, problema lui este ca nu o face constant. daca urc o panta, imi arata 89 spre 100 bpm, abia dupa ce ajung la finalul urcarii isi da si el seama si sare de 150bpm. este al doilea ceas luat de la flanco, insa nimic nu s-a schimbat...  plusuri: - display - baterie - gps - notificari - comfortabil - rezistent la apa   minusuri:  - senzor puls slab in monitorizare continua...  - pedometrul cam arunca pasi aiurea cand stau la masa si mananc sau dau din mana.  - imposibilitatea de a te sincroniza cu strava direct din aplicatia proprie.   pentru raportul pret/ calitate este cel mai bun ceas testat de mine. il ador!;2
1553;foarte solid! calitate buna!;0
1554;e un produs premium ambalat corespunzator.  incarcarea dureaza relativ putin, intre 4 si 6 ore, depinde de puterea incarcatorului.  cu acumulatorul incarcat la maxim am incarcat un sgs6 de 4 ori.;0
1555;foarte multumit. e utila si nu e nevoie sa verific telefonul pentru orice mesaj primit sau notificari;0
1556;cristal clear.;0
1557;am cumparat o de curand! e super! la cat e de mica, se aude excelent! nu am multe sa i reprosez! un lucru, durata bateriei! cu ledurile stinse, ei se lauda ca tine mult si bine! nu e asa, cam 4-5 ore, cu volumul aproape la maxim! dar, nu e o problema pentru mine! bravo sony! se aude belea!;0
1558;functioneaza perfect! sunt foarte multumit, recomand!;0
1559;produsul este excelent. se misca f bine si sunt f multumit de el.;0
1560;este incredibila mi-am luat-o pentru a face o pasiune prima data cand am folosit-o a fost la ziua de nastere a surori mele, la un pranz al miresei si la un majorat. e excelenta.;0
1561;super, isi face treaba. de preferat insa sa fie folosit cu un alt cablu usb.;0
1562;o boxa wireless exceptionala! sunet clar, puternic, iar bateria tine o zi intreaga fara probleme. de conectat se conecteaza usor la telefon (android, cu ios nu am incercat). recomand!!;0
1563;super ca si calitate si pret!!  multumesc emag;0
1564;un produs deosebit, recomand;0
1565;bateria functioneaza cum trebuie! are incarcare rapida, apare pe telefon (incarcare rapida) si wireless incarca ok (mai lent dar asta-i incarcarea wireless)(bonus cablul de incarcare mereu cu tine). anatomia chiar se apropie de realitate! merita, nu-i bagati in seama pe idiotii care zic ca nu. i buna...;0
1566;sunt foarte multumit!!!  il folosesc pe un samsung s5!;0
1567;un gadget foarte bun si util, cu posibilitati multiple de utilizare in scopul pentru care a fost facut. sunet clar si puternic pentru dimensiunea acestui produs.;0
1568;ok produsul.!;0
1569;sunt foarte multumit. si va recomand sa cumparati.;0
1570;carcasa metalica. rezistent.;2
1571;recomand cu incredere.;0
1572;ventuza este dintr-un cauciuc moale, foarte aderent.;1
1573;ok, pentru 25 lei;0
1574;un raport pret calitate ok! sunt multumit de produs!;0
1575;am dat un pic mai multe pe el, pentru ca sper ca sunt mai sigure decat cele la kg;0
1576;momentan se comporta bine. singurul minus, desi e posibil sa fie de la mine, incarcarea rapida nu functioneaza. posibil din cauza cablului foarte lung pe care il folosesc. voi cauta un cablu usbc mai scurt.;0
1577;un acumulator extern foarte reusit. dispune de fast charging si are o capacitate destul de mare de incarcare (de minim 2 ori un samsung s8). calitatea materialelor folosite este foarte buna. recomand utilizarea unei huse pentru a preveni zgarieturile, mai ales la modelul argintiu. pretul actual(72 ron) este foarte apropiat de ce poti gasi in magazinele chinezesti de incredere (aproximativ 15 dolari).;2
1578;cons: cutia nu este magnetica. castile se epuizeaza rapid. ar fi fost bine sa tina o ora in plus. mai pierd semnalul din cand in cand. dau putin ear strain, daca le folosesti 9h pe zi, ca mine.    pros: sunet bun spre excelent. design mult peste airpods care arata ca niste muci de promoroaca atarnand din urechi. aplicatie faina cu care poti configura cum asculti muzica. imi place smooth.     sunt adictive.  merita banii pentru ca pur si simplu te chinui cu modelele true wireless mai ieftine. designul si sunetul sunt premium. si un plus de confort pe langa estetica superioara.;2
1579;sunt la a treia tableta apple... s-a marit numarul de utilizatori. se incarca repede, rezista incarcata bine in rest e tableta apple si cu asta am zis tot.   nu cred ca o sa mai cumpar un alt fel de tableta vreodata.;0
1580;calitate foarte buna. se aude destul de tare penntru cat de mica este boxa. conectare rapida fara probleme. nota 10.;0
1581;sunet uimitor de clar, inaltele si bass -ul se aud mai bine pe go2 fata de versiunea anterioara.   boxa te cucereste din prima, este fabricata din cauciuc, este foate bine lucrata, surprins sa constat ca toate culorile sunt placute din cauza pigmentului sidef.   conectare rapida, apelurile telefonice se aud bine, autonomie suficienta la cat este de mica ( are marimea unui sapun dove )   o minunatie,,;2
1582;se aude foarte diferentiat pentru pretul cerut.;0
1583;merita toti banii. eu am prins oferta la 47 de lei, se aude impecabil daca mai consideri si suma data pt achizitionare.  inconvenient: nu are control al volumului. daca dai mai incet de pe boxa, o sa dea defapt mai incet la telefon, sau la ce este ea conectata in momentul respectiv.;0
1584;il testez cam de 5 zile, pana acum totul pare sa mearga bine, problema e la sistemul de operare, la aplicatii mai exact, printre care nu regasesti nici una din cele de pe android sau ios.;0
1585;"sunt client de mai multi ani si pana acum n-am avut nicio problema cu produsele.  comanda efectuata online, plata card. s-a putut ridica pachetul de membru al familiei. produsul corespunde, ca de obicei cu descrierea. sigilat, original cu toate accesoriile. pretul e ok. acelasi pret pe alte site-uri dar care nu au acelasi nivel de credibilitate.  *  putin ciudate mailurile de la ""robotei"" despre oferte temporare (cateva ore) la produse similare. nu am primit raspuns de la nimeni la intrebarile legate de comenzi pe net, de ex: daca poate ridica altcineva coletul. am sunat la serv clienti unde am primit raspuns.  *  dau oricum 5 stele pt promptitudine si profesionalism legate de comanda.";0
1586;recomand!   raport calitate pret foarte bun!   multe functii si un aspect placut!;2
1587;pret mic, calitate buna;0
1588;la fel ca originalul;0
1589;se ridica la nivelul asteptarilor mele, multumit de raportul calitate pret, recomand si altora;0
1590;sunt foarte multumit de el.;0
1591;117 gb sunt utilizabili in telefon.;0
1592;excelent!!!;0
1593;calitativ, bine construit, practic.  se fixeaza foarte bine de parbriz sau de bord.   aripioarele laterale pt fixare - au pe interior un fel de burete cauciucat, de buna calitate care asigura o prindere buna, in special anti-alunecare.  nu scartie sau sa te trezesti ca isi schimbe unghiul in care a fost pozitionat cand ai parte de trepidatii, denivelari, in trafic.  incape perfect in el un note 5 sau un nexus 6. in schimb iphone 5s (care e destul de ingust ca design) la limita ajunge sa fie fixat fest in suport.    raport calitate-pret, foarte bun.   per ansamblu, recomand!;2
1594;cea mai buna firma anker;0
1595;recomand!!!;0
1596;10/10 recomand. super ok sunetul, conexiunea e stabila daca respecta distanta, sunetul e puternic si poti da petreceri cu ea, numai sa ai grija sa nu versi ceva ca nu e waterproof..;0
1597;merge foarte bine. bateria tine mult.;0
1598;o am de 2 zile si isi face treaba cu brio. se aude excelent, a venit incarcata 50% si la un volum de 35-40%, bateria a tinut exceptional de mult. are o baterie li-ion de 3200 mah iar un ciclu complet de reincarcare tine cam 2.5 ore cu incarcatorul din pachet. recomand aceasta boxa!;0
1599;este o. k.!;0
1600;sunt fericit ca pot sa am aceasta boxa;0
1601;e buna dar are versiunea mica;0
1602;"folosit in telefonul mobil, isi face treaba. fara ""freez-uri"".";0
1603;recomand! exact ce imi doream.;0
1604;bune, aspect impecabil, sunet tare si clar, singurul inconvenient e ca bateria se termina repede si se opreste dintr-o data. am achizitionat 2 buc. recomand;2
1605;se lipeste bine pe parbriz, telefonul sta fix, nu vibreaza.   buba e alta: eu l-am pus la baza parbrizului, ca sa nu imi ia din campul vizual, insa imi bate ventilatia exact pe telefon. vara e bine, ca-l raceste, insa iarna mi-l incinge si telefonul imi da mesaj de overheat.;0
1606;am achizitionat-o.  la inceput am fost sceptic dupa ce am probat-o ma uluit ce sunet clar si tare poate sa scoata.  chiar e de nota 10.;0
1607;sunet clar, bass acceptabil. rezistenta la apa.;2
1608;super faina. se aude excelent, bateria tine mult. un avantaj este ca poti asculta muzica in timp ce o incarci. se incarca repede.;0
1609;de data asta nu mai pierd telefonul din buzunar!;0
1610;se aude bine pentru dimensiunea ei.   se incarca rapid in 30 min. tine peste 5 ore. merita toti banii (eu am dat 90 lei).;0
1611;cea mai buna baterie la banii astia! incarca super bine si n-am avut probleme de incalzire;0
1612;"am ramas placut surprins de claritatea si puterea sunetului acestei boxe. partile laterale sunt compuse dintr-un plastic cauciucat, iar designul perfect paralelipipedic ofera posibilitatea asezarii ei pe orice tip de mobilier. cand am cumparat-o nu stiam ca are functionalitate de boxa handsfree, dar o prietena a observat butonul de ""apel"", iar boxa s-a descurcat bine la acest test, avand si un microfon integrat. nu pot sa ma exprim legat de autonomia bateriei, dar pana acum am folosit-o mai mult de 5 zile doar la bluetooth si nu s-a descarcat.";2
1613;ieftin si bun.;0
1614;excelent! isi merita fiecare banut pentru cei ce vor sa investeasca intr un ceas de calitate.   pro  * multitudine de functii, sporturi.   * baterie cu autonomie buna.   * gps ul se gaseste satelitii aproape instantaneu cand te afli in camp deschis.   * curele interschimbabile.   * excelent pentru sportivi.   * se poate folosi ca un smartwatch desi e dedicat sportivilor.   * functie excelenta de monitorizare a somnului.   * multitudine de fete de ceas, in plus iti poti crea propriile fete.   * excelenta vizibilitate in lumina directa a soarelui comparat cu multe alte ceasuri.   * conectare excelenta la bluetooth.   * excelent pentru inot.   * bateria cred ca poate fi schimbata in viitorul departat.   * senzori de presiune, busola, altitudine.   * ecranul rezista zgarieturilor obisnuite.   * se pot instala multe aplicatii.   contra  * un pic cam maricel.   * multe butoane, cred ca se putea face cu 4 butoane  * meniu cam intortocheat.   * curelele de schimb destul de scumpe.   * la 85 de grame e destul de greu, te obisnuiesti destul de greu cu el.   * rezolutie slaba a ecranului.   * materialul curelei originale pare un silicon de slaba calitate.;2
1615;cel mai bun raport pret-calitate posibil.;0
1616;testata pe camp deschis, 30 de metri intre telefon si boxa, sunet perfect fara intreruperi. restul vine de la sine si din celelalte review-uri. e o boxa geniala:);0
1617;foarte ok! recomand!;0
1618;o boxa foarte buna. sunet perfect. am vazut cateva review-uri unde se spunea ca nu se poate regla bass-ul, insa el se paote regla cu ajutorul aplicatie soundtouch.. recomand cu incredere. merita toti banii. eu am cumparat-o direct din magazin.;0
1619;la radio cam nu m-am descurcat. merita totusi!;0
1620;functioneaza fara probleme!;0
1621;merge perfect;0
1622;bun produs;0
1623;foarte calitativa si usor aplicabila.;2
1624;este foarte mic si compact pentru un accumulator de 10mii. un singur port de 2.1a, dar oricum prea rar incarci 2 device-uri deodata. imi incarca un samsung s7 de aprox 3 ori. excelent. recomand;2
1625;detin unul pe culoarea neagra. arata impecabil. sunt multumit. se potriveste cu iphonul meu black mate.;0
1626;foarte bun 9/10;0
1627;un produs bine gandit, se fixeaza bine, usor de folosit.;2
1628;viteza transfer buna;0
1629;de calitate, folia de sticla protejeaza perfect displayul tabletei, rezista la impact. recomand;2
1630;foarte prost  cand conectezi slefiul styk la telefon prin bluetooth, anuleaza tastatura si nu poti scrie mesaje...;0
1631;e un produs bun sant multumit cu el. cu o incarcare pot sa incart smart cu baterie de 5000 de trei ori si ceas de patru ori, asa e ok.;0
1632;pro:  - dimensiune relativ mica  - sunet excelent. se aude foarte clar iar basul este suficient.  - forma de prezentare si cutia sunt foarte bine realizate, se vede ca e jbl.  - materiale de calitate  - usurinta in utilizare, totul este intuitiv.    contra:  - nu vine cu incarcator  - ar fi fost bine daca ar fi avut si radio tuner sa poata fi utilizata standalone.    per total sunt multumit. un produs bun, de calitate.;2
1633;foarte util. incape in portofel. recomand;0
1634;foarte bun, calitativ.;0
1635;sunet de calitate si puternic pentru un dispozitiv de aceasta marime! este un produs multifunctional: radio fm, boxa bluetooth, mp3 player prin usb sau microsd. bateria tine aproximativ 4 ore. l-am cumparat drept cadou pentru tatal meu, dar am fost atat de incantati de produs incat ne-am luat si noi unul!;0
1636;user friendly, simplu, bateria tine aproape 5 zile. nu e waterproof!;2
1637;livrare rapida. folia se potriveste perfect.;0
1638;in urma achizitionarii a 3 bucati si imperecherea lor cu amazon alexa tocmai am reusit sa imi fac partea de smart home-ul pe care mi-l doresc de foarte mult timp.;0
1639;imi place mult bratara asta. inregistreaza mereu si bateria tine super mult. primesc notificarile la timp si pedometrul este in regula.;0
1640;sunt foarte multumit de calitatea produsului!;0
1641;sunt foarte multumit.;0
1642;ft multumit din toate pc de vedere..;0
1643;este un card ok pentru telefoane.;0
1644;de incarcat, incarca exact de cate ori ar trebui, adica 80-85% din capacitatea sa. lumina de veghe (cu 2 intensitati) este excelenta, mai ales noaptea, daca vrei sa citesti si sa nu deranjezi. o recomand cu toata increderea.;0
1645;sunet clar, puternic, bas ok, la maxim dat pensionarii batut in perete, foarte buna, rezista 10 h non stop.  o recomand, si eu sunt destul de pretentios.  transportul mi se pare foarte scump, de ce 30 de lei, nu stiu.;2
1646;dupa jumatate de an de utilizare isi face inca treaba fara probleme. am achizitionat mai multe si nu a crapat nici unul. vine cu 2 cabluri mici de incarcare in pachet, insa nici unul nu are functia de cablu de date (la mine nu au functionat).   ambalajul produsului (carton compartimentat, pungulita, 2 x cabluri si instructiuni), precum si carcasa de plastic ii dau un aer de acumulator premium.  alte avantaje ar fii constructia robusta pentru un acc. de 12 ah, avantajata probabil de tehnologia pe lithium, lanterna cu led integrata si brand-ul cunoscut.;2
1647;se aude extraordinar de bine si tare pentru ce dimensiuni are. la pretul asta merita cumparata.;0
1648;ceasul este ok;0
1649;sunt multumit:-)  recomand.  e posibil sa nu aiba chiar 10500 mah, dar isi face treaba;0
1650;tableta e foarte buna. este cea originala cu meniul la prima pornire in romana. sunt multumit!;0
1651;super, recomand!;0
1652;am achizitionat acest incarcator wireless si sunt multumit de el. incarca normal un samsung s7 edge.;0
1653;produs foarte bun, l-am folosit la 2 tablete si a mers perfect la ambele.;0
1654;recomand, am luat si pe negru si pe alb;0
1655;superrr, recomand!!;0
1656;imi incarca telefonul destul de repede fata de alte baterii externe. este foarte bun mai ales ca nu are nici un pret foarte mare;0
1657;am acumulatorul de o zi si sunt foarte multumit de el! l-am luat de black friday pe 50 de lei. am facut un test si scoate cu un singur telefon conectat 1.5a probabil de la cablul de date pe care il folosesc! o sa fac cateva teste sa vad daca chiar are 10a.(bonus vine frumos inpachetata);0
1658;cele mai bune carduri de memorie;0
1659;arata bine si pare de calitate. fiind rotativa poate fi folosita si landscape si portrait, culoare foarte frumoasa.;2
1660;sunt multumit de produs. incarca un iphone 6s de vreo 4 ori.;0
1661;este perfecta. mai perfect decat ma asteptam... are si un elastic de fixare... este super ok. o recomand!;0
1662;este un produs excelent care iti protejeaza telefonul de zgarieturi si care poate fi aplicat foarte usor.;0
1663;am conectat-o foarte usor la tableta android si la iphone, merge usor si fara probleme pana acum.  singurul mic dezavantaj la ea este ca e putin cam grea, dar acest lucru este specificat in descriere, deci stii ce cumperi. in plus, prin design e clar ca ideea este sa o folosesti asezata pe masa, iar suportul integrat este perfect.  este alimentata cu doua baterii aaa. eu o folosesc doar ocazional, asa ca nu pot avea inca o opinie despre cat de des trebuiesc schimbate.;2
1664;foarte buna! se aude bine. bateria tine 1 zi.;0
1665;este intr-adevar portabila, dimensiunea e perfecta pt. buzunar.    calitatea sunetului este foarte buna pt. o boxa de aceasta dimensiune. sunet clar, fara zgomot de fond. inaltele, mediile sunt wow! (daca ai o sursa buna din care redai), basul este destul de puternic si clar chiar si la volum mare.     nu o folosesc intens, dar pot spune ca bateria tine destul de mult, uneori ascult radio la servici si/sau muzica pe youtube acasa dar nu am reusit inca sa o descarc complet. o incarc din cand in cand pt. a avea bateria full in caz de nevoie. chiar am facut un drum in tara de aprox 10 ore in care am folosit-o pt. gps si nu sa descarcat.    recomad.;2
1666;cei care spun despre aceasta tableta ca nu este buna nu au bani nici de o cafea tableta este super are 4g si loc de card bateria tine foarte bine;0
1667;inainte de a achizitiona acest cablu nu aveam cine stie asteptari, insa dupa ce mi-a venit pachetul si l-am testat personal orice dubiu a disparut, cablul fiind foarte fiabil si compact.     pro    - funnctie de incarcare / sincronizare  - compatibil cu ultima versiune de ios (9)  - telefonul il recunoaste ca fiind unul original (nici o eroare pana acum)  - material cauciucat, placut la atingere si plastic care nu se zgarie dupa o utilizare    contra    - metalul de pe bratara se zgarie foarte repede ( au aparut primele zgarieturi de la prima utilizare)  - mufa lightning este putin stramba (se vede cu ochiul liber) insa nu afecteaza buna functionare a cablului (mi s-a intamplat la un cablu, nu sunt sigur daca este asa si la celalalt). daca aveti acest noroc nu incercati sa indreptati greseala deoarece riscati sa rupeti mufa, fiind foarte fragila chiar si in cazul unui cablu original.;2
1668;produsul este excelent;0
1669;raport calitate/pret excelent. am achizitionat acest acumulator de black friday la pretul de 54.99 lei.  materiale foarte bune.  are 2 porturi - 1.0 a si 2.1 a  incarca un iphone 6 de aproape 4 ori full.  se opreste singur la 100% pentru a nu face overcharge.;2
1670;produs foarte bun;0
1671;ok!    atentie la cablul de incarcare folosit (fara un cablu bun, se comporta ca un incarcator normal, care nu are quick charge).;0
1672;chiar foarte bun. i l-am luat cadou mamei mele si nu a folosit decat vreo 3 gb din 32:)). recomand pentru clasa, pret si marime.;0
1673;pentru a viziona pe youtube desene si sa descarci cateva jocuri este ok, nepotel fericit!;0
1674;sunt foarte buni;0
1675;foarte buna bateria.;0
1676;calitate foarte buna, pret decent. recomand!;0
1677;se aude foarte bine, bateria tine neasteptat de mult. pe scurt o boxa chiar buna;0
1678;functioneaza perfect si are un aspect elegant. nu este la fel de rapid precum un wall-charger, dar incarca si acesta destul de repede. cam in 1:30h de la 15% la 100%. in plus, este foarte practic.;2
1679;am cumparat acest produs dupa ce am incercat mai multe produse similare si sunt pe deplin multumit.;0
1680;inscriptia de pe adaptor tine locul unei lampi de noapte. functioneaza foarte bine;0
1681;am cumparat boxa de cateva luni si nu m-a dezamagit deloc.  conectarea este foarte rapida, sunetul este foarte clar, microfonul functioneaza exceptional, rezistenta la apa 100%- in limitele ei, nu as da-o pe alta boxa... este absolut tot ce ai nevoie.. sunet foarte puternic- luand in seama dimensiunile ei. se potriveste perfect cu descrierea din videoclip - grab and go!  foarte faina boxa!;2
1682;mi-am cumparat 2 boxe si se aud perfect impreuna doar ca m-am chinuit destul de mult pana am reusit sa le fac sa merga pe un macbook air cu un singur bluetooth. am reusit cu audio midi setup.;0
1683;un produs foarte bun, il recomand din toate punctele de vedere, calitate sunet foarte buna, autonomie baterie foarte buna si mai ales foarte usoara de purtat la ureche aproape nu se simte, recomand.;0
1684;excelent si nu e nici scump!!! bravo emag!;0
1685;excelenta boxa! foarte multumit de bas, se conecteaza rapid la telefon sau ipod prin bluetooth. bateria tine cateva ore, daca nu o forjezi la maxim. sunt foarte, foarte multumit de achizitie! multumesc emag!;0
1686;am luat-o pentru ca era 300 de lei la black friday. altfel, nu-si merita 1200. merge, in special, cu telefoanele samsung. iar calitatea imaginilor e asa si asa..;0
1687;foarte usor de folosit. recomand!;2
1688;un smartwatch excelent!!!;0
1689;foarte bun. am cumparat doua pentru o tableta allview si telefon allview. a recunoscut pe amandoua.;0
1690;sunt foarte multumita.;0
1691;design dragut, sunet clar. cea mai buna boxa pe care l'am incercat pana acum.:);2
1692;e foarte ok si practic. recomand;2
1693;are aproximativ 6 cm cu totul, fiind usor de luat in pachetul cu husa. am putut sa imi conectez la tableta cu ajutorul acestui cablu mouse tastatura si stick usb. daca vreti sa le folositit pe toate in acelasi timp mai trebuie un hub usb. oricum este util pentru transfer de fisiere  pro:: poti conectat aproape orice la tableta;2
1694;"de a lungul anilor am avut multe telefoane cu touchscreen si absolut toate le-am protejat cu folie sau sticla pt touch. dar am ramas uimit de calitatea foliei de la invisible protection. am montat-o destul de usor. ideea este ca adera perfect. nu sunt cel mai indemanatic om si din greseala la montat am zgariat destul de mult folia cu ajutorul cardului venit in pachet dar spre surprinderea mea la nici 4 ore de la montaj toare acele zgarieturi s-au ""vindecat"". nici cea mai mica urma. 2 bule mari de aer ramase sub folie in maxim 6 ore au disparut in totalizate iar particulele de solutie ramase care nu au iesit cu cardul s-au evaporat in jumatate de ora.  rezultat perfect. folie rezistenta si elastica. imagine clara. pret imbatabil  recomand invisible protection";2
1695;excelent produsul! despre valoarea lui... ce sa mai spun....;0
1696;incarca foarte rapid.;0
1697;ceasul este super ok, exact ca in descriere. multumesc celor de la babytoy ca au fost foarte amabili si m-au ajutat cu setarile ceasului intr-un timp f. scurt. nota 10!!!;0
1698;sunet excelent, baterie buna, rezistenta  perfecta;0
1699;o boxa excelenta, mica si foarte puternica. sunetul este de calitate, bateria tine destul de mult.;2
1700;calitate!;0
1701;am luat in teste mai multe ceasuri. am inceput cu un garmin forerunner 235, apoi cu un fitbit surge si in ultimul rand tomtom runner 3 cardio +music + headphones gps running watch. le-am testat pe toate, insa singurul produs care i-a placut iubitei mele a fost primul garmin forerunner 235. avea mai multe minusuri, incepand cu lipsa prea multor functii pana la dimensiunea cadranului putin cam mare pentru incheietura ei.  cu aceasta ocazie am decis sa comandam si un fenix 5s ca prea mult il lauda lumea, si plus de asta avea carcasa ceva mai mica decat 235. pentru ca a fost fascinata de produsul garmin, va dati seama ce bucurie a avut cand a primit fenix 5s. statea foarte bine pe mana, avea mai multe functii decat 235, si se potrivea de minune cu toate activitatile ce le facem impreuna.  nu dau prea multe detalii tehnice pentru ca pentru asta sunt multe site-uri cu review-uri, doar atat vreau sa spun:  fenix 5s - facut pentru incheieturi inguste  capteaza bine satelitii  se vede foarte bine si pe timp de soare puternic  usor, si foarte multe functii care inca nu le-am descoperit, dupa aproape 1 luna si jumatate de folosire.  da, pentru fenix 5s.  garmin rulez;0
1702;cu aceasta baterie am putut incarca:  3,5x baterie telefon huawei p8 lite (2200mah)  1x baterie boxa portabila logitech x300 (nu stiu cati mah are)  1x baterie bc-l5 1000 mah    bateria se incarca complet destul de greu in aproximativ 10 ore daca folosesti un incarcator de 5v 1a.;0
1703;sunt foarte multumit de boxa. am testat-o intr-un carrefour inainte. am ales varianta de 6w pentru ca cea de 10w chiar daca se auzea foare putin mai tare, distorsiona sunetul, si nu o foloseai la maxim.     cons: eu ascult muzica de pe un macbook pro din 2011. nu stiu daca e de la latop sau boxa, dar in niciun caz nu vorbim de 10m distanta, cat de 3-4 metri. e posibil sa fie de la bluetooth-ul laptopului meu, fiind versiune veche.;0
1704;bateria este originala, recomand cu incredere. multumesc emag.;0
1705;recomand. se comporta excelent.;0
1706;am luat unul si merge foarte bine, e copilul in clasa 0 si m-a scutit de la a-i cumpara telefon.;0
1707;foarte bun, se incarca di incarca repede orice smartphone si tableta.;0
1708;conform specificatiilor, fara nici o problema pana acum.  incarca fast si prin husa destul de groasa.  sunt multumit.;0
1709;- se aude foarte bine pentru cat costa  - desi este destul de mica boxa => o baterie mica, chiar tine cat scrie in specificatii;0
1710;l-am pus pe bord si sta f bine. sunt multumita.;0
1711;neasteptat de buna, putere/autonomie;0
1712;produs excelent, nimic de reprosat!;0
1713;sunt foarte multumita de produs! se conecteaza usor, sunetul se aude clar si la volum mare in ciuda dimensiunii mici, nu pierde conexiunea cand o mut in alta camera. recomand!;0
1714;"acumulatorul este dotat un cablu micro usb integrat (ptr samsun sx etc.), care, in momentul utilizarii, se extrage din corpul acestuia, descoperind, in acelasi timp, o priza usb la care se poate conecta orice alt cablu usb de alimentare (pentru iphone etc.) - acesta din urma nefiind inclus in pachet.!  alimentare se face prin mufa: micro usb"". cablul de incarcare usb - micro usb este livrat cu produsul.  se pot face 2 incarcari complete pentru iphone 6.  timp propriu de incarcare - cca. 2 1/2 - 3 ore. (este necesar un incarcator 220v c. a. - cu priza usb, neinclus.)  activarea acestuia se face prin scuturare iar dezactivarea se face automat dupa un anumit timp dupa ce nu mai este folosit sau cand device-ul alimentat s-a incarcat complet.    produsul este foarte estetic fiind acoperit pe doua fete cu piele maro-caramizie.   sigla platinet apare pe fata principala  are dimensiunile identice cu iphone 6 astfel incat unul peste altul par aceeasi entitate, mai ales daca telefonul este dotat cu o husa apple tip...... din piele de culoare apropiata (maro) care se asorteaza relativ cu produsul.    personal sunt foarte incantat ca l-am achizionat la un pret rezonabil pentru cum arata.  nu ma pot pronunta in ceeace priveste durata de viata, deoarece il folosesc de curand.  concluzie: 5 *.";2
1715;merita toti bani!;0
1716;foarte buna.  se incarca greu, dar incarca foarte repede telefonul.;0
1717;casti ok la pretul acesta. eu le folosesc doar la birou pentru muzica in timp ce lucrez ca sa nu mai aud zgomul din jur. le am de prin decembrie 2017 si sunt ok. singurul lucru care nu prea mi-a placut este ambalajul care este dintr-un fel de carton reciclat. nu e chiar urat daca salvam un copac sau doi, dar daca vrei sa le faci cadou trebuie sa le impachetezi in alta hartie ca sa arate misto.;2
1718;usor, nici nu il simti la mana, inclusiv in somn este confortabil.  arata bine.  cureaua se schimba usor.   contorizeaza bine etajele urcate/coborate.  double tap-ul merge printr-un “tap” mai puternic.  indicator de mesaje, mailuri etc, dar doar le poti citi de pe ecranul ceasului.  ora se verifica f usor, datorita modului analog si ecranul se aprinde numai daca ridici mana sau depinde de setarea preferata.   aplicatia prin care este conectat la telefon este ok, ofera diagrame si situatii zilnice/saptamanale legate de activitatile desfasurate.  daca il folosesti si pt activitati sportive, ceasul are functii separate de alergat, ridicat greutati sau mers pe jos- astfel calculeaza altfel caloriile arse intr-o zi.   merita banii pt cei la inceput de drum cu smartwatch-urile.;2
1719;excelent raport pret-calitate. nu a fost nevoie niciodata sa o dau la maxim. se aude foarte bine. perfecta pt voiaj.;0
1720;foarte bun acest acumulator. recomand!;0
1721;produs ok, autonomia se apropie de cea din descriere.  mentionez ca nu l-am folosit f. des, l-am cumparat special pentru excursii.;0
1722;e ok, cam mare si cam greu dar asta nivelul tehnologic acum.;1
1723;am comandat aceasta curea cu putina teama sa nu fie o asa zisa chinezarie proasta! produsul este mult peste asteptari din punct de vedere calitativ. port cureaua de 3 saptamani si nu are nici un defect sau zgarietura, materialul este de buna calitate. diferenta fata de produsul original este mica. recomand!;2
1724;se aude excelent pentru dimensiunile si pretul boxei. materialele sunt de calitate, semnalul e stabil.;2
1725;foarte bun pentru samsung s7;0
1726;l-am cumparat pentru o camera video care filmeaza la 1080p, 30 fps si n-am nimic de reprosat. viteza de scriere undeva la 20 mb/s ceea ce este decent iar citire peste 48 mb/s.;0
1727;ok, recomand a. folosit-o la tab 2 10.1 p7500;0
1728;cumparat resigilat cu 70 lei. foarte bun!;0
1729;face treaba foarte buna impreuna cu incarcatorul de 3a lg mcs-n04er.;0
1730;raport calitate pret, excelent!;0
1731;astazi am facut comanda si abia astept sa soseasca;0
1732;foarte buna. se aude bine, fara zgomotul de fundal, nu cade din ureche. ciudat ca nu a venit cu cablu de incarcare...;0
1733;se aude destul de tare si de bine, se conecteaza usor. arata mult mai bine ca in poze.;2
1734;multumit de produs  - sunet bun- clar  - are destul de multa autonomie- nu trebuie sa o tii in priza decat cand o incarci  - radioul ok    merita;0
1735;sunt mai mult decat multumita! eu am luat-o ca sa ascult muzica de pe youtube si spotify de pe telefon. se aude muuult mai bine decat de pe smart tv. chiar daca e micuta, e wow!;0
1736;boxa am achizitionat-o la un super pret. cat despre ea in sine, este perfecta pentru la gratar, plaja, in curte, la tara, oriunde te duci este foarte usor de luat cu tine, se aude festul de tare si te conectezi cu orice telefon. bateria te tine fooooarte mult si iti poti incarca si telefonul la ea. ma bucur de alegerea facuta.;0
1737;butoanele sunt ok, raport calitate pret foarte bun.. fac ceea ce trebuie, problema este ca am primit un buton defect.. din pacate nu pot atasa poze..  le: dupa ce am vorbit cu baietii de la invisible protection si le-am explicat ca unul din butoane a fost defect, mi-au trimis alte butoane in loc..  au facut test cu butoanele pe un telefon aproximativ asemanator cu al meu, mi-au trimis si video pe whatsapp cu verificarea lor.  tot respectul pentru felul in care isi trateaza clientii.;0
1738;arata foarte bine...;2
1739;am cumparat acest incarcator acum 1 luna, deocamdata se comporta impecabil, recomand!;0
1740;produs ok! pret ok luat la reducere;0
1741;husa este exact ca in descriere, materialul husei este de calitate. am acces la camere, am primit si un pix cadou pe care il pot atasa la husa. multumesc;2
1742;se comporta exceptional pentru banii pe care i-am dat. ambalaj premium, cablu plat, garantie 2 ani. nu au butoane de volum dar nu este deranjant.     contra... cam subtire cablul, pare firav.;1
1743;am cumparat aceasta bratara smart la pretul de 155 de lei de pe emag.   de la primul impact cu bratara am ramas impresionat. trebuie sa precizez ca este prima bratara smart pe care mi-am cumparat-o.   am descoperit ca are o groaza de functiuni, si toate functioneaza perfect: monitorizarea somnului (iti indica si calitatea, ore exacte) precum si functiunile sport. am conometrat atat parametri in timpul partidei de fotbal precum si in timpul antrenamentelor in aer liber/alergarilor. functia de calculare a pulsului este excelenta, te avertizeaza cand depasesti bariera ta de efort.   bateria, este exceptionala, dupa 5 zile de la prima incarcare inca am 78% baterie.   este o bratara cu un design bun, nu te incomodeaza, ajungi sa te obisnuiesti foarte repede cu ea. consider ca este mult mai buna decat ori ce ceas. iti calculeaza bine si pasii precum si caloriile arse pe parcursul unei zile. aplicatia de telefon merge foarte bine si nu consuma foarte nula baterie in regim de bluetooth.   per total cred ca este un produs la un pret corect si accesibil oricarui om. recomand cu sinceritate.  mi-a fost frica sa o introduc in apa, insa cred ca nu este o problema deoarece in timpul alergarilor nu a fost afectata.   este exact bratara de care ai nevoie atunci cand iti trebuie putin motivatie, sau cand iti doresti sa iti imbunatatesti parametrii fizici.;2
1744;un selfie stick foarte bun.;0
1745;se lipeste si ramane acolo ( pe geam) si accesoriul de lipit pe alte suprafete decat sticla sta lipit f bine pe plastic poros... excelent;0
1746;nu am avut nici o problema ca de obicei. o am de cateva zile si o recomand fara rezerve. merge cu un sim scos din modem digi. am vrut aceasta versiune deoarece vreau sa fiu conectat tot timopul la retea. am gasit aplicatie whatsapp si merge in paralel cu telefonul tot huawei. am incercat si cu un sim pentru voce. functioneaza si ca telefon. am putut transfera fisiere direct de pe un hard disk extern prin cablu otg.   se poate conecta si la laptop prin cablul de la incarcator. urmaresc deja fisiere video. folosesc castile de la telefon pentru ca nu are casti dedicate. nu am verificat totul ca o am de trei zile dar corespunde cu plus asteptarilor. pacat ca nu mai face parte din oferta emag.;0
1747;o tableta buna. eu sunt foarte multumit de ea, mai ales ca am luat-o la un pret redus. se conecteaza foarte repede cu celelalte dispozitive si transferul de date este rapid. recomand.;0
1748;sunt de calitate superioara;0
1749;foarte bun:);0
1750;foarte multumita sunt de el. se fixeaza usor si are un buton dedesubt cu ajutorul caruia scoti cu usurinta telefonul. functionaza bine si e util in masina, mai ales cand navighezi pe waze.;2
1751;addio laptop;0
1752;am cumparat-o mai ieftin la resigilate si sunt foarte multumit de ea. se aude extrem de clar cu toate ca are dimensiuni foarte mici. rusine emag pentru ca a fost nevoie sa comand de 2 ori deoarece nu si-au onorat prima comanda si inca astept sa imi inapoieze banii. 5 stele pentru boxa, 0 pentru emag;0
1753;o am doar de cateva zile, dar sunt foarte multumit de tableta, mai ales in banii astia (1050 ron).  ecranul este mare, are rezolutie buna, este luminos, mai ales daca nu activati senzorul de lumina care il tine cam intunecat chiar si ziua.  tinand cont ca sistemul de operare ocupa aproape 10 gb, varianta de 32gb e mai mult decat potrivita. eu i-am adaugat si un card de 32gb cu care se impaca foarte bine.  la o utilizare normala, fara multe aplicatii deschise in acelasi timp, se misca foarte bine, nu are lag sesizabil. functia de split screen e foarte utila si functioneaza impecabil.  despre baterie inca nu stiu ce sa zic, dar dupa prima incarcare am obtinut 2 zile de standby, 11 ore de functionare a ecranului cu filme, netflix, navigare pe net, bluetooth si wi-fi permanent activate si mai am 20%.  eu i-am luat husa tip flip si senzorul hall functioneaza excelent, inchide ecranul instant cand inchizi husa.  camerele fata/spate sunt decente, dar pe mine nu ma intereseaza. nu folosesc tableta sa fac poze, iar cea frontala e foarte buna pentru skype/messenger.  in jocuri nu am testat-o pt ca nu ma joc pe tableta.  ca mici minusuri as adauga:  butoanele soft pentru back si aplicatii recente nu sunt luminate (2 leduri nu cred ca erau scumpe) iar noaptea cam trebuie pipaita tableta pana le nimeresti  senzorul de lumina tine ecranul prea intunecat chiar daca ii setezi luminozitatea la maxim, deci ziua trebuie debifat si setatata luminozitatea dorita.  difuzoarele slabute si puse in partea de jos, deci in pozitia orizontala sunetul se aude doar dintr-o parte.  pentru unii s-ar putea sa fie o tableta grea, dar e grea cu un motiv.  recapitulam: ecran mare, rezolutie buna, baterie foarte mare, fara lag deranjant, 32gb plus slot card, camera decenta cu un led puternic. plus ca vine cu android 7.0 si am inteles ca va primi upgrade la oreo 8.0  daca apar schimbari o sa fac update la review.;2
1754;recomand, e super buna. are un bass si o claritate foarte ridicata.;0
1755;produsul este conform descrierii oficiale.;0
1756;pare bun. revin daca se va defecta!;0
1757;un acumulator perfect ce nu dezamageste. inca o data asus se ridica la asteptarile noastre! are un fel de protectie contra stocurilor. incarca foarte repede. recomand cu incredere;0
1758;eu sunt multumita;0
1759;excelenta! sonor clar si bass bun!;0
1760;recomand cu placere. dupa ce am luat un no name cu incarcare solara care era mai slab decat un power bank de 10 lei, am ales aceasta varianta de firma, merita toti banii.;0
1761;o am de cateva luni bune si functioneaza precum este descrisa si prezentata, adica foarte bine. cel mai mare avantaj este acela ca bateria tine 1 an.;0
1762;dupa un an de zile, folosit intr-un s7 edge, merge impecabil. recomand.;0
1763;o boxa de exceptie.;0
1764;la un pret asa de mic.. boxa este foarte, foarte buna! imi place ca e mica si o pot lua peste tot. recomand!;0
1765;un produs care isi merita banii. este folositor in special pentru drumuri mai lungi, intrucat este destul de incomod sa-l scoti mereu pe distante mici.;0
1766;se aude tare, clar si bassul este minunat;0
1767;e ok, am luat priza pentru un router fix vodafone care se tot deconecteaza de la un dvr, cu priza pot programa de la distanta sa se stinga/aprinda routerul asa reusind sa restabilesc conexiunea.;0
1768;foarte performanta;0
1769;super tot, boxa, servicii emag;0
1770;calitativ, imi place mult. nu am dat gres, procurandu-l.;0
1771;raport pret calitate super;0
1772;foarte ok sunetul, recomand;0
1773;bbun;0
1774;am cautat mult pe net inainte sa-mi cumpar aceste casti si sunt foarte multumit de ele !  le folosesc la sala / pe bicicleta / la jogging -> stauf bine in urechi + ca au clema care o poti prinde de tricou pt a nu te deranja cand alergi in special.  calitate pret = super . recomand !;0
1775;ca si produs raportul calitate pret e ok la fel ca si serviciul oferit de emag. sunt multumita, recomand acest produs;0
1776;acum este in probe. am incarcat cu el baterie de 2800 ma de 4 ori. dureaza cam mult sa-l incarci, 8-9 ore la o incarcare de la 20%- 100%. se incinge incarcatorul destul de tare. in rest numai de bine.;0
1777;este o boxa geniala, se aude chiar clar la volum destul de ridicat si daca mai aveti prieteni cu flip 4 sau cu modele mai mari de atat care permit conexiunea a mai multor boxe simultan iese o petrecere de minune;0
1778;este in teste deocamdata. mi se pare a fi ok. am imcarcat bateria 100% dupa care am inacarcat un s4 de la 15%, un note 4 de la 20% si mai am doua leduri aprinse.;0
1779;foarte bune.;0
1780;peste asteptari, calitate foarte buna, sunet clar. best buy, mai ales de bf;0
1781;se misca foarte bine.;0
1782;bratara e ok, cu functii multiple care isi fac treaba in parametri, material de calitate, daca iti este necesara o achizitionezi pur si simplu.;2
1783;la 130 si ceva de lei e foarte bun. reconand;0
1784;am comandat incarcatorul si sunt foarte multumit de calitatea lui si de promtitudinea emag privind livrarea. fixeaza foarte bine telefonul samsung note 8.;0
1785;le ador. se aud excelent;0
1786;boxa completa, cu un sunet clar si puternic, se conecteaza imediat cu telefonul prin bluetooth, usor de trasportat  singurul incovenient care il pot observa este fermoarul din spatele ei - unde se gasesc toate mufele.;2
1787;mi se pare un produs excelent, mai ales pentru ca are un pret scazut. boxa este una de calitate, si foarte buna.;0
1788;"un acumulator foarte bun. are 15000 ma reali. nu sunt doar pe hartie ca in cazul altor acumulatori.  incarca un galaxy s8 de vreo 5 ori - eu am incarcat de 4 ori, iar a 5-a oara pana la 75-80%.  singurul minus ar fi faptul ca este cam mare si destul de greu. dar avand in vedere ca are 15000 ma ""sanatosi"", se cam justifica.    lanterna din capat (cea lata) e ok pentru a merge noaptea la peste;)  livrare prompta emag, ca de obicei.";0
1789;este foarte ok bateria. am incarcat un telefon de 2600 mah de 3 ori. plus ca are o laterna super:).;0
1790;desi are un pret mediu tableta se misca foarte bine (cel putin pe aplicatiile / jocurile pe care le utilizez eu);0
1791;eu am primit unul cadou.. mi se pare ok.. batul pare stabil.. butonul functioneaza concret.. momentan sunt ok.. revin daca sunt probleme la el;0
1792;o boxa foarte buna, ca raport calitate pret.;0
1793;un produs de calitate, un big like pentru rezistenta la apa, fac mult sport si am stricat multe casti audio, pe acestea le folosesc de aproximativ 5 luni intens la sala si sunt foarte multumit de ele.;0
1794;ok, recomand;0
1795;forte bun pentru fetita mea;0
1796;samsung s8+, lg v30, sau sony xperia xz premium au recunoscut instant cardul. atentie la ce cumparati, sa fie compatibil cardul cu telefonul, apoi telefonul sa fie capabil uhd, respectiv 4k. sunt f bune pentru mine. (am comandat 2 carduri);0
1797;foarte bun! recomand cu incredere.;0
1798;foarte multumita de produs si de pretul mic cu care l-am achizitionat;0
1799;sunet excelent! neasteptat de buna produsul. recomand!;0
1800;imi place cum se aude pt o boxa ieftina... are bass nu gluma;0
1801;este foarte bun incarca repede nu astepti mai mult de 30 min-1 ora;0
1802;merge ok pana acum. nu mai trebuie sa zic de marca apple;0
1803;"un concept nou de smartwatch, as putea spune ca este un smartwatch ""minimalist"", dar in cel mai bun sens posibil, diferit de celelalte, material de ft buna calitate ft frumos lucrat si finisat.  se misca foarte bine, se vede foarte bn ziua in soare, foarte usor de folisit chiar daca nu are touch-screen.  tinand cont k sunt unpic maniac cu tehnologia si citind din review-urile negative sau cotate slaba, am fost unpic retinut in achizitionarea acestui produs (din pricina dorintei, ca produsul pe care il cumlar sa faca cat m ai multe lucruri si cat mai performant si cu dotari si senzori de ultima generatie...) dar acest ceas ma cucerit cu simplitatea lui imbinand aplicatiile de baza cu adv folositoare si designul si calitatea unui ceas de firma!   daca doriti un ceas la mana care sa nu arate a smartwatch si sa inbine utilul cu plactul acesta este alegerea perfecta   se incarca destul de repede ft mltumit de baterie aprox 1 luna de zile sincer nu ma asteptam ca un produs romanesc sa fie atat de calitativ si atat de reusit!!!  eu nu prea stau sa scriu review-uri produselor pe care le cumpar pt k nu am rabdare dar acesta ma facut sa fac o exceptie.  acesta este punctul meu de vedere sper sa va fie de ajutor si il recomand inca odata!!!";2
1804;produs ok.  conform descrie anunt.  calitate foarte buna!  recomand!!;0
1805;foarte ok bateria desi am luat-o de la resigilate.;0
1806;functioneaza excelent, 10/10, merita de cumparat.;0
1807;foarte util. functioneaza conform descrierii. functii usor de utilizat/aplicat.;0
1808;"desi nu l-am comandat inca, intentionez s-o fac deoarece am avut ocazia sa-l ""simt"" (prin atingere) sa-l probez cu un note 8 si mi-au placut atat aspectul, calitatea fabricatiei in general, cat si performanta. cred ca este un produs din clasa ""premium"".   voi reveni cu detalii dupa achizitie si utilizare intensiva.";0
1809;casti bune pentru pretul lor;0
1810;foarte draguta! reactioneaza repede la pairing si se aude decent. recomand.;0
1811;surprins placuta de calitatea acestui cablu! -are fast charging  -materialul este rezistent   am mai cumparat unul dupa cateva zile de intrebuintare. recomand cu incredere!;2
1812;bateria este buna. o folosesc incontinuu de aproape o luna si merge perfect. sunt multumit de acest produs si va recomand si voua!;0
1813;magnetul prinde f bine, recomand;0
1814;micutz si usor de folosit;2
1815;am fost placut surpinsa sa vad ca la un pret atat de mic sunetul va avea o calitate atat de buna! chiar recomand. sunt si foarte bune si dragute!;2
1816;am luat la pret redus! calitate pe viata!;0
1817;sunt multumit de el!;0
1818;sunet puternic pentru cat este de mica. usor de utilizat.  multumit de raportul calitate pret.   recomand;2
1819;nu scrie cu mai mult de 10 mb/s, are garantie pe viata ceea ce e foarte bine, capacitate decenta pt orice telefon/tableta/gps, viteza de citire mare, depinde si de device-ul pe care il folosesti. pe un viper are viteze de scriere/citire mai mari decat pe un grand neo plus, testat cu a1 sd bench! recomand carduri uhs pt viteze de scriere mai mari dar trebuie verificate compatibilitatea cu acest standard, in general vitezele de citire sunt mari, cu cele de scriere e mai greu....;0
1820;casile sunt bune comparativ cu pretul . unii zic ca intr-o luna se stica. eu le am de peste un an si inca functioneaza perfect.;0
1821;e un suport foarte bun, rezistent, sta bine lipit pe geam. il am din februarie si sunt foarte multumita de el.;2
1822;foarte bune. imi place mai ales cutia din imitatie de piele in care poti sa le pastrezi si faptul ca firul nu se incurca. foarte amabili intr-adevar cei de acolo si de ajutor.;0
1823;eu folosesc acumulatorul pentru un telefon samsung galaxy a5. trebuie destul de mult timp pana se incarca, de aceea de obicei o las peste noapte la incarcat si imi ajunge pentru aproximativ 3-4 incarcari, depinde de cat de descarcat a telefonul meu;0
1824;"pana acum multumit de produs.  l-am cumparat si eu pentru ca un prieten are asa ceva de 1 an si jumatate, iar sora mea face 1 an de cand il are si merge fara probleme. (adica incarca la fel de bine si nu a dat erori la incarcare)  al meu face 1 luna, deci inca nu ma pot pronunta despre fiabilitate. dar pana acum si-a facut treaba.    atentie, el ""real"" incarca telefoane pana undeva la 7000-7100 mah.     - galaxy s7 (telefonul sorei mele) cu baterie de 3000 mah il incarca de 2 ori (de la 0%) si a 3-a oara de la 0% pana la ~35%  - galaxy j7 2017 ( telefonul meu) cu baterie de 3600 mah il incarca 1 data de la 0% si a 2-a oara il incarca de la 0% pana la 95%  incarcarile le-am facut cu telefoanele inchise de la 0% baterie.    ~70% este un randament bun, tinand cont ca majoritatea ""chinezariilor"" ieftine au randament undeva la 50-60%, adica scrie 10.000 mah pe ele dar incarca telefoane de 5000 sau 6000 mah.      la 70 lei (cat am dat eu) este perfect pentru mine calitate/pret.  mie imi ajunge capacitatea, l-am luat ca sa fie in caz ca ajung intrun loc atat de izolat incat sa raman fara baterie la telefon si sa nu il pot incarca la o priza sau la masina.: d   ( in general daca locul este atat de izolat incat sa nu ajung cu masina... nu imi trebuie:))) )    ala mai mare de 20100 mah la 270-300 lei este mult prea scump pentru doar dublu la capacitate, dar pret de 3-4 ori mai mare.";0
1825;l-am cumparat de aproximativ o saptamana, functioneaza chiar bine... eu il folosesc cu windows mobile:);0
1826;e super utila.;0
1827;cel mai bun cablu pe care l am avut pana acum matematic(dar nu descarca date) luminita sta tot timpul aprinsa:) meritata.;0
1828;card +adaptor  pro:: lam luat pentru telefonul meu xperia x10i merge de minune, nam nici un repros, are viteze mari de scriere vine si cu un adaptor pentru card, cei de la emag au uitat sa specifice;0
1829;il am de doua zile.... il alimentez la priza direct. l-am achizitionat pentru a-l lega la un receiver sony mai vechi, lucru facut cu cablurile aflate in pachet. l-am testat redand muzica atat de pe un ios cat si de pe un android. reda sunetul impecabil!;0
1830;un ceas foarte util.;0
1831;recomand. foarte multumit.;0
1832;este toate bun, si merge fara probleme pe orice telefon smart.;0
1833;dispozitivul se comporta foarte bine. recomand.;0
1834;simplu si ieftin;0
1835;foarte buna, sunt foarte multumit;0
1836;absolut excellent! recomand cu incredere.;0
1837;am cumparat un huawei prima oara... dezastru... seara deja eram cu cererea de retur trimisa. am ales un samsung si totul este cum ma asteptam! pentru casa este ok marimea asta.. pentru mobilitate un 7 este mai indicat.;0
1838;este un card foarte bun. merita.;0
1839;e ok, de calitate. recomand;0
1840;nota 10;0
1841;superba jucaria!;0
1842;un produs care face ce spune ca face, poate un pic cam scump insa nu dezamageste.;0
1843;l-am luat la 97. merge bine.;0
1844;se aude oerfect pt o incapere!;0
1845;e geniala. ieftina (pret de black friday), arata foarte bine. calitatea sunetului si volumul maxim sunt surprinzatoare pentru cat de mica e boxa. bateria chiar dureaza suficient de mult.  highly recommended!;2
1846;foarte tare boxa. se aude tare si impecabil;0
1847;excelent!!!;0
1848;o boxa foarte buna pentru pretul ei, bateria tine 5 ore.   eu am luat-o la oferta cu 115 lei.;0
1849;e ok, recomand.;0
1850;perfect... sonor la mama lui!;0
1851;am luat-o pentru a o folosi la un foisor la curte. e incredibil cat de bine suna in aer liber. sunet curat, bas foarte bine definit, e ideala pentru afara, ca sa nu mai zic ca in apartament risti sa scoti vecinii pe scara. se conecteaza foarte usor, bateria tine mult, nu s-a descarcat timp de 7 ore cat a functionat incontinuu si foarte mult timp la maxim. recomand achizitia unei huse sau cutii pentru depozitare sau transport in masina, pentru protejarea partilor laterale cu difuzoarele de bass cu membrana, care fiind expuse si neprotejate pot fi infundate accidental.;2
1852;casti super ok suna incredibil... deci am o pereche de casti de firma nu scriu nume atat doar ca este dublu pret fata de acestea bine inteles pretul normal nu la reducere si sunetul este fix acelasi... deci foarte multumit...;0
1853;pentru raportul calitate pret este foarte buna (am luat-o la oferta). nu exceleaza la capitolul bas sau volum, dar se aude foarte clar si nu distorsioneaza la volum inalt. recomand pentru cei care s-au saturat sa asculte de la speaker-ul telefonului!;0
1854;ce pot sa zic decat super boxa.. impachetata in cutie frumos.. merge foarte bine;0
1855;"husa magnetica care se ""lipeste"" pur si simplu de tableta.";0
1856;este mai mult de 3 ani ca am cumparat acest card de memorie si chiar acum functioneaza perfect. va recamoand.;0
1857;boxa portabila ultimate ears boom 2 se ridica la nivelul asteptarilor mele. o recomand.;0
1858;perfect din toate punctele de vedere;0
1859;este o tableta excelenta din toate punctele de vedere. putere de procesare mare, sunet bestial, conectivitate excelenta, se pot face convorbiri cu o cartela sim, are o rezolurie bestiala, camere foto bune, baterie de capaciotate mare, s-a updatat la 8.1 imediat dupa conectarea la internet. in concluzie este un produs excelent, si cred ca am facut o alegere buna cumparand aceasta tableta.;0
1860;foarte multumit de boxa, bateria tine in jur de 3-4 zile cu folosire dimineata si seara cateva ore.  sunet foarte clar la volum mediu, usor distorsionat la volum maxim.  construita din materiale de calitate.;2
1861;excelent produsul. am avut ceva probleme cu 'weather' dar am vazut ca nu este chiar o problema, pur si simplu daca intampini probleme cu vremea, se rezolva in maxim 12 ore, cand aplicatia se gandeste sa trimita 'noile' informatii catre bratara si in acele informatii sunt incluse si cele de vreme. nu poti forta 'vremea' sa ti-o trimita pe bratara. bateria tine mult, nu s-a consumat inca si o am de aproape 2 saptamani. poti face baie cu ea, nu sunt probleme.;0
1862;compatibilitate... nu functioneaza pe toate tipurile de telefoane... doar cele mai noi... s7... s8...;0
1863;o baterie externa f buna.;0
1864;e bun!;0
1865;dupa o 2 saptamani de utilizare merge foarte bine;0
1866;incarca htc m9 (baterie de 2850 mah 15% incarcata) in 1h si 30 min (mai repede decat incarcatorul original).    specificatii suplimentare:   1. incarcare 5v max 2a - 1a/9h, 2a/6h  2. baterie interna 3, 6v/10050mah (36wh);0
1867;produs excelent. se aude foarte misto. poate fi folosit lejer de la distanta (la gratar, in curte). acumulatorul tine suficient.. cam la 2-3 zile il incarc.;0
1868;pentru marimea ei scoate un sunet de exceptie clar chiar si la volum maxim   o boxa de calitate la un pret super;0
1869;raport calitate/pret foarte bun.;0
1870;calitate foarte buna, magnetul tine si prin husa originala apple din piele.  recomand ++;0
1871;un produs bun. am mai facut un comentariu la sticuri de la sandisk. are viteze bune de citire/scriere, inclusiv pe pachete mici (in cazul de fata peste 2mb/s la pachete mici). sa vedem fiabilitatea in timp.;0
1872;foarte bun produsul si felicitari celor de la levirom pentru serviciile oferite! am avut o mica problema cu boxa si ne-au inlcuit-o imediat. cu siguranta voi mai comanda de la ei.;0
1873;baterie externa ok;0
1874;o curea foarte faina pentru seria 4, se potriveste perfect cu ceasul iar livrarea impecabila. cumparati cu incredere ca merita, este net superiori chinezariilor vandute prin malluri. am primit foarte multe complimente, seamana foarte bine cu bratara originala.;2
1875;imi este foarte utila pt calatorii. raport calitate-pret ok!;0
1876;l am primit cadou de craciu si sunt f multumita de el. incarca f repede.;0
1877;avand in vedere pretul de achiziti si dimensiunile, boxa este super.;0
1878;se aude clar;0
1879;da da da da merita tot ce ai mai bun;0
1880;imi place bratara.   design placut, face ce este mentionat in descriere!;2
1881;look misto si app la fel;2
1882;e bun. incarca repede;0
1883;l-am facut cadou, iar persoana care il poarta e foarte multumita. un mare plus ar fi ca te super motiveaza sa faci miscare. minus-ul ar fi compatibilitatea cu telefoanele huawei.;0
1884;foarte multumit din toate punctele de vedere, altfel nu-l cumparam;0
1885;sunt foarte multumita de raportul calitate-pret, sunetul este ok, bateria chiar tine mult si (pentru cei care cauta asta) se aude tare ☺️;0
1886;un produs exceptional;0
1887;un acumulator foarte tare! imi place cum arata si incarca foarte repede tableta mea. multumesc mult, o sa mai revin cu alte comenzi. nota mea 5 stele!;2
1888;sunetul e clar, de calitate, bas suficient, bateria tine destul de mult... foarte multumit.;0
1889;este super ok. functioneaza tot ce scrie si in descriere.;0
1890;cautam de ceva vreme o astfel de solutie. isi face treaba, chiar daca nu incarca simultan doua telefoane.;0
1891;excelent sunetul si calitatea finisajelor.;0
1892;ii foarte fain. are bass calumea si e destul de puternic ca volum. raza bluetooth teapana. eu zic ca merita (desi nu am testat alte boxe);0
1893;functioneaza perfect, se sincronizeaza repede cu telefonul;0
1894;super boxa! placut surprinsa de calitatea sunetului!;0
1895;cea mai buna, am scapat-o in apa si merge perfect;0
1896;calitatea sunetului foarte buna, iar bateria tine mult, recomand!;0
1897;"incarca foarte repede, ea se incarca putin ""greoi"" are nevoie de 4-5 ore sa se incarce, lanterna vede foarte bine, se aprinde si cand e 0%";0
1898;recomand tableta, merge perfect, are softul optimizat, aplicatiile merg fara probleme. bateria tine cateva ore la folosinta indelungata pe youtube, whatsapp, messenger si jocuri.;0
1899;foarte tare. incarca aproape la fel de bine ca pe usb. impresionat. si plus de asta am incarcator wireless aplicat pe telefon, nu este din fabricatie. nu am mai conectat incarcatorul cu fir de o saptamana, de cand am acest incarcator.;0
1900;chiar foarte folositor.   pacat ca nu se poate folosi si optiunia fast charge pentru un s6 edge   dar daca stie cineva daca exista o optiune sa ma anunte:);0
1901;foarte compacta. excelent contruita. inca nu am testat performanta.;2
1902;sunet de calitate, surprinzator de puternic, cu foarte putine distorsionari la volum mare,   + o gama larga de optiuni de conectivitate.   + mufa de alimentare de tip mini usb (ca la telefon), cu cablu detasabil.  + acumulator intern ( tine cam 2-3 ore)    - singurul minus gasit este cablul de alimentare care este destul de firav si face probleme la alimentare, (l-am schimbat cu unul de la telefon si nu mai am probleme);2
1903;ok pret calitate.;0
1904;greutate reala: 484 g    dimensiunile sunt corecte, si chiar daca pare un pic cam mare, este un lucru normal datorita panoului solar, caruia ii trebuie suprafata pentru a functiona decent.    desi il am de o saptamana, timp in care am incarcat de cate doua ori pana la 100% trei telefoane diferite de la 30-35%, un e-book de la 15%, iar lanterna a functionat la faza maxima mai mult de doua ore, nu s-a stins niciunul dintre cele 4 leduri indicatoare - deci nu a coborat inca sub 75%, chiar daca in toate operatiile descrise a fost cu panoul acoperit sau in intuneric, pentru ca - sincer - am incercat sa-l descarc, iar panoul se activeaza si la lumina zilei, fara sa aiba nevoie efectiv de soare.    are o constructie solida, fara sa zornaie/scartaie ceva.    trebuie retinuta recomandarea producatorului de a-l incarca in principal la priza, daca avem unde, panoul solar fiind ok ca forma secundara, un calcul simplu aratandu-ne ca avem nevoie de 30000: 200 = 150 ore soare in conditii ideale pentru o incarcare completa, adica mai mult de 40 de ore de soare pentru aprinderea unuia dintre cele patru leduri indicatoare.    pentru mine este super ok.;2
1905;este ok;0
1906;recomand tututror;0
1907;foarte multumit. si de livrare si de produs;0
1908;am cumparat-o la promotie dar nu am primit si steagul tricolor, asa cum era specificat. pentru banii care i-am dat pe ea functioneaza si se aude f. bine. nu stiu cum au calculat timpul de functionare dar la mine a mers vreo 10 ore dupa o incarcare completa. cei drept nu am dat-o la maximum.  din prezentare lipsesc informatii. de ex. are microfon si se poate folosi in convorbiri.;0
1909;wow super ceas, recomand;0
1910;este foarte usor de pus si schimba aspectul telefonului.;2
1911;produsul este extrem de util si telefonul sau tableta stau foarte bine, chiar si pe drumurile noastre toate!!!;0
1912;super incarcator;0
1913;este o baterie ok. se descarca chiar mai greu decat prima baterie pe care o aveam de cand am cumparat telefonul.;0
1914;e a doua baterie de acest tip pe care o achizitionez si sunt foarte multumit de ambele. incarc lejer 3 iphone 6s plus.;0
1915;excellent this one. looking for the next with usb-c.;0
1916;imi este de foarte mare ajutor;0
1917;este util mai ales pentru conducatori auto;0
1918;sunet exceptional pentru dimensiuni atat de mici.;0
1919;f ok;0
1920;excelenta.  o am de aproximativ 2 ani si sunt f multumit de ea.;0
1921;foarte bun! nu am intampinat nicio problema cu el, incarcare rapida a dispozitivelor mobile;0
1922;ambalajul produsului a fost deteliorat rupt la desfacerea coletului in rest produsul okk;0
1923;cea mai buna optiune daca ai un iphone. dupa ce te obisnuiesti cu el si il folosesti doar pentru vreme, notificari si ora, bateria o sa te tina chiar 3 zile si jumatate.;0
1924;super misto;0
1925;foarte util, foarte multumit. l-am luat de la resigilate cu doar 16 ron.;0
1926;deocamdata ne obisnuim. nu am nimic de reprosat pana acum;0
1927;un suport excelent. il recomand!;0
1928;sunt absolut multumit de ea!   conectare usoara, bateria tine aproximativ 4 zile  foarte multe funcii, etc.   arata foarte bine si nu e foarte mare.;2
1929;e a doua pe care am achizitionat-o, le folosesc pe ambele in conexiune bluetooth cu televizorul, se aud fantastic. le alimentez permanent din portul usb al tv-ului. recomand in combinatie cu orice player, smartphone, laptop, tv.;0
1930;foarte confortabile.  calitatea sunetului destul de buna.;2
1931;"am cumparat bratara de putin timp: pro -precisa la pasi, aplicatie complexa dar usor de holosit, senzorul ekg,6 zile durata bateriei cu notificari; contra- design cam simplist si partea de notificari( dar pana la urma nu e smartwatch)";2
1932;"produs excelent pret-calitate; ba poti lasa doar calitate: in zona mea nu gasesti deloc tipul asta de acumulatori; livrare dupa ceas; acte pregatite, chitanta eliberata la secunda; pe scurt, mi-au intrecut asteptarile; nu recomand des ceva, dar in cazul asta... jos palaria!!! apelati cu incredere!!!!";0
1933;wow, chiar se merita...;0
1934;foarte bun, mic, simplu de folosit, este din aluminiu si e foarte bine construit, se vede calitatea asus. incarca un galaxy s5 (2800 mah) de 2 ori de la 0 la 100% si a treia oara pana la 0-80%.   singurul minus este timpul lui de incarcare, la mine a stat peste 8 ore, de preferabil il lasi peste noapte.    va recomand la capitolul baterii sa folositi decat firme cunoscute, si baterii bine construite (aluminiu)  nu chinezarii de plastic care mai devreme sau mai tarziu vor exploda.;2
1935;este o casca buna, ca si raport calitate/pret;0
1936;functioneaza impecabil;0
1937;priza buna pe parbriz, il folosesc de mult timp fara probleme;0
1938;recomand aceste casti, sunt mai bune ca unele de 200-300 lei. au bass boost incorporat. sunete inalte cat si bassul se aud excelent!;0
1939;in produs foarte bun. am incarcat de 3 ori telefonul si doar o liniuta s-a descarcat.;0
1940;pentru banii dati face super treaba. dupa o experienta nereusita cu acelasi model insa neoriginal am gasit in sfarsit un model bun. asta are difuzorul mult mai puternic si ecranul diferit... mai luminos si negru cu afisaj clar. recomand;0
1941;se aude f bine, tare, nu distorsioneaza sunetele. cred ca se incarca doar de la calculator. mi-as fi dorit sa o pot incarca si de la priza.;0
1942;sunetul este de o calitate deosebita tinand cont de marimea boxei. (nici basul nu lasa de dorit - pt. marimea sa)  bateria se incarca repede si tine foarte mult.    materialul din care este produsa este usor maleabil (un fel de cauciuc) astfel incat nu se aud distorsiuni sau vreo scartaitura.;2
1943;mic si suficient de puternic. exact ce aveam nevoie.;2
1944;"detin acest incarcator si il folosesc pentru un huawei p10 lite, fara usb tip c. scrie pe ecran ""incarcare rapida"" la fel ca cel de casa.";0
1945;recomand cu incredere.  castile sunt calitative iar producatorul autohton, a reusit sa imbine foarte bine ergonomia, pentru aceste casti din gama entry-level.    1. design-ul castilor    forma acestora se potriveste excelent in ureche, fara a exista riscul de a cadea, deoarece padu-rile de silicon etanseaza foarte bine.  ofera un confort sporit chiar daca sunt purtate impreuna cu o caciula, capison etc.  stau foarte fixe si in timpul diverselor activitati sportive.      2. bateria    capacitatea bateriei incorporate in fiecare casca, are o capacitate de 50mah iar docul de incarcare are 500mah.  incarcarea castilor in doc, dureaza aprox. o ora.  durata de viata a bateriei din fiecare casca este de 2-3 ore.      3. conectivitatea    imperecherea castilor se realizeaza foarte repede prin bluetooth v4.2 sau o versiune mai noua.  semnalul se mentine pe o distanta de 8-10 metri.  se poate doar raspunde la apeluri, nu si ale efectua din cate am incercat pe comenzi vocale.      4. auditia    sunetul este clar, fara intreruperi sau distorsiuni si echilibrat in plajele de frecvente.  microfonul transmite foarte clar convorbirea.  volumul se poate seta doar de la device-ul la care sunt conectate.  apelurile telefonice sunt preluate doar in casca stanga, din motive de siguranta, auzinduse destul de tare cu volumul setat la maxim.      5. utilizare zilnica    recomand sa fie utilizata doar casca stanga, in trafic sau in alte imprejurari unde unde e nevoie de atentie maxima, deoarece se aude suficient de tare iar paduri-le siliconice izoleaza foarte bine zgomotul din jur.;2
1946;am luat-o pentru unchiul meu si merita toti banii, deocamdata, bine-nteles.. e originala..;0
1947;rezistenta, arata bine;2
1948;un smartwatch ok. face tot ceea ce promite. in stand-by sta si 2 zile. are semnal foarte bun pe cartela sim. recomand.;0
1949;nota 10, cumparat de din alta parte mai ieftin. important este sa aveti un telefon bun. la s6 edge plus agata cate odata si am trecut la s9. sa vad cum s-o comporta. in rest merita banii dar la alt pret...699 lei.;0
1950;nota 10*. perfect;0
1951;un produs de calitate din toate punctele de vedere!;0
1952;o boxa buna, rezistenta la cazaturi de maxim un metru jumatate.;0
1953;baterie externa foarte buna. un telefon cu o baterie de 2850 mah se incarca de doua ori si jumatate. in concluzie: nu regret alegerea facuta.;0
1954;cumparat in urma cu o saptamana. folosit pentru a incarca un galaxy s3 de 2 ori (in conditiile in care pe perioada incarcarii am urmarit filme) un iphone 4 incarcat o data si un samsung (nu stiu ce model dar oricum un smartphone entry-level) acumulatorul imi arata inca 2 leduri aprinse (aproximativ 40-50%). imi place ca durata de incarcare a telefoanelor nu difera fata de situatia incarcarii la priza. daca se dovedeste si fiabil, atunci am facut o investitie buna. atentie, desi nu este voluminos, din cauza greutatii nu este un acumulator pe care sa il porti in buzunar.;2
1955;ok... isi face treaba... am incarcat un galaxy s4 de vreo 4 ori... cand bateria avea 15%;0
1956;foarte rapid. incarca de circa 3 ori un samsung s6;0
1957;este un smartwatch destul de bun, sunt multumit de produs;0
1958;bateria foarte buna. masoara destul de bine nr de pasi si somnul. face ceea ce promite, la un pret decent.;0
1959;merita toti banii!!;0
1960;un produs foarte bun.;0
1961;multumit;0
1962;super, din toate punctele de vedere. recomand!;0
1963;am facut o achizitie buna din toate punctele de vedere si financiar si calitativ... multumesc emag!!!!;0
1964;sta fix, nu flendura sau altceva, recomand;0
1965;cred ca, in cazul meu, mai laudata a fost cureaua decat ceasul:)  un produs foarte fain, livrare rapida si fara probleme.;0
1966;am un huawei p20 lite si am pierdut incarcatorul original. am cumparat acest incarcator si merge excelent, quick charge ca si incarcatorul original.;0
1967;este exceptional. sistemul de prindere pe parbriz foarte bine gandit. aveam nevoie de asa ceva. multumesc;0
1968;recomand cu incredere!;0
1969;imi plac, sunt bune. merita.;0
1970;"cumparat, folosit, vandut.... pt cei 100 de ron este un produs excelent.... cine credea ca pt acest pret primeste un ferrari... think again;)";0
1971;da e un card ff. bun calitate si pret...;0
1972;e bun numai ca nu functineaza in digi si trebuie sa fi foarte atent cu el.;0
1973;calitatea sunetului este buna, durata de viata a bateriei e un pic sub 5 ore;0
1974;magnetul este mai puternic ca alte modele de pe piata astfel putand sustine telefonul si daca placuta de metal este asezata intre telefon si husa.;0
1975;bratara este foarte buna. se monteaza usor, clipsurile se potrivesc perfect si nu se desface in timpul utilizarii. seamana fost bine cu cea originala.;2
1976;foarte bun raportul calitate - pret.;0
1977;multumesc!;0
1978;destul de bun!;0
1979;ma bucur nespus ca in sfarsit pot vorbi cum trebuie cu mama pe skype.;0
1980;comparativ cu incarcatoarele wireless samsung anterioare, acesta indica pentru s6 edge incheierea incarcarii prin schimbarea luminii bordului luminos al incarcatorului din albastru in verde. incercat si cu note 3 nu se intampla acest lucru, chiar daca pe telefon apare mesajul ca incarcarea s-a terminat, lumina incarcatorului ramane albastra in continuare.;0
1981;castile se aud extrem de bine. am mai avut o pereche care a cedat dupa mai bine de 3 ani cu o utilizare aproape zilnica (mai putin in week-enduri). ca la orice casti de tipul in- ear (dop) nu poti sa le utilizezi perioade indelungate (nici nu este indicat) insa pentru perioade medii spre scurte castile sunt comfortabile.;2
1982;este un acumulator genial. isi face treaba grozav de bine. imi incarc telefonul complet de 2 ori si mai incarca si a treia oara insa nu chiar total. insa sunt foarte multumimta ca l-am cumparat.;0
1983;foarte tare. recomand!;0
1984;foarte multumita de produs;0
1985;calitate jbl..  constructie solida si calitativa.  sunet clar si puternic pentru marimea ei.  posibilitatea de a o folosi in apeluri este foarte utila iar calitatea convorbirii este foarte buna.  merita toti banii;2
1986;excelent. foarte multumit;0
1987;foarte buna, incarca suficient de rapid. huawei p9 lite duce 2 incarcari, ultima incarcare 90%. recomand produsul.;0
1988;foarte buna.;0
1989;am fost putin sceptic in legatura cu aceasta boxa, am luat-o pentru ca imi place cum arata dar pot spune cu incredere ca se aude excelent! recomand;0
1990;de 2 ani il am, nicio problema, incarca perfect, rapid, si tine chiar si 3 incarcari integrale plus incarcari scurte de urgenta. o salvare.;0
1991;merita toti banii e o boxa extraordinara la banii astia!;0
1992;"am pus o tableta de 8"" si tine bine, acum stau mai mult cu telefonul pe ea  l-am luat acum o luna si putin si pana acum tine bine, cel mai mult imi place ca nu trepideaza si nu cade telefonul din el  recomand";0
1993;ascultat muzica la boxe usb pe el doua ore si incarcat telefon allview p5 pro si a ramas inca la patru liniute din patru - capacitate foarte buna.;0
1994;pro: comod, usor, subtire, se misca bine, bateria e grozava, intuitiv, multe fete de ceas (inclusiv online)  contra: destul de limitat ca functionalitati, dat fiind ca nu e luminat tot timpul (ceea ce ajuta la baterie), noaptea nu vezi nimic, daca nu il pornesti si se poate porni doar la buton, nu cand il ridici sau il misti. nu e un contra major, dar am tinut sa mentionez.   per total, un ceas foarte bun, recomand.;2
1995;incarc un sansung galaxy s6 cu el. e perfect.   atentie: s6 nu incarca fast prin wireless.  l am prins la 130 lei zielele trecute.;0
1996;m-am indragostit de ea. o port dupa mine sa ascult la radio, imi place cum se aude. o recomand;0
1997;sunt foarte multumita de produs, nu l-am folosit eu ci un fin caruia i l-am oferit cadou si am vazut ca este foarte fericit. eu l-am achizitionat dupa alte opinii si nu regret. evident ca-l recomand.;0
1998;tableta foarte faina si rapid. durata bateriei minim 2-3 zile. foarte multumit.;0
1999;sunt foarte multumit de boxa. am fost sceptic la inceput, dar recenziile pe care le are m. a convins sa o cumpar. si merita toti banii.;0
2000;"1. ton de apel strident, unic si nu se poate schimba;   2. se inchide singur (power off) si cand vrea el;   3. butoanele nu functioneaza intotdeauna cand vrei sa raspunzi;   4. iti da pozitia gps cu eroare de aprox 500m (raza, nu diametru) - adica il face complet inutil ptr localizare;";0
2001;daca nu era obligatoriu rating-ul nu-i acordam nici macar o stea. produsul mi-a venit gratuit la achizitionarea unui telefon. dupa 20 de minute de incarcare se incinge foarte tare si se reseteaza la nesfarsit. nu va recomand sa il cumparati. probabil doar 1 produs la 10 vandute este functional, restul sunt returnate. nu recomand;0
2002;praf! s-au stricat dupa 3 zile;0
2003;nu este buna deloc, se descarca mai repede ca vechea baterie;0
2004;o porcarie de produs! nu recomand.;0
2005;ecran foarte sensibil. mi as crapat din prima zi!!!;1
2006;"am achizitionat aceasta folie autoregeneranta de la iskinz in ideea de a proteja mai bine ecranul noului telefon.  la inceput am crezut ca fac o alegere buna dar dupa temperaturile de 43 de grade avute la noi in tara si folosirea normala a telefonului in aceste conditii, au ramas amprente pe suprafata foliei (dupa cum se poate vedea din imagine).  am incercat cu servetele sau servetele umede sa curat amprentele.. dar au aparut acele zgarieturi.  din pacate aceste urme nu se remediaza.    am sunat la cei de la iskinz sa le spun despre aceasta situatie si raspunsul lor a fost si citez: ""ati folosit telefonul la temperaturi ridicate si ati apasat pe ecran prea puternic si din acest motiv au ramas amprentele si nu se poate face nimic decat sa va cumparati alta"". serios? si la urmatorul val de caldura sa las telefonul acasa sau sa il tin in staniol?    nici o stea nu ar merita la ce calitate are folia (pe care am folosit-o eu) si la ce raspuns am primit de la dumnealor.";0
2007;"livrat prompt. dispozitivul s-a conectat rapid cu smartphon-ul si a functionat ok 3 minute dupa care butonul ""+"" la tastare, nu mai schimba elementul redat si nici nu reusea sa creasca volumul.   il voi returna maine si revin cu detalii si cu nota dupa testare.";0
2008;buna ziua,    doresc sa returnez acest produs, astazi l-am primit si sunt foarte dezamagit de performantele acestui ceas.  in primul rand aplicatie nu se sincronizeaza ok, nu primesti informatii decat de la ce aplicatie ai primit info, bateria tine 2 ore si capacul de cauciuc de la incarcare nu se inchide.;0
2009;este de toata jena, nu merita banii..... nu tine bateria deloc;0
2010;casca dreapta abia se aude, deci daca vreau sa aud muzica, trebuie sa imi macelaresc urechea stanga.  de asemenea, se aude sunetul de static de televizor si strica calitatea muzicii.;0
2011;palpaie becul al 2-lea de ore intregi si nu se incarca mai departe. e stricat.;0
2012;cei de la evolio specifica pt acest ceas o aplicatie ce se poate descarca din app store, o mare vrajeala, l-am returnat imediat, pe deasupra nici dock-ul pt incarcare nu functiona, ceasul arata ca se incarca dar dupa 5 ore nimic.... per total varza, nu recomand, in afara ca poti vedea ora altceva nu merge la el( pentru ios);0
2013;e vai steaua ei de curea! e replica si nu se incheie bine cu whatch-ul.;0
2014;300 w??? e jalnica nu merita nici 50 de lei se aude putin mai tare decat telefonul!!;0
2015;"nu cumparati acest model de headset! toti cu care veti vorbi va vor injura. se aude cumplit de rau in difuzorul interlocutorului. orice zgomot sau literele ""s"".""p""i-i vor innebuni pe cei cu care vorbiti. mereu va vor pune sa repetati. ""ce ai zis?""si culmea ei chiar o lauda ca are noise reduction... vrajeala. este mai buna una ieftina de la samsung decat asta.";0
2016;dupa o saptamana nu mai functioneaza...;0
2017;scria cineva,, unul din porturi a incetat sa mai functioneze''. sunt facaturi. produse clone pe intelesul tuturor, neoriginale! azi a venit intr un ambalaj de plastic folie. pai produsul original de la masa vine in cutie klumea samsung inpachetat, sigilat.;0
2018;foarte slab. se descarca singur in cateva ore.;0
2019;am crezut ca merge cu orice telefon, nu merge cu nokia 2017 si nici cu huawei p10;0
2020;"acesta este unul dintre produsele pentru care ma felicit ca aleg sa cumpar exclusiv de la emag, chiar daca de cateva ori s-a intamplat sa platesc un pic mai mult (oricum, foarte rar) si sa beneficiez de cele 30 zile de retur, indiferent ca ridic produsul din sediu sau il comand online. cred ca v-ati dat deja seama ca aceasta recenzie nu este una buna:). marea problema a aceste boxe nu este sunetul, ci bateria. mai exact autonomia slaba si in special un bug de firmware care o face aproape neutilizabila, despre care au scris si alti cumparatori. astfel, desi am gasit un manual in limba engleza unde se afirma ca dupa ce bateria ajunge la 10%, volumul sunetului se limiteaza la jumatate (ceea ce nu ar fi o problema), in realitate acest lucru se intampla la exemplarul meu la 50% nivel al bateriei. bateria oricum tine putin, asa incat ajunge rapid la 50%, volumul scade dramatic, iar ca si ""bonus"", boxa repeta la interval de cateva minute propozitia ""please charge!"":))) si inca ceva de-a dreptul penibil este faptul ca nu poti creste volumul mai sus de jumatate, pana nu a juns nivelul bateriei peste 50%, chiar daca boxa e conectata la incaracator!!! de evitat!!!";0
2021;am cumparat produsul acum 3-4 luni si era la pretul de 100 lei + transport! l -am folosit de cáteva ori si s-a rupt!;0
2022;nu recomand! am cumparat 2 incarcatoare unul nu mergea deloc iar celalalt a mers o zi! am completat formularul de retur insa mi s-a spus ca trebuie sa expediez produsele la un centru din bulgaria ( transportul m-ar costa mai mult decat incarcatoarele). evitati acest producator!;0
2023;"l-am folosit cateva zile. parea aproape de performantele initiale ale acumulatorului original. desi comerciantul pretinde ca ar fi original - ""acumulator lg g5 bl-42d1f original 2800 mah"" - cam la a zecea incarcare telefonul meu l-a identificat ca fiind neoriginal si nu mai permite incarcarea. vizual arata 99% precum acumulatorul original. sunt foarte dezamagit.";0
2024;"o gluma proasta, daca se sterge 'auto"" din descriere, este un bun suport de birou primit bonus la achizitia unui telefon.";0
2025;daca ai telefon ce are capacitatea bateriei mica cred ca e ok. eu l-am primit cadou la un telefon si am incercat sa il folosesc degeaba - nu pot fiindca bateria telefonului e mai mare decat cea a acumulatorului si nu merge.;0
2026;nu se incarca, nu se deschide, de cand am achizitionat acest produs, si poate doar la mine s-a intamplat dar nu am reusit sa iau legatura cu nimeni de la firma, pentru retur......;0
2027;l-am primit cadou impreuna cu un telefon dar e total nefolositor nu reuseste sa-mi incarce telefonul se descarca dupa 2 minute chiar daca l-am tinut ore in sir la incarcat!;0
2028;“ accesoriu incompatibil”;0
2029;dupa cateva utilizari butonul incepe sa se decoloreze fiind din plastic;1
2030;nu merita!;0
2031;nu se compara cu ce ii in poze nu functioneaza nimic nu se conecteaza praf;0
2032;mi se pare slabut magnetul, daca il misti un pic mai tare cade telefonul.  nici nu l-am folosit, o sa il returnez.;0
2033;cel mai prost smartwach.... mi-am distrus si cartela din cauza ceasului... jalnic! nici macar nu a venit cu instructiuni;0
2034;dupa 2 luni a cedat ventuza;0
2035;experianta negativa legata de it market. anterioarele postari mi-au fost cenzurate.;0
2036;am mai avut una la fel! de care am fost relativ multumit. cea noua a fost un soc, spatele din cauciuc a fost inlocuit cu un plastic ordinar, iar ecranul touchscreen este catastrofal, apesi la el de faci basici la degete. pana si softul pare mai prost. nu vreau sa stiu ce au mai schimbat inauntru. nu mai cumpar chinezarii de acum, teapa curata. si tableta veche i s-a umflat bateria dupa in an, dar credeam ca am folosit-o eu prea mult, in fapt e prostie pe fata.;0
2037;nu inteleg de ce este atat de laudat acest produs! semnalul e foarte slab, trebuie sa tii telefonul extrem de aproape de casca.. l;0
2038;l-am returnat dupa multi nervi si resetari, nu se sincroniza cu un huawei p9 lite.;0
2039;se aud foarte incet si licare intr-una culorile alea in ureche!!!;0
2040;folia de protectie nu este compatibila cu tableta lenovo yoga tab 3 pro yt3 xl90, desi in prezentarea pe site se explica foarte clar ca este dedicata acestei tablete! citeste cineva de la firma respectiva review-urile?;0
2041;nu recomand, acumulatorii au garantie 6 luni si dupa 7 luni nu mai functioneaza.;0
2042;nu se lipeste de nici un tip de plastic de pe bord. nu stiu ce adeziv are dar cu siguranta nu este 3m.;0
2043;va rog sa nu va chinuiti sa o cumparati am motive:   1, boxa am comandat-o pe negru a venit pe alb.   2. boxa din anunt are un f, a mea are un c.   3. m-am uitat cu lanterna si un difuzor avea membrana rupta..  4. gajaie ca toate alea   5. mufa jack nu merge.   6. mufa de micro usb intra foarte greu.   7. banda de cauciuc anti-derapanta de pe boxa este pusa perfect stramb.   8. am folosit aceasta boxa 10 minute, imi spune,, baterry is low, please recharge this box '' serios?   9. miroase a incins repet 10 minute.;1
2044;confirm ca au mari probleme de calitate. am schimbat vreo 3 pana acum:  - primul probleme cu display-ul, se auzea in clinchet cand se apasa in jurul camerei facetime  - celelalte doua probleme tot cu display-ul, dunga neagra in partea de jos a display-ului.  - si a patra unitate ce o detin acum are aceeasi problema. acum o sa cer banii inapoi.    aveti mare atentie cand luati versiunea 10.5. mai toate au probleme cu display-ul si nu conteaza distribuitorul.;0
2045;am achizitionat acest ceas de la emag la pretul de 900 lei, pot sa spun ca am fost super incantat, ce pot sa spun este ca l-am bagat la incarcat cand a venit si l-am lasat in cutie nefolosit, a 2 zi dimineata ceasul era stins, bateria moarta good job, am plecat spre showroom-ul de la baneasa foarte ok tipi de acolo m-au ajutat l-am dat retur si bineinteles am vrut acelasi model, am luat ceasul am ajuns acasa la 2 zile de folosinta am observat ca in momentul cand intram intr-o aplicatie sau in meniu cand ieseam din aceea aplicatie si ajungea la fateta de ceas, brusc se inchidea ecranul se facea negru, sa nu mai spun de senzor... eu unul o sa il dau retur si o sa imi iau banii inapoi, poate am fost eu ghinionist dar sincer nu vreau sa risc si a 3 oara, sper sa fie util!;0
2046;nu recomand, miroase ingrozitor, am primit husa zgariata, cusaturile sunt alandala etc.... o mare dezamagire. si emagul nu publica adevarul;0
2047;proasta. cand o iei e buna si dupa cateva ore se aude un zgomot ciudat;0
2048;nu recomand, s-a dezmembrat de la prima utilizare. a trebuit sa il lipesc serios ca sa poata fi utilizat.;0
2049;folia e mai scurta decat ecranul si nu este deloc curbata. marginile nu se lipesc!;1
2050;nu recomand aceasta tableta, am cumparat in luna noiembrie 2017 pentru copilul meu si acum nu mai functioneaza, apare doar sigla samsung pe ecran, nu se mai poate utiliza sta tot timpul aprins. nu recomandddd;0
2051;sms-ul ce trebuie trimis in orange nu e bun. ceasul ramane offline. aplicatia se tracker nu il vede.. nu poti face nimic cu ceasul decat sa raspunzi la apel cand te suna cineva!;0
2052;foarte slaba. nu tine deloc. nu isi merita banii;0
2053;bateria tine putin, am comandat culoare neagra si a venit alba;0
2054;nu merita. au fost schimbate pe garantie de 3 ori in 6 luni.;0
2055;nu pot face fotografii revine la ecranul principal;0
2056;nu a rezistat decat 2-3 luni...;0
2057;se blocheaza cand il conectez cu telefonul;0
2058;l am folosit pentru un s9+. dupa 10 minute de utilizare ma bucur ca nu a luat foc telefonul, atat de tare l a incalzit. nu recomand;0
2059;pro: face de toate.   contra: tot ce face face slab: camera video lores, baterie data in specs cu 24h de functionare tine doar citeva ore si asta fara bluetooth sau sim activ. l-am dat inapoi fara sa mai incerc telefonul si playerul muzical incorporate. 50 dai - 50 face.;0
2060;am cumparat acest ceas in decembrie. nu are toate functiile din descriere doar poti suna pe el. nu se conecteaza la internet de nici-o culoare, am incercat 3 cartele sim si degeaba, se inchide si deschide singur, il voi trimite la garantie. produs nerecomandat.;0
2061;5 utilizari si se aud alternativ, cand stanga cand dreapta.;0
2062;inutilizabil;0
2063;e boxa portabila charge 4 - total diferita de jbl charge 4.;0
2064;nu are incarcator;0
2065;am cumparat-o si dupa nici o luna este plina de apa doar de la dus fara sa fi fost la bazin vreodata. nu sunt multumit deloc.;0
2066;este greu de pus in functiune, nu merge in reteaua rds, bateria nu tine mai mult de 5 ore (chiar daca nu umbli pe el ) nu am reusit sa sun de pe ceas.. meniu greoi. imi da eruari la gps. imi aparea ca e undeva la 4 km de scoala si el era in clasa;0
2067;foarte groasa, grea si materiale de proasta calitate. nu recomand;1
2068;nu merita nimic din pacate, este praf;0
2069;am folosito 2 luni si deja nu mai porneste;0
2070;aceasta casca are prostul obicei de a de deconecta singura ca apoi sa ma intrebe daca ii dau voie sa se conecteze.   plusuri, fata de alte casti folosite, are sunet clar, te informeaza de cat este de incarcata, apoi tot ce reda telefonul cu sunet de aude foarte bine, radio, youtube, etc.  minusuri. la distanta de 7 sau 8 m deja intrerupe, se deconecteaza in convorbire.;0
2071;design-ul lasa de dorit. este butucanos si imposibil de purtat in buzunar.;1
2072;castile sunt slabe, nu se conecteaza la laptop de ex, nu exista optiuni suplimentare sau mai stiu eu ce, le pornesti sau dai skip la melodoe daca asculti muzica, deoarece altceva nu poti sa faci, nu te auzi la telefon, materialul e slab, plastic chinezesc, bateria tine o ora maxim,iar cu conectivitatea ,iar stai prost deoarece, nu se conecteaza din prima ambele, doar cate una si tot trebuie sa le pornesti si sa le opresti sa poti sa le conectezi deodata, nu le recomand sincer, dar la banii astia nu prea poti sa te astepti la altceva, desii nu cred ca merita nici macar 15 ron;1
2073;ieri am primit produsul, am desfacut coletul si am vrut sa-l probez, cand am vrut sa-l infiletez pe monopod s-a rupt legatura dintre bila si partea de infiletare, nu se merita deloc, e ca si cum ai arunca 30 de lei la cos!!!!;0
2074;casca stanga nu a mai functionat dupa circa 2 saptamani de folosire.;0
2075;nu e precis deloc la puls si pasi.  dupa cateva scufundari, a intrat apa in el.;0
2076;pentru a putea beneficia de functia quick charge 2. 0, telefonul trebuie sa fie unul compatibil! altfel acest device se comporta ca un incarcator normal!  detin un samsung s5 care apare pe site-ul. ro al producatorului in lista aparatelor compatibile.   n-a fost chiar asa. doar varianta japan este compatibila quick charge (se pare ca este alegerea producatorului telefonului daca activeaza sau nu aceasta optiune).  am returnat produsul fara probleme. felicit pe aceasta cale emag pentru aceasta optiune.;0
2077;nu merge fast pe s7 edge;0
2078;eu am comandat pe culoarea rosie si idioti mi-o da pe negru, nu sunteti capabili sa trimiteti un colet cu specificatile cerute de client. neatentie presupun ca oamenii stau cu mana in fund cand iau coletele de pe raft.;0
2079;incarcatorul e bun dar adaptorul nu e potrivit pentru telefonul meu. are mufa orientata invers fata de cum e nevoie. am contacat telefonic vanzatorul care nu a putut sa-mi ofere o solutie pentru inlocuirea acestuia.;0
2080;incarca foarte greu, 10% in jumatate de ora.;0
2081;nici 5% nu incarca la un s7 edge;0
2082;bateria a fost puscata, l-am scos din cutie si tot era curs lichidul din ea si era umflata;0
2083;ok sunt de acord arata bine acest ceas dar nu functioneaza corespunzator nu pot seta nici ceasul   am cautat 3-4 trachere din google play si nici unul nu pare sa fie compatibil   poti doar sa primesti apeluri atat   cat despre acel cod pentru diferite retele unse se trimite acel sms la ce numar?;0
2084;nu se insurubeaza bine cele doua piese, cand il strang mai bine, la un moment dat, se desface iara, ca si capacul la un borcan.... material slab.... returnez produsul;1
2085;se arde. ia foc daca o ti peste nopte in priza.;0
2086;l-am cumparat raportandu-ma la review-uri. experienta mea a fost urmatoarea: prima incarcare a durat 19 ore. apoi am incarcat un ipad si 50% dintr-un iphone si a murit. asta inseamna cam 10000 mah. il voi trimite inapoi si incerc altceva.;0
2087;lasat la soare lipit pe parbriz o sa cada singur iar ca si constructie pare solid.. dar doar pare.. se misca din ventuza la baza acestuia, iar daca vrei sa scoti telefonul din suport arcul fiind foarte tare si fortezi putin suportul o sa se dezmenbreze pe parbriz ramanand doar ventuza:)) deci clar nu recomand!!;1
2088;am cumparat acest produs si nu recomand la nimeni.;0
2089;nu tine bateria deloc. mai buna e cea veche.;0
2090;se crapa foarteeee repede, la trei folosiri deja s-a crapat si banii au fost aruncati pe fereastra.;1
2091;ecranul ceasului este nefunctional dupa aplicarea foliei.;0
2092;nu m-as zgarci sa iau o baterie externa ceva mai calitativa decat aceasta. mi se pare cam inutila mai ales la pretul de 20 de lei, exagerat de mare pentru ceea ce poate face.;0
2093;nu e bun de nimic, o sa il returned;0
2094;prost de tot!;0
2095;"1. calitate foarte scazuta a produsului;  2. instalare greoaie;  3. bratara cadou primita nu ramane/sta pe incheietura mainii/sistem prindere foarte rau;  4. atentie pentru cei ce doresc a efectua ramburs!!!!!  5. se pare ca degeaba e scris si postat ""aveti 1luna la dispozitie pentru a rambursa orice produs la emag"", deoarece clientul trebuie sa fie foarte atent ce produs achizitioneaza, deoarece fiecare partener are clauzele sale contractuale diferite de cele emag, in acest caz cele 30 de zile au devenit 14zile.";0
2096;nu functioneaza corespunzator.;0
2097;mult mai slaba decat bateria originala a s5-ului meu, care avea 2 ani de zile.  dupa folosire moderata (nu am datele pornite mereu, cu atat mai putin bluetooth, gps etc.), nu rezista mai mult de 2/3 din zi. sunt convins ca sunt in mod deliberat mai slabe decat cele originale, nu e mai bine sa le dam banii pe telefoane noi, eventual cu baterie integrata??    cumparati, testati cu atentie si daca e cazul returnati (nu cum am facut eu...);0
2098;o sa incep cu cel mai rau minus pe care poti sa-l ai la o pereche de casti... sound leakage, referindu-se cat cei din jur aud ce auzi tu. pe scurt daca ai un rock sa zicem unde ii nevoie de niste sunete medi/ialte si treci la 60% volum... poti sa te consideri o discoteca ambulanta, ii foarte rau, in special unde nu ii asa de multa agitatie. pt un pret de 500 de lei cat am dat pe ele, si sa nu ai niste noise leakage mic ii o risipa de bani. le-am returnat in aceasi zi.    acuma in legatura cu cele 4 difuzoare intr-o casca de care dispune aceste casti, nu sunt deloc optimizate, ai un driver de 50 mm pt subufer care iti ineaca medile si inaltele mai mult decat ar trebui si inca 3 mici care la un volum de 80% incep sa se auda metalizat.     dupa parerea mea ar fi fost ideal ca subuferul sa fie 2 din alea mici, ala mare pt medi si 1mic pt inalte. ar fi dat un balance mult mai bun.    bottom line: cu un sunet sters din cauza subuferului (asta nu ar fi o problema pt muzica house, rap, skrillex, adica all bass need) si un sunet care sal auda tare si clar cei din jur plus pretul de aproape 500 lei.... bad verry bad, nu recomand celor care vor sa se bucure de o raza mai mare de genuri de muzica si nu sunt fani discotecilor ambulante.;0
2099;interfata simpla de folosit, din pacate sta prost la capitolul semnal. in anumite camere nu prinde semnalul de internet, si nu este detectata de aplicatie.;2
2100;se deconecteaza foarte usor, chiar daca tii telefonul in mana. nu recomand;0
2101;"prima ( si ultima ) impresie: un ceas muuuult prea scump pentru ceea ce stie sa faca. nici nu l-as numi smart pentru ca nu merita! pai e normala acea durata ""uriasa"" a bateriei, pentru ca ceasul nu face mai nimic in afara de a afisa ora. un ceas casio clasic si elegant, fara pretentii, arata ora si data cu o baterie care tine 10 ani ( al meu merge de vreo 8 ani si nu da semne de oboseala ). nu mai pun la socoteala cati bani am dat pe el!   un bravo pentru baietii care au creat compania si au reusit sa o vanda pe niste bani bunicei pentru ei. atat!!!";2
2102;sistemul de prindere a telefonului este bun, insa ventuza si lipiciul de pe ea sunt de toata jena. am incercat intai sa il prind pe bord (dacia logan) a cazut in cateva minute. nici pe parbriz nu sta (ventuza e prea mica, aderenta e proasta). nu recomand.;1
2103;nu este specificat ca este compatibil cu telefon cu android pana la 6.0. eu am 6.1 si nu recunoaste asa ca bani aruncati degeaba.;0
2104;"de cand am luat castile acestea am avut un amestec de momente de multumire si frustrare. nu mi se conecteaza la macbook pro (model 2013) decat 50% din timp. in rest da eroare ""couldn't connect the device"" sau pur si simplu nu poate sa se conecteze si ignora comanda de conectare. am cautat pe net peste tot sa gasesc o solutie si nu exista nimic. imi pare rau ca am dat atati bani pe niste casti care si-au ratat functia de baza - aceea de a produce sunet.";0
2105;ii bun daca v-a rezistat o saptamana... mie nici macar o zi:)) nici nu am vrut sa ma deranjez sa le returnez..;0
2106;nu se poate sincroniza data si ora cu calculatorul.  nu are senzor de miscare pentru fiinta umana, doar pentru ceas.;0
2107;cea mai proasta folie deoarece touch-ul pur si simlu nu mai merge dupa aplicarea ei... a rezistat pe telefonul meu decat 40 de minute deoarece in tot acest timp nu am reusit sa scriu un mesaj. mentionez ca am avut setarile de sensibilitate la atingere activate.;0
2108;"daca as fi putut da 0 stele as fi dat. bateria ""noua"" tine jumatate de zi fara sa utilizez telefonul, cu mult mai putin fata de cea veche care avea 3 ani.";0
2109;material foarte prost. s-a rupt bratara dupa 2 luni si jumatate!;1
2110;cel mai prost cablu posibil, incarca doar intr-o pozitie. nu recomand!;0
2111;pana cand nu vad nu cred am zis.... mi-am luat un smartwach.... dezastru... senzorii pica..... bateria daca is toate activate tine vreo 15 ore.... se incarca... ft ft greu...... nu se merita;0
2112;calitatea receptiei este de foarta proasta si face produsul complet inutilizabil ca microfon - se aude o mormaiala complet neinteligibila pe frecventa joasa, indiferent de pozitionarea device-ului(pe podea sau la inaltime) am incercat sa ascult fara casti la telefon, cu casti - am probat mai multe tipuri de casti inclusiv care acopera urechea, nimic...(si cu auzul stau bine conf ultimului examen de medicina muncii) din punctul meu de vedere - bani aruncati;0
2113;mai bine va luati chiloti de tabla, nu e buna de nimic, nici nu am pus-o, un sfert de ecran ramane neacoperit, nu vine pana in buza curburii, vine un centimetru liber la stanga si unul la dreapta. si plus de asta, daca mai conteaza nu e nici 9h duritate, am dat cu cheia pe ea, se zgarie usor.;1
2114;total nemultumit.;0
2115;nu se incarca! nu se deschide!;0
2116;ceasul il am cumparat de o luna! nu am primit la transport cadoul si nici nu merge sa intri pe retelele de socializare si dupa ce l-am folosit de vro 4,5 ori m-am trezit si cu bateria umflata. multumesc emag am dat banii degeaba pe un produs care pare mai de calitate in poze!;0
2117;foarte slab. incarca foarte putin de la soare.;0
2118;dupa nici un an de utilizare a crapat................ telefonul nu il mai recunoaste  nu poate fi formatat prin nici o metoda si pe nici un dispozitiv;0
2119;din punct de vedere al design-ului nu ii gasesc nici un cusur. un mare minus din punctul meu de vedere este bateria. cu aod activat si folosit mediocru in convorbiri (15-20 minute) tine o zi. daca dezactivezi wi-fi, senzorul de puls si aod la o utilizare medie spre usoara tine maxim doua zile, doua zile jumatate cu noroc.  cu toate aceatea dezactivate si cu locatia dezactivata am avut neplacerea sa imi consume in jur de 7-8 procente pe ora in conditiile in care nu am primit nici o notificare in aceast timp iar ecranul s-a aprins de cateva ori accidental si a afisat ora. nu ii gasesc utilitatea ca si ceas daca nu afiseaza permanent ora si nu mi se pare normal sa se descarce atat de repede daca nu e solicitat cu apeluri sau notificari. in afara de aplicatia de calculator nu am instalat nimic pe el deci nu avea ce sa il dea peste cap atat de tare. maine il voi returna cu toata parerea de rau si voi repune in functiune ceasul vector luna, in ceas cu un design premium, ce-i drept fara ecran frumos colorat dar care tine peste 30 de zile conectat permanent la telefon si cu ecranul aprins in permanenta.  la ce bun un ecran atat de frumos, fete de ceas atat de frumoase daca in momentul in care setezi always on display activ ceasul gear s3 abia daca te tine o zi jumatate? la ce foloseste atata grafica si culori daca trebuie sa tii ecranul stins in permanenta pentru a conserva bateria?  l-as fi pastrat daca ar fi tinut incarcat macar 2 zile incarcat la o utilizare intensa.  poate am nimerit o unitate defectuasa dar nu am chef sa imi mai pierd timpul cu altul.  recomand gear s3 doar utilizatorilor pe care nu ii deranjeaza sa puna zilnic, alaturi de smartphone si ceasul la incarcat!   pentru cei care vor un ceas case sa aiba si functii smart va recomand cu incredere vector watch!;2
2120;"cu siguranta e foarte performant, conform descrierilor, insa, atentie, e mentionat pe ambalaj ""for action camera..."" inregistrare 4k, etc. voiam sa il folosesc cu adaptorul si in aparatul foto si ca mediu de stocare pt laptop/tableta ( acer switch 3 ). la aparatul foto nici nu am apucat sa incerc, fiindca la laptop, micro sd nu era recunoscut decat cu cititor de card, via usb. am returnat. felicitari e-mag pt posibilitati!";0
2121;nu e bun;0
2122;incarca tableta in “rate”, deseori se incalzeste foarte, foarte tare in priza si trebuie scos, desi tableta e neincarcata. complet nesatisfacator. bataie de joc.  14.06.2018;0
2123;plastic ieftin! nu poti introduce alta cartela de la alt operator de telefonie mobila! si daca pierzi cumva numarul nu poti sa mai utilizezi telefonul!;1
2124;dupa 1 an cardul s-a corupt, a trebuit sa recuperez pozele cu un software, dar multe poze erau corupte si aveau pixeli in toate culorile.;0
2125;foarte naspa la acest pret. membrana zici ca e hartie si suna de parca nu are bas;0
2126;"execrabila, stand la masa contorizeaza pasii(cam 100 la fiecare 15 min), bataile inimii tot asa, 127 bpm si imediat sare la 60 bpm(tot la masa fiind). diseara o scot la alergat sa vad cu ce ma mai ""inbrobodeste"", dar cu siguranta ii dau cu retur. in concluzie, dupa prima zi de folosire, nu recomand.";0
2127;nu inregistreaza constant;0
2128;nu sta fixat in suport;0
2129;se deconecteaza bt la cateva secunde de la conectare;0
2130;dupa 3 zile s-a stricat mufa usb.  a intrat detot in acumulator.;0
2131;"in primul rand am primit un dvd si nu un blu-ray, telecomanda aproape inutila, functioneaza pt volum doar, imagine neclara, dupa doua trei minute te simti ametit, jocurile pe care le gasesti plictisitoare, imaginile vr sunt majoritatea facute pe calculator, nu sunt naturale; intr-un cuvant inutili";0
2132;nu am fost multumita. cu google maps activat, telefonul se descarca. nu sta foarte bine fixat si imi fasaie radio-ul, cu alte incarcatoare nu am avut problema asta. l-am returnat.;0
2133;nu functioneaza de fapt. trebuie sa cumperi si un micro sd adica reclama mincinoasa;0
2134;nu este buna de nimic... se inchide singura!!!;0
2135;foarte slabe, basul este inexistent in schimb inalte au de iti vine rau, nu merita cumparate. bani cheltuiti aiurea.;0
2136;"am fost foarte dezamagit (de altfel am si returnat-o - tipii de la emag au fost foarte seriosi, mi-au dat banii inapoi imediat). e ok ca tine foarte mult bateria, pozitie foarte buna pe ureche, iti „sopteste” doamna cate ore mai are bateria si alte chestii, dar am intampinat urmatoarele probleme (mentionez ca am folosit-o mereu cu 2 telefoane):  - se deconecteaza din cand in cand de la cate unul din telefoane, fara nici un motiv. ce-i drept se reconecteaza imediat inapoi;  - destul de des am patit ca atunci cand vreau sa raspund la apel, casca se deconecteaza, dupa care se reconecteaza. toata operatia asta dureaza 7-8 secunde timp in care interlocutorul nu aude nimic si de regula inchide. trebuie apoi sa il apelez eu inapoi;  - la unele convorbiri aud foarte intrerupt interlocutorul meu si el ma aude la fel de rau. aproape ca nu se poate numi o discutie inteligibila. daca incepe sa faca asa, face la toate apelurile. trebuie sa opresc casca si sa o pornesc din nou, astept sa se conecteze apoi reapelez si totul e ok.    trebuie sa mentionez ca am incercat o casca similara a unui prieten de-al meu si mi-a facut exact aceleasi figuri, deci nu era defect exemplarul primit de mine, ci au un defect de fabricatie. cel cu care am facut schimb pentru proba a spus ca pateste foarte rar aceste fenomene, dar foloseste un singur telefon.  totodata mentionez ca vorbesc foarte mult la telefon pe parcursul zilei si poate de asta se manifesta aceste defecte. telefoane folosite: samsung j3 si j5.";0
2137;un nimic.. nu este buna.. este decat o tipla.. nu recomand.. se aplica greu si nu este urata.;1
2138;la a doua incarcare sa ars, nu se mai porneste... nu recomand!;0
2139;am cumparat aceste casti avand mari asteptari care, in 3 zile au fost distruse:  prima data le-am conectat cu un oneplus 5t, cu oxygen 5.1.4. folosind softul dedicat jabra sport life, cea mai lunga conexiune bt dura max.25 secunde. desi la configurarea initiala calibrasem senzorul cardiac atat pentru repaus cat si pentru efort, in situatii reale (mers cu bicicleta sau alergat) tot timpul se emitea mesajul ca senzorul cardiac nu este functional. precizez ca nu am simtit ca in timpul alergarii casca sa se fi miscat si astfel senzorul cardiac sa fi fost in imposibilitate de a lucra. ca o paranteza, dupa toate variantele posibile, am optat pentru dopurile de spuma marimea m si aripioarele auriculare marimea s pentru fixarea castilor in ureche. am vrut sa le returnez atunci dar am vazut pe cutie mentiunea expresa “made for iphone, ipod and ipad” si in subsidiar emblema android, motiv pentru care, dupa ce le-am resetat le-am imperecheat cu un iphone 7 plus. aceeasi problema ca la android: puteam asculta muzica dar principalul motiv pentru care le luasem - senzorul cardiac - nu-l puteam utiliza (acelasi mesaj prin care mi se cerea sa fixaz casca bine in ureche, dupa care, fara a o misca, ma anunta ca a detectat ritmul cardiac, apoi iar il pierdea si tot asa pana clacai nervos si le opreai). sunetul este decent dar nimic wow si oricum nu la nivelul presupus de asemenea pret. poate eu am urechile cu o conformatie atipica, poate le-am nimerit eu cu o problema tehnica, nu stiu, dar am renuntat la ele fara regrete... si inca o problema pe care eu o vad destul de mare: castile se aseaza in caseta de incarcare, pe pini, gravitational.... nu au magnet ca la airpods-uri.... daca deschizi caseta mai “exploziv” ai mari sanse sa umbli pe jos dupa ele si posibil sa ti le gasesti.;0
2140;nu recomand! dupa trei luni a incetat sa mai incarce.;0
2141;nu recomand, se deconecteaza foarte des de la aplicatie, de o saptamana de cind l-am cumparat deja nu mai functioneaza, deci nu este bun;0
2142;am decis sa schimb review-ul. chiar azi am dorit sa schimb pozitia dispozitivului si astfel am asigurat fixarea telefonului mai prompta tocmai pentru a nu mai tremura telefonul in dispozitiv dar surpriza.. nu am mai putut dezsuruba locatia unde sta fixata acea bila ce asigura mobilitatea. astfel ca dupa vreo 30 de minute de chin am reusit sa rup dispozitivul. nu recomand acest produs iar mai bine luati o pizza de banii astia. macar ramaneti cu ceva.;0
2143;nu se fixeaza bine si pierde contactul, intrerupand incarcarea. testat in 3 masini (modele diferite).;0
2144;da, ce pot sa zic... le-am luat de 1 luna sau 2, si deja se aude doar intr-o casca. am avut foarte mare grija de ele, stiind ca asta se poate intampla. s-au desprins firele la mijloc. dar la inceput sunt foarte bune.;0
2145;nu se potriveste pentru lenovo a7600. este prea mica.;0
2146;am cumparat-o de black friday la un pret foarte bun, incarca de 8 ori un iphone 7, dar dupa doua saptamani nu se mai incarca powerbankul.;0
2147;nu e rezistent la apa!;1
2148;am cumparat o folie de sticla securizata pt un mate 10 lite si am nimerit-o defecta. colturile si marginile nu se lipeau deloc, erau pline cu aer. lucratorul de la service-ul gsm la care am apelat pentru montare mi-a spus ca se mai intampla sa fie loturi defecte din constructie si sa incerc una cu marginile drepte.  am apelat la serviciul retur de la e-mag si mi-au spus cum sa procedez. am procedat intocmai si am facut retur foliei defecte, primindu-mi banii inapoi integral. foarte serioasa si amabila doamna administrator de la rebnik total group, firma partenera a e-mag.   ii recomand pentru afaceri..... dar atentie la folia 5d.;0
2149;folia lasa margini goale de aproape 1cm;1
2150;am comandat acest produs si in loc sa imi vina carcasa din imagini cu spatele negru si rezistent cum reiese din poze mi-a venit o carcasa ordinara cu spatele dintr-un plastic casant, subtire si transparent si partea care acopera ecranul la fel, foarte subtire si in niciun caz nu poate fi folosita ca si stand pentru tableta. mentionez faptul ca eu am comandat husa pentru tableta lenovo tab 2 a7-10 si ce am primit eu este pentru lenovo tab 2 a7- 30 care are si decupaj pentru camera spate. mai mult de 9. 99 lei nu ar merita husa dar ar fi si pacat sa stirpesti din frumusetea tabletei imbracand-o in plasticul asta ordinar.;1
2151;foarte dezamagit salut ma puteti ajuta cu un nr de tel dela furnizor pt ca am comandat boxa si in ziua acea mi sa stricat si nu mai functioneaza;0
2152;primele zile mia mers bn dar dupa am bagato la incarcat si cand sa o pornesc nu mai mia mers;0
2153;daca se incarca  asa simplu prin toata casa era ok.... asa trebuie. sa_l pui acolo care mai este smecheria???????? ca are fir sau nu este egal cu 0. fite pt nimic;0
2154;nu se merita deloc la banii astia;0
2155;cumparat, incarcat, tinut 2 zile in masina fara a fi folosit, cand sa-l folosesc in creieru' muntilor era mort. il voi returna maine.;0
2156;se aude foarte slab (incet). o pot folosi doar intr-o incapere unde e liniste, nici vorba de masina sau outdoor.;0
2157;castile primite sunt ultimele jafuri chinezesti. nu recomand sub nicio forma.;0
2158;un produs foarte slab, nu se conecteaza.;0
2159;gajaie de la prima utilizare;0
2160;produsul primit de mine l-am returnat dupa circa 20 zile. desi are multe functii acestea nu lucrau in parametri, pulsul arata numai 98 bpm indiferent de momentul zilei si de efortul depus. nu se asociaza cu niciun program fitness ci doar cu telefonul prin bluetooth si fara sa arate ceva pe ecranul acestuia doar ca este imperecheat cu telefonul, lucru deranjant. nu poti vedea apelantul ci doar ca ai un apel... lucru care nu m-a incalzit cu nimic. de mesaje nu are rost sa spun ca nu reactiona absolut deloc casca neavand acea bratara de vine peste ureche nu sta bine asezata iar volumul este mic... foooarte mic. dupa o saptamana butonul superior (are trei butoane) nu mai facea contact absolut deloc. pentru mine acest produs nu a fost absolut deloc bun.;1
2161;mare ca si dimensiuni, grea si de slaba calitate, s. a stricat in 4 luni de la achizitionare. nu recomand.;1
2162;au mers 1 data dupa aceea nu mai merg conectate la telefon.;0
2163;"deformeaza vocea ta(se aude pe inalte, si parca vorbesti de pe ""luna""indiferent de setarile pe care le faci din ""jabra conect"", se aude destul de slab fata de modelul ""style"", foarte incomod de purtat la ureche, dupa 1 zi ti se ""umfla urechea"", una peste alta nu merita bani, e varza!!  iar fabricantul jabra mai are vreo 5 ani pana o sa ajunga sa concureze cu plantronics!!!  acum am facut cerere de returnare produs!";0
2164;din pacate am comandat o folie transparenta pentru un samsung j5 care a venit taiata gresit in zona unde scrie samsung pe spatele telefonului... mai bine nu mai decupau folia in zona respectiva. nu poate fi folosita.;0
2165;nu e buna de nimic;0
2166;dupa o saptamana de utilizare cu un samsung galaxy note2 a cedat din locul unde se ajusteaza modul de folosire(landscape/portrait). se pare ca nu face fata telefoanelor mai mari chiar daca acesta nu atinge limita maxima de deschidere a celor 2 brate ajustabile pt fixarea telefonului. pe langa asta, pe parcursul utilizarii, in timpul mersului telefonul se misca destul de tare deoarece bratul aplifica trepidatiile masinii de la drum, chiar si pe un drum proaspat asfaltat. astfel devine destul de obositor in momentul in care te uiti la telefon in timpul mersului.;1
2167;o prostie de cablu am cumparat dintr-un centru gsm unul identic la doar 20 lei si a tinut exact cat acesta 5 zile  nu recomd deloc, pret calitate ingrozitor;0
2168;ceasul este foarte slab. trebuie incarcat aproape in fiecare zi si incarcarea cred a fost gandita de un tampit. trebuie sa pui un adaptor peste ceas si de-abia apoi se baga incarcatorul in adaptor. baiatul meu nu poate sa-si incarce singur ceasul. restul functiilor nu prea le stiu si nici nu m-a interesat pentru ca treaba cu incarcarea e dezastru. daca era dupa mine l-as fi returnat in aceeasi zi, dar baiatul e incantat de el, asa ca a ramas.;0
2169;nu recomand gps nu funtioneaza cum trebuie am cumparat 2 bucati dar amandoua sant varza;0
2170;eu am primit o azi si nu e ok. nu se aude cum scriu ei acolo si tot mie imi cerura si taxa de retur.;0
2171;poate pentru telefoane nu foarte performante e ok dar in camera video din masina cardul de memorie da foarte des erori si pierd filmari care in caz de accident sau infractiuni asupra automobilului, caci de aceea am camera, ar fi un dezastru. recomand un model mai scump si mai performant. pretul e atractiv dar calitatea nu merita!!!;0
2172;nu recomand aceasta tableta!!! dupa 1 saptamana nu s-a mai incarcat cu incarcatorul ei si am folosit incacatorul telefonului (fiind identic), la 3 luni s-a rupt conectorul usb de pe placa de baza si am fost informata ca reparatia nu intra in garatie deoarece eu am produs aceasta defectiune?!?!?!?... mi-am dat seama ca, de fapt, nu am garatie la acest produs. profund dezamagita!!!   ps: daca nu eram obligata sa dau un calificativ pentru a pulbilca postul aveam 0 stelute;0
2173;am achizitionat boxa in noiembrie 2017 si exact dupa 9 luni boxa s-a defectat in sensul ca nu mai sta incarcata deloc. cei de la depanero mi-au spus ca este de vina acumulatorul care are doar 6 luni garantie, iar ei il pot schimba contracost pentru 100 ron.   nu recomand produsul.;0
2174;"este made in china, scrie pe acumulator,, samsung eb-b600be,,   am comandat,, b600bebecww,, aceasta denumire regasindu-se doar pe o eticheta de pe ambalaj.  acum, dupa cateva zile de la achizitionare, s-a descarcat instantaneu de la 17% la 0;... bateria este aproape la fel de slaba ca a telefonului dupa un an si jumatate de utilizare.  poza produsului de pe site este blurata in zona cu detalii, iar la celalalt model pe care il regasiti aici la 69 lei, este completa.... cred ca mi-a fost expediat acumulatorul original in locul celui comandat";0
2175;am achizitionat cablul pentru inlocuirea cablului original samsung. desi la inceput cablul incarca mai repede decat cel original, dupa maxim 2 saptamani acesta a incwput sa incarce foarte greu avand moment cand functioneaza normal;0
2176;scurt, rigid, nu prea poate fi folosit la nimic.;1
2177;"am achizitionat acesta tableta la inceputul lunii august 2017, dupa cateva zile, fiind nemultumit de ea ( se inchide din senin, nu tine bateria, merg foarte greu aplicatiile, e mult sub tableta samsung galaxy tab 2 din 2013) am facut cerere de retur la emag.. au trecut vreo 2 sapt fara nici un raspuns. am sunat in cele din urma la flanco, ei nu au putut sa-mi dea un raspuns la intrebarea ""de ce nu au facut nimic cu cererea mea de retur"". mi-au zis in cele din urma sa o duc in cel mai apropiat magazin flanco (comanesti, bc). seful de magazin a refuzat sa-mi faca retur pe motiv ca e zgariata...."" ok, trimite-o la service"" i-am spus. dupa cateva zile a venit din service, fara nici o schimbare, merge la fel de prost ca inainte, se inchide din senin... cred ca o sa merg in magazinul flanco si o sa o sparg acolo in magazin....  este inadmisibil sa vinzi asemenea produse si sa ai o asemenea atitudine fata de clienti.  adio flanco";0
2178;vreau sa fac cerere de retur. in anunt zice ca reduce zgomotul dar defapt nu e asa il accentueaza si se aude incet cu volumul dat la maxim;0
2179;foarte proasta bateria tine doar 5 6 melodia puterea muzicala pe care a specificat nu este deloc reala spune ca are 7200 mag dar pe cutie spune de 1800 nu recomand;0
2180;se simt ieftine si nu coincide produsul cu pozele afisate. nu au dopurile cu piciorusul acela de sprijin extern si au niste argintiu in spatele castii, in timp ce in poze sunt negre. am cumparat modelul negru la 41,65 lei de la icover. nu recomand asadar, le voi returna.;1
2181;nu recomand deloc, in ciuda ventuzei foarte lipicioase si care iti lasa impresia ca vei da jos suportul de pe parbriz doar prin taiere cu diamantul.... vei ramane fff repede cu un sentiment de nesatisfactie dat de calitatea produsului!!!;0
2182;nu merge mai nimic. nu poti cauta in agenda, nu merge nici pedometru, monitorizare somn, nimic. l-am pus la mana si i-am dat pe pasi, nimic, am alergat, l-am pus si la picior, nimic. o porcarie. ceas, cu baterie slaba, si atat. luati-va ceva mai scump dar mai bun.;0
2183;l-am lasat toata noaptea la incarcat dupa ce l-am luat si m-a surprins ca s-a oprit din incarcat telefonul dupa 1% decat... mai mult m-a incurcat si imi venea sa-l arunc la gunoi, abea astept sa-l returnez...;0
2184;calitate slaba, cutie desigilata, fara manual,durata receptie comanda 1 luna, nota 0 nu comandati de la acest partener mai multe ceasuri diferite modele, o sa primiti mai multe bucati de un singur model (respectiv modelul mai ieftin - cum am patit si eu);1
2185;folia este decupata fara tolerante sus-jos si in plus este supraincalzita pe una din laturile inguste astfel incat se incovoaie in sus si nu sta lipita pe acea latura.  de asemenea nu are o folie de protectie decat pe partea cu lipiciul existand pericolul sa fie zgariata cu cardul la montare.  nu am reusit sa o montez fara bule si sa ii lipesc partea de jos oricat am incercat.  50 de lei investiti cum nu se poate mai prost.;0
2186;"dezamagit:  radioul mai mult bazaie, nu prinde mare lucru  dupa 7 luni de folosire in mod ocazional; s-a dus acumulatorul; cost aculmulator 50% din pretul total.";0
2187;este slab. pe ecran arata 95% capacitate si dupa ce am incarcat o baterie de 3000 ma, arata 30% capacitate.;0
2188;calitate zeroo  nu merita cumparata;0
2189;o porcarie;0
2190;nu recomand. s-a defectat dupa munai 2 luni de functionare!!!!!!!;0
2191;am cumparat acumulatorul acum un an. dupa vreo doua luni nu a mai functionat, nu incarca nimic, nu pornea lanterna. l-am trimis inapoi, am primit altul. asta dupa 2 luni refuza sa mai incarce telefonul mai mult de 1 minut. l-am trimis inapoi si mi-am recuperat banii. nu recomand.;0
2192;nu are functiile pe care le avea la descriere si nici nu e pe tot ecranul cum e in imagini.;0
2193;nu recomand pentru folosirea cu doua telefoane conectate in acelas timp;0
2194;scump rau mai acum ceva ile erea cam la jumatate de pret, nu e vorba de reducere, ci ala erea pretul;0
2195;pretul este exagerat tinand cont de calitate. autonomia este intradevar mare insa la acest pret poti gasi produse cu performante net superioare. nu mai spun ca se gaseste si la pret de 4 ori mai mic;0
2196;sunt nemultumit pentru ca nu functioneaza pe o raza de 90 m.  max 10m.;0
2197;calitate slaba  sunet slab   fara suport dac. aptx. dolby;0
2198;boxa asta nu este extraordinara... adica sunetul lasa de dorit si se aude foarte incet la volumul maxim;0
2199;o prostie, nu am reusit sa incarc nici macar o data bateria telefonului.;0
2200;castide o calitate josnica am comandat albe au ajuns negre cred k din cauza timpului de livrare ((10 zile))));0
2201;se aude bine in casca, dar cel cu care vorbesti te aude foarte prost, mai ales daca e si ceva zgomot prin jur. acum vad ca nu mi se mai conecteaza prin bluetooth la niciun telefon, toate samsung (s6, j7, express 2). nu recomand sub nicio forma!;0
2202;lipseste cu desavarsire acuratetea numarului de pasi parcursi. contorizeaza pasi si atunci cand stai pe scaun. voi returna produsul. nu inteleg numarul mare de aprecieri pozitive.;0
2203;material slab calitativ! deja s-a rupt una din clemele de sustinere! ieftinitura pe bani multi! proasta alegere!;1
2204;o copie atat pot sa zic;0
2205;nu recomand. l-am folosit doar o singura data si s-a stricat.;0
2206;dezamagit, la 40% se opreste telefonul. l-am cumparat acum o saptamana. nu recomand. nu recomand. nu este baterie originala.;0
2207;o baterie foarte proasta calitativ... cumparata in aprilie.....si in septembrie este la 1/4 din capacitate si umflata deja..... mi a stricat si telefonul..;0
2208;se deconecteaza fara motiv de la telefon, are probleme cu incarcarea si s-a oprit fara sa reusesc sa o mai pornesc toate astea in prima ora de utilizare. plus ca am gasit-o pe alte site-uri muuult mai ieftina.;0
2209;pe portul de 2.1 amperi nu incarca mai mult de 0.8a. la fel si incarcarea ei. un plin probabil in 12-14 ore. dupa 4 ore si o liniuta am renuntat.;0
2210;daca cumva doriti sa va achizitionati acest controller trebuie neaparat sa aveti un dispozitiv din gama apple deoarece daca aveti un huawei nu o sa va functioneze doar pe iphone pe samsung si cam atat.;0
2211;folia nu se potriveste cu modelul telefonului asus zenfone go zb 500kl;0
2212;am folosit acest card pe un tel samsung fix o saptamana.. mai exact din 18. 04. 2014 (inainte de paste.. m-am innoit:) ) si pana astazi... 25. 04. 2014 cand m-am trezit ca mi-au disparut anumite aplicatii de pe telefon.. care erau de fapt pe card-ul sd... si uite asa am ramas fara toate datele de pe el:( poze, filmulete, muzica... chestii    o sa dau telefon sa vad cum il pot returna....  pro:: initial a fost pret ok.. ulterior mi-am dat sema de ce:(  contra:: f. slab calitativ;0
2213;calitate mediocra! nu inteleg pe ce baza aceasta tableta a primit 5 stele de la un numar asa mare de utilizatori. nu este capabila sa redea un video la 720p fara sa sacadeze sau mai rau se blocheaza de tot. raportul pret\calitate nu ar exista nici daca aceasta tableta ar fi la pretul de 100lei. bateria se consuma intr-un interval foarte scurt de timp iar optimizarea os-ului inexistenta(vorbim totusi de os:4.4.4 care inca este utilizat desi suntem in 2018 - jalnic).;0
2214;ok pt convorbiri si manele dar daca asculti progressive/trance ca mine sau in general iti place bass-ul, te vor zgaria pe urechi mai ales daca ai avut akg-urile de la s8;0
2215;nu recomand. in 2 luni pe un aparat foto s-a ars. nu il mai recunoaste laptopul si aparatul.;0
2216;acum un an si cateva luni mi-am achizitionat acest produs cu pretul afisat momentan. (partea de pret si marea discount ce da emag )) )   cablul cu care vine e de ras sau de plans ca daca atasati un telefon la el asteptati o ora sa incarce 6-7%. cu alt cablu mai repede putin dar nu se poate recomanda asa ceva. nu stiu cum e trecut de fcc asa ceva.  si devine foarte zgariat chiar din prima utilizare in buzunar fara altceva in ele.;1
2217;nu localizeaza teapa  ca telefon e bun  bateria tine putin;0
2218;folia este mult mai mica decatecranul telefonului. nu  cumparati;1
2219;foarte prost;0
2220;"il am de anul trecut. pe partea de telefon este bun, se aude foarte bine, partea cu localizarea destul de slabut..  per total ar fi ok la pretul acesta insaaaaaa, se pare ca are un anume defect,, universal"", si anume din 2 in 2 luni nu se mai incarca... intr-un an de zile l-am trimis de 4 ori in service cu aceeasi problema, chiar mi-a fost si schimbat, insa si cel nou dupa 2 luni a avut aceeasi problema... nu se mai incarca!   pe scurt, nu recomand!";0
2221;o gluma proasta, toate produsele cu specificatia gps, necesita cartele 2g active si cu sms-uri si optiune de internet cel putin 200 mb. deci unde scrie acest lucru? autonomie foarte mica, precizie foarte slaba, deci nu recomand pentru urmarirea copilului, precizie mai mare au telefoanele, fiind si mai convenabile, acceptand si cartele 3g.;0
2222;in primul rand nu este acelasi produs care este in poze este cu totul si cu totul altceva si nici nu am apucat sa umblu pe el l-am deschis sa ii fac setarile dupa care sa inchis si nici nu se mai deschide ffff prost si nici macar nu se compara cu ceea ce se spune ca este!;0
2223;"il folosesc intr-un dslr canon 1100d de mai bine de un an. se misca foarte greu. rafale nu pot sa trag cu ea! uneori, cand fac multe poze una dupa alta, efectiv nu reuseste aparatul sa-mi salveze pozele si-mi indica ""busy""... si ""pierd momentul"". i-am facut teste cu mai multe utilitare si-mi indica viteza de scriere 10 mbps (aparatul meu are viteza de scriere 30 mbps).  material plastic de calitate foarte proasta. am reusit sa rup cardul introducand in cardreader. nu l-am fortat deloc, l-am impins de la muchia din spate si pur si simplu s-a rupt in doua.  mai am si alte modele de la acest producator si nici alea nu m-au convins.  nu recomand acest card!  mentiuni: l-am cumparat de pe alt site cu renume.";1
2224;e naspa rau.... contorizeaza aiurea... si dupa o luna e pa... nu mai merge.. se aprinde cand o lovesti mai tare... mentionez ca nu a fost trantita.. lovita... nu se merita chiar daca e la un pret f mic...;0
2225;adezivul suportului auto nu tine. fara acest suport auto, inelul este lipsit de utilitate.;1
2226;l am folosit un timp apoi l am aruncat. ma enerva ca atunci cand mi era lumea mai draga imi aluneca si mai cadea si pe sub scaun de stateam sa pipai in timp ce conduceam.  uneori cand eram pe langa masina si raspundeam era conectat automat si nu puteam vorbi de pe telefon ca se auzea in casca (din masina). si alte ori cand ridicam casca sa raspund... se termina apelul.  slab.;0
2227;am primit coletul gratuit cu ridicare personala de la posta(unde am stat la ghiseu vreo jumate de ora)si cand am desfacut coletul, ambalajul era desfacut si deteriorat. mentionez ca l-am comandat nou, nicidecum de la resigilate. incep sa imi pierd din incredere fata de emag...;0
2228;nu recomand, mufa ce intra in telefon sta daca o tii cu mana. chinezarie.;0
2229;este foarte mica pentru telefonul meu vodafone smart prime 7;0
2230;am luat o tableta si nu este adevarat are doar 2 gb restul nu-i vede;0
2231;nu suna bine si nu merge bluetooth.;0
2232;incarca extrem de lent.  pe langa asta se si opreste din incarcare destul de des fiind nevoit sa-l pornesc din nou.  lanterna este buna dar avand in vedere ca scopul principal e de a incarca:  categoric nu recomand.;0
2233;nu e prea bun eu nu las recomanda are 2g eu nu sunt multumit;0
2234;multumim pentru defecte! l-am luat in mana sa il reglez pe clestisor si a cazut lentile! foarte frumos...;1
2235;aceasta baterie trebuie calibrata mai intai, cred, pentru ca murise la 5%, se descarca mai rapid decat cea originala si temperatura sare peste normal mai ales cand se incarca (cand se incarca ar trebui sa fie in jur de 32 de grade cea originala, dar aceasta ajunge pe la 40 de grade celsius)        pe scurt bateria nu este buna;0
2236;s-a aprins o data pana a ars fitilul si acum nu mai functioneaza  slab, nu recomand.;0
2237;nu este de calitate, se rupe repede dacac il dai jos in fiecare zi.;1
2238;nu recomand aceasta chinezerie nu vede nimc noaptea si daca aprinzi lumina ei vedeti maxim 3 m.    nu recomand nici dualstore, nu stiu cum emag permite tuturor sa vanda pe pagina lor.;0
2239;dupa o luna nu se mai incarca complet.  ledurile indica aiurea starea bateriei. mare pacat ca nu il pot returna.  nu merita, slabe performante si mai umbli si cu caramida dupa tine!!!;0
2240;cateodata nu incaraca!;0
2241;se descarca in o zi;0
2242;am cumparat acest produs pentru vacanta din spania, am pus telefonul la incarcat iar in loc sa il incarce, imi descarca bateria.  nu recomand acest produs.;0
2243;le-am achizitionat pe baza review-urilor, sunt acceptabile pentru ascultat muzica dar zero pentru convorbiri telefonice, mai ales, folosind doar o singura casca. nu recomand.;0
2244;produsul nu este dotat cu un acumulator de rezerva ceea ce il face practic inutilizabil, daca s a oprit curentul pa pa alarma;0
2245;prea ingusta. nu are nici o legatura cu dimensiunile ecranului... dezamagire maxima tinand cont de pret. robert.;1
2246;foarte slaba am incarcat cu ea plina doar 55 la suta un huawei mate 20 lite si sa descarcat;0
2247;produs extrem de slab calitativ. bratul flexibil este extrem de flexibil si practic telefonul nu sta absolut deloc fix.    de evitat!;0
2248;total dezamagit!!! am primit ceasul defect dar am renuntat la returnare fiind-ca e dificil si dureaza mult si era cadou de ziua baiatului meu. nici macar nu se aprindea! butonul de on/off nu face atingere unde trebuie e prea scurt, apoi bateria e intr-o stare proasta estetic si cureaua are un sistem greoi si impracticabil de prindere...! am reusit sa il deschid se aude binisor are functii bune, camera foarte slaba si se restarteaza tot timpul! nu recomand aruncati banii degeaba!!! nu stiu daca e-boda are un produs fara probleme!!!;1
2249;nu am reusit sa conectez 5 telefoane la aceste casti;0
2250;nu recomand nici firma, nici produsele!;0
2251;nu sunt chiar multumita pe deplin pt ca se deconecteaza mereu si prin mufa jack nu merge sa asculti;0
2252;nici macar nu mi se conecteaza la telefon... chinezarie...;0
2253;slaba, nu recomand.  nu este nici o diferenta intre bateria mea veche de 2 ani si aceasta, absolut nici o diferenta.  in 2-3 ore de navigare pe facebook se descarca.  cind ajunge bateria la un nivel de sub 40% se descarca incredibil de rapid aproape 1 procent pe minut. nepermis la o baterie noua.;0
2254;produs fabricat gresit;0
2255;cumparata din magazinul fizic de la flanco, imi pare rau ca am dat banii pe asa ceva- nu merita nici cei 269 de lei cat am platit pt. ea. touchscreen- ul nu raspunde la comenzi asa cum ar fi normal, e total haotic, poate asa am nimerit-o eu, dar baiatul din magazin a desigilat-o in fata mea, iar rama are o defectiune din fabrica. nu e de mirare ca ii tot scade pretul si e tot timpul la oferta. eu personal nu sunt multumit de aceasta tableta. nici nu se compara cu huawei cum a scris cineva intr-un review. sotia are huawei de 9,6 inch cu 4 g, care la pret intreg e undeva la 900 de lei. nu exista termen de comparatie intre aceasta vonino si oricare dintre tabletele huawei.;0
2256;cureaua este foarte slaba la capse. mergand pe drum mi-a sarit de pe mana si sa spart.  atentie la ce cumparati!!!  nu merita banii, este ca si cum ai arunca bani in vant.;1
2257;"pe ""ventuza"" este lipita o banda dublu adeziva groasa, deci prinderea se face prin lipire, efectiv, de parbriz. cand vei incerca sa il dai jos... ori il dai jos cu o bucata  de parbriz...; ori se va intinde banda dublu adeziva pe bord, fiind expusa la soare. daca nu ai de gand sa il mai dai jos vreo data... o fi bun. eu l-am aruncat, fara sa-l mai testez.";0
2258;l-am folosit timp de 3 zile in masina, dupa care n-a mai functionat.;0
2259;o porcarie de 2 lei, nu incarca nimic. se infierbanta f. f. tare si incarca cu intreruperi. porcarie!!!!!!!;0
2260;nici macar nu l-am montat in masina, telefonul nu sta in suport, pur si simplu aluneca, scrie ca sustine telefonul in pozitie optima, ca e multi unghi:)))) poate pentru un telefon care cantareste 1 gram si doar in pozitie verticala.;0
2261;buna ziua, am achizitionat acest produs l am returnat deoarece nu se conecteaza deloc cu aplicatia recomandata de producator.;0
2262;extreme de nemultumit. am cumparat unul, functiona intermitent. l-am trimis inapoi cu bateria cumparata de mine(pret 27 lei) cu rugamintea expresa de a verifica produsul ca functioneaza inainte de a mi-l trimite. mi-au trimis unul care nu merge de loc si fara baterie;0
2263;am cumparat 3200mah si am primit 3220 mah, un produs incompatibil cu telefonul.;0
2264;am rana dupa ureche.... imi pare rau ca am cumparat aceasta casca bluetooth..... e insuportabil plasticul ala dupa ureche;1
2265;folia asta nu e buna de nimic. marginile nu s-au lipit si arata ingrozitor. nu cumparati asa ceva!!!;1
2266;"am achizitionat produsul (cu 250 lei si fara bratara, era alta ""oferta!"")si sunt foarte dezamagita. gps-ul nu fu  nctioneaza corect, arata localizarea eronat. in modul ascultare se aude clar doar vocea copilului, in rest totul se aude foarte neclar. am primit o cartela sim de la vodafon cu zero credit si nici o instructiune cum as putea actva aceasta cartela pentru a beneficia de ""oferta"". bateria tine o zi! imi pare rau de achizitia facita. nu l-am putut rambursa pentru ca l-a vazut fiul meu si a vrut sa-l poarte. deci e doar o jucarie scumpa.";0
2267;"produsul parea bun la primele 2 utilizari. s-a stricat dupa a 3-a (nu se mai auzea aproape deloc si fasaia constant), asa ca am trimis produsul la retur/service pentru schimbare cu un produs nou.    am trimis produsul in retur la inceput de iulie pentru al primi inapoi abia dupa cateva telefoane la sediul lor si circa 21 zile. eram bucuros ca a venit intr-un final inapoi ""inlocuit"" conform explicatiilor telefonice.    de fapt, am primit acelasi produs care intre timp se stricase complet. nu mai porneste, cand incerci sa il incarci doar aprinde led-ul cu fluctuatii si atat. complet defect si neutilizabil.    cel mai oribil este ca au pus verdictul la service ca produsul este functional si mi l-au trimis in stadiu complet neutilizabil. nu am mai fost asa de pacalit vreodata de un service.    pe fisa produsului scrie ca este ""sweat and splash proof"" si s-a stricat dupa 3 utilizari de la transpiratie cand a fost folosit doar la alergare.";0
2268;dupa nicio luna s-au defectat... nu se mai aude la una din casti...;0
2269;pro  sunt 4    contra  pai aici ar fii o lista, dar trec decat ce conteaza  1 foarte greu de aplicat pentru ca nu vine cu nimic in cutie (laveta etc...)  2 nu acopera tot ecranul decat 40-60% iar ceasul incepe sa se detelioreze de la margine       bani aruncati pe un produs ineficient;0
2270;foarte slabe. nu incarca si a iesit fum din ea cand o incarcam( adio).;0
2271;un produs f bun fata de altele precum intex cu troliu si lumini pe difuzor,, claritate atat la muzica cat si la miccrofoane,, va recomand acest produs fata de altele;0
2272;cea mai mare teapa!!! nu recomand;0
2273;am testat tableta o zi si pare ok... nu prea stiu cat tine incarcata pt ca am trimis-o inapoi in service sa vada ce are incarcatorl. avea o chestie ciudata, daca o incarcam cu alt incarcator decat cel original mergea, iar incarcatorul ei original pus in alt dispozitiv mergea de asemenea, dar cand le foloseam impreuna nu faceau contact cum trebuie.... trebuia scos un pic afara si am trimis-o in service. am 5 zile inca astept un radpuns.;0
2274;"folie ""de doi lei"", nu de 20 lei (+17 lei transportul).  made in romania, fara ustensilele necesare aplicarii (de fapt scrie si cu urme pe ea (pentru ca nu este protejata decat pe partea adeziva).  nu as mai lua nici gratis.";0
2275;o porcarie. material de proasta calitate - suportul de plastic s-a crapat la baza. eu l-am luat la reducere, dar la pret intreg nu merita niciodata;1
2276;nu e bun de nimic;0
2277;nu incarca 2 dispozitive simultan si este de o calitate foarte, dar foooarte slaba;0
2278;am achizitionat folia in ianuarie. in martie deja a inceput sa se dezlipeasca de pe ecran. nu cred ca este o situatie normala. nu recomand!!;0
2279;am achizitionat aceasta baterie in ideea de a o folosi la pescuit prin incarcarea la lumina. dupa o zi lasata la soare mi-a incarcat telefonul de la 10% la 28%.daca am folosit incarcarea la priza am facut 3 incarcari telefon. concluzia mea e ca este o chinazerie ieftina. daca vream lanterna imi luam lanterna, daca vream cu incarcare la priza luam la priza dar am vrut ceva solar si am luat o mare teapa. oricum am cam inceput sa m-a obisnuiesc cu tepele de pe internet. oare cand am sa m-a invat minte... mare atentie...;0
2280;"neseriosi!!.. am luat aceasta husa pe ambalaj scrie 8""... pe eticheta lipita scrie 7""... si normal ca nu mi se potriveste la tableta... am sunat la ei am comunicat aceasta problema.. iar ei ce credeti ca imi spun?? ""nu va luati dupa ce scrie pe ambalaj"".. mi-au sugerat sa fac retur sau schimb.. tot pe banii mei ca sa dau o suma cat nu face... dezamagitor... nu recomand!!!";0
2281;nu este fast charge;0
2282;nu merita nici o stea. sunt de proasta calitate. se incarca numai de la alt incarcator, cel intern nu functioneaza acc.   o casa se aude foarte incet comparativ cu cealalta casca.  nu cumparati asa ceva!!!  nu stiu cum cei de la emag le da voie sa vanda produsul.;0
2283;"in 2 luni de la achizitionare bateria nu rezista nici macar 12 ore ca sa nu mai vorbesc ca la sub 40% pornirea datelor mobile sa lasa cu inchiderea telefonului.  nu recomand, bateriile cu care vin telefoanele sunt de o alta calitate fata de cele ""originale"" cumparate ulterior....";0
2284;produs slab in raport cu pretul. fara alte comentarii.;0
2285;nu merge, nu este bun de nimic, nu incarca deloc un s7, efectiv nu merge nimic, ledurile se aprind si cam atat, daca pun telefonul cu ecranul pe el ledul rosu incepe sa apara, dar in rest nimic, nu recomand!;0
2286;este mai mare nu se potriveste;0
2287;foarte proasta, microfon slab, probleme la conectare;0
2288;se aude doar o casca, foarte slabe, nu recomand va luati mare teapa;0
2289;panarama de folie, trebuia sa bag si telefonul in apa ca sa fie bine.... se monteaza ca folia auto plus ca este doar un plastic de doi lei..;0
2290;bine viteza de 80 mb/s la citire, dar la scriere de ce nu e specificat pentru ca e foarte mica si ar scadea interesul clientilor.;0
2291;bateria nu cred sa fie originala, tine la fel de putin ca cea veche de 2 ani. in 5 minute cu wifi pornit sau dus 4% din baterie ca sa intelegeti. dezamagit!!! nu recomand;0
2292;"desi scrie pe ea 10.1"" este prea mica pentru o tableta ipad pro de 9.7"".";0
2293;sa blocat la 8 zile de la achizitionare;0
2294;ramane blocat displayul la 100%..;0
2295;incarca foarte greu. degeaba este fast charge, dureaza si pana la 4 ore o incarcare full, am observat ca undeva la 80% isi pierde din puterea de incarcare. mentionez ca l-am folosit pentru un s7 edge.;0
2296;acest model metalic in ciuda faptului ca e f. faina se desface la fiecare miscare in jos a incheieturii mainii. nu recomand;1
2297;sunt foarte, foarte dezamagita de acest produs. lentila cu macro nu merge deloc si am incercat-o pe 3 telefoane, nici un telefon nu reuseste sa focalizeze imaginea, deci este imposibil sa faci o fotografie. iar cea wide si fisheye iau enorm de mult din calitatea imaginii/pozei. nu sunt deloc multumita si chiar nu recomand deloc acest produs, mai ales pentru ca am luat 2 si la ambele este aceeasi problema.;0
2298;al doilea ceas achizitionat si se da peste cap la efectuarea sau receptionarea apelurilor! nu se mai aude si nici nu mai esti auzit! dezamagit...;0
2299;telefon - merge ok. e bine ca nu are optiuni din ceas si totul se seteaza de pe un mobil cu aplicatia vonino.  gps - este slabut. nu arata pozitia corecta dar merge pentru a vedea zona in care se afla copilul.  ceas - inca nu am reusit sa gasesc de unde se seteaza ora corecta.    - bratara s-a rupt dupa 4 saptamani de folosinta. nu am gasit de inlocuit si a trebuit sa arunc ceasul.  nu recomand;0
2300;am cumparat produsul direct de la wybee, nu prin emag. calitate zero. face bule imposibil de scos. foarte slab adeziva.;0
2301;dupa 3 saptamani s-a dus.... macar sa scrieti la descriere: “durata de functionare 3 saptamani”..... acum stau sa vin la voi pentru garantie....;0
2302;un device scump pentru ce ofera. incarca foarte greu s8.;0
2303;este fake incarcatorul.. se incinge foarte foarte tare, si incepe sa miroasa a plastic ars. plus mi-a venit intr-un plic.. nu e ceva marca samsung. are un scris pe el, de zici ca e tatuaj de la gume. daca il razui cu o moneda se duce scrisul. nu i-as da nici o stea.. fiindca mi-e frica sa-mi las telefonul la incarcat cu acest incarcator...;0
2304;nu recomand acest produs. desi urmez toti pasii descrisi in prezentarea produsului acesta se deconecteaza cand ti-e lumea mai draga. eu am incercat sa il folosesc cu iphone 7 plus si a functionat 5 minute de redare muzica din apple music apoi s-a intrerupt. iar l-am conectat si iar s-a deconectat..;0
2305;produsul este de o calitate josnica. nu este asa cum este descris. in schimb livrarea a fost facuta corespunzator si cu o amabilitate mare.;0
2306;"in general am fost multumita de produsele e-boda, insa bateria aceasta m-a dezamagit complet. cat timp este incarcata, un led sta aprins incontinuu, consumand-o; nu are un buton on/off cu care sa o pot opri. nici capacitatea nu este prea mare; mie imi incarca aproximativ jumatate din bateria telefonului. un singur pro: dimensiunea mica o face potrivita pentru aproape orice poseta.";2
2307;am achizitionat bratara in primul rand pentru monitorizarea pulsului. exemplarul pe care l-am testat afisa diferente de 50 intr-un interval de 1-2 minute.  nu stiu daca este o problema comuna, eu am returnat produsul imediat.;0
2308;din pacate nu poate incarca un s7 sau un lumia 650 cand este folosot cu gps in masina. telefonul se descarca in timp ce este conectat la incarcator.   pe s7 imi arata ca se incarca de la 10% la 100% in 5 ore.;0
2309;greu de aplicat. noroc ca de fapt sunt doua folii in pachet. daca nu reusesti din prima....;0
2310;incarcare solara slaba. as putea spune ca nu functioneaza. bateria livrara contine o zgarietura in zona ledurilor. in rest, bani aruncati in foc pentru material chinezesc de proasta calitate.  plus ca n-ar fi stricat sa tipariti instructiuni de folosire pe o bucata de hartie.;1
2311;slab calitativ, plastic de 2 bani, iar acumulatorul respectiv nu prea tine, sau tine foarte putin... parerea mea e ca nu merita.;1
2312;dc asta e baterie originala, inseamna ca habar nu aveti ce inseamna! o chinezarie infecta! tine mai putin decat bateria originala care o am de 2 ani! nu recomand!!!;0
2313;foarte proasta, nu s-a aplicat corespunzator.;0
2314;dupa o utilizare de o saptamana pot spune ca produsul nu merita cumparat. mie imi scapa telefonul de pe suport, chiar daca nu e vreo curba. o sa il returnez;0
2315;este intradevar o chinezarie. calitate inferioara. nu merita nici 20 de lei.;0
2316;"din pacate tot ce lauda multi pe aici sunt subscriptii contra-cost. cat despre produs in sine, este gandit 100% pt sua, de aici necesitatea de adaptoare, vpn si alte solutii date de unii. ganditi-va ca unii oameni vor un produs ""plug&play"" cum este google home, care este de infinit de ori mai bun mai intuitiv, mai destept si mai simpatic. si nu necesita atatea ""account""-uri la tot felul de servicii.";2
2317;foarte bune la inceput dar dupa 1-2 luni s-a stricat iar casca dreapta ( sunt la a doua pereche ). nu le recomand decat daca le tii in husa:);0
2318;nu are nicio treaba cu ce ar trebui sa faca. nu-l recomand.;0
2319;am dat comanda si mi-a venit un cablu usb - microusb de proasta calitate. ce i drept tot alb. nu l-am returnat ca e prea mult deranj pentru un cablu, desi ar fi trebuit si nu a fost o decizie deloc buna. probabil si pe delasarea asta mizeaza unii cand trimit aiurea. de evitat;0
2320;si eu am avut aceeasi surpriza... am comandat 'camuflajul' si m am trezit ca mi au trimis pe albastru. oricum am aruncat o direct la gunoi.... se auzea ca in caldare;0
2321;da descriu esperienta mea cu produsul ca nu tine bateria nici macar 3-4 ore nu mai zic sa activezi o aplicatie cum ar fi bt ca deja vb despre cu torul altceva deci in concluzie nu cuparati acest produs chiar daca specificatiile acestuia spun sa-l cumparati pt ca bateria nu va permite sa le folositi descrcanduse prea repede deci un mare nu nu nu la acest produs;0
2322;bateria a tinut vreo 6 sau 8 ore si are un volum foarte bun. basul este chiar ok si se conecteaza usor cu dispozitivele mele.  updatez review-ul pentru ca boxa nu mai functioneaza corespunzator, acus o saptamana sunetul a inceput sa fie tot mai distorsionat la volum mediu (dupa ce a dat crash si a trebuit sa tin apasat butonul de power 10 secunde) si boxa am luat o in noiembrie 2017. pe langa asta in loc sa fie schimbata sau reparata, am primit banii inapoi, acuma ar trebui sa o cumpar cu 10 lei mai mult decat pretul de anu trecut.;0
2323;magnetul este foarte slab, nu tine telefonul.;0
2324;nu este bun deloc abia incarca o jumatate de baterie;0
2325;ma asteptam la un fas dar ingerul negru m-a imboldit la prostii! radio prinde un post gajiit cu un cablu de 1metru in usb, de unde bas, de unde fidelitate cu difuzor de 5 wati nu de 10 cum se lauda descrierea, pe cutie e drept nu spune nimic, nici dimensiuni! dar este ideala in butoiul cu varza pe post de greutate!;0
2326;s-a stricat dupa o luna de functionare;0
2327;"am un xcover3 de doi ani, bateria era deja slabuta fapt pt care am decis sa-l schimb. am comandat aceasta baterie noua care a si sosit in cateva zile dar cand am desfacut punga am vazut ca este umflata. am decis, totusi, sa-l probez... cred ca nu trebuie sa spun ca nu tine nici atat cat cel vechi. sunt dezamagit, nu recomand vanzatorul. am platit 75 (cu transport) de roni degeaba. acesta este a doua oara cand sunt ""luat de fraier"", am mai comandat odata (tot de pe net dar de la alta firma) un acu pt. un nokia care nu se incarca deloc... data viitoare am sa ma duc la un magazin de telefonie unde pot sa vad si sa probez ce cumpar.";0
2328;nu o recomand. se blocheaza si nu poti face nimic sa iesi decat sa o inchizi si sa o repornesti iar plus ca a mai aparut si o pata pe display si acum sunt nevoit sa o trimet la service si astept sa vad daca nu cade vina pe mine.;0
2329;o mizerie, mai e si foarte mare pentru cei 10000 ma;0
2330;dupa 10 min de folosire nu mai merge. chinezarie ieftina nu merita;0
2331;un produs chinezesc, s-a stricat dupa o zi de utilizare...;0
2332;are o curea moale ca branza o sa vi se rupa din prima eu nici nu am putut sa il incarc pentru ca nu se incarca nici nu am putut sa il pornesc sa vad cum merge o chinezarie proasta nu cumparati;1
2333;dupa ~ 2sapt nu a mai functionat am descarcat-o complet si nu se mai incarca, are doar primul led aprins.. a stat si 3 zile in priza.. nu recomand.. am procurat alta baterie de care sunt fffff multumit (are peste 1200review.. sa nu ii fac reclama);0
2334;ie foart de proasta calitate in poza arate ca ieste original dar ieste mai prost ca la chinezi pa magazine ieste 20 de lei original;0
2335;il bate apple watch 3 din toate pozitiile pe asta.;0
2336;desi sunt pe deplin constient ca este o chinezarie ieftina, nu accept faptul ca nu merg toate aplicatiile ceasului. nu functioneaza mesajele (nu se pot vizualiza ) nu poti accesa comenzile camerei foto, etc. ceasul solicita permanent instalarea unei aplicatii bt notifier care chiar instalata, nu face nimic special. aplicatia sugerata de producator este de asemenea inutilizabila.;0
2337;dupa foar doua ore de functionare se aude un harait foarte deranjant... nu stiu daca asa sunt toate sau am eu ghinion. in mod cert o returnez.. nu recomand;0
2338;cel mai prost produs posibil. cablu nu mai functiona dupa 5 zile in conditii nirmale de functionare, incarcat exclusiv 5 nopti fara tras de cablu sau folosit telefon in timpul incarcarii;0
2339;este un produs extrem de prost. dupa o incarcare completa nu tine nici macar pentru o convorbire de 15 minute. in plus se aude foarte foarte rau. in plus, desi in toate;0
2340;nu se conecteaza cu dispozitive android.;0
2341;am comandat acest produs. mi-a ajuns deteriorat, coltul lovit. materialul este jalnic, calitatea sunetului mai proasta decat a unei boxe portabile de buzunar. nu recomand acest produs!;1
2342;nu tine deloc bateria, degeaba e de 3000mah. am schimbat telefonul, nu mai vreau sa aud de lg in viata mea!;0
2343;am luat unul si in cateva zile sa rupt bucatele a ramas magnetii prinsi pe telefon. (chinezarie);0
2344;viteza de scriere pe card 12mb /sec, viteza citire de pe card 30 mb /sec, am folosit un cititor de carduri usb 3 pe un port usb 3 din calculator, un card mediocru cu o reclama mincinoasa;0
2345;inutil, trei adulti n-am reusit sa-i dam de cap.... va fi returnat;0
2346;am cumparat acest produs, de la emag, pe firma. a sosit repede, a doua zi de la comandare.  nu incarca, decat intr-o anumita pozitie, pe care trebuie sa o cauti, mutand telefonul cate 2 mm, inspre toate punctele cardinale, cam dupa vreo 15-20 miscari, o gasesti.  eu nu amtimp de joaca, asa ca am vrut sa-l returnez.   am fost la showroom. nu l-au primit, caci e livrat de magazin partener.  am completat online, formularul de reclamatii.2 zile, n-a raspuns nimeni. azi am sunat.   mi s-a spus ca, pe firma nu se poate returna. trebuie trimis la service. m-a intrebat daca am formular de garantie. nu am primit. atunci asteptati pana vine formularul, apoi il trimiteti la service si..... probabil voi renunta, dar pa emag. pana acum am cumparat mult, de aici, dar aceasta a fost ultima mea cumparatura.;0
2347;am cumparat acest ceas pentru durata mare a baterie. aici chiar sta foarte bine, tine undeva la 30 de zile. stiam cand l-am cumparat cam tot despre el, mai ales pe partea smart. e un ceas bun daca nu ai nevlie de foarte multe chestii smart. vibreaza cand te suna cineva, primesti relativ repede notificarile, si cam atat. contra: se, deconecta tot timpul de la telefon, de 10ori pe minut. daca ridicam mana sa vb latelefon se deconecta. a veam o vibratie continua la mana. incercat cu samsung s6 si iphone 6s. aceasi problema. de aici si restul problemelor legate de conectivitate... mesaje venite cu intarziere, etc.  dupa 6 luni de incercar am renuntat sa mai astep un upgrate de la cei de la vector, si sa imi mai bat capul cu el asa ca l-am vandut;0
2348;ceasul este foarte frumos si de calitate, monitorizarea activitatilor este net superioara competitorilor.   nota mea este strict din cauza ca cineva insista sa numeasca aceste ceasuri smartwatchuri.   in opinia mea un smartwatch trebuie sa ofere mult mai mult decat monitorizarea diverselor activitati.   consider ca ceasurilor garmin li se portiveste mult mai bine denumirea de daily tracker sau tracking device, mai au mult pana sa ajunga la prefixul smart;2
2349;"este o ""chinezarie"" ieftina. din toate functiile pe care se lauda ca le are, doar trei functioneaza bine: pedometrul, ceasul si ritmul cardiac.";0
2350;nu este original;0
2351;nu se conecteaza la nicio aplicatie chiar daca am urmat toti pasii din instructiuni! nu poate fi folosit nuci macar ca ceas:)) am incercat doua, asa ca aveti grija cu produsul acesta;0
2352;daca apesi putin mai tare risti sa cada butoanele, ies de unde le e locul sau intra in casca. mi-a luat destul de mult sa le conectez pe ambele la telefon ca dupa sa trebuiasca sa o fac dupa ce am inchis bluetooth-ul. nu recomand!;0
2353;mizerie, m-am conectat o singura data a functionat apoi nu mai functioneaza, am aruncat cutia cacaltfel retur. sambata au sosit duminica nu mai functionau. mizerie chinezeasca ii lauda.;0
2354;cureaua nu se potriveste estetic cu ceasul(s3 frontier). este incomoda, nu recomand.;1
2355;il am de o saptamina, dar nu sint multumita de el, bateria tine 8-10ore nu mai mult. si folia de protectie a vazut a doua zi. nu il recomand sunt dezamagita total.;0
2356;"acest produs (sau cel putin cel primit de mine) este un fake ordinar. are exact aceleasi specificatii ca cel original(scrise pe el), dar in realitate e un produs de slaba calitate. spre exemplu: cuplat la el cu 37%, dupa zece minute era la fel si imi spunea ca mai are 4 ore si 51 de minute; cuplat la original arata 1 ora si 8 minute. nu recomand. voi returna.";0
2357;sistem cu banda adeziva care colecteaza praful, am incercat sa il curat si s-a rupt;1
2358;nu se aude bine, se tot intrerupe;0
2359;daca te indepartezi cca 4 m deja bipaie ca nu mai esti in raza telefonului.  distanta era de la iesirea din bucatarie 1,5 m pana pe hol 2,5 m despatindu-ne un zid;0
2360;foarte slaba calitate!   bateria nu tine mai mult de 30 min, iar rezistenta la apa e defapt doar la stropi  din a 3-a zi s-a stricat mufa de incarcare.. microusb din boxa si nu mai incarca.. mai bine cautati altceva!;0
2361;magnetul foarte slab nu tine telefonul nu recomand!;0
2362;low quality, weak product.;0
2363;este un produs oribil;0
2364;am folosit cateva luni pana cand s-a dezlipit din spate iar plasticul este foarte casant (s-a crapat dupa cateva socuri minore)... nu recomand hoco;1
2365;am cumparat o pereche acum o zi si cand vorbesc la telefon, se aude foarte incet. la casti se aude bine muzica dar asta e problma foarte mare cu microfonu.;0
2366;la fel de inutil ca acumulatorul folosit 2 ani;0
2367;buna, cutie desigilata si lipsa instructiuni.  nu se potrivesc gaurile, nici la camera nici la difuzor.  folia este mai mare (chiar daca este fortata un pic sus) si nu sta lipita in partea de jos.  am cumparat si pt huawei p10 lite dar nici aceea nu se potriveste.  nu recomand fan gsm... dar fiecare face ceea ce doreste, poate aveti alt noroc eu doar am pierdut banii deoarece fiind desfacute nu mai pot face retur pe ele, macar daca aveam inspiratia sa compar foliile cu telefoanele inainte sa desfac accesoriile.  toate cele bune;0
2368;total inutila. este de buna calitate, se vede asta, dar nu acopera integral fata telefonului. raman 2 mm pe ambele laterale. este prea ingusta. daca marginile nu sunt acoperite, este inutila. ca sa nu mai spun ca se vede groaznic. si am mai dat si 75 de ron cu tot cu curier. foarte, foarte dezamagit.;1
2369;am cumparat bateria asta de 10 zile, in primele zile parea ca functioneaza totul perfect si chiar m-a tinea bateria o zi intreaga! azi a inceput sa am probleme, in nici 4 ore telefonul e mort si fara sa il folosesc! nu recomand la nimeni;0
2370;nu recomand, folia este mai mare decat telefonul si nu se aliniaza bine locurile taiate pentru difuzoarele telefonului.    am atasat si doua poze in care se vede ca daca incerci sa aliniezi unul din locurile de difuzor, al doilea nu se mai potriveste.;1
2371;nu este buna de nimic, nu merita cumparata, daca dai volumul la maxim se aude distorsionat, si se deconecteaza automat de la bluetooth, nu recomand!!!;0
2372;spevificatiile produsului sunt inselatoare. powerbankul nu are 10 cm lungime si nici 4 cm latime. in plus produsul a venit resigilat.;0
2373;s-a stricat dupa o singura utilizare, de 3 zile;0
2374;nu am reusit sa-l folosesc nicio secunda. s-a rupt cand am vrut sa-l atasez. foarte slab calitativ, bani aruncati.;1
2375;nu recomand in cazul in care folositi pt telefon in pozitie verticala, nu strange destul si se rupe usor.;1
2376;pur si simplu nu vrea sa mai incarce dupa nici o luna si jumatate de utilizare;0
2377;in prima zi sa rupt siliconul pe la tabla aia. foarte prost calitativ;1
2378;"am avut o experienta buna timp de 2 luni cu boxa, sunetul este unul foarte clar, m-am conformat cu faptul ca duce lipsa de bass, iar bateria tinea destul de mult. design-ul si textura mi-au atras atentia, mai ales faptul ca era o boxa ""rezistenta"", totusi nenorocul mi-a suras, iar intr-o zi, in timp ce ascultam muzica la un nivel mediu unul din difuzoare a luat decizia de a se strica, in conditiile in care boxa nu a fost scapata, sau testata sub apa. imi pare rau, dar aceasta a fost experienta mea, recomand jbl.";2
2379;s-a stricat dupa aproximativ 5 utilizari. se aprinde ledul cand este la incarcat dar nu incarca. cablul cu care vine la fel de prost! o mizerie;0
2380;cablul nu este unul original, asa cum arata anuntul de pe emag sau factura primita impreuna cu produsul.;0
2381;matrialul din care este facuta ventuza este mai mult   un lipici decat cauciuc. la caldura se dilata foarte mult. de asemenea s-a dezmembrat dupa nici o luna de tinut pe parbriz. la acest produs pretul spune totul.;0
2382;sunt dezamagit de emag ca permite sa se vanda astfel de produse pe site-ul lor.  spun asta in primul rand pentru ca cei care o prezinta si o vand mint in specificatii in leg cu cele 2x10 difuzoare.   - boxa nu are 2x10. chestiile care se vad in poze in lateral sunt niste difuzoare false. de fapt boxa are un singur difuzor central de calitate slaba.  - butoanele sunt de calitate foarte slaba.  - singurul avantaj as spune ca este bateria care are autonomie mare.    si boxa mea este rosie in loc de camouflage si a venit cu membranele laterale ale difuzoarelor false zgariate.  desi stiam ca este un fake si nu aveam asteptari foarte mari cu privire la calitatea produsului nu ma asteptam sa fiu inselat in legatura cu specificatiile sale. lucrul asta scade increderea in emag.;1
2383;dupa 3 zile de functionare, cred ca a luat foc sau ceva, s a incins foarte tare si nu mai merge nici cablu nici adaptoru de priza... vai de el;0
2384;o mare porcarie;0
2385;foarte bun, incarca destul de repede.. asta daca nu primesti o notificare/mesaj/apel si nu ai vazut... se deconecteaza... telefonul se deconecteaza de la incarcat la o notificare.. deci daca il pui la incarcat si primesti imediat o notificare si il iei dupa 1-2 ore si iti trebuie urgent ai pus-o.. ca nu se incarca. in rest functioneaza perfect pe un s6 edge si chiar arata frumos ca aspect pe birou. doar ca trebuie sa mai il verifici din cand in cand sa nu fi primit ceva.;2
2386;o folosesc ocazional de 7 luni si este slaba. capacitatea nu este de 10.000 mah, undeva la 7k mah.    curentul de iesire de sub 1 ah nicidecum de 1.5 ah.    o incarcare unui telefon epuizat de 3300 mah dureaza peste 3 ore jumatate, calculate si voi.;0
2387;pro:  -design placut  -placa electronica cu urmatoarele caracteristici:   *iesire 2,1a in total indiferent de port, cu o medie in jur de 2a  *intrare 2a in medie, cu incarcare in impulsuri la anumite intervale de timp.  *protectie la scurt-circuit direct pe placa, nu am testat si la polaritate inversa,   *protectie la descarcare 2,85v, iar la incarcare 4,17v.  *tensiune de iesire stabila chiar si la 1,4a, fiind undeva la 4,92v.   *mufe foarte bune, toate trei,  -lanterna    contra:  -acumulatorii. desi au 42 de grame, 5 la numar, dupa conversia la 5v, acestia ofera un maxim de 3500mah, respectiv 3200mah la al doilea produs, masurati cu becuri, aprate de masura conventionale si cabluri artizanale. bateria externa ar fi trebuit sa debiteze un minim de 5a, din cei 8a declarati. chiar si daca ar fi fost asa, randamentul greutate-eficienta ar fi fost slab. un acumulator de 8a cu 5a debitati, are in medie 200g, iar acesta cu 3,5a are in jur de 260 grame. bateriile nu sunt marcate, iar legarea lor in interior nu este eficienta, astfel ca doua au o tensiune mai mare decat celelate trei, cu 2-3 unitati. eu le-am legat toate 10, din doua aparate, si am obtinut o tensiune stabila pe toate 10, dupa 24 de ore, de aproximativ, 4,09v, oarecum slabut, tinand cont ca ele sunt incarcate pana la 4,17v, si ar fi trebuit sa ramana pe la 4,13v. carcasa este lipita, asadar nu o puteti deschide fara sa o stricati. eu am cumparat doua bucati, nu-mi pare rau, le-am luat foarte ieftin, dar daca as fi stiut de capacitatea lor reala, nu le-as mai fi cumparat. placa electronica e cat de cat, dar ca intreg, probabil ca nu ar merita mai mult de 25-30 de lei, eu achizitionandu-le cu putin peste. placa electronica are 4,5 stele, iar acumulatorii, 3 stele cu minus.;2
2388;bateria este mai slaba decat cea veche. se descarca in cateva ore dupa incarcare 100%. la27% dupa 6ore stand by se inchide smartfonul. procedura de retur nu merita efortul la valoarea ei. nu recomand.;0
2389;s a rupt cureaua dupa nici doua saptamani, e o risipa de bani acest ceas.;0
2390;castile sunt execrabile, au urme de uzura, aveau inclusiv ceara de urechi pe ele, am incercat sa le incarc si dupa 10 minute era sa ia cablul foc. este o experienta care ma pune serios pe ganduri daca sa mai achizitionez asa ceva..... sunt profund dezamagit. rusine pentru astfel de comercianti;0
2391;nu l-am purtat niciodata de cand am cumparat acest ceas, am bagat o cartela de telekom in el sa vad cum merge ba prindea semnal ba nu prindea deci ca si telefon sa suni nu poti sa-l folosesti tre sa ai noroc sa ai retea, cand se consuma bateria ceasul nu ramane memorat trebuie apoi din nou sa setezi ora, scrisul e foarte mic deci sa setezi ora nu e asa rapid, stau mereu sa setez ora cand bateria se descarca? nu e bun de nimic;0
2392;am detinut un smartwatch poseidon si a trebuit sa-l returnez urmatoarea zi, bateria se consuma 45% in 30 min, se deconecta des de la telefon (samsung galaxy s7).;0
2393;mie mi-au gresit culoarea. comandasem una crem pentru a fi mai discret dar am primit una neagra mica si destul de buna, totusi. sta bine in ureche (dreapta). eu o folosesc mai mult pentru a asculta audiobook-uri. pentru a va face bine intelesi in convorbiri telefonice trebuie sa tineti mana in dreptul urechii pentru a directiona vocea de la gura la microfonul dispozitivului, poate ati vazut gestul asta in filmele cu spioni. eu as mai comanda una, daca se poate de data asta sa-mi trimita una crem, daca nu, num  p.s. dupa o saptamana a murit.;0
2394;foarte proasta nu incarca;0
2395;produsul nu se potriveste descrierii si nu are toate functile mentionate;0
2396;total dezamagit de produs. am crezut ca este un produs apple original dar nu a fost asa. bateria originala tinea aprox. o zi, iar cea noua nici macar 1/2 zi. multumesc emag pentru promtitudinea serviciilor;0
2397;tocmai am achizitionat unul pt fiul meu, bateria nu tine decat 3 ore in standby;0
2398;dezamagit! doar 1 usb functioneaza din cele 2 iar garantia era in cutia incarcatorului, pe care am aruncato, fara sa intuiesc ca nu as aveao si pe email sau in format electronic.;0
2399;lentila wide a venit cu defect, imaginea este stearsa in centru. se vede defectul de fabricatie, materialul lentilei este texturata. in rest, celelalte componente sunt ok.;1
2400;cel mai prost produs!!! e un produs 'reusit' made in china+ nici vorba sa poti purta husa avand aceasta folie pe telefon pt ca se va desprinde imediat;0
2401;castile sunt slab calitativ, dar la cat costa probabil nu ar trebui sa avem pretentii ridicate. bateria tine foarte putin spre deloc, aprox 25 min de ascultat muzica. pe convorbire telefonica nu le-am testat bateria, le-am dat retur, se aud infundat, iar persoana cu care vorbesti te aude slab... per total nu recomand produsul.;0
2402;nu aveam foarte multe asteptari si pretentii de la acest produs, dar, nu face ceea ce scrie in specificatii. am reusit sa inregistrez aproape o ora de filmare, dar nu continuu, ci in 5 reprize de 10 minute. nu am reusit altfel, desi am incercat de mai multe ori. calitatea filmarii acceptabila, insa unghiul de filmare, foarte mic. pe lumina slaba, poti sa uiti de filmare. calitate sunet, decenta. ce scrie in manual/instructiuni nu corespunde cu ceea ce face stickul, este nefolositor mai ales ca unul din butoane, este numai de design. am incercat sa fac poze, inregistrari audio, nici o sansa, doar inregistrare video cu sunet. poate nu este manualul corespunzator acestui stick. as vrea o demonstratie de la cei care il comercializeaza sau cei care il lauda in review-uri, eventual, niste instructiuni corecte.  nu recomand produsul.;1
2403;am acest produs de doua saptamani. initial am fost relativ incantat de aspect si functionalitate, dar......... la un moment dat am fost nevoit sa scot tableta si am incercat sa o refixez dupa cateva zile..... rezultatul?...... s-a rupt o brida de prindere (partea din plastic).... deci, la a doua fixare a tabletei...... si am facut-o cu mare grija, din doua motive: unul, sa nu rup acele bride:) si doi, sa protejez tableta de eventuale zgarieturi in zonele de prindere...... in concluzie, probabil sunt si eu ghinionist, nu va cumparati asa ceva........ sa vad daca pot rezolva ceva cu garantia...... daca rezolv, mai pun o stea, mai multe, nu.....:);1
2404;butonul bt nu functioneaza si se aude ca vechiul flip 3, sunt foarte dezamagit de ea. am trimis-o la garantie, sper sa primesc ce asteptam.;0
2405;a mers 2 zile dupa care nu a mai mers;0
2406;pentru un acumulator extern este nu mare, extraordinar de mare!  nu recomand. sunt altele si mai mici pe piata!!!;0
2407;la 5 minute dupa ce am deschis cutia am facut cerere de retur... ecranul era deformat, touch/il nu functioneaza corect, ma intreb daca are cineva una functionala.;0
2408;nu este de calitate. dupa 2 zile s-a desfacut mufa de alimentare a telefonului.;0
2409;o incarcare de 98% la huawei p20 lite si au disparut 2 beculete, dezamagit in totalitate, retur;0
2410;de la trecerile de temperatura.. casa.. afar... geamul se abureste incontinu.. fara a fi bagat in apa.. este un ceas de maxim 90 ron... eu unu sincer nu-l recomand... am sa-l returnez... un produs de slaba calitate la banii ceruti pe el..;0
2411;chiar deloc nu sunt incantat. adica produsul e ok ca si calitate, dar odata conectat la telefon, dupa ce vorbesti la telefon sau primesti cate un mesaj i se schimba culoarea ecranului desi este setat sa stea pe negru de exemplu (are o functie care iti permite sa faci ecranul cu fond negru sau alb, dupa preferinte). per total nu sunt foarte multumit dar... asta e. il tin pe dulap;0
2412;"am achizitionat aceasta folie de sticla direct de la temperedglass (nu prin intermediul emag).  la prima vedere: vine intr-un pachet care inspira ceva calitate. montajul se realizeaza usor si in final arata foarte bine pe telefon. decupajele sunt bune iar raspunsul touch-ului este excelent.  problema vine atunci cand incepe sa se dezlipeasca... prima oara am patit-o dupa cateva zile in coltul din stanga jos dar s-a remediat usor printr-o usoara apasare. acum insa arata ca in pozele attashate... si din pacate nu am mai putut sa remediez.  mentionez ca folia am aplicat-o corect, nu sunt la prima folie pe care o aplic.  ""ei"" spun ca ofera calitate... dar cel putin in cazul meu nu s-a dovedit asa. am cumparat cea mai scumpa folie de sticla in speranta ca va fi si calitativa... dar se pare ca o chinezarie ramane o chinezarie si totul depinde de noroc.    fiti cu bagare de seama ca ofera 30 de zile garantie lucru care il veti vedea pe factura aferenta. durata de viata medie 3 luni. nu stiu cum emag scrie la capitolul garantie ca ofera 12 luni, repet eu nu am luat prin intermediul emag.   cititi articolele si review-urile celor cu iphone 6... toti se plang de ei...  cand i-am contactat pe cei de la temperedglass si le-am expus problema mi-au ras in fata si mi-au spus ca termenul de garantie este depasit. este adevarat ca mi s-a intamplat la 45 de zile de la cumparare. nu aveam mari pretentii de la ei dar chiar si asa... felul in care au tratat problema lasa de dorit.";0
2413;"produsul mi-a sosit intr-un ambalaj deteriorat (la fel si ambalajul pentru selfie stick-ul primit cadou). l-am achizitionat cu intentia de a-l face cadou. din pacate, nu poate fi folosit cu un sim digi mobil (persoana foloseste reteaua digi...). ciudat pentru ca la descrierea produsului era specificat faptul ca "" ceasul este decodat, poate functiona in retelele din romania"", pt ca ulterior, dupa insiruirea altor caracteristici sa apara si "" telefonul functioneaza in retelele orange, vodafone si telekom"", iar intr-o alta descriere a produsului am gasit ulterior ca "" ceasul este decodat, poate functiona in retelele din romania mai putin digi"". nu exista transparenta clara si unitara in desctierea produsului. folosirea bluetooth-ul nu renteaza deoarece atat bateria telefonului cat si cea a ceasului se consuma in cateva ore. ca atare, daca nu se foloseste un sim card compatibil cu cele 3 retelele mobile cunoscute in romania nu se merita investitia.";0
2414;"sunt un fan al produselor garmin. detin deja un gps garmin 64 st, dar m-am hotarat sa fac un upgrade si sa ma orientez dupa un fenix 5.  dupa cca 1 an de tatonari si citit impresii si pareri, profitand de o oferta buna, m-am decis si am achizitionat mult laudatul garmin fenix 5.  arata si se aseaza pe mana foarte bine, fara a te incomoda in orice activitate pe care o desfasori.  fiind o persoana cu o activitate de teren foarte intensa, nu m-am concentrat decat pe acele functionalitati care ma interesau: gps, puls, altitudine, barometru, calorii, sincronizare cu senzori externi, busola, pasi, navigatie etc.  pentru a-l verifica ca si acuratete, am purtat in paralel si gps-ul 64 st.  dupa aproape o luna de folosire intensa iata care sunt parerile mele pur personale:  -activitate inregistrata prin gps este ok (distanta, viteza masurata, etc). cand descarci traseul si il pui pe o harta, constati o abatere semnificativa de la ruta reala (50-100m, uneori chiar si mai mult).  -busola este exacta, la fel si masurarea pulsului.  -o mare problema am avut-o cu inregistrarea altitudinii, indiferent ce setari i-as fi facut. ceasul meu nu inregistra constant modificarile de altitudine pe traseul pe care il parcurgeam. daca ii calibram la inceput altitudinea cu ajutorul gps-ului, calibrandu-i cu aceasta ocazie si barometrul, cu aceleasi date ajungeam si la sfarsitul traseului, chiar daca diferenta de nivel era de cateva sute de metri. in acest timp 64st-ul meu inregistra fara probleme modificarile de altitudine si presiune. ca sa vad altitudinea pe traseu, trebuia mereu sa o calibrez. modificand altitudinea se schimba mereu si presiunea, de unde invariabil pornea si avertizarea ""storm alert"". foarte frustrant!  -de mentionat ca altitudinea masurata de ceas comparativ cu 64 st arata o diferenta de 20-30 de metri. intr-o zi diferenta a fost chiar de 300 de metri(!!!).  -treaba cu pasii este o gluma nefericita. daca tii ceasul in permanenta la mana, dimineata la baie cand te barbieresti si te speli pe dinti, aduni fara probleme 800-1000 de pasi doar din miscarile mainii in fata oglinzii. mentionez ca sunt stangaci, iar ceasul este tinut pe mana stanga.  -o alta problema stresanta, zilnica, a fost deconectarea-reconectarea in permanenta de la garmin conect-ul instalat pe telefon. se intampla si de cate 3-4 ori pe minut.   -mi-am completat arsenalul garmin cu un senzor de temperatura extern ant+.   garmin 64st-ul l-a recunoscut si a indicat temperatura din prima, dar fenix 5-ul s-a sicronizat cu mare greutate. dupa ce s-a sicronizat si mi-a aratat temperatura, provocandu-mi in sfarsit o mare bucurie, temp-ul meu a inceput sa-mi indice ca nu este conectat, iar temperatura a disparut de pe ecran. a trebuit din nou sa sincronizez, dar afisarea era facuta cu intermitenta.  cand am dat ceasul jos de la mana, dupa o saptamana de folosire continua, pielea era urzicata toata, sub curea si locul unde erau senzorii pentru puls. urmele ceasului se vad si acum cand scriu aceste randuri, la trei zile dupa ce l-am dat jos de la mana. nu recomand folosirea lui continua.   a fost picatura care a umplut paharul. deoarece era a 29-a zi de cand il cumparasem, am completat formularul de retur si l-am trimis inapoi, fara nici o urma de regret.  nu stiu daca am avut eu ghinionul sa primesc un ceas cu probleme, dar aceasta este aventura mea cu fenix 5.  am avut asteptari mari, dar dezamagirea a fost crunta.";0
2415;am primit alt produs... de foarte proasta calitate - am comandat folia de sticla producator guardline si am primit-o pe cea produsa de blue star, dar avand incredere in produsele cumparate de la emag (sunt o clienta destul de fidela) nu am mai vrut sa trec prin bataia de cap cu returnarea produsului si am montat folia primita, care este prea ingusta, nu se lipeste bine, desi am urmat exact instructiunile si are pete pe suprafata siliconata - o dezamgire totala.;1
2416;"baterie de calitate execrabila. pret de achizitie: 140 lei.     -nu incarca simultan 2 dispozitive, desi pe cutie scrie ca poate  -este 100%, conectez telefonul la ea, scade la 80% in 5 minute. dupa se comporta normal  -pixeli defecti la afisajul digital  -produs achizitionat sub descrierea de ""nou"". cand am deschis cutia se vedea ca a fost umblat la baterie. produs primit resigilat!!!    am trimis-o in garantie dupa abia 3 zile de folosire. sper ca va fi reparata sau voi primi un model fara defectiuni. revin cu un edit dupa.  pana atunci, nu recomand.   mai bine mai puneti 20 de lei si luati 2 asus uri de 10 000 mah fiecare, care costa 80 de lei bucata.";0
2417;bateria se descarca f repede. nu recomand.;0
2418;da dar curelile se deslipesc in rest facebook si chrome nu merg in rest ie bun;0
2419;niste casti foarte proaste! desi au un pret ok! nu recomand aceste casti! dupa o saptamana casca cu microfonul nu mai mergea! dupa trei saptamani nu mai mergea nici cealallta casca! folosindule putin!;0
2420;a tinut din prima la fel cu cea uzata de 2 ani de la samsung. apoi, a tinut din ce in ce mai putin umflandu-se. pana sa le dau cu ea in cap celor de la firma asta de cacao, importgsm, se umflase ca un butoi. nu e emag de vina, dar ar trebui sa nu mai bage in seama astfel de firme de 2 bani. am luat cu aproape acelasi pret 3 baterii direct de la chinzi care merg ca unele originale in toate cele 3 telefonae pentru care le-am luat.;0
2421;"teoretic: ""potrivit celor mai multe tipuri de telefoane mobile, includ telefoane smartphone si tablete.""  practic nu e compatibil cu: nexus 5xs, ihunt onelove, ihunt s9";0
2422;"am achizitionat aceasta bratara, dar nu o recomand. eu am returnat-o, intre timp, pentru ca:  * in momentul cand tastam la calculator ma vedea ca si cand as merge (cateva sute de pasi),   * in timp ce mergeam cu masina in lua in calcul distanta ca si cand as fi mers pe jos,   * in decursul a 8 ore de serviciu, stand doar la calculator, mi-a contorizat aproximativ 2500 de pasi.  * intr-o ora de sala imi arata ca as fi ars 1800 de calorii,  * nu se sincroniza cu telefonul, desi acesta era un samsung model 2016, in schimb cu calculatorul s-a sincronzat perfect, chiar si-a facut si update.  nota 10 pentru cei de la emag craiova; foarte prompti atat cu livrarea, cat si cu returul, insa brata nu isi merita banii.";0
2423;am achizitionat aceasta bratara pe data de 10 aprilie pt sotul meu dar nu este deloc incantat de ea deoarece bateria nu tine mai mult de 1 zi.;0
2424;dupa o luna de zile bateria a murit fara sa se aprinda notificarea pe ecran, iar dupa ce am schimbat bateria capacul din spate nu se mai fixeaza. o prostie de ceas.;0
2425;are stecherul rabatant dar prea scurt pentru a fi bagat in priza. deloc practic. facut fara cap.;1
2426;am luat doua buc. una pt mine, una pt tatal meu. ambele s-au rupt la prima manevrare, cand am apasat clapeta de la ventuza. pur si simplu s-a rupt plasicul bucati si arcul a zburat. bani aruncati;1
2427;nu a reusit sa incarce un p9 energy baterie de 5000 avand in vedere ca acumulatorul extern are 10000... conform specificatiilor.;0
2428;cred ca este cea mai proasta alegere pe care am reusit sa o fac.   1. are o problema de conectare cu telefonul mobil, un galaxy s8. se deconecteaza frecvent, nu se reconecteaza, practic este inutilizabil ca si smartwatch - notificare. nici versiunea 5.0 a sw ului nu a reusit sa repare acest impediment.  2. bateria mai mult de 2 zile nu ma tine, cu hr ul oprit, doar cu notificarea activata, in conditiile in care la specificatii are trecute vreo 7 zile.;0
2429;"rating-ul este pentru produs, nu pentru livrare (care a fost, deasemenea, dezamagitoare).  o stea pentru ca:  - le-am desfacut din cutie, butonul de volum +/- nu mergea;  - am sunat pe cineva, nu am inteles nimic (si nici nu am fost inteles de cel cu care vorbeam); din fundul butoiului probabil ca s-ar fi auzit mai bine;  - am incercat sa ascult muzica (pe langa faptul ca dupa 15 min au inceput sa ma doara urechile din cauza plasticului rigid, sunetul este deplorabil).    nu sunt pretentios, dar comparativ cu castile standard pe care le-am avut de la samsung a5, nu pot sa recomand asa ceva (nici macar pentru 11 lei, cat costa acum).";1
2430;un produs mizerabil. l am primit si pe langa faptul ca este descarcat, dupa ce staub2 ore sa se incarce se descarca imediat in 2 minute de la 100% la 0% si castiile nu pot funciona simultan. amandoua se pot conecta dar doar una functioneaza iar cealalta nu.;0
2431;nu sunt prea multumita din cauza touch-ului ca sa scrii ceva sa cauti ceva pe google iti ia foarte mult timp deoarece pur si simplu nu poti sa scrii nu se apasa pe litere trebuie sa alesi de 4,5 ori sa poti scrie cuvantul joc sau ca cauti altceva e jale mai venit sa o spart. in schimb pe youtube merge perfect pe jocuri binisor.;0
2432;dezamagitor casa sa tina 10 ore nu trebuie sa vb mai mult de 5 min iar pana la 24 de ore mai este mult;0
2433;am cumparat un set de casti samsung, insa acestea nu se ridicau la performantele celor din pachetul telefonului (s7). dupa cca 2 luni de utilizare s-au defectat.;0
2434;o casca nu merge, cealalta se aude super naspa...;0
2435;nu l-am cumparat de la emag dar nu sunt multumit deloc de produs, ieftin si prost. este pentru telefoanele din paleolitic, vibreaza, are joc oricat l-ai strange. nu recomand deloc.;0
2436;eo mare porcarie.. toate datele sunt eronate;0
2437;detin tableta de 7 luni si nu sunt multumit deloc, ecranul... o mizerie, mai sa te zgarie pixelii pe retina. bateria e ok, tine destul. se incalzeste tare daca incerci sa joci ceva mai mofturos. per total... nu merita...;0
2438;oribile!!!! nu cumparati!!!;0
2439;un produs mai prost nici ca se putea... departe de ce scrie in prezentare. nu are incarcator, telecomanda nu functioneaza, nu are troler, comenzile de la butoane sunt preluate cu mare greutate etc.;0
2440;incarcarea ipad sau iphone nu functioneaza pur si simplu.  dezamagitor.;0
2441;nu gasesc care este aplicatia de android pentru aceasta bratara. de pe un lg g5 nu dau de ea. nu e intuitiva, are navigare prin meniuri extrem de sensibila doar inainte. nu inteleg cand masoara pasi, nu inregistreaza nimic. practic inutilizabila, regret profund ca nu am returnat-o si mai ales ca am achizitionat-o.;0
2442;azi 20.11.2018 am facut mail de returnare a produsul nu sunt ok se adus incet knd vrei sa vb prin ele si nu se pot conecta ambele la orice model de telefon;0
2443;in primul rand nu corespunde culoarea, in poza arata rosu in realitate e un fel de maro visiniu. pedometrul nu corespunde iar daca ar fi sa ma iau dupa cat arata ca am tensiunea ar trebui sa merg direct la spital. il returnez ca e slab.;0
2444;a functionat perfect...2 zile si atat. m-am fript de prea multe ori cu memorii de la kingstone, asta a fost ultima data.;0
2445;am dat o stea doar pentru ca nu este specificata marimea curelei! am comandat 4 bucati si toate sunt mici (marime s);0
2446;nu ai siguranta cand intinzi batul... se indoaie f mult. iti e frica sa il strangi in mana sa nu il crapi.   chiar daca e intuitiv nu vine cu un minim manual de specificatii cum ar fi capacitatea/durata de incarcare a bateriei... etc.   e clasicul ieftin si slab calitativ;1
2447;in 2 ore a incarcat pana la 10%.;0
2448;"folia nu se potriveste cu dimensiunea ecranului telefonului xiaomi mi4i.   desi am urmat intocmai instructiunile de montare, folia nu se lipeste bine pe display, ramanand o bula de aer pe toata partea de sus a acestuia. daca presez pe folie in zona respectiva, bula dispare, insa reapare imediat ce se elibereaza presiunea.  am trimis e-mail cu poze la furnizor, din care se vedea ca folia este mai mica decat ecranul si am primit raspunsul ""folia este conforma modelului"". inca nu mi-au raspuns la intrebarea legata de faptul ca folia nu se lipeste bine.  precizez ca am facut prostia sa cumpar folia direct de la temperedglass, nu de la emag.";1
2449;"nu recomand. azi mi-a ajuns ""folia"". este o porcarie, nici macar nu protejeaza intr-un fel telefonul. acest produs merita -10 stele.";0
2450;trebuie resetat foarte des. inca nu am gasit aplicatia care sa fie ok si cu care sa pot folosi toate functiile exact asa cum trebuie. cand reda muzica se intrerupe.;0
2451;nu recomand, se aude bine dar nu se poate face karaoke, in momentul cand incepi sa vorbesti la microfon se opreste muzica, cand schimbi de la radio la bluetooth te anunta in limba chineza, e naspa la petreceri sa auzi cum vb chineza. pretul e prea mare pt ce poate face. vreau retur dar e complicata politica de returnare. am facut formularul de retur dar dureaza mult.;0
2452;foarte incomode, bateria tine f putin,;0
2453;am cumparat acest cablu in speranta ca imi voi elibera o priza dar na faost sa fie. daca conectez cablu la pc si la tableata cand este 3-4% bateria dupa aprox. 15-20 sec imi arata ca bateria este 100% si dupa ce il scot dupa vreo 20 sec iar imi apare baterie descarcata sau se opreste direct  am incercat sa il las la incarcat si s-a oprit de tot nemaiputand nici porni   tableta este vonino speed star s pro  pro:: nimic  contra:: nu incarca;0
2454;foarte proasta. nu se pliaza perfect pe ecran si intra impuritati sub folie...... etc;0
2455;foarte slab, nu recomamd, cade telefonul de pe el;0
2456;este un produs foarte prost, poate la tractor sa fie util, ca la masina mi-a stricat grila..... nici nu sta fix, nu recomand!;0
2457;dupa 24h de folosire nu vrea sa se mai incarce.;0
2458;nu se conecteaza usor te chinui sa incarci telefon  am vrut sa-l returnez si au o politica foarte proasta  nu recomand;0
2459;cea mai nasoala baterie. in loc sa. mi incarce telefonul, il descarca!;0
2460;dezamagitoare experienta cu aceasta tableta, nu voi mai comanda niciodata un produs de la vonino.  in primul rand, am comandat tableta culoarea dark blue, am primit una neagra... n-ar fi o problema asta, numai ca astepti un anumit produs pe care l-ai dorit si ai o surpriza sa iti vina altceva.  in al doilea rand si cel mai important, a functionat o singura data, imediat dupa ce am primit coletul, iar a doua oara cand am deschis-o mi-a dat un system error si nu s-a mai deschis in veci, orice i-as fi facut.  o voi duce la un service sa vad exact care e problema.  minus 5 stele!;0
2461;bateria tine fix 50 minute nu patru ore nu recomand;0
2462;cabluri foarte proaste abia daca poti sa incarci un telefon, iar de transfer de date nici macar nu poate fii vorba.;0
2463;produsul arata foarte rau:( e foarte mare si badaran realizat....;1
2464;nu se potriveste pentru huawei p9;0
2465;este la design precum copia de la xiaomi mi band, nici macar nu este rezistenta la apa, bratara are un material gros. nu se merita;1
2466;dupa 4 luni partea din fata arata perfect. spatele din plastic de cea mai proasta calitate, mi-a crapat la colturi si iese tableta din husa. nu mai pot sa o folosesc.;1
2467;nu recomand acest produs, se pare ca il voi returna.;0
2468;produsul este foarte slab calitativ. nu se aude bine iar bateria tine un apel de 10-15 minute  mai mult, nu am primit acel joc de societate in colet  iar transportul este exorbitant 30 lei. l-as da inapoi dar mai dau 30 lei( cat costa castile ) si raman cu o paguba de 60 lei si fara casti... deci nu;0
2469;nu este buna, nu se poate incarca telefonul cu ea;0
2470;o mare teapa! nu are nici jumatate din performantele din descriere. sunt foarte dezamagit.;0
2471;prima incarcare a fost rapida. la a doua sa incarcata o noapte intreaga. acuma nu incarca mai deloc. e un produs chinezesc bun de aruncat la gunoi;0
2472;am cumparat 2 cabluri din acestea.  ambele au putut fi folosite doar de 2 ori si apoi nu au mai functionat. din pacate am aruncat ambalajele imediat ce le-am primit si nu mai pot face retur.;0
2473;"avand in vedere pretul foarte interesant pentru un produs declarat ""original ""( pret prea mic sa fie adevarat ) am comandat 2 incarcatoare, pentru a amortiza costurile de transport. s-a dus cablul de incarcare si am decis ca la acest pret sa iau un incarcator complet... just in case.  alimentatorul are cam 1/3 din greutatea alimentatorului original. dupa 2,5 ore la incarcat telefonul s-a incarcat circa 30% iar alimentatorul era bine incalzit.   in plus, mi s-au facturat 2 produse si am primit doar unul.  parerea mea e ca acest produs are o calitate indoielnica si nici pe departe nu e un incarcator original. atasez niste poze cu ceea ce s-a livrat, dupa eticheta lipita pe spatele cutiei nu pare a fi ceea ce am comandat.";0
2474;dezamagit ca am dat bani pe nimicuri;0
2475;am introdus si numai 1% se scrie nu conteaza cat incarc.;0
2476;praf... dupa doar 2 luni nu mai merge casca dreapta unde e sunt atasate microfonul si butoanele de volum... nu recomand.;0
2477;"+ design  + ip68 (swim and dive)   + detailed notifications  + called id (connected to phone contacts)     - crashes, freezes a lot  - looses data  - keeps data only for 24h on smartband, and because it disconnects, data is not registered (it is lost) in the app, so small smartband memory  - syncs very hard because of many disconnections  - registered data not accurate  - sleep data not accurate  - sleep data not detailed by hours but by night  - no phone anti-lost (one of the most important function for a ""smart"" band)   - no find-bracelet  - no remote camera  - no o2% detection  - sedentary not working accurately  - working time only max 2 days (1 day with ongoing heart monitor) instead of promoted 7 to 10    conclusion: do not buy sovogue until above things are not resolved in the app";2
2478;am luat de la ei folie pt htc 10 si folie pt xiaomi mi5, ambele sunt taiate gresit, la htc 10 e mai mica folia, deci e acceptabil, sa zicem, dar la mi5 folia e mai mare si depaseste marginile ecranului, nu poate fi folosita. le-am cerut o solutie dar nu s-au obosit sa raspunda. pe site-ul lor scriu ca in cazul returului clientul plateste transportul. pai am platit o data 25 lei ca sa primesc o folie defecta, mai platesc inca o data ca sa o trimit? mai bine evitati!;0
2479;placut surprins vizual, dezamagit functional.  am gresit ca am aruncat ambalajul inca de la deschiderea coletului, de altfel puteam returna produsul.   concluzia?! telefonul nu se incarca la nici o priza, fie ea auto, de casa sau orice sursa usb;2
2480;nu incarca, se deconecteaza la 30 secunde si am luat 2 buc;0
2481;nu functioneaza bluetooth  !!!!;0
2482;sa ars, nimic mai mult de spus.;0
2483;nu recomand, probleme de conexiune a cartelei sim cu ceasul, daca nu il achizitionati de la producator nu va recomand sa-l achizitionati;0
2484;am cumparat aceasta pereche de casti in luna august (acum este noiembrie). aseara in timp ce le foloseam, o casca a incetat sa mai functioneze. nu au fost lovite niciodata. ce este si mai aiurea este ca garantia pe care o comunica emag-ul este practic inexistenta pentru ca emag imi zice sa ma duc la samsung si viceversa.   concluzie: o pereche de casti care se aud bine insa se strica foarte rapid si care cel mai probabil vor ajunge la gunoi din cauza garantiei proaste.;0
2485;produsul este solid, bateria tine destul de bine. camera este foarte slaba dar nu m-a interest acest aspect. la capitolul rezolutie, tableta este sub medie. problema cea mai mare este aceea ca memoria ram nu face fata. inchide aplicatiile destul de des. functioneaza mult mai prost decat o tablet de 4 ori mai ieftina.;2
2486;1. foia este mut mai mica decat ecranul, raman cam 2-3 milimetri neacoperiti pe toate aturile.  2. mai deranjant decat pct 1, foia nu adera la ecran in totalitate, raman cam 2 milimetri de folie dezlipita de ecran.   per total nu reomand nicicum.;1
2487;dupa prima luna de utilizare(introdus in telefon si atat (lg g6)) sa stricat gen nu il mai vedea telefonul si nici laptop-ul. acuma in a doua luna dupa ce mi-a fost inlocuit aceiasi problema. deci nu recomand. va sfatuiesc sa va faceti upload constant sau sa faceti autoupload pe cloud gen google photo.;0
2488;are inchidere foarte slaba si e facut din material de proasta calitate. nici functiile lui nu sunt extraordinare.. dupa 2 zile mi-a cazut de pe mana si sa spart. nu recomand.;1
2489;am testat bratara si masoara complet aiurea. bluetooth-ul e dezastru, se deconecteaza intr-una. setarile nu se salveaza, aplicatia este foarte saracacioasa, nu memoreaza nimic mai mult de 24 de ore, nu are programe. am alergat 5km pe banda profesionala de alergat, aparent am fost prea rapida bratara a masurat fiecare al treilea pas. senzorul de puls masoara la nimereala, m-am speriat cand am vazut ca am puls de 130 in stare de liniste stand jos pe scaun. am comparat cu tensiometru ca sa ma asigur ca bratara greseste. capsa de la curea incepe sa se lase dupa 3 purtari. mai sus apare listata cu 24 de luni de garantie dar cand soseste produsul abia 12 luni primesti si multe conditii pentru care nu ti-l mai schimba.;0
2490;are o baterie de nimic, frate am 2 boxe una roz, una aurie, cea roz tine 6 minute si cea aurie tine maxim 1 ora, scoateti porcariile astea de pe site, urgent!!;0
2491;nici macar culoarea nu este cea din poza. nota 4;0
2492;nu recomand acest produs. am achizitionat unul pe 9.06 pentru a imi incarca un s7 edge. a mers pana pe 25.08, pe 25 cand l. am pus la incarcat a stat 2 minute si dupa a facut poc in interiorul adaptorului si mirosea a ars. din cate am citit nu sunt primul care o pateste. le. am trimis mail celor de la importgsm insa nici un raspuns. mai bine cautati in alta parte decat sa va bucurati la 5-10 lei care ii castigati in caz de cumparati de la importgsm.;0
2493;ce este mai suparator este ca furnizorul nu raspunde la numerele de telefon de pe emag si nici la cele de pe site-ul propriu!;0
2494;nu sunt bune de nimic, nu se aud aproape deloc.;0
2495;probabil e prea bun pentru mine pentru ca dupa o saptamana n-a mai incarcat. nici nu mai aveam ambalajul original...;0
2496;cica bass super mega! nu are deloc bass! cateodata stai si 2 minute sa te conectezi la ea prin bluetooth!;0
2497;slaba, sonorizare foarte slaba. nu merita banii.;0
2498;nu imi merge cand incerc sa ma conectez la ea nu o gaseste si cand bag cardul dupa un timp se blocheaza melodia;0
2499;"probabil cel mai slab produs huawei pe care l-qm testat. senzorii de monitorizare functioneaza complet aleator - dupa 2 ore de stat la birou aveam 2500 de pasi in plus. sincer ma gandesc daca chiar exista senzorii respectivi sau pur si simplu ceasul afiseaza date ""la plesneala"". dupa ultima istorie cu ""cat de extraordinar de puternic e p30"" nu m-ar mira de la huawei. retur dupa 12 ore ptr ca nu se putea mai devreme.";0
2500;nu recomand! sunet de proasta calitate!;0
2501;bratara e ok. aplicatia insa e aproape inutilizabila.;2
2502;nu este deloc ca in descriere nu merge functia silent oricat l-am setat. chiar daca are un pret mic nu este justificat, plus ca alerta anti lost te atentioneaza la o distanta de cativa cm.;0
2503;sincer, mie una nu mi-a placut!;0
2504;nu este un produs de calitate, este maidegraba un ceas de jucarie.;0
2505;bateria a ajuns intr-o folie foarte simpla, nici macar sigilat sau in cutie, mi s-a parut foarte dubios. decand o am bateria numai probleme am avut cu ea. tine mai putin decat cea originala care are 3+ ani. pe langa asta in unele situatii zice ca este incarcata la 95%, o las toate noaptea, si pana dimineata se descarca total. cea originala nu facea figuri, numai nu tinea, asta chiar face.;0
2506;nu recomand. calitate f slaba.   produs livrat ok de unomag.;0
2507;sfat prietenesc: nu cumparati asa ceva.  oricat de repede se descarca bateria voastra originala, chinezaria asta se descarca de 10x mai repede.  bateria asta noua a avut cam acelasi timp de viata cu bateria originala folosita 2 ani inca de cand am cumparat-o.  a mers cat de cat timp de 1 luna de zile... dupa care de la 100% ajunge la 60% in 15 min de stat pe facebook si de la 60% se stinge telefonul:))    deci in concluzie daca vreti sa aruncati banii aiurea luati-o...;0
2508;nu sunt 20.000 mah, ci daca sunt vreo 7.000 mah este bine. deoarece eu am o baterie la telefon de 2.200 mah si imi incarca de 3 ori de la 0% la 100% si mai ramane foarte putin, mai incarca cam 30/40% si timpul de uncarcare este de 10h;0
2509;ceea m-ai mare teapa, nu a tinut decat 3 luni si a murit. nu recomand acest produs.  sa vedem garantia cum reactioneaza,;0
2510;cu toate ca sim. ul are semnal iar setracker a fost setat corect device. ul spare offline. sunt sute de sesizari pe net in acest sens, fara vreo solutie. pacat ca nu am verificat inainte... voi returna daca nu gasesc o solutie.;0
2511;"dupa 1 an si 10 luni a ""murit "" mai ceva ca superman... nimeni si nimic nu l-a mai recunoscut si ca urmare nici vorba sa poti recupera ceva de pe el";0
2512;a functionat 2 saptamani, sa stricat si cablu si incarcatorul. nu recomand deloc.;0
2513;pus pe un sony hx 300 -viteza mica,;0
2514;pro: design placut, conectare prin bluetooth cu telefon - atentionare apel, sms, email, whatsapp etc  contra: nu inregistreaza somnul de 1-2 ore, inregistrare puls cu variatie f mare, inregistrare nr. pasi si distante cu precizie mica;2
2515;nu este un smartwatch ci doar are tehnologie smart. o mare pacaleala.;0
2516;mi se pare greu de crezut si lipsit de bun simt faptul ca cineva are indrazneala sa vanda un astfel de produs la un astfel de pret. sunt foarte dezamagit (l-am primit cadou) si il gasesc complet inutil deoarece:  - meniul si interfata nu par a fi adaptate pentru ecranul rotund. uneori textul nu se vede complet, este plasat dincolo de limita rotunda a cercului si pur si simplu nu ai cum sa il vezi (nu ma refer la situatiile in care putem da scroll pentru a pozitiona textul central pe ecran). de fapt, aceasta situatie este ilustrata si pe fotografia de prezentare de pe emag.  - apar, in mod inexplical, caractere chinezesti atat in interfata ceasului, cat si in aplicatia aferenta de pe telefon.  - asa cum atragea atentia si un alt comentariu, nici eu nu am reusit sa il folosesc ca si smartwatch conectat la telefon, desi imi recunoaste conexiunea cu telefonul si imi apare ca fiind „linked“.  - bateria tine foarte putin si se consuma foarte repede chiar si cand ceasul nu este nici folosit si nici conectat (in decurs de 5 ore, stand inchis pe noptiera, a pierdut 30 de procente.)  - desi i-am potrivit ora cum trebuie, la cateva ore diferenta, fara sa il folosesc si fara sa fie conectat, ceasul era decalat cu vreo 6 ore si cateva minute, bateria la 9%.  - este mare si greu.  - modelele de ceas disponibile pentru cadran sunt foarte limitate si lipsite de rafinament. si nu sunt peste 25 asa cum mentioneaza descrierea, ci 19.    inteleg ca punctul lui „forte“ este faptul ca suporta retea wi-fi si sim, inlocuind practic in totalitate telefonul. dar cat de util pot fi aceste functii pe un ceas, cand abia putem tasta si naviga pe el? eu nu i-am pus sim. desi l-am conectat la telefon prin intermediul aplicatiei native, nu imi trimite nicio notificare si este practic la fel de inutil ca si atunci cand ar fi deconectat. imi pare rau, il voi returna.;0
2517;nu-l recomand, se incarca greu, se descarca foarte repede;0
2518;s-a stricat in doua luni.;0
2519;"bateria tine 3-4, maxim 5 ore.  la pornire/oprire auzeai de obicei power on/off, dupa prima incarcare se aude ceva in chineza.  nu se mai poate conecta prin bluetooth, dupa numai o zi de folosire(4-5 ore de utilizare).  cand bateria scade sub un anumit nivel auzi in casti in timp ce muzica se reda ""low battery "", din 5 in 5 minute, ceea ce este foarte enervant.  castile nu sunt foarte confortabile si sunt mari, mie iesind-mi din urechi destul de mult si daca incerc sa-mi pun o gluga pe cap o sa-mi cada si castile aproape sigur.";1
2520;nu recomand! calitate proasta!;0
2521;foarte slab, nu recomand nimanui. intradevar e foarte ieftin dar in afara de ora nu merge nimic pe el.;0
2522;calitate slaba, conectarea intre brat si suport simpla dar la orice rotire suportul cade de pe brat. nici vorba sa stea pe alte suprafete iar pe parbriz aproape de loc, se desprinde sub greutatea tabletei. ventuza mare dar foarte slaba.  modalitatea de retur greoaie, am complectat formularul dar trebuie sa trimit eu coletul inapoi. nici vorba de curier care sa ridice coletul.;1
2523;acord aceasta nota pentru anunt emag a acestei oferte de intr-adevar 36 ron plus transport nici 60 ron, castile se comporta binisor pentru pret si e normal cand esti intr-o convorbire telefonica sa poti auzi deci in concluzie nimic rau in a purta convorbire cu o casca si. muzica e relativ buna asemenea precizez pret calitate buna daca nu va place cumparati air pods sau gear pods samsung........ ce ma nemultumit ca la pretu asta nu ma astept la miracole dar ce ma nemultumit e ca in anunt scrie casti + cadou joc de societate jenga care nu mia venit nici in ziua de azi de o saptamana si nici nu mia fost livrat cu castile. inteleg ca e naspa sa piarda 86 ron pe casti de nici 40 ron..... totusi daca pui asa anunt modifical si sterge bonus joc societate jenga, eu imi doresc lamurire din partea emag sau cine e responsabil.;0
2524;produsul este vandut ca si original apple, iar in realitate este vorba de o chinezarie de proasta calitata (atat ca si materiale, cat si ca si sunet). mai mult, vanzatorul cunoaste problema, dar spune ca emag face descrierea produselor. din moment ce se stie de problema si nu se face nimic mi se pare nu doar reclama falsa ci chiar rea intentie. cel mai probabil nu o sa mai comand niciodata produse vandute de acest vanzator.;0
2525;acest produs este made in china! dupa o luna de folosire s-a defectat.;0
2526;"contra:   in nici un caz nu este pentru samsung galaxy tab a 7"" t280. acopera camera din fata.   sticla este cam groasa.    pro:  se aplica usor, se poate retusa in cazul lipirii gresite.";1
2527;dupa doar 2 zile de la achizitionare semnalul wi-fi cade la fiecare 60 de secunde, apoi se reconecteaza automat. mai am 2 device-uri in casa dar nu intampin aceasta problema. nu recomand acest produs. eu o sa il returnez.;0
2528;cel mai prost ceas vorbind de caracteristici.;0
2529;nu recomand. dupa o luna nu a mai functionat.;0
2530;livrare in 2 zile, ok! produsul este ca in descriere numai ca nu functioneaza! celelalte telefoane se incarca de la acelasi emitator acesta nu!;0
2531;este fals! nu este rezistent la apa, iar bateria nu are 400ma(e mai mica);0
2532;arata premium, aplicatia de pe telefon e praf, bratara nu are un ecran oled, are un simplu ecran tft, incarcatorul e aiurea total(astupa ecranul si nu se vede cand se incarca bateria)  meniul acestei bratari arata ca este ieftina.;2
2533;nu acopera ecranul in totalitate. va intra mizerie si imediat se va desprinde. nu o luati pt meizu m3 note.;0
2534;nu functioneaza corespunzator cu dispozitivele sony... incarca foarte greu prin conexiunea de la adaptoarele cu mai mica putere de 1000ma... nici gand fast charge... nu recomand!;0
2535;din pacate cablul nu functioneaza, inchide si deschide telefonul si nici nu incarca;0
2536;acesta este primul review negativ pe care il dau la un produs din emag marketplace. in primul rand a5 2017 are ecranul curbat. aceasta folie nu se lipeste pe margini. aceasta folie nu acopera tot ecranul - raman 0.5 mm in stanga si dreapta ecranului. aceasta folie nu se lipeste cum trebuie (eu pun folii de 3 ani si probleme ca la folia asta nu am avut niciodata). aceasta folie vine noname - nu scrie cine a facut-o nimic - pe ambalaj scrie doar ca e pe a5 2017 si ca e de sticla. ca si concluzie - am aruncat banii degeaba.;0
2537;foarte proasta calitate (nu sunt originale);0
2538;dupa 6 luni de garantie se umfla ca un balon.;0
2539;nu sunt incantata de produs, face un zgomot foarte puternic in permanenta, iar globul cade la prima suflare.;0
2540;castile sunt foarte bune si comfortabile, dar se strica repede. la prima pereche de casti s-a stricat casca stanga dupa o luna sau doua, le-am returnat ca sa le repare cei de la hippo si mi-au trimis alta pereche (dupa mai mult de o luna de asteptat). dupa 2-3 saptamani nu mai pornesc de loc castile noi. poate am eu ghinion...;2
2541;nu merge delok;0
2542;foarte prost. am crezut ca dl matei andrei de la comentariul precedent nu a stiut sa-si monteze si placuta de tabla aferenta... imi pare rau ca nu l-am crezut pe dl matei andrei. nu l-am mai returnat... mai mare deranjul... l-am trecut la pierderi colaterale.;0
2543;"un asa-zis smartwatch foarte slab. nu stiu de ce nu se specifica exact toate facilitatile si lipsurile ceasului. o sa enunt lipsurile acestui ceas, care zic eu ca nu-s de neglijat:  - nu se conecteaza la telefon decat prin aplicatia aia mizerabila care iti consuma mai repede acumulatorul (altfel nu se detecteaza si nu se pot imperechea);  - conexiune bluetooth slaba, pe distanta foarte mica (daca las telefonul in hol si merg in sufragerie - distanta nu mai mult de 3 m, pierde legatura cu telefonul si nu se mai reconecteaza cand ma apropii de el, necesitand repornirea aplicatiei);  - notificarile de sms si whatsapp nu merg, decat cea de apeluri, care oricum e nefolositoare prin cele cateva beep-uri foarte slabe, care nu le auzi (ceasul neavand vibratii);  - la fel e si functia anti-lost, cateva beep-uri foarte slabe;  celelalte functii nu am reusit sa le probez, am vazut ca a numarat niste pasi cand am mes pe jos si a masurat o distanta.  drept pentru care am hotarat sa-l returnez.";0
2544;slab. fm-ul imposibil de folosit. la conexiunea bluetooth se aude un vajait la volum mic si mediu. cat despre stick si card nu am incercat inca. in concluzie o mizerie. nu isi merita banii;0
2545;5 minute am tinut-o, pur si simplu e prea mare difuzorul pentru a sta in ureche. trebuie sa ai urechi de trol sa iti incapa.;0
2546;cand apelam pe cineva nu ne auzeam reciproc, la unele apeluri auzeam eu, la altele auzea doar cealalta persoana...  cand le-am dat retur am platit eu curierul plus 10 lei din valoarea produsului...;0
2547;produsele din ce in ce mai proaste. ultimele 3 carduri au murit. nu a mai putut fi recuperat nimic de pe ele.;0
2548;mi-a ars un incarcator de samsung de 2 amperi si nu se incarca mai mult de 80%!;0
2549;nu il recomand de nici o forma.   motive:  nu o sa primesti culoarea care scrie in specificatii  se aude incet. eu am un jbl go si am comparat iar diferentele sunt uriase, boxa asta se aude ca jbl go la jumatatea volumului   nu corespunde specificatiilor   nu are 10 w cel putini se aude de 10 w  o primesti intr-o cutie cu specificatii, un cablu jack la ambele capete si un fir usb de incarcare (amandoua sunt scurte)   e posibil ca atunci cand o primesti sa fie zgariata pe margini (la mine este )   nu are deloc bass   daca vrei o boxa cat de cat puternica si intr-o stare buna nu iti recomand aceasta boxa deloc  in pozele de mai jos sunt reprezentate zgarieturile si si cu ce vine pachetul;0
2550;am comandat o folie pt. moto g5 si am primit una pt. moto g5 plus. nu am mai returnat-o, ca e mai mare daraua decat ocaua. o pastrez ca amintire..  cu alte cuvinte, cei de la mobilesmart sunt adevarati profesionisti pe invers.  hai bafta.;0
2551;calitate sub mediocra, am incercat un htc one mini si se vad difuzoarele in prim plan. am incercat cu un htc u11 dar suportul de foarte proasta calitate a cedat inainte sa-l pot extinde pana la dimensiunea telefonului. in concluzie sunt inutili. va voi tine la curent cu seriozitatea importatorului privind conditiile de garantie.;0
2552;mentionez ca am avut in trecut placerea sa folosesc castile cu bluetooth de la plantronics, care nu se compara cu acestea. de la calitatea materialelor, la sunet, la modul de utilizare, toate sunt net superioare.  pro:: nu exista nici un argument pro pentru a va achizitiona aceste casti.  contra:: sunt incomod de purtat  au cablul foarte scurt  calitatea sunetului este groaznica. se aud zgomote puternice in fundal.  microfonul nu functioneaza bine decat daca vorbesti foarte tare.  pretul nu este justificat pentru calitatea castilor.  le-am returnat a doua zi.;1
2553;dupa opt ore de incarcare, mi se aprinde un singur led, ce-mi indica faptul ca este incarcata 25%.... nu-i normal.;0
2554;sub ori ce critica. este peste limita imaginatiei! nu se poate vorbii la casca pentru ca interlocutorul aude tot din jurul tau mai putin vocea ta, ba mai mult isi aude vocea lui dublata! este foarte greoi de utilizat avand doar un buton tactil! am zgariat casca destul de tare inainte sa o fac retur. regret decizia cumpararii aceste bratari!;0
2555;am achizitinat-o defecta. ea se incarca, dar nu incarca alte deviceuri. ii voi da retur.;0
2556;se aude bine la ea dar din pacate dupa 6 zile s-a stricat si am returnato;0
2557;incep prin a mentiona ca boxa nu pare a fi originala blaupunkt pt ca la pornire se aude melodia standard de pe telefoanele samsung. asta a fost partea minora, cu care as fi putut trai. problema vine cand boxa nu functioneaza decat daca e in priza. am lasat-o la incarcat o noapte intreaga si a doua zi a functionat pana am incercat sa dau volumul la maxim, atunci s-a inchis brusc. nu recomand nici daca v-ar oferi-o cineva gratis.;0
2558;nu exista manual de instructiuni. informatiile in limba engleza sunt sumare si nerelevante.  fara cartela sim, ceasul nu poate fi utilizat.  inca nu pot folosi produsul deoarece nu stiu cum pot pune cartele sim si cum realizez conectarea intre telefon si ceas.  sunt foarte nemultumit - bani si timp pierdut.;0
2559;am primit bratara, cadou la achizitia unui telefon. nu a functionat la nicio incarcare, telefonu nu o recunoaste, este facuta din materiale slabe caitativ.;1
2560;nu se conecteaza cu telefonul, radioul nu are sunt clar;0
2561;aceasta casca are doua mari probleme:  1. nu se conecteaza la telefon. am reusit doar la un s8+, in rest, nu a mers la nici un alt telefon.  2. nu se fixeaza bine pe ureche. dupa cativa pasi cade jos...;1
2562;"performanta acestui card este sub cea a unui sandisk de clasa 2. kingstone 16gb clasa 4:----------------------------------------------------------------------- crystaldiskmark 3.0.1 (c) 2007-2010 hiyohiyo crystal dew world crystalmark.info/ ----------------------------------------------------------------------- * mb/s = 1, 000, 000 byte/s [sata/300 = 300, 000, 000 byte/s] sequential read:12.490 mb/s sequential write:4.449 mb/s random read 512kb:12.019 mb/s random write 512kb:0.665 mb/s random read 4kb (qd=1):2.045 mb/s [ 499.3 iops] random write 4kb (qd=1):0.006 mb/s [ 1.4 iops] random read 4kb (qd=32):2.093 mb/s [ 510.9 iops] random write 4kb (qd=32):0.006 mb/s [ 1.4 iops] sandisk 4g clasa 2:----------------------------------------------------------------------- crystaldiskmark 3.0.1 (c) 2007-2010 hiyohiyo crystal dew world crystalmark.info/javascript:document.getelementbyid('addreview'). submit(); ----------------------------------------------------------------------- * mb/s = 1, 000, 000 byte/s [sata/300 = 300, 000, 000 byte/s] sequential read:12.633 mb/s sequential write:7.007 mb/s random read 512kb:12.426 mb/s random write 512kb:0.975 mb/s random read 4kb (qd=1):4.221 mb/s [ 1030.6 iops] random write 4kb (qd=1):0.009 mb/s [ 2.1 iops] random read 4kb (qd=32):4.425 mb/s [ 1080.3 iops] random write 4kb (qd=32):0.009 mb/s [ 2.1 iops]   pro:: ieftin  contra:: viteza random write scazuta";0
2563;echipei emag eu dau 5 nota maxima respectosi si amabili  cat despre produs lasa de dorit o fi stocul asta de vina incarca ea dar sa incare vreun telefon nu absolut deloc a stat cu un telefon toata noaptea si nimic imi pare rau dar cred ca acest stoc pe culoare black au probleme am asa ceva de aproape un an pe culoare roz a prietenei mele si functioneaza perfect;0
2564;"am cumparat aceasta folie pentru tableta samsung 595, 10,5"" si nu are nici o legatura cu aceasta tableta. serviciul control calitate de la emag ori nu exista ori nu-si face treaba. pacat emag ca te incurci cu tot felul de firme de apartament.";0
2565;s-a rupt in primele 30 minute de utilizare, fara sa fi fost fortat in vreun fel.   cauciucul de pe maner era prost aliniat cu butonul, deci nu putea fi apasat. a trebuit sa il ajustez manual.    la pretul asta nu se poate asteta nimeni la calitate, dar e sub asteptarile mele deja scazute.;0
2566;pe el scrie ca e de 128gb l-am bagat in laptop sau in telefon si imi ara 119gb nu sunt multumit de calitatea cardului imi pare rau.;0
2567;l-am cumparat pentru o camera auto, a functionat pana de curand, este de 32 de gb, azi am scos cardul pentru a vizualiza un clip de pe camera si am avut surpriza sa imi zica ca e deteriorat... va dati seama daca aveam un accident si voiam sa arat politistului filmarea? ce ii aratam? cardul defect? nu recomand acest card sub nicio forma. ce e ieftin nu e intotdeauna bun. in tara asta se fac lucrurile prost... foarte prost.;0
2568;din pacate sunt foarte dezamagita.  - 1: nu ám primit nicio informatie referitor la produs in limba romana, inteleg aici instructiuni sí garantie.   - 2: certificatul de conformitate si de garantie nu éra atasat produsului in nicio limba  - 3: castile de vreau sa folosesc in mod stereo nu sunt satisfacatori ca sí calitate din pricina castii drepte care nu reda sunetul incontinuu(are intreruperi in timpul redarii)  - 4: cand am facut comanda ám mai cerut sí o boxa pe care nu ám primit inca, asta insemnand ca o sa am supracheltuieli cu curierul, daca mai primesc comanda respectiva.  cu respect, tiboldi béla.  p. s. sa nu mai vorbim de jocul cadou pe care nu l-ám primit deasemenea.;0
2569;este oribil nu recomand asa ceva;0
2570;dupa ce transpiri castile nu mai stau deloc in urechi. mai mult, dupa 6 luni de utilizare s-au ars din senin si nu mai merg. (evident ca aruncasem cutia si nu mai am garantie);0
2571;partenrul e-mag specifica o autonomie de 72 h. in realitate aceasta cu greu ajunge la 5 h, practice ceasul devenind de nefolosit. cand am sunat sa cer explicatii la partener mi s-a oferit explicatia halucinanta ca tine 72 h inchis si pus pe masa!! are multe functii dar fiecare are cate in minus la functionalitate. este o copie a apple nereusita! nu recomand!;0
2572;bateria asta dureaza doar cateva ore. daca stiam ramaneam la cea veche.;0
2573;bun de nimic... il am primit gratis la o comanda, daca stiam renuntam;0
2574;se descarca la fel de repede ca bateria veche pe care am inlocuit-o;0
2575;acumulatorul nu este bun de nimic. l-am inlocuit de aprox. 1 saptamana. de atunci telefonul mi se restarteaza de 4-5 ori pe zi. pe la jumatatea zilei bateria ajunge la 60% si se inchide telefonul de tot, pe ecran aparand indicatorul de incarcare;0
2576;am testat autonomia 13:40 ore  volumul la 50% ledurile aprinse si nici nu am folosit incarcarea pentru telefon  sony nu mai este ce a fost;0
2577;cel mai prost produs. a functionat doar 2 zile. dupa aceea nu a mai scanat reteaua.;0
2578;a tinut cateva zile si dupa aceea s-a stricat.  mai bine alegeti altceva.;0
2579;slab calitativ, nu se compara cu cablul original (nexus 5x) s-a stricat in 4 luni.;0
2580;se poate observa clar ca s-a umblat la produs deoarece in momentul primirii desfacerii coletului aceasta era rupta intr-un colt, dupa care am sesizat ca lipseste o camera, sunand la compania care vinde acest produs am fost informat de faptul ca doua camere sunt montate una in cealalta, ulterior incercand sa le separ nu am reusit, folosind chiar si un patent...  detin un samsung galaxy s6 edge iar niciuna din camere nu se potriveste.  nu recomand aceasta firma!;0
2581;nu recomand asa ceva sub nicio forma.;0
2582;din pacate sistemul de prindere in grila de ventilatie e f. slab. capul se roteste nu pote fi strans. cand iei telefonul vine cu tot cu suport.   am si un hamma, cu pensa fixa, acela e ok, inclusiv magnetul e mai puternic.;0
2583;are android 4.4.4... si merge foarte slab... jocurile 20 fps... nu mai scriu nimic.;0
2584;se potriveste perfect intr-un samsung s5. am folosit-o in ultimele 3 luni... dar recent am si inlocuit-o cu originala care tine mai mult chiar daca are in jur de 3 ani. nu o recomand.;0
2585;foarte prost produsul;0
2586;podusul nu functioneaza cu iphone;0
2587;un gunoi care nici 1 leu nu face. l-am achizitionat acum 3 saptamani si l-am primit cu display dezlipit iar bateria nu tine nici 1 ora. acum tin aruncati 100 de lei de pomana. nu va mai pacaliti cu ieftinaciuni.;0
2588;este mica, nu acopera tot display-ul.;1
2589;o porcarie.. am luat si de 42 si de 44.... pentru 2 ceasuri 42 respectiv 44.  1. foliile au lipici doar pe margini iar sticla din mijloc sta in aer.. normal ca intra apa/mizerie sub sticla.  2. daca o agati un pic cu haina sare de pe ceas:)  3. cea de 42 nu acopera si marginea neagra 100%. (cea de 44 e ok ca acoperire)  4. touch-ul din cand in cand nu functioneaza (mi se pare normal, sticla nefiind lipita de ceas)    nu recomand!;1
2590;o sa distrugeti sensibilitatea telefonului + ca nu se prinde bine pe margine;0
2591;emag, va rog mai multa atentie la cum expuneti produsele altor vanzatori!   titlul produsului m-a indus in eroare. acest cablu nu merge cu iphone 7 plus!!!   am cumparat 2 buc. si acum trebuie sa le returnez. o bataie de cap suplimentara.:-(;0
2592;este o bratara foarte frumoasa si atat! aici se termina toate calitatile acestei bratari. ecranul raspunde foarte lent, masuratorile nu au acuratete, nu este rezistenta la apa. toate aceste defecte le pot sesiza usor dupa 2 ani de utilizare a unei bratari garmin, dar cred ca si o bratara de 59 de lei este mai precisa. sper sa o pot returna cat mai repede. emag ar trebui sa vanda produse cu instructiuni in limba roamana.;2
2593;nu este bun nu are fast incarca telefonul in 4 ore. incercat pe huawei honor 8;0
2594;"foarte slaba bateria! abia am reusit sa incarc un s9+ o singura data, prin cablu, in 2 ore jumate. functia de incarcare wireless este de asemenea la pamant. cu bateria full, am incarcat o singura data s9+ de la 30% la 100% iar la a doua conectare de la 50% a mai incarcat 5 procente si ""a murit"". nici vorba de o capacitate de 8000 mah. nu recomand.";0
2595;castile se desincronizeaza din cand in cand, adica una este mai in fata in muzica decat celalalt, trebuie oprit si repornit.  se deconecteaza singur, si se reconecteaza.  bateria se descarca repede. incepe sa piuie in ureche, ca se descarca.  am cumparat sa folosesc in timp ce conduc masina. dar este prea frustrant.  bateria nu tine mai mult de 30-40 minute. nu merita cumparat.  am cumparat la reducere, nu am chef sa chinuiesc sa trimit inapoi, am aruncat la gunoi, nici nu vreau sa-l vad ca am aruncat banii pe fereastra cumparand acest produs. rusine.;0
2596;am cumparat castile ( casti cu microfon samsung hs 130 roz) sunt foarta dragute doar ca sunt atat de proaste ca mi s-au rupt in telefon. acum trebuie sa ma duc cu un samsung s5 nou la garantie la e-mag.. degeaba..;0
2597;pentru un s7, se putea trimite un alt incarcator extern! telefonul a avut un pret mare, deasemenea si acest acumulator trebuia sa fie bun!;0
2598;intrarea de iphone e de cea mai slaba calitate! trebuie sa fortezi ca sa intre la fel si intrarea usb  cablu de 10lei;0
2599;poza este cu alt model, este de viper s, iar calitatea produsului este foarte slaba.  produs returnat.;0
2600;defect de la primire. cartela nu are semnal de loc in interior iar afara are o liniuta. am zis sa-l folosesc prin bluethoot din telefon si spre surprinderea mea nu ii merge microfonul interlocutorul nu ma aude. am sunat la service 2 zile la rand si am ascultat muzica aia care te scoate din toti nervii cate o ora in fiecare zi in speranta ca dau de cei de la service su nu am dat binenteles. pentru mine nu face nici macar o stea.;0
2601;l-am luat la oferta si oferta a ramas din pacate. l-am returnat dupa 2 zile.  pro  -aspect (gold rose) foarte placut.  con  -se zgarie rapid  -nu a reusit sa incarce un s6 pana la 100% nici dupa ce l-am incarcat full.  -nu scrie care din cele 2 usb-uri este de 2.1.  -usb-urile spui ca se desmembreaza cand bagi/scoti cablul de alimentare/incarcare.  -pe cutie scrie lanterna... si nu are.;2
2602;nu recomand, e ok dar cam face figuri, de cateva ori nu am mai avut ce s aii fac si a trebuit sa il formatez si apoi sa folosesc un soft de recuperare sa pot recupera pozele facite;0
2603;nu stiu cum s-au gandit producatorii foliei, probabil produc pentru atatea modele de telefoane incat nu le mai si testeaza sa vada daca se potrivesc. problema este ca deoarece ecranul telefonului nokia lumia 735 (sau 730) este usor curbat spre margini, folia de sticla nefiind felxibila nu se muleaza/lipeste in laterale oricat ai incerca, asa ca iti raman 2-3 milimetri din folie fara contact cu ecranul telefonului.    nu recomand o folie de sticla pentru acest model de telefon, cu toate ca se gasesc diverse branduri. cine stie, poate alte folii sunt din start curbate pentru a se potrivi acestui model, insa sigur nu e folia asta din acea categorie.;1
2604;chinezeaca. daca vrei calitate buna, cumpara una facuta de producator.;0
2605;calitate foarte slaba, frustrant de folosit desi posibil cu multa grija si atentie sau chestii de stabilizat suplimentar.;0
2606;l-am folosit lipit pe suportul cu care vine si fara un motiv anume se desprinde singur si cade cu tot cu telefon.  daca il las atasat cand cobor din masina la intoarcere il gasesc pe jos.;0
2607;o porcarie, trebuie sa ridic telefonul si sa-l pun inapoi de minim 4 ori pana se incarca de tot. incepe sa palpaie repede verde si opreste incarcarea de la sine, fara niciun motiv. alte incarcatoare diferite din casa functioneaza perfect.;0
2608;nu se mai incarca si nu porneste!!!;0
2609;doua zile a fost ok, dar dupa aceste doua zile se descaraca in 3 ore bateria si mai nou la 20 % mi se inchide telefonul.;0
2610;este un produs foarte slab. il voi returna. radioul nu merge deloc. nici cu fir, nici fara fir. face doar un fasait puternic. ca boxa merge. are sunet ok pentru o boxa mono. are si bass.  a venit intr-un pachet gaurit la un capat, cu cutia chinuita, capacul era deschis si boxa juca in interiorul pachetului. nu era protejata de nimic, doar o cutie mototolita si plicul de plastic al curierului. iar curierul scutura pachetul ca sa-mi arate cum misca produsul cumparat de mine in plic. exact asa cum a fosr impachetat il voi returna. chiar in plicul curierului care l-a adus.  numai vazand pachetul si mi-a disparut cheful de boxa.   boxa ca aspect arata binisor. dar atat. in rest nu e buna de nimic;0
2611;pe scurt, o mizerie. in loc sa imi incarce telefonul, telefonul incarca bateria.;0
2612;pozitive - nimic inafara de microfon.    negative - nu s-a conectat la nici un telefon ce poarta numele samsung, unul mai vechi cu butoane, un gio si s5.   singurul telefon e un nokia asha, nu mai stiu ce model dar am mai incercat si cu un lumia 532, nu a mai vrut.     cat l-am folosit la nokia asha, calitatea audio a fost extrem de neplacuta, zici ca celalalt era in china intr-un bunker dar de auzit ma auzea bine.    nu va recomand asa ceva nici in 100 de ani, mai bine stati cu telefonul la ureche.   am comandat ieri alta casca platronics explorer 50, care este infinit superioara la orice capitol fata de mizeira asta.   parerile despre acea casca o gasiti la locul potrivit sub acel model.;0
2613;de 2 lei, nu sta lipit de parbriz m. ai mult de 5 minute fara telefon. nu recomand!!!;0
2614;nu recomand deloc! o folosesc in timp c alerg pe banda. in 90% din timp arata un puls in jur de 100 in timp c eu am 150-180 bpm. daca iti misti mana isi pierde acuratetea cu totul. cum as putea sa-mi fac sprinturile daca o mana trebuie sa o tin dreapta si nemiscata?! e absolut nefolositoare si iti provoaca doar nervi.;0
2615;"enervant.... super enervat... se deconecteaza tot timpul daca ai plecat 2-3 m de telefon.  si atentie la retur - daca produsul nu-ti place, nu functioneaza asa cum ai crezut platesti returul.  fals faptul ca returul e gratuit; acest lucru e valabil numai in cazul cand e defect produsul sau deteriorat.";0
2616;la nici 4 luni dupa achizitie, mufa de incarcare s-a dezlipit. sunetul e de proasta calitate, baraie in continuu.;0
2617;nu a mers de prima data, l am luat din showroom, am ajuns acasa am deschis cutia si surpriza! nu merge deloc cu oricare din produsele apple pe care le detin, nu recomand decat daca esti dornic sa faci 100 de drumuri pentru a l returna si schimba pe parcursul celor 24 de luni de garantie.;0
2618;nu este pentru modelul asta de tableta, nu se lipeste... teapa mare!!!;0
2619;nu se conecteaza la iphone 7, ios 11;0
2620;nu este bun de nimic.  sta de 3 zile la soare si nu se incarca de loc.  l-am incarcat o data la priza si nici macar nu a incarcat un telefon cu o baterie de 3500 ml.;0
2621;incarca bine primele 2 zile dupaia nici macar nu mentine procentajul bateriei. un produs chinezesc adica bani aruncati;0
2622;chiar daca este un produs relativ ieftin, nu trebuie sa fie o scuza pentru calitatea produsului care este mizerabila! am respectat instructiunile de folosire si timpul de incarcare, cu toate astea nu imi poate incarca un telefon cu bateria de 3500mah nici la 75% (fara ca eu sa il folosesc in acest timp)!;0
2623;teapa, foarte proaste;0
2624;bateria are 2800 nu 3000. si cand am bagat o in telefon aveam 31 % apoi scadea in fiecare minut cu 2% pana s a inchis. mare teapa. o voi rerurna imediat;0
2625;in primul rand, emag ar trebui sa fie mai atent cu cei carora le da posibilitatea sa vanda prin intermediul marketplace -spun asta deoarece din ce in ce mai multe chinezarii sunt prezente si prezentate ca fiind produse calitative.   in cea ce priveste ceasul: descrierea produsului, pozele, functiile descrise -toate false. toate aceste ceasuri au aceeasi aplicatie dezvoltata de chinezi. precizia de localizare +- 15 km -este total inutila. nu are cablu magnetic. nu rezista la apa. bateria tine in cel mai fericit caz 30 de ore fara a fi apelat. daca vreti un device ca sa puteti aplea copilul, este ok. daca vreti un gadget care sa corespunda descrierii produsului, sugerez ca sa mergeti catre o marca consacrata.;0
2626;nu recomand. cea mai proasta achizitie.;0
2627;"dezamagitor!! nu functioneaza decat sa sun eu pe ceas si atat, nimic mai mult. nu functioneaza nici sa imi trec eu numele la ""gardian "". iar cartela vodafone gratuita, are credit 0 lei, deci o pot arunca direct!!";0
2628;s-a stricat dupa o luna;0
2629;dupa nici 2 saptamani, nici nu mai incarca calumea. sare de la 75% energie la aproape 0 (de la 3 leduri la 1 care palpaie). asta in conditii de utilizare superficiala.;0
2630;s-a stricat dupa 2 ore de folosinta.;0
2631;nuvela buna de nimic nici nu poate lua pulsul bine si nu are bratara de calitate nu recomand;0
2632;dupa sosirea primei comenzi ceasul nu a mai functionat corespunzator, aprox 3 zile. am facut retur inpreuna cu bratara fitnes cadou, am solicitat un nou produs. a si sosit dupa 2 sapt fara bratara fitness si ceasul care nici macar nu pornea. din nou am facut retur. dupa aprox 2 luni de la prima comanda a sosit ceasul mult asteptat.. surpriza dupa primul contact cu apa parca era acvariu. pe raspunderea mea l-am desfacut. am ramas stupefiat.. am si facut cateva poze pe care am sa le atasez daca au sa-mi deie voie.. oameni buni nu cumparati!! dati mai bine 20 ron mai mult si cumparati din magazin!!;0
2633;prost cablu... foarte slab.. cand l am cumparat ( acum 4 luni) afost incarca pana la 1000 a si acuma e defect si incarca cu 50 ma!;0
2634;nu are nici o treaba cu un smart..... este doar un ceas banal..;0
2635;se crapa foarte usor, nu recomand!;1
2636;un fel de jucarie.;0
2637;probleme am avut din prima saptamana. incarcatorul a fost inlocuit pt ca nu mai incarca si acum se smulge mufa. nu cred ca sunt originale.;0
2638;am un mobil philips x586.  am luat acest cablu ca sa transfer poze, fisiere din telefon in pc/windows 10 pro, dar transferul nu se face cu acest cablu.;0
2639;"husa este slab calitativa si nu se potriveste cu o tableta de 7"" dezamagitor";0
2640;nu cumparati!!!!! nu tine nici jumatate de zi, ma tinea mai mult cea originala utilizata mai bine de doi ani, -5 stele;0
2641;nu masoara corect nici pulsul si nici pasii.;0
2642;cand am despachetat bratara totul parea sa mearga bine pana cand am conectat-o la telefon. a inceput sa se blocheze, pur si simplu ecranul era negru si isi revenea foarte greu, insa de fiecare data cand incercam sa o conectez la telefon pateam la fel asa ca m-am hotarat sa o las balta. nu o recomand nimanui!;0
2643;"incarcatorul a fost cumparat pentru un samsung a52017. pe langa ca nu incarca la modul fast charging, nu incarca nici macar la modul ""normal"". o incarcare dureaza aproximativ 7-8 ore!!! cu un incarcator normal de 2a fara fast charging, incarcarea dureaza 2 ore. bateria si telefonul verificate / sunt ok.   dupa ce am cautat pe net am ajuns la concluzia ca este un incarcator fake. nu recomand sub nici o forma.. nu recomand sa cumparati de la partenerii emag, doar emag direct";0
2644;retur! nu recomand.   a functionat pana cand s-a descarcat bateria, apoi pa!;0
2645;nu este compatibil cu iphone 6, functioneaza cu greu doar dupa ce este scos si bagat de mai multe ori;0
2646;dupa nici 3 luni de utilizare i-a cazut carcasa, fara a suferi lovituri. nu este acoperita de garantie carcasa si nici nu exista la distribuitor piese de schimb;0
2647;nu recomand nimanui! s-a chinuit sa o aplice pe display-ul tabletei un expert de la orange shop, dar tot au ramas vreo 5-6 bule de aer. se potriveste greu, se dezlipeste apoi greu daca ai pozitionat-o gresit... are niste indicatii pe cartonul de ambalaj, dar oricit le-ai respecta, tot nu-ti iese cum trebuie. hotarit lucru: foliile de plastic nu sint bune de nimic! am comandat acum o folie de sticla, tot de la emag.;0
2648;nu se lipeste bine pe margina;0
2649;calitate slaba.  de noua arata mereu 100%. apoi nu mai incarca deloc. chiar cand nu mai are energie deloc tot 100% indica dar nu incarca.  o porcarie.;0
2650;se intrerupe semnalul foarte des, cu telefonul tinut in buzunar.;0
2651;"lightbleed in partea stanga-jos a ecranului de cand a fost cumparat; aparent acest model asa este din fabricatie (sunt multe cazuri chiar si pe forumul garmin). ecran crapat in timpul somnului la 2 luni si 12 zile dupa achizitie, touchscreen-ul este mort deci ceasul este inutilizabil... defectele mecanice de acest gen nu sunt acoperite de garantie si nici nu se repara contra cost.";1
2652;i-am masurat capacitate si este sub 40% fata de cea specificata.   cand il misc suna ceva inautru semn ca este o piesa desprinsa.   complet inutil.;0
2653;dupa 6 luni se coporta mai rau decat cea originala de 5 ani. se inchide la 30% si de asemenea se inchide cand fac poze cu blit la 70%.;0
2654;nu incarca nici un telefon de 2500mh;0
2655;se aude foarte incet si scote un sunet ciudat... nu recomand ceea mai proasta achizitie din viata mea.;0
2656;nu recomand. detin acest ceas din ajunul craciunului si a treia zi de craciun a murit definitiv.. fara nici un motiv. plus ca bateria e naspa rau nici o zi macar in totate functiile pe care le detine. aspectul e ok.;2
2657;acum a ajuns. am aplicat folia si nu numai ca nu acopera cum trebuie ecranul, aceasta nici nu se lipeste la margini. pe langa asta calitatea imaginii prin folie e oribila.     nu recomand, nu cumparati acest produs. o risipa de bani!;0
2658;nu cumparati acest produs. ce am primit nu este un produs original sony. volumul si calitatea sunetului sunt inferioare unor casti de la toneta de 10 lei.     le-am primit intr-o punguta ziplock.;0
2659;ecran foarte slab, se sparge cam imediat;0
2660;cel mai jalnic acumulator... se descarca normal pana la 50% iar dupa scade deodata la 1%... la incarcat il pun la 20% si deodata urca la 30%-40%... plus ca am probleme cu telefonul de cand am pus acumulatorul... se restaureaza singur...;0
2661;intra foarte des in offline facand-o practic inutilizabila, o chinezarie ca si hub-ul si senzorii de la aceasta firma.;0
2662;mufa iphone nu merge. usb c merge din cand in cand. retur asigurat;0
2663;nu se potriveste absolut deloc;0
2664;descriere falsa, pentru pretul acesta este ok, dar nu are nici o treaba cu 2x10w si bass foarte slab;0
2665;nu merita luat... nici 24 h nu tine bateria...;0
2666;un produs slab calitativ. nu se conecteaza la net cum spun in descriere. am fost sfatuiti sa l trimitem inapoi pentru a primi ulterior banii. si nu am primit nimic nici macar nu raspund la telefon.;0
2667;se strica repede! nu-i buna deloc.;0
2668;am primit o baterie folosita, telefonul se opreste cand ajunge la 40%...;0
2669;nemultumita, nu am reusit sa-l lipesc si sta in torpedou de vreun an!;0
2670;sa spart dupa 12 ore doar stand in  buzunarul de la spate;1
2671;tine mai putin decat bateria originala de 4 ani! dupa cateva incarcari, parca s-a mai imbunatatit situatia, dar totusi, nu e ca originalul cand e nou!;0
2672;primit pe 12 aprilie 2018. de la acea data, performanta bateriei noi a ajuns mult sub cea originala veche. procentajul de incarcare al bateriei variaza fara o logica, cu pana la +/-10%.   tot datorita bateriei noi, mobilul a inceput de curand sa se restarteze fara motiv. din momentul in care am reinstalat bateria veche, totul merge normal: nu mai sunt restartari, nu mai sunt oscilatii de procentaj de incarcare.    bateria noua este foarte buna pentru aruncat la gunoi.;0
2673;foarte slab... se incarca in vreo 10 ore... si duce 2 incarcari.... dezamagitor;0
2674;foarte slab.. nu recomand!;0
2675;desi bateria pare a fi autentica si nu o replica nereusita la prima vedere, e mai proasta decat bateria originala a telefonului - in varsta de circa 3 ani pe care am vrut sa o inlocuiesc. voi incerca sa o returnez desi procesul de returnare e foarte anevoios pentru produsele partenerilor emag insa din pacate toti acumulatorii pentru acest tip de telefon sunt vanduti doar de partenerii emag. daca a fost o coincidenta, ghinionul meu, daca asta e calitatea bateriei in general - nu recomand!;0
2676;este compatibil poate cu telefoane android pana in versiunea 5.0.1. dupa aceasta versiune puteti considera ca ati dat banii degeaba.;0
2677;mi-am luat teapa cu acest dispozitiv de incarcare wireless. am comandat 2 dispozitive pt a le folosi la 2 iphone-uri x. un iphone x are o capacitate de 3000 mah. cu acest dispozitiv iphone-ul se incarca 1 data si jumatate. oribillll. am dat in jur de 220 de lei si am achizitionat 2. macar de 2 ori daca incarca telefonul era cat de cat rezonabil. prin cablu incarca de 2 ori telefonul. mentionez ca am un charger asus de 10000 mah cumparat acum 2 ani si incarca tot de 2 ori chiar daca a fost folosit de peste 500 de ori. nuuu recomand!!!;0
2678;pro: returul a fost usor si ok, fara probleme    contra: chinezarie, fara un manual de utilizare, nu am reusit sa prind nici un post de radio cu el iar singurul buton pe el era ciudat, de parca statea sa cada (poate doar la varianta trimisa mie, nu stiu daca la fel arata toate).;1
2679;am cumparat aceasta bratara pentru fiica mea de 12 ani, cadou de mos craciun. meniu greoi, lipsa notificare mesaj, contorizare pasi aiurea. am vrut sa o returnez dupa 5 minute. din pacate, copilul a vrut sa-i scoata bratara sa o puna la incarcat iar capatul usb s-a rupt. adio 263 ron, adio cadou de craciun. reclama mincinoasa la acest produs, numai pozele de prezentare sunt cat de cat frumoase. acest produs ar trebui sa se gaseasca intr-o punga de pufuleti cu surprize, nu sa coste aproape 300 lei. rusine.   ps. pentru ca ati stricat bucuria copilului de sarbatori, voi returna de acum inainte toate produsele ce nu indeplinesc criteriile cele mai exigente.;0
2680;din 2 perechi comandate a functionat 1 singura casca... nu recomand;0
2681;folia este de sticla de 2.5mm nu de 3mm si nu este usor curbata cum este trecuta in descriere. este o folie dreapata cat marimea display-ului care nu se lipeste pe marginea curbata a telefonului, ceea ce determina intrarea prafului, a scamelor intre folie si display in curand se va deslipi. nu recomand;1
2682;o porcarie! nu tine bateria nici macar o zi!;0
2683;am introdus in telefon.. nu-l recunoaste. am incercat formatarea pe laptop dar indiferent ce faceam nu-l vedea cand era introdus in telefon. nu recomand.;0
2684;incarcatorul este unul normal. am un huawei p20 pro si nu se incarca rapid cu acest incarcator. pe langa faptul ca incarcatorul vine fara cutie (pur si simplu un cap de bagat in priza si un cablu usb-c).;0
2685;am avut doua identice, fiecare 64gb. dupa vreo 2 ani, a murit o memorie, nu se mai lasa formatata, noroc ca nu aveam poze pe ea. am pus a doua (era sigilata in cutie, de 2 ani) sa o formatez si era moarta si a doua. camera citeste bine mersi alte memorii. bani pe fereastra, daca mai moare si cu poze, rau...;0
2686;am facut comanda direct la ei si nu am luat de pe emag ( desi era cu vreo 10 ron mai scumpa de la ei) si am sunat si am intrebat, este exact cat ceasul si au spus ca da, o minciuna, este mai mica folia decat ceasul, nu cu mult mai mica, dar destul incat sa faca ceasul sa nu mai arate bine. le-am scris un review in care mi-am spus nemultumirea si nu l-am postat pe siteul lor si dupa vreo 2 saptamani mi-au trimis un mail in care mi-au cerut poze cu dovezi, eu am probat ambele si am vazut ca sunt mai mici si le-am aruncat si acum il folosesc fara folie.  concluzia - daca nu va deranjeaza sa fie folia mai mica cu vreo 0.5 mm si sa se vada conturul foliei aproape de marginea ecranului puteti cumpara acest produs, desi el nu este tocmai facut pt galaxy watch;1
2687;lipsit total de stabilitate, cu imperfectiuni in decuparea dupa turnare in forma, nu recomand!;1
2688;cumparata de la ei de pe site. folia e buna, numai ca nu se lipeste pe margini. raspunsul lor zice ca din cauza ecranului curbat se intampla asta. adevarul e ca am folie de sticla de 3ani, o schimb odata la 4-5 luni, dar aceasta e singura care nu se lipeste pana la margine. cred ca produsul e de slaba calitate. oricum numele firmei e doar o coincidenta, nu are nici o legatura cu celebra firma. dezamagit. nu recomand.;0
2689;execrabila, porneste greu, se misca prost, se blocheaza. e imposibil de folosit!;0
2690;"fara nicio utilitate, foarte proasta pentru 7""";0
2691;l-am luat pentru camera foto nikon d5100. nu stiu care e problema lui, desi are aceleasi caracteristici cu fostul meu card, care s-a dezintegrat fizic, acesta nu scrie datele cu viteza necesara pentru ca filmarea sa poata fi vazuta ca filmare. drept urmare, scrie aprox. 2-3 cadre din 24 (adica imi face filmele de nevizionat).  un jaf de card.;0
2692;nu se lipeste de bord;0
2693;se strica casca din stanga la nici o luna de cand le-am cumparat. este a doua pereche nu irositi bani;0
2694;nu incarca rapid lg g5. o sa o duc inapoi.;0
2695;sa cumperi un acumulator de 20000 care se comporta ca unul de 10000, asta inseamna sa-ti iei teapa. i-am facut doua descarcari si doua incarcari, tot ce trebuia, si cand il pun la incarcat de la 100% imi sare in 2 minute la 70%, dupa se blocheaza la 61% si tot asa.;0
2696;dupa 2 zile de cumparare si utilizare, nu mai vrea sa porneasca, are ceva defect.;0
2697;s-a rupt dupa 1 luna.;1
2698;foarte nemultumita de produs. nu functioneaza in program (setracker). desi am configurat ceasul conform instructiunilor, are semnal si date mobile, apare in program ca dispozitiv offline. nu se poate folosi decat pentru a apela purtatorul ceasului si atat. desi incarcat complet, se descarca in 4-5 ore, ceea ce il face si mai nefunctional. furnizorul nu raspunde la mesaje de 6 zile de la achizitie dar are pretentia ca produsul sa fie returnat in maxim 14 zile. ceasul este mai degraba o jucarie chinezeasca de proasta calitate. imi vreau banii inapoi.;0
2699;am incercat sa folosesc tableta timp de o saptamana.  am avut probleme la tot pasul. pot spune ca la fiecare 5 minute de utilizare.  nu ramanea conectata la internet prin hotspot, la final nici nu se mai conecta.  foarte lenta, timp de raspuns mare.  la pornire asteptam aproximativ 3-4 minute pana cand incepea sa functioneze.  am returnat-o urgent!!!  lenovo eventual pentru laptop-uri, in rest nu merita.;0
2700;desi comode la prima incercare, nu am apucat sa le folosesc la un alergat deoarece casca dreapta are un gajait destul de enervant. cel mai probabil voi returna produsul!;2
2701;jalnic. singura parte buna este ca arata bine si nu este zgomotos. in rest nu prea, eu am doua s7, unu normal si unul edge. la amandoua incarcarea dureza foarte mult, daca este descarcat pana in 15 % incarcarea dureaza undeva la 2h 30m. daca cumva este pe punctul de moarte incarcarea va dura peste 3h. asta pe incarcarea rapida! pe incarcarea normala nu l-am folosit deoarece cred ca incarcarea dura o zi...;2
2702;pozam un botez cand la un momet dat imi apare urmatorul mesaj: acest card de memorie nu se poate utiliza. cardul poate fi deteriorat. introduceti alt card. in graba nu dau importanta, inchid aparatul, scot si bag iar bateria, pornesc, merge, mai trag cateva cadre, verific pozele si din urma, totul ok. mai trag cateva cadre, iar apare mesajul, procedez ca mai nainte dar de data asta fara scucces. pozele nu le-am mai putut recupera. decideti voi daca vreti sa il cumparati.;0
2703;poate fi setat doar din aplicatie si aplicatia nu imi vedea ceasul, cu toate ca acesta era pornit si cu sim activ si incarcat. am stat 3 zile pe mail cu cei de la suport tehnic si tot nu au reusit sa rezolve problema. il voi returna.;0
2704;foarte proasta calitatea. a functionat maxim o luna cu 3 schimbari de baterie. schimbat cu totul pana la urma. al doilea nu a rezistat nici 2 saptamani. cel mai prost produs cumparat vreodata. nu merita nici sa fie luat in calcul. mos craciun si-a luat o mare teapa.;0
2705;slabut, pret mic calitate pe masura!;0
2706;legat de vorbitul destul de tare de fiecare data cand deschizi boxa sau cand ceri o comanda, mai adaug ca daca o uiti deschisa, s. ar putea sa te trezesti la2 noaptea cu una care incepe sa latre incontinuu... si destul de tare incat sa trezeasca toata casa;0
2707;mi s-a defectat dupa aproximativ o luna de utilizare. nu mai vrea sa se incarce... nu recomand;0
2708;comanda trebuia sa ajunga pe 4 si a ajuns pe 5, nu asta ar fi problema cea mare, problema mare este aceea ca pe cutie scrie ca bateria tine intre 3 si 4 ore de ascultat muzica si in realitate bateria nu tine mai mult de 30 de minute. dezamagitor, mai ales din partea emag pentru ca vand asa ceva dand informatii false, dupa cumpararea produsului realizand adevarul. rusine emag si partenerilor!;0
2709;nu stiam ca este si diagonala 7,8 inch (asa scrie la specificatii)! sau poate gresesc eu....;0
2710;am cumparat produsul acum o saptamana din pacate acesta nu corespunde cu descrierea, el are functii de masurare puls, oxigen si tensiune, si as fi putut trece peste impedimentul de a nu corespunde cu descrierea daca era si rezistent la apa dar din pacate nu este la prima balaceala in bazin sa inecat inca mai functioneaza dar a se vede ca are apa in el pe scurt daca nu aruncam chitanta il returnam.;0
2711;doar sa pui pe spate si sa ai husa, altfel, nu-si are rostul. autocoland pe care il gasesti peste tot, intradevar, taieturi precise insa lipici nici macar de doi bani.;0
2712;foarte nemultumit de ea... se aude binisor.... dar cand am bagat un stick mi s-a blocat si nu a mai mers... am returnat-o;0
2713;nu merita banii!;0
2714;se putea si mai bine. emag dezamagitor;0
2715;am primit alte casti, nu are treaba cu poza. le returnez.;0
2716;nu o recomand. pentru banii astia este foarte slaba. se aude foarte incet pentru cei 6w... am luat o boxa myria tot cu 6w, dupa ce am returnat-o pe aceasta, si se aude mult mai tare. am avut si niste probleme cu ea, se conecta foarte greu prin bluetooth, iar prin nfc deloc... pe mai multe telefoane. butoanele tacticle nu raspund chiar asa de bine la comenzi. vocea care apare in momentul in care pornesti boxa este un pic deranjanta, dar cred ca te poti obisnuii cu ea. intr-adevar, are un design placut, dar degeaba... nu recomand!;2
2717;il fortezi putin si se rupe, se desface suportul de baza, apoi nu mai sta cum trebuie. si sa asezi telefonul in suport e destul de incomod, ai nevoie de doua maini. nu recomand nimanui, dai mai multi bani si iti iei ceva ok.;1
2718;nu se aprinde. nu se incarca. ce parere sa mai ai.;0
2719;nu recomand nici unui om care cat de cat are intentia sa faca un pic de miscare pentru sanatate, cu atat mai putin unui profesionist. indicatori sunt o gluma. nu cred ca e normal sa vorbesti in cazul de fata despre raport calitate/pret deoarece ori iti indica corect pasii/calorii etc. ori nu. iar daca nu iti indica corect nu isi merita numele de bratara fitness.;0
2720;abia l am primit. fara manual in limba romana. sa vad ce pot face... nu pare extraordinar. fara manual nu ma descurc. e pe cat de simplu pe atat de complicat... sau de doi lei... nu pot intra in setari sa fixez ora... sau poate nici nu functioneaza, e doar o jucarie... cam scumpa jucaria. maine voi suna dupa manual...;0
2721;am cumparat aceasta boxa de black friday la pretul de 65 de lei. acum vad ca este redusa la 57 de lei, fiind mai ieftina cu 8 lei decat de black friday.    a venit zgariata, am poze facute la nici 10 minute dupa ce a fost primita care atesta acest lucru. am facut poze cu boxa la 10:35, iar asa cum se vede din imaginea atasata cu chitanta, boxa a fost primita de la 10:29.     pe langa faptul ca este zgariata de zici ca am cumparat de la resigilate, este alta culoare decat ceea ce am comandat, fiind o nuanta de albastru aprins si nu culoarea camouflage cum este trecut aici.    lucrul cel mai enervant este ca butoanele de volum nici macar nu functioneaza cum trebuie. in loc sa se auda mai tare sau mai incet, acestea schimba melodia.;1
2722;nu recomand. ecranul telefonului este curbat iar folia dreapta.;1
2723;nu cade exact pe telefon... nu recomand. asta e tebucuri pentru nimik.;0
2724;nu va cumparati asa ceva, decat dc sunteti elefanti! chestiile care intra in urechi au cam 2 cm. 2 cm!!! nu le poti introduce in urechi decat dc ti le indesi pana in creier. eu le-am facut retur.  le-am dat o stea ca nu le puteam da zero!;0
2725;am cumparat cu incredere, crezand ca este vorba de bookbook autentic, aflat intr-o promotie. nici nu exista temen de comparatie. este de o calitate jalnica. fermoarul mai avea putin si se desprindea de la locul lui, dar ca sa functioneze, nici vorba. cotorul a venit deja cu julitori, iar daca doar te atingeai de acel material, continua sa se jupoaie. am introdus produsul cu grija in ambalajul original si il voi returna urgent. concluzie: treceti mai departe, nu cumparati asa ceva. bani aruncati sau timp pierdut cu returnarea.;0
2726;nu recomand de loc! este mult mai mica decat ecranul telefonului si nu se potriveste de loc;1
2727;foarte slab, nu recomand la nimeni;0
2728;acum 3 zile am luat-o nu-i buna de loc memorie nimic 1,86gb se blocheaza nu-i buna de loc.;0
2729;nu merge. nu se deschide! maxim de dezamagit de mosu!;0
2730;dupa 3 zile de utilizare nu se mai deschidea la apasarea butonului;0
2731;am comandat produsul prin emag, dar de la atu it! nu stiu daca este doar defect, insa valoreaza 2 lei. cutia nu era sigilata, bateria a venit alaturi, nu era incorporata! folia protectoare era cu zgarieturi!  conexiune bluetooth extrem de slaba, la 5m se pierde conexiunea. apelurile vocale imposibil de interceptat. voi returna produsul, sper sa si primesc banii inapoi. revin cu feedback!;0
2732;nu recomand, cardul se va strica foarte repede;0
2733;produs nou din 2017!!! bateria este descarcata complet, nu este stabil cand il incarci, nu are decat 3 teme, cureaua este marimea 22 daca ai mana mai groasa de-abia il poti inchide, pretul real este intre 50 si 60 lei. acum cei de la constanta(acolo este sediul firmei kids) s-au gandit:il dam cu 100 eur, apoi punem reducere si un cadou si prostii pun botul. noi tot castigam de doua ori. acum este cumparat il tin pentru copil sa se joace cu el la scoala in pauza.;0
2734;incarca telefonul o singura data.;0
2735;buna, am dat o tona de bani pe o tableta allview. cei de la allview nu fac upgrade-ul lor si deci ajungi sa instalezi pe ea doar google chrome. in rest nu merge nimic. nu aruncati banii la gunoi.;0
2736;am cumparat citind review. sunt pretentios. boxa nu merita mai mult de 100 ron. este badarana. mare pentru ce poate face, putere reala cam 5w. peste 70 % distorsioneaza. radio prinde prost, putine posturi. cablu usb alimentare care este si antena 30 cm. am cumparat unul de 1,8 m. mai bine dar tot slab. vine cu cablu auxiliar. puterea prin cablu cam 50% fata de bleutut. vocea care anunta m functionare tare indiferent de volum, deranjant, nu ramane in memorie dupa oprire nimic. nu are semnalizare pe fata. bass lipsa total. usb merge bine, cu lipsurile descrise. adevarul nu merita 185 ron. ca o comparatie cu myria -my 2404 este cu 2 clase sub ea care a costat 130 ron la oferta. nemultumit!;0
2737;in primul rand am primit altceva, un ceas care seamana perfect cu cel din poza, doar ca nu are g-senzor, sa nu mai vorbim de monitorizare ritm cardiac. numaratorul de pasi este de asemenea o porcarie, iti numara pasii cand misti mana. l-am cumparat in special pentru asa zisa autonomie din descriere si pentru g-senzor, dar ce sa vezi teapa. de ieri pana azi i-a picat 50% din baterie si nu l-am folosit decat foarte putin. bluetooth-ul este de asemenea o porcarie, nu sta conectat aproape deloc.   sa ne intelegem, la 65 lei eu zic ca e ok, dar eu am crezut ca iau ce-i in descriere la banii astia, deci teapa! imi pare rau dar trebuie s-o spun:  rusine microzece!;0
2738;produsul a functionat corespunzator cam o saptamana, dupa care problemele au inceput sa apara rand pe rand:     1. plasticul s-a crapat in doua locuri   2. casca stanga a inceput sa se auda mai incet decat cea dreapta   3. butonul de volum “-“(minus) nefunctional: la o singura apasare volumul scade instant pana la 0, iar butonul “+”(plus) nu functioneaza.  4. la laptop se conecteaza din a 5-a sau a 6-a incercare  5. iar mai nou nici in telefon nu mai sta fixa mufa jack (se aude intrerupt)    sunt un om realist si va asigur ca nu am avut asteptari mari de la aceasta pereche de casti contrafacute, insa e absolut absurd ca in nici 30 de zile de la cumparare acestui produs, sa inglobeze atat de multe probleme tehnice.     spre exemplu am avut o pereche de casti achizitionate din sua cu 10$ si pot sa spun ca problemele tehnice s-au adunat usor in timp in decurs a 4-5 ani de zile, nu 30 de zile ca si in cazul de fata.     asta cred ca mi-a fost ultima lectie de fake-areli din china.;0
2739;detin acest smartwatch de o luna si deja i sa luat vopseaua, iar intr-o zi pur si simplu s-a stricat.;0
2740;se comporta bine in timp;0
2741;nu l-am cumparat de pe emag.  foarte prost gps-ul.  la alergare de 5 km pe stadion m-a aruncat de mai mai multe ori in afara stadionului sau in partea cealalta a stadionului.  nu recomand pt activitati cre folosesc gps-ul.;0
2742;boxa este foarte usoara se aude extrem de prost plastic foarte ieftin   un produs de calitate proasta;0
2743;foarte slaba, imi incarca telefonul cu 2350mah de 1,5 ori. nu recomand;0
2744;cost foarte mare pentru un card class 2. puteti altge oricare alt card class 4 si iesiti si mai ieftin.  contra:: 3mb/s la scriere fata de un card samsung class 2 care are 8mb/s.;0
2745;frumoasa, dar slaba calitativ! m-am ales cu o crapatura de la jumatatea foliei spre centru in jos la 2 zile, fara a scapa/lovi telefonul nici macar un pic!;2
2746;castile au o baterie care tine mult, la utilizare serioasa si pentru multe ore, tine foarte mult.     dar basul prea puternic distorsioneaza sunetul, devine infundat. la apeluri, microfonul nu merge bine: eu nu aud bine persoana cu care vorbesc din cauza basului mult prea puternic iar persoana cu care vorbesc ma aude la fel de infundat.     am testat castile si cu muzica de pe youtube, si cu muzica de pe cd-uri, si muzica piratata, si muzica cumparata online de pe itunes, deci si sunet de calitate maxima, si minima. dar la final este acelasi rezultat: sunet infundat din cauza basului (chiar si cu setari de bass reducer);0
2747;alb-ul nu functioneaza iar boxa scoate un bazait destul de puternic si enervant in timpul redarii melodiilor. telecomanda functioneaza cand vrea ea.;0
2748;nu isi merita banii. probleme cu conectarea din 4 telefoane se conecteaza doar la 2.;0
2749;suportul software nu mai exista!!!;0
2750;daca ai urechi de elefant, le recomand;0
2751;l-am incercat pe un ipad2. - nu merge. l-am incercat pe un samsung i8910 (omnia-hd, to capacitiv) - nu merge. pacat. poate merge doar pe iphone4? nu cred. oricum e prea scurt, trebie sa apesi serios, ceea ce pe un ecran capacitiv nu are sens. am luat un hama arginitiu drept tot cu bulina de cauciu in varf - merge genial.  pro:: * ieftin  contra:: * nu e bun pt capacitive * forta de apasare prea mare * foarte scurt * guma din varf e dura, nu moale cum ar trebui;1
2752;buna ziua, am comandat si eu unul dar nu a mers pe mod silentios, am facut retur si am primit si pe al 2 ceas si tot aceasi problema a avut. adica nu sunt bune.;0
2753;calitate slaba;0
2754;nu recomand merge ft greu l-am returnat;0
2755;produsul nu este bun de nimic;0
2756;sunet de radio cu ceas, fara bass. am dat-o retur.;0
2757;dupa 5 zile am ramas cu 27 gb din 64gb. mai rau este ca am pierdut date si poze din telefon. [samsung a6+ abia achizitionat }.  concluzie? mai ne uitam totusi si la brand.   returnat.;0
2758;am bateria de 2 saptamani si se comporta ca cea veche de 3 ani.  se descarca practic singura, cu telefonul inchis sau chiar scoasa din telefon.  ambalajul nu avea nimic in comun cu firma samsung fiind intr-o cutiuta nesigilata de carton mult prea mare pentru baterie, cu inscrisuri in chineza dar fara nici o emblema samsung.  un produs contrafacut de calitate foarte slaba.  nu recomand sa repetati greseala mea.;0
2759;nu recomand   se blocheaza din senin   se opreste singur nu mai porneste;0
2760;am primit azi boxa, si se aude un barait constant indiferent de sursa. se aude chiar foarte tare ca un radio vechi... deja cred ca o returnez.;0
2761;azi le-am returnat. se conecteaza la telefon(samsung).. dar nu reda( de ex muzica youtube ) zero... muzica se intrerupe...si la un moment dat se si deconecteaza. nu recomand!!!!;0
2762;nu este buna de nimic. cand o pui pe tableta raman pete si nu dispar deloc si dupa 3-4 zile cade de pe ecran singura;0
2763;nu mere absolut nimic pe el;0
2764;s-au stricat in mai putin de o luna;0
2765;nu recomand... am primit ceasul.. bateria tine doar 1 zi jumate maxim.... si persoana de la capatul firului nu se aude clar... ceasul avand mereu un bazait enervant.;0
2766;imi pare rau sa spun asta, insa nu recomand acest produs. dupa cateva saptamani devine inutilizabil.;0
2767;materiale slabe, carcasa si butoanele se desprind, cureaua e rigida si se rupe usor.;1
2768;nu se potriveste la kindle oasis...    bani dati degeaba:(;0
2769;dupa 2 saptamani incarca doar cand are el chef. am fost la emag sa il returnez dar nu se poate. e de la o firma partenera (urban trends trade) si trebuie sa sun la ei. de 2 zile tot sun si nu raspunde nimeni. nu recomand. cel mai prost incarcator ever!;0
2770;cea mai proasta folie... telefonul meu nu a suferit nici o lovitura si totusi folia se ciobeste pe margini pe zi ce trece..;0
2771;pro:   - poti asculta muzica la ea, sau tot se faci pe telefon. se comporta ca o boxa portabila cu bluetooth.  - se aude bine, nu foarte bine.  contra:  - cel mai important lucru e ca butonul de raspuns la apel se actioneza foarte greu, cand apesi pe el iti intra casca in ureche.   - se incarca destul de greu, iar in modul audio (cand asculti muzica, etc.), baterie tine cateva ore.  - cand e pusa la incarcat se deschide automat si nu poate fi inchisa, trebuie inchis bluetootul de la telefon, nu stiu la ce foloseste acest mod, e o aberatie.  - nu are clema de fixare pe ureche, poate cadea usor.  cea mai slaba casca bluetooth, nu face nici 10 lei.;0
2772;dezamagitor... pe langa faptul ca nu mi-au trimis in pachet si cablul de date doar sarmulita de la el:))... nu tine incarcat nici o zi fara sa il butonezi...;0
2773;produsul este uns fals! descrierea induce in eroare. scrisul de pe incarcator este identic cu cel de pe incarcatorul original, dar mult mai sters. imbinarile incarcatorului sunt mult mai grosolane ca si la cel original. dupa 2 saptamani de la utilizare a inceput s aincarce mult mai incet telefoanele. la iphone 6 nici nu mai incarca. da eroare ca nu este suportat inarcatorul. la iphone 5 mai functioneaza, dar foarte incet. sunt dezamagit...;0
2774;"am achizitionat aceasta tableta, resigilata, fiind la un pret redus de doar 300 lei. pot spune ca porneste foarte greu, androidul este foarte ""greoi"". in situatia mea pot spune ca a ramas blocata cu sigla allview pe ecran dupa numai cateva zeci de minute de utilizare. am apucat sa testez functia de apelare, care are un delay extrem de mare >10sec. am dat-o retur in aceeasi zi.  servicii emag de top!";0
2775;cea mai proasta casca!!!!!! telefonul in buzunarul drept de la pantaloni, casca in urechea stanga si se aude cu intreruprere. am returnat casca dupa fix 5 minute. nici macar o stea nu merita.;0
2776;s-a stricat dupa o zi.;0
2777;foarte slaba.. e total opusul ce scrie in descriere..;0
2778;"abia ce l-am primit si la prima vedere am avut impresia ca este de slaba calitate, nu corespunde nici cu pozele si nici cu descrierea din pagina; acelasi tip, doar culoare diferita am cumparat pentru fiul meu cu 60 de lei... nu recomand, sau cel putin nu cum este descris si propus pe site";0
2779;regret ca nu am luat-o noua, nici nu se inchide bine peste display, nu recomand...;0
2780;bateria tine maxim 12 ore  nu are meniu in limba romana ceea ce este specificat atat la specificatii cat si pe instructiuni!  gps/lbn are o marja de eroare foarte mare  jocul nu functioneaza!   retur.;0
2781;am cumparat aceste casti in speranta de a scapa de firele enervante ale castilor clasice. castile sunt mult prea mari si incomfortabile se aud foarte prost plus ca nu se aud simultan. va recomand castile clasice cu fir.;0
2782;"au foarte putin bass, dar se aud infundat rau, nu imi plac, spre deosebire de alte casti de la aceasta firma ""a+"" care am avut 2 bucati din acel model, se auzeau clar, si cu bass, erau foarte bune acelea, mai am si un sistem 2. 1 de la ""a+""care e foarte bun, dar aceste casti m-au dezamagit.";0
2783;"suportul s-a desfacut din ventuza de fixare dupa nici 2 luni; a cazut pur si simplu. urmeaza sa incerc sa duc produsul inapoi in garantie, sa vad daca se mai poate face ceva. per total, nu recomand; pentru cativa zeci de lei in plus se poate cumpara un suport samsung.";1
2784;produs prost, deabea se aude.;0
2785;ordinarie, dupa prima utilizare s-a rupt.;1
2786;nu recomand. s-au rupt clemele ce tin cureaua. foarte slaba constructia in sine. ( apa a patruns in el in primele zile, doar ca m-am spalat pe maini, nicidecum dus sau inot).;1
2787;am cumparat acest produs acum doua zile. livrarea, ambalajul, calitatea este ok. dupa prima incercare s-a rupt, nici nu am fortat. foarte naspa!! o sa trimit inapoi!!!;0
2788;mufa lightning nu intra corect in conector.   accesoriul nu este suportat de iphone;0
2789;doar reclama... nu functioneaza in toate retelele... exemplu digi, cat despre functiile specificate...;0
2790;baterie de cea mai proasta calitate, dupa aproximativ 5 luni de utilizare, pe langa faptul ca e muuult mai slaba decat cea inlocuita, s-a umflat si mi-a dezlipit display-ul telefonului de carcasa. nu reusesc sa ii fac retur. nu recomand acest produs!;0
2791;un produs care din punctul meu de vedere nu merita nici macar sa iti pui intrebarea daca sa il cumperi sau nu. daca totusi din greseala ai cumparat acest produs fa tot posibilul si returneaza-l in cele 30 de zile cat poti face asta. altfel e ca si cum ai arunca banii pe geam.   minus: bateria este foarte proasta, ceasul fara sa il folosesti abia tine incarcat de dimineata pana seara... mai exact dupa masa. locatia pe care o da este inexacta datorita triangularii semnalului. deci nu vei sti decat aproximativ pe unde se afla copilul care il poarta la mana. difuzorul ceasului este foarte slab calitativ in sensul ca se aude incet si daca te afli pe strada ai mari sanse sa nu auzi nimic din ce vorbesti...   plus: frumos colorat, arata ora foarte bine, ca jucarie ptr copil este destul de dragut la mana.    am dat banii pe el... au trecut cele 30 de zile si nu l-am returnat si acum regret ca nu am facut asta. daca mi s-ar oferi banii inapoi pe el l-as da inapoi fara sa clipesc.   ps: acum este la reparat....;2
2792;o prostie. dupa o utilizare de 10 minute incepe sa se duca display-ul... se vede din ce in ce mai intunecat chiar daca am dat luminozitatea la maxim. scris-ul nici nu se mai vede pe ecran. nu recomand;0
2793;nu este pentru sony xperia xa1. are dimensiuni mai mici decat ecranul telefonului.;0
2794;am achizitionat unul la promotie, sub 300 de lei. dupa doua zile, retur. la pretul asta de >400 trebuie sa ai o problema sa il achizitionezi.  dim toata descrierea produsului te astepti la ceva..... ceva.... sa faca ceva care sa il recomande ca smartwatch. apai numai smart nu e. poti sa vezi cat ii ceasu'.... asta daca nu ai prea mari pretentii, gen ca intarzie. poti prelua apeluri, asta insemnand ca vei vorbi la ceas, care se comporta de fapt ca un handsfree. si asta e functia pe care o indeplineste cel mai bine.  mesaje nu vei putea citi pe asta niciodata. te avertizeaza ca ai primit mesaj, dar de citit.... doar pe telefon.   camera nu o poti activa nici pe ios nici pe android. da niste rateuri grozave si cand incerci s-o activezi de fapt butonezi aiurea prin telefon si zapacesti volumul.  functia antipierdere.... functioneaza si nu prea. la unul din trei telefoane am reusit s-o vad in actiune. cu aplicatia din playstore pe un oneplus.  singurul plus manosele sunt fosforescente. daca asta incalzeste pe cineva.  per total o mare dezamagire. si din punctul meu de vedere nu merita nici un leu.;0
2795;nu cumparati o asemenea prostie...... nu incarca decat anume telefoane;0
2796;experienta foarte proasta. am comandat de la magnet-o acest suport de telefon varianta premium.  am gasit un loc potrivit pe bordul masinii si culmea magnetul este mai puternic decat adezivul de pe spate si cand iau telefonul se dezlipeste cu totul.  am platit degeaba. e la gunoi.  imi pare rau ca am facut si o filmare dar nu am unde sa fac upload.  nu va recomand acest produs.;0
2797;sunet slab, infundat, fara fidelitate, bass ul este prost calitativ, autonomie a bateriei buna, timp incarcare mic, fixare buna in ureche. din pc meu de vedere nu merita nici 100 lei.;0
2798;"am luat ceasul cadou pentru prietenul meu. am fost atrasi de design-ul elegant si simplist al ceasului si de autonomia mare (cel putin cu asta se lauda).  l-am folosit o zi si nici macar in ziua aia pe deplin:  - ora se sincronizeaza cu ora telefonului, deci fara pairing nici macar ora nu o arata bine  - se deconecteaza usor de la telefon; din acest motiv nu am reusit sa-i facem update la aplicatie (update-ul s-a oprit la 17% si de acolo ceasul a fost de nefolosit... nu chiar, macar arata bine ora)    dupa nici o saptamana de la comanda l-am inapoiat si am recuperat banii. nu pot sa zic mai multe legat de ce poate sa faca pentru ca nu l-am folosit. cei de la emag au zis ca au mai avut probleme cu modelul acesta.:(";2
2799;am comandat aceasta folie pe data de 19. 11, mi-a fost livrata pe 24. 11. problema este ca folia nu acopera nici macar 70% din ecran, nu mai zic de partea din fata a telefonului. nu este deloc ceea ce eu am comamdat sau ce scrie in descriere. nu mai spun ca pretul transportului este de 15 lei, iar ea valoreaza 10.;0
2800;nu va luati nu merge cand suna cineva nu merge sa raspunzi nu merge sa intri in internet (facebook, twiter etc);0
2801;pretul este foarte mare, si chiar si cu o reducere de 50% (asa cum le-am achizitionat) nu merita. am cumparat produsul si am trimis cererea de retur in cateva ore de la desfacerea coletului. nu am testat bateria, deoarece le-am primit defecte. casca dreapta nu functiona deloc.  fiind niste casti sport ar trebui totusi sa fie si mai confortabile si mai rezistente, pe cand acestea nu sunt rezistente la apa sau praf, cablul pare foarte fragil, iar locul in care se afla microfonul este incomod, fiind foarte mare deoarece contine si bateria. pozele nu sunt relevante pentru acest aspect.;1
2802;dispozitivul nu functioneaza de nicio culoare  nici macar nu e recunoscut de calculator(am incercat pe trei laptop. uri)  butoanele nu functioneaza iar in pachet nu are incarcator  pe scurt, nu corespunde descrierii deloc  poate doar ca indica ora corect, deci se poate numi ceas;0
2803;nu este original si dupa cateva incarcari a inceput sa pocneasca ceva in el.;0
2804;foarte slabi butoane naspa calitaterupt deja sí cand pun incet opresc sí porneste ramane iara tare;0
2805;o porcarie care s-a rupt la prima folosire;0
2806;total nefunctional, nu sta bateria nu face contact butonul de pornire, un plastic de 2 lei;0
2807;am cumparat bratara pentru functia de monitorizare ritm cardiac in timp real. nu face ce spune. pentru a masura pulsul se apasa lung pe buton si se asteapta cam un minut. se afiseaza pulsul care nu este nici macar exact daca esti in alergare si gata. ce inseamna oare in timp real?;0
2808;au mers perfect timp de o luna, sunetul este excelent insa o casca s a stricat. posibil sa fie doar la mine.;0
2809;interesanta;0
2810;aceasta folie ar trebui sa aiba proprietati oleofobe, adica sa nu adune amprente, si da are, dar doar pe aproximativ 5% din suprafata (o fasie de aproximativ 2cm in coltul dreapta sus si care se ingusteaza pana la zero inspre coltul de jos, in linie dreapta)  este ca si cum ar fi fost acoperita cu o coala de hartie cand au aplicat tratamentul si a prins libera doar fasia asta...   acolo unde este tratata chiar nu tine amprente dar in rest este dezastru, folia prinde o tenta de alb de la amprente iar daca este lumina puternica in jur nu mai vezi nimic pe ecran, ceea ce este inacceptabil pentru o folie de sticla!  in rest se potriveste foarte bine, decupata exat si destul de groasa.  trebuie sa merg sa le-o arat celor de la emag si poate imi dau banii inapoi, ca prin telefon nu cred ca intelege cineva la ce ma refer...  nici macar nu are ambalajul ca in foto, vine intr-un carton foarte gros glaben-auriu cu scris rosu lucios, poate mi-au trimis moldovenii de la ibal altceva...  imi pare rau ca nu pot pune poze sa va arat mizeria in persoana....;1
2811;bateria se descarca extrem de rapid, in aproximativ 2 zile comparativ cu cel putin 2 saptamani (cu cat se lauda producatorul). e vorba de noroc aici, am vazut ca sunt mai multi cumparatori care se plang de acest lucru, dar sunt si cativa (putini, totusi) care reusesc sa-si incarce bratara la 2, chiar 3 saptamani.;0
2812;-in low light nu se vede nimic la distanta mai mare de 40cm  -bateria f slaba, 3.5 h maxim, nici vorba de 13-15 h  -camera face un zgomot de fond in liniste absoluta, care se aude urat pe inregistrare;0
2813;nu recomand pentru cine are samsung gear vr;0
2814;le-am comandat si eu si nu sunt asa cum spun unii. bateria tine foarte putin si se aude intrerupt uneori.    am dat retur si mi-am luat airpods dupa 3 incercari de casti earbuds. acum totul e conform asteptarilor.;0
2815;pe scurt... localizarea nu e exacta deloc, imi arata cu cateva strazi diferenta. functia gsm e ok. per total nu merita!;0
2816;dupa nici 2 luni castile au cedat. o casca s-a ars iar cealalta se descarca dupa 5 minute de functionare! nu achizitionati!;0
2817;noroc ca am dat doar 80 de lei, dar sunt naspa, chinezerii ieftine si proaste, una se descarca dupa 20 de minute, nu se aude deloc clar, bazaie daca dai volumul mai tare si mai aveti tupeul sa scrieti ca sunt reduse de la 300. nu luati ca nu se merita. sa nu mai zic ca n-am primit nici jocul ala ce trebuia sa fie cadou. rusine.;0
2818;nu recomand acest produs. este lucrat prost. plastic de calitate inferioara. nu cred ca este rezistenta la apa, pentru ca nu se inchide bine locasul de incarcare.     se aude putin mai bine decat un telefon insa destul de incet si daca ridici volumul la peste 50-60%, distorsioneaza.    singura parte buna la ea, e ca bateria tine destul de mult. din testele mele au reiesit 5 ore cu volumul la jumatate. nu are pic de bass si nici inalte. sunet plat si fara pic de pretentii.    un alt punct negativ este ca nu o poti conecta la orice device. mergea la tableta dar la telefon nu voia sa se conecteze. ventuza este inutila si cade imediat ce incerci sa o fixezi pe o suprafata. mufa de incarcare nu este ca cele de la telefon (asa cum au alte boxe de genu asta) ci una diferita.    in cel mai rau caz pretul real ar fi undeva la 20 lei.  am avut ca termen de comparatie o boxa portabila jbl (100 lei la oferta) care e incredibil de buna si o boxa indiana numita rapoo care este acceptabila (70 lei) dar nu speciala.    in comparatie cu ele, acest a+ este o jucarie de proasta calitate care iti zgarie timpanul.;1
2819;mecanismul care permite deschiderea bratelor a cedat dupa 2 luni.;0
2820;merge ca naiba, te scoate din aplicatii si se blocheaza.;0
2821;"o gluma proasta de husa    -in 2018 te astepti ca orice folie sa fie bubble free. ei bine, nu si aceasta; am montat destule autocolante de masina ca sa stiu sa aplic apa pe ele si sa folosesc un card pentru eliminarea ei si a aerului; experienta nu mi-a fost de folos aici, ""materialul clientului"" nu s-a ridicat la nivelul scontat  -spatele atrage toate urmele posibile de amprente  -pare sa devina mata foarte usor in combinatia ""urme de degete+praf+buzunar de blugi""  -latime ei care este cat latimea spatelui telefonului, poate chiar mai mare cu cateva fractiuni de mm, face sa simti marginile foliei la orice atingere. lucrul asta, duce foarte rapid la acumularea de praf sub margini, implicit, la dezlipire, acesta fiind si motivul principal pentru care nu recomand deloc folia asta    mi-a fost de ajuns o zi de utilizare ca sa descopar toate aceste neajunsuri    pro:  -dupa ce am dezlipit gluma asta de pe carcasa bateriei, am pus de curiozitate folia pe display; nu altereaza culorile si pare sa nu ingalbeneasca in timp";1
2822;"nu dati banii degeaba, nu se asociaza cu telefonul, am un huawei p8 lite, eu am cerut un localizator pe culoare negru, ei mi-au dat altceva, s-au gandit ca daca-"" returnez o sa ma coste mai mult decat am dat pe el. deci bani aruncati, pe degeaba!";0
2823;dupa trei ore l-am dat inapoi. aplicatia care asigura interfara cu telefonul nu exista pe google play. am sunat la ei si mi-a spus persoana cu care am vorbit ca nu are aplicatia pentru moment dar ii roaga pe colegi sa mi-o trimita... nici acuma nu a ajuns aplicatia.;0
2824;e teapa cu folia, e prea mica, nu recomand;0
2825;am pierdut toate pozele de pe el;0
2826;foarte prost acumulator. nu are decat vreo 5000 mah. am lasat bateria o zi intreaga in soare dupa care mi-a incarcat doar 2% telefonul. nu recomand. nici ca acumulator extern nici ca acumulator solar. poate am prins un produs defect, dar totusi, ce am cumparat, valoreaza vreo 50lei.;0
2827;nu cumparati aceasta folie! s-a lipit bine insa adezivul este de slaba calitate si mi-au ramas 2 dungi urate sub folie in partea stanga de sus pana jos. dungile sunt foarte vizibile pe fundal alb. am aplicat foarte multe folii pana acum si nu am mai patit asa ceva.;1
2828;am cumparat acest produs in luna decembrie 2017. pana in prezent am fost de 2 ori in service si tot nu functioneaza.;0
2829;o prostie de adaptor. calitatea executarii foarte slaba. se vede urma de lipici. nu functioneaza cu s8+. nu recomand.;0
2830;eram la sport (la scoala) si am cazut pe ea si a murit nici nu se mai conecteaza la telefon imi tripla pasii si pulsul nu mergea bine;0
2831;a functionat fix pt o incarcare, apoi a murit:). am aruncat pe geam 30 lei plus 25 livrarea. poate doar am fost eu ghinionista...;0
2832;casti defecte:    1. nu sunt compatibil pe modelu telefonu vodafone ultra 6  2. cand apas pe butonu de raspundele, mai mult resinge apelu de cat sa raspunde.  3. cand vorbesc cu o persoana, acel individ imi spune ca abea se aude si e mai mult zgomot.  4. systemu de operare o ia un pic razna.  5. am incercat castile pe alte telefoane: iphone 6, huawei p7 si p8 lite... incare am observat alte defectiuni, precum: nu a mers butonu de raspundere si auzia incet.;0
2833;se aude foarte incet..;0
2834;incarc un smartfone de 2 ori...;0
2835;le-am returnat a doua zi, l-as fi returnat in ziua in care le-am primit din mai multe motive:   1. daca ai castile in urechi fara a asculti nimic, incep sa tiuie usor in momentul in care deblochezi ecranul telefonului (nu e o problema dar e un pic deranjant in timp)  2. izoleaza foarte bine zogomtul din fundal, dar nu stiu pentru ce sport le poti folosi. la volum minim muzica se aude inca destul de tare astfel incat nu observi nimic din jurul tau (un pic cam periculos daca alergi pe afara sau mergi pe bicicleta)   3. desi muzica se aude foarte tare (am ascultat doar la minim), in momentul in care am trecut in apel cu volumul la maxim abia se auzea (precizez ca eram afara). nu inteleg cum e posibil sa se auda asa tare muzica si asa slab in apel. m-am gandit ca poate e ceva din telefon (iphone 6), dar castile lui originale se aud mult mai bine in apel.  4. oricum le-as fi reglat, banda mi se tot lipea de ceafa, astfel incat daca intorceam capul intr-o parte, casca cealata era trasa afra din ureche, de fiecare data. cu nici un fel de adaptor si cu nici un dop nu imi stau calumea in ureche. aici poate sunt de vina urechile mele, dar cu castile originale ale telefonului nu am nici un fel de problema.;0
2836;este cel mai prost produs. dupa o saptamana ce lam cumparay a inceput sa se blokeze. mi sa rupt cureaua de la el de aceea nu il rekomand!!!!!:(;0
2837;nu se merita banii, este un cablu de slab calitate. nici dupa o luna a inceput sa faca figuri la incarcari.;0
2838;se aude incet, nu are functie multimedia ( nu se poate asculta muzica ) si este incomoda. de data asta samsung nu s-a ridicat la nivelul asteptarilor. partea cu multimedia se poate compensa partial cu aplicatia soudabout din play store.;0
2839;daca il dezlipesti de telefon adio, poti sa-l arunci ca nu ramane nimic din adeziv.. plus ca transportul costa mai mult decat produsul.. daca nici review-ul asta n-o sa fie aprobat e clar, daca nu lauzi produsul nu esti aprobat....;0
2840;cele mai proaste casti. nu bas nu claritate. praf. le-am aruncat;0
2841;"argumente contra:  - aplicatia h band ce se instaleaza pe smartphone nu descopera bluethoot-ul bratarii (am incercat cu asus zenfone 3 si cu huawei p20 lite); am reusit sa ma conectez cu un samsung a5 2017;  - nu functioneaza intotdeauna touch-ul;  - am alergat 3 km pe banda, el imi arata ca am mers 1 km, pulsul in timp ce alergam era 70..si la tensiune dupa ce am alergat dadea eroare.  - in 4 ore de umblat prin casa imi arata ca am facut 7000 de pasi (foarte mult)  - am dormit 6 ore.. el arata 8  - dupa 3 zile de utilizare s-a blocat displayul pe imaginea cu ora, a stat 5 ore blocat, apoi nu a mai reactionat la nici o comanda.";0
2842;sunt niste casti foarte proaste;0
2843;nu recomand pt ca da, merge sa suni, sa trimiti sms-uri si sa te conectezi cu bluetooth darrrrr nu merge browserul, nu poti instala nici-o app;0
2844;purtat doua zile. a ruginit spatele.;0
2845;nu recomand aceasta tableta, am cumparat produsul din alta parte si pot sa zic ca e mai slaba decat modelul allview ax501q pe care-l foloseam inainte, se misca greu in aplicatii, pe youtube la inceputul fiecarui clip sacadeaza, bateria tine putin si dupa numai cateva zile a ajuns in servis pt ca nu se mai aprindea, incarcarea bateriei dura foarte mult (8-10 ore), tableta fiind oprita. ca un plus e faptul ca functioneaza in 4g cu cartela digi. o alta chestie este pretul care fluctueaza f. mult pe emag, in nici un caz tableta nu face mai mult de 500 ron.;0
2846;nu merge folosit ca si transfer de data;0
2847;incarca normal pe un samsung a5.;0
2848;nu il luati!!;0
2849;util, practic, incarcare rapida a telefonului.;0
2850;nu este auriu, nu iti da cablu usb la el si nu iti da baterie.;0
2851;produsul nu este original. codul 2d scanat nu corespunde cu seria inscriptionata. bateria in accubatteri are sub 2000 mah la 100% incarcare;0
2852;cel mai prost. nu incarca nici macar odata un s7. imi pare rau ca am stricat banii.;0
2853;de cea mai slaba calitate, nu se potriveste pe dimensiunea ecranului, este mai mica cu 1 mm in fiecare parte.;0
2854;incantat de pret (la reducere) si de multele reviewuri de 5 stele de aici, l-am comandat.    2 persoane ne-am chinuit vreo 2-3 ore sa-l facem sa stea lipit de geam. am incercat orice, de la simpla lipire pe uscat, pana la aplicare pe umed, curatarea perfecta a geamului, rugaminti si incantatii... nimic, efectiv ne uitam la el cum se desprinde si cade dupa maxim 1 minut de la aplicare, cu masina oprita si fara a pune vreun telefon in el.    ventuza ne s-a parut de slaba calitate. are o protuberanta dubioasa in mijlocul ei (un cerc/disc iesit in relief) care practic nu te lasa sa faci o priza buna cu geamul, oricat ai impinge, si ramane aer sub ventuza. ventuza e foarte mica in raport cu piciorul suportului, practic fiind exact la limita de plastic, iar in interiorul suportului ventuza nu are niciun punct de sprijin, a.i. dupa tragerea manetei de fixare, zona de contact dintre ventuza si geam este foarte mica, iar aerul patrunde rapid. cauciucul ventuzei nu parea nici el suficient de moale pentru ce avea de facut.    alte ventuze, cum ar fi cea a camerei de bord, si a altui suport de telefon, au ventuza putin iesita in afara piciorului suportului, iar piciorul este putin mai lat pe interior, presand mult mai bine marginile ventuzei pe geam. camera de bord sta in geam fara probleme de cateva luni, desi a trecut prin multe diferente de temperatura, socuri, si asa mai departe.    concluzie: un suport foarte slab.  sau o fi fost al meu cu defect, pentru ca inca sunt intrigat de multele reviewuri pozitive de aici. dar nu conteaza, in mai putin de 24 de ore de la ridicare l-am dus inapoi, fara probleme la retur. ma voi orienta spre altceva.;1
2855;ceasul s-a blocat in 5 minute. cand l-am conectat la aplicatie (pe android 5. 1) a inceput sa se update-eze si update-ul n-a mai trecut de 0%.  am asteptat 30 de minute, dupa care am incercat sa-l resetez prin apasarea butoanelor de navigare sus si jos, dar nu avea nici un efect.  pana la urma l-am trimis in service, inca astept raspunsul.;0
2856;dupa doar 4 luni de utilizare s-a dezlipit cureau. am trimis produsul in service insa se pare ca produsul ar avea o eticheta lipita pe spatele ceasului care aparent lipsea la receptionarea produsului in service. este extrem de ciudat cum si-a imaginat producatorul ca ar putea sa reziste acea eticheta sa stea lipita pe un ceas mai ales cand nu rezista cureau! oricum acest motiv a fost invocat pt nelipirea curelei.   am vazut si in alte recenzii garmin ca problema ar fi cureau.   ceasul este bun insa complet nefolosibil acum ca nu poate fi purtat!;0
2857;"n-a fost ""invisible"" din start si dupa cateva luni deja sa separat de screen.";0
2858;am patit ca si catalin vlaicu. am bagat stickul si de atunci e mut. nici nu-l pot returna pentru ca i-am facut izolatie fonica in interior. mi s-a parut foarte ok la inceput, am folosit-o in modul bluetooth si fm, dar cand am bagat stickul a mutit si de atunci nu mai merge deloc, nici nu se poate repara. i-as fi dat 4 stele daca nu s-ar fi stricat pentru ca la pretul asta chiar e bun, si calitatea sunetului, si volumul sunetului, si autonomia. in concluzie e riscant:);0
2859;un produs de 2 lei...... am sa returnez inapoi...... rau de tot...... fimeaza ca in aniii 1940;0
2860;dupa ce il incarci casa dreapta odata nu se mai poate incarcata. se aude intarziat.;0
2861;a functionat perfect timp de aproximativ 2 saptamani, dupa nu mai incarca deloc sau se opreste la un anumit procentaj. am vazut ca multi spun ca este original si de aceea l-am achizitionat si eu, insa cel putin cel primit de mine sigur nu este. recomand sa cumparati unul in ambalaj original chiar daca este putin mai scump. l-am folosit pe s7 edge, iar dupa ce nu a mai functionat, am incercat si cu un incarcator original(pentru a ma asigura ca nu este un defect de la telefon) si functiona perfect. de asemenea am incercat incarcatorul si pe alt telefon si nu mai functioneaza.;0
2862;nu se merita  scade grosolan rezolutia fotografiei;0
2863;l-am incarcat din laptop si s-a blocat laptopul. functioneaza aleator. nu stiu cum emag poate sa vanda asa ceva si continua sa-l vanda dupa atatea produse returnate. multe produsele vin inapoi la emag si sunt revandute la resigilate.;0
2864;1. nu merge codul qr pentru a descarca aplicatia pentru restul functiilor  2. bateria nu tine foarte mult daca il conectez cu telefonul, dar tine 2-3 zile daca il folosesc pe post de ceas si atat  3. functia de a arata ora cand ridici mana pe care celelalte persoane o au (conform comentarilor) nu imi merge.  4. la specificatii arata cum ca ar avea suficienta memorie, in schimb mie imi cere card daca vreau sa fac o poza (spre exemplu).;0
2865;casti asta e praf sa nu cumparati... dejeaba va dati bani ca nici nu merit 1 leu!;0
2866;"are aceeasi performanta si functie ca un ceas de 30 de lei ""smart"", doar ca l-am prins la 60 de lei.   singurele diferente sunt ca are asa zisa camera photo care face poze de rezolutie 240x240 incetosate si slot pentru card sim si microsd fara de care nu se pot face poze.   ce scrie in specificatii nu e nici macar pe aproape. ceasul este urias si greu, plus ca nu arata ora in format digital pe ecranul de standby ci o prostie de ceas analogic.  aplicatiile facebook, whatsapp nu functioneaza sunt doar puse acolo sa atraga clienti.  odata conectat se aude tot sunetul telefonului prin acest ceas.  poate fi folosit ca sa schimbi melodiile cu aplicatia sa de conectare la muzica telefonului. dupa ce conectati ceasul la telefon cu aplicatia de muzica bluetooth, inserati un dispozitiv (casti, boxe) in mufa jack a telefonului si nu se va mai auzi sunetul prin ceas ci prin casti/boxele acelea conectate la jack. eu doar pt asta il folosesc.";0
2867;calitate slaba. sub greutatea telefonului cade, iar cauciucul de protectie ce imbraca piciorusele se rupe.;1
2868;acest produs are un concept decent, materialele sunt de buna calitate, problema este a vanzatorului, respectiv ihunt. ro. toate materialele de prezentare includ functii si fete de ceas care in realitate nu exista. iar asta inseamna inducere in eroare a consumatorului. nu are rost sa discut de acuratetea informatiilor pentru fitness, de faptul ca nu vezi absolut nimic afara ziua, la asta te poti astepta in gama de pret, dar promovarea este falsa;2
2869;a stat 2 saptamani la soare si nu s-a incarcat nici 1%;0
2870;memorie mult mai mica decat in descriere. se blocheaza. slaba.;0
2871;o folie foarte proasta, e stramba de iti este rusine sa scoti telefonul din buzunar. ii lipsesc 3mm din partea stanga, jalnic.;0
2872;am avut proasta inspiratie cind am comandat bateria sa ma iau dupa review-uri, care pareau bune. bateria pe care am nimerit-o eu e execrabila, nou-nouta tine mai putin decit cea veche de trei ani, pe care tocmai am vrut sa o schimb cu una noua. in stand-by (0 convorbiri!, cu wi-fi-ul conectat dar fara activitate pe net) ma tine 12-14 ore pina imi piuie telefonul ca e descarcata. aia veche ma tine si acum cel putin 16 (cind era noua, o incarcam o data la 3 zile).;0
2873;este o folie care nu iti permite sa folosesti gesturile tactile. bani irositi!!;0
2874;dupa nici o luna bateria s-a umflat. dupa o incarcare de 100% te trezesti ca se opreste telefonul dupa nici 2 ore.  a fost ok doar primele 3 saptamani, dar nici atunci nu se compara cu cat tinea bateria originala.;0
2875;cea mai proasta baterie de la 80% sa dus la 0%;0
2876;nu este buna de nimic!   foarte inconfortabila in ureche, daca trebuie sa stai toata ziua cu ea in ureche ajungi sa te doara urechea. cel cu care vorbesti nu te aude foarte bine, mai ales daca este si galacie in jur se aude doar galagia... mult mai buna este ml50! nu o recomand pe asta nici daca o primesti gratuit!;0
2877;produsul nu vine in ambalajul original ci doar intr-o punga. de asemenea cu incarcator original iphone, bateria tine 2 zile, cu acesta doar 1 zi..... deci cu siguranta nu e original!!!!;0
2878;am cumparat acesta bateria cu siguranta ca este originala ( asa cum apare la descriere ) dupa ce a fost instalata in tel in meniul tel a aparut ca acesta baterie nu e originala.  pe scurt nu recomand acesta baterie, scumpa si fake;0
2879;jalnice modulator;0
2880;materiale de foarte slaba calitate, surubl de plastic a cedat la a doua folosire, iar tot ansamblul de sustinere etelfon s-a desprins la a 3-a folosire rupandu-se usor de restul. in cele 3 dati cand l-am folosit s-a conectat usor la telefon, insa materialele sunt foarte foarte slabe;1
2881;nu sunt multumit nici cu tableta, si nici cu serviciu de clienti!;0
2882;prost deja mi sa rupt mai bine luam original;0
2883;dupa 4 luni, nu mai sta lipit pe parbriz. produs de proasta calitate, chiar daca e samsung. e exact acelasi lucru precum husele s-view de la s6, la care se crapa inexplicabil acei suporti de prindere a telefonului in husa.   asadar, au inceput si cei de la samsung sa fabrice produse pt cei din vest si produse pt cei din est, adica de cea mai proasta si slaba calitate.  rusine samsung!!!!;0
2884;husa de slaba calitate cu defect din fabrica, mai exact pe spate unde vine gaura de la camera tabletei de fapt nu este decupat  alte aspecte:   -husa se desface la cusatura  -nu se poate plia ca in poza de prezentare, trebuie sa fortezi sa stea in aceasta pozitie  -nu isi merita banii ( taxa transport 20 lei);1
2885;a functionat perfect... timp de 2 saptamani dupa care se descarca la fel ca cea pe care am schimbat-o si pana la urma mi-am schimbat telefonul.    good job emag!;0
2886;vreti sa va bateti joc de cineva? va invit sa cumparati aceste casti. efectiv trebuie sa stai cu telefonul aproape de ureche ca sa nu se auda intrerupt. nicio sansa sa il tii in buzunar. varza!;0
2887;foarte slab. se opreste din senin. se deconecteaza foarte des. desi este setat pe modul silentios, acesta suna la fiecare apel. il voi returna.;0
2888;dezamagit!;0
2889;l-am cumparat in urma sugestiilor de aici. de 2 ori mi-a incarcat cum trebuie. dupa aia a crapat. a trebuit sa il tin 18 ore in priza pentru a se incarca. daca bag telefonul la incarcat, imi spune ca dureaza 7 ore sa se incarce. dupa 3 ore de tinut telefonul la incarcat, a ajuns la 21%, iar acumulatorul mai are o linie din 4. greseala mea a fost ca nu am vazut garantia de doar un an. dezamagitor, oricum, pentru un produs pe care l-am folosit de maxim 5 ori de cand l-am luat.;0
2890;a cedat foarte repede, in cateva luni.;0
2891;bateria nu dureaza mai mult de 30 de minute, destul de incomode, dupa 3 luni de folosire a sarit capacul de protectie. sunetul nu este impresionant, nu isi merita banii.;0
2892;nu cumparati asa ceva, este o chinezarie de prima mana. noua, din cutie, poate incarca un telefon cu bateria de 3300 mah de 2 ori, dupa 2 luni in care a fost folosita ocazional nu mai poate incarca acelasi telefon nici macar pana la 100%. produsul este o mare teapa;0
2893;la 57 de lei nu este un produs original, deci nu se poate vorbi de calitate. incercati-le pe cele originale. sunt foarte bune, dar, evident, mai scumpe.;0
2894;nu a rezistat decat 3 luni. intr-o dimineata cand am ajuns la serviciu si am scos tableta din geanta erau rupte 2 cleme de sustinere.. ambele pe partea stanga...  nu imi explic cum de au putut sa se rupa decat prin proasta calitate a materialului din care sunt facute.  nu cumparati. este o mizerie in valoare de 70 de ron.;1
2895;"am comandat 2 ceasuri, pt 2 copii. pana aici toate bune si frumoase: banii luati repede, produsele livrate repede.  si la setari incepe distractia:   -am creat cont pe aplicatie, am inregistrat ceasurile, am incarcat cartelele cu cate 5 euro, nu aveau cod pin, le-am incercat pe mobil -au serviciu de date activat si minute/sms cu carul, pe ceas arata ca are semnal, dar nu pot seta apn-ul-nu primesc mesaj inapoi de la ceas. caut pe site-ul kidgps, altii cu aceeasi problema, mesaje trimise cu setarile si raspunsul intelighent: nu ati setat apn-ul!! pe bune??, hai nu mai spune, pai omul ala iti zice ca nu-l poate seta, mai ""gheorghe"", poate ar trebui sa zici tu cum cand ii raspunzi  -merg mai departe: serverul a fost setat fara probleme, acolo am primit mesajul  -introduc nr de telefon in aplicatie, cate 5 pe fiecare ceas: buba? nu se memoreaza-dupa ce le setezi si iesi din aplicatie, cand intri nu mai gasesti nimic acolo, tre sa iei de la capat. in cazul meu, avand doar cate 5 numere de trecut, sa zic ca nu e problema. doar ca pe un ceas am reusit sa le setez, pe al 2 lea mi-a trebuit 2 ore pt ca imi spunea ca ceasul e oprit- si da m-am uitat, nu era.:)))  -dupa ce ma chinui sa introduc numere de telefon, constat ca nu mai pot apela unul din ceasuri si imi baga casuta vocala; de pe telefonul sotiei merge apelat, deci probabil ca aplicatia s-a suparat pe mine ca am ""rezolvat-o"" 2 ore cu numerele de telefon  -setez ceasul pe romania, cu fusul orar, dar aplicatia spion e utila, e buna, dar lipseste cu desavarsire   -sfatul meu personal: cumparati telefon mobil; daca nu resusesc sa fac setarile, returnez produsele si le fac si reclamatie la opc pt nu mi se pare normal sa-mi pierd atata timp cu 2 rahaturi ca sa stau sa ghicesc ce trebuie facut ca sa mearga la capacitate maxima";0
2896;nu tine deloc bateria, degeaba e de 3000mah. am schimbat telefonul. tind sa cred ca are probleme de fabricatie. si cand l-am cumparat, cu bateria noua /telefonul nou nu a tinut mai mult de 3 ore maxim 4 de butonat si navigat pe internet! prima data am zis ca bateria e vinovata deoarece telefonul a fost cumparat in 01/1017 iar data de fabricatie a bateriei a fost 05 /2015. am schimbat-o cu una originala fabricata in 09/2017 asta in noiembrie anul trecut si tot degeaba ca nu tine. nu mai vreau sa aud de lg in viata mea.;0
2897;nu exista o aplicatie decenta care poate fi folosita cu bratara asta. te pune sa downloadezi aplicatia lingyue. puteti verifica review-urile de pe google store... nu inteleg cum toate review-urile de pe emag au 5*.... nici macar nu imi merge sa il conectez la telefon...;0
2898;cea mai jalnica baterie testata de mine, nu e de 10400, 8000 sau 7500 cred ca are. se descarca repede, vad ca nici la baterii externe hama nu exceleaza, stickuri de memorie jalnice. mai bine mai cumparam inca o baterie game de 8000, macar imi incarca telefonul de 2 ori si ceva;0
2899;stift cu lipici slab;0
2900;nu recomand. nu are capacitatea de 20000. incarci un acumulator de 3600 ma de doua ori.;0
2901;fff slab - dupa 2 utilizari nu mai incarca decat 2% din baterie la 10 min  l-am aruncat  descrierea e mincinoasa nu este piele ci plastic  este masiv si nepractic  emag te rog elimina prostia asta din oferta;1
2902;nu recomand, foarte slab;0
2903;nu are in nici un caz 5000. bateria de la telefon are 4000 si se incarca 70%. e slabuta.;0
2904;cel mai slab;0
2905;"intr-un an de zile, am schimbat:  2 placi de baza;   1 baterie;  1 capac spate;  3 buc - curea ( o curea = 2buc.)  curea de schimb nu se gaseste in comert! (vezi pret in service:)))  1 seluta pt ecran... desi la incarcare am observat ca uneori face dungi albe, doar dupa reset isi revine.  sincer... nici nu cred ca-l mai repar... direct la gunoi!";0
2906;nu merge deloc, l-am incercat si cu un dock si cu un cablu, cu un iphone 6, si telefonul nu se incarca.;0
2907;"am comandat si eu aceasta boxa, cu speranta ca voi avea un produs, cit de cit(calitativ vorbind)bun, cu acustica buna, de care sa ma bucur cind o voi porni si asculta...!!!.. m-am inselat(nu stiu, a cita oara), cu asemenea achizitie..!!!.., e buna in casa, sau.., oriunde, doar pe post de,, urlatoare'', e doar,, muzicala' ', basii aproape ca lipsesc, cu potentiometru dat la maxim, ledurile functioneaza, doar.., insa, nu in ritmul muzicii, acustica.., lasa de dorit.., e doar pe principiul...,, tare si prost""..!!!.. in consecinta.., recomand, doar acelora, care, nu au ce face cu banii, si, vor galagie in casa!!.. un singur lucru bun: emag merita toate multumirile mele, pt preluarea si finalizarea comenzii, sint multumit de serviciile acestuia, voi mai apela, si in continuare, la acest magazin online, dar cu alte pretentii pt produsele solicitate, multumesc, si scuze sincere, acelora care se simt in vreun fel, jigniti de comentul meu...!!!";0
2908;am cumparat un astfel de ceas si dupa 2 zile ecranul sa facut alb, complet nemultumita.;0
2909;baterie slaba, nu tine 30 minute incarcata;0
2910;firma buna, materiale de calitate, compatibil cu orice iphone de la 5 la 7. incarcatorul functioneaza foarte bine sloturile usb (daca ai separat cablu, bineinteles), dar prin cablul sau incorporat incarca foarte slab (daca folosesti telefonul pe post de navigatie, vei ramane fara baterie folosind cablul incorporat).  o alta problema este proasta proiectare, astfel incat nu sta fix in suportul de bricheta (testat pe 4 masini, marci diferite). intrerupe incarcarea la unele denivelari, trepidatii sau la atingerea de cablu/incarcator.   nu il recomand.  ma degraba recomand incarcatorul auto belkin cu 2 porturi usb (fara cablu incorporat) si va luati cablu separat. are baza altfel si sta bine in suportul de bricheta.;2
2911;nu recomand, este o mare abureala! ... scoate niste sunte, iar in rest... nu face ce este in descriere!!!;0
2912;e naspa, nu functioneaza aplicatiile si nu functioneaza cu orice cartela sim cu internet ci doar cu cele portocalii;0
2913;merge doar cand vrea el si foarte rar merge din prima, adica trebuie sa ridic si sa pun din nou telefonul ca sa incarce.  l-as fi returnat dar am facut imprudenta sa arunc factura.;0
2914;desi in descriere si in imagine, produsul este prezentat ca fiind negru, boxa livrata a fost de culoare turcoaz. optiunea radio mentionata in titlu si in descriere este in realitate inexistenta.;0
2915;plasticul este foarte subtire si surubul de prindere din capat a rupt plasticul la a doua montare. in plus, clemele de prindere pentru telefon sunt foarte slabe si nu exercita nici un fel de tensiune. telefonul sta destul de nesigur in cleme. l-am si scapat o data. practic in prima zi de la livrea produsului acesta a devenit inutilizabil. nu recomand!;1
2916;baterie externa de tot rasul, o chinezarie de 2 lei, azi functioneaza, maine paaa, se incinge de mori si a picat la prima incarcare, de tot rasul cu companiile astea.;0
2917;dezastruos. mai slaba decat bateria originala dupa 2 ani... in cateva ore se descarca complet!;0
2918;mi-am asumat riscul cu aceasta chinezarie, si am dat 200 lei pe el la aceea vreme, dar s-a stricat acumulatorul dupa cca 1 luna de utilizare. nu se mai incarca, il tineam la incarcat 1 zi si 1 noapte, dar cand scoteam cablul de alim, tot goala era bateria. am lasat la service produsul pe 12 decemebrie. nici in prezent nu e solutionat! intre timp, au dat o prima solutie - schimbare produs, dar mi-au dat unul in schimb o alta chinezarie care doar semana - avea carcasa absolut identica - dar nici pe departe aceleasi caracteristici, pentru care am ales: 8gb memorie interna (fara nevoie de memory card suplim), cartela sim se introduce prin lateral, nu prin spatele bateriei, dupa ce desfaci caracasa. evindent, am refuzat acest schimb. stati departe! nu merita nici macar cei 100 lei la care se ofera acum!;0
2919;afiseaza eronat, usb uri slabe si nu are capacitatea din descriere! nu recomand! este al doilea caci primul l-am trimis retur, se bloca la 99 % cand il bagam la incarcat. orientati-va la altceva!;0
2920;am cumparat doua boxe una se aude perfect iar, cealalta am bagat-o la incarcat o zi intreaga (24 ore) si nu se incarca se aprinde becul doar cand e la incarcat;0
2921;produs foarte slab, am schimbat 2 buc. dupa care am renuntat, am primit de la emag un voucher de valoarea platita pe produs, valabil 24 luni. primul a functionat bine cam 2 saptamani dupa care s-a inegrit ecranul, am primit altul, acesta nu putea localiza de nici un fel, iar bateria tinea cam 3 ore. produse care nu respecta standardele minimale de calitate. ( fara cartela telefonica nu se poate folosi, nici ora nu poate fi setata fara acces la trafic de date.);0
2922;am cumparat si eu boxa dar nun se aude nici tare nu are bass e o chinezarie nu cumparati sincer;0
2923;un produs de toata jena... si aici ma refer la calitatea sunetului... pe cat de bine arata si de frumos pe atat de nasol se aude..... zici ca sunt niste casti de alea ce dau la coca-cola la promotii pe gratis la 2 sticle cumparate  maine o sa-l returnez din pacate;0
2924;"a tinut cam o luna, sub 80% baterie telefonul ia restart si se descarca bateria pana pe la 10%. nu mai pornea fara sa il pun din nou la incarcat. am trecut pe bateria originala ce are 5 ani. multumesc frumos!!! ""made in china""";0
2925;"cel mai prost produs cu care m-am intalnit. am incarcat cu el: un mp4 player, doua power bank diferite, o camera foto, o camera video, un smartphone si un smartwatch. pe rand, cate unul! ce credeti? am obtinut timpi mai mari decat dublu, comparativ cu o ""rabla"" de 1a, pe care am dat 19 ron!!!!!!!!!! 2.4 a?????? fugi dom'le de aici!!!! cred ca nu furnizeaza nici 0.5a!!! bani aruncati degeaba! teapa!!! (am pus o stea, ca nu ma lasa altfel; daca as putea, as pune -5 stele... )";0
2926;sunetul de aude extrem de prost in comparatie cu produsul original apple.;0
2927;nu masoara corect distanta.;0
2928;nu recomand nici la dusmani!;0
2929;o fi,, original,, dar nu recunoaste dispozitivul;0
2930;meniul castilor incompatibil cu huawei p9 lite mini.  butonul activ nu functioneaza.  in timpul unei convorbiri telefonice nu poti mari micsora volumul si se aude slab.  dupa o convorbire telefonica, aplicatia muzica porneste pe difuzorul telefonului si pentru a reveni la bluetooth trebuie sa restartezi castile.  aplicatia samsung level nu ajuta cu nimic ba din contra, daca te-ai deconectat trebuie sa dezinstalezi aplicatia si sa restartezi telefonul pentru a te reconecta la bluetooth.;0
2931;e de proasta calitate, si nici macar nu tine incarcat. teapa in toata regula. chiar o sa reclam la anpc.;0
2932;are o luna bateria si deja am 86% sanatate baterie.  cand am pus-o avea 100%dar din pacate sa dus prea repede procentajul in jos   nu cred ca sunt originale bateriile;0
2933;nu suporta incarcare rapida  nu poti transfera date cu el;0
2934;am luat 2 pentru aparatul foto. sunt groaznice. sunt incete si dau erori. sper sa le pot returna pentru ca le-am ridicat de la sediu.;0
2935;foarte, foarte zgomotoasa!  microfonul foarte sensibil la alte zgomote de cat vocea (de ex. frecarea degetelor de corpul acestuia, inchiderea /deschiderea butonului de on/off...).  merita 1/2 din pret!;0
2936;cartela sim nu are semnal la montarea in ceas.;0
2937;dupa 4-5 luni baterie tine exact cat cea pe care am dorit sa o schimb adica daca intru pe un joc maxim 1 ora;0
2938;in img de prezentare este un produs iar in colet aproape acelasi dar cred ca e caz fericit si calitatea lasa de dorit.;0
2939;am cumparat resigilat. este in stare rea. ca sunet... slab calitativ. grea, mare ca dimensiune, cu finisaj urat. nu merita banii nici cu reducere.;1
2940;dupa mai putin de o saptamana de utilizare;0
2941;nu am citit atent specificatiile si am crezut ca este ca si modelul tp-link hs 110! am instalat softul si vroiam sa vad cat consuma un incarcator.... surpriza! nu are monitorizarea consumului de curent!!! scrie in specificatii, dar a fost vina mea ca nu le-am citit!    tp-link hs 100 - nu monitorizeaza consum curent! functioneaza doar ca on/off de la distanta si arata perioada cat a funtionat un produs. putin timp cat am folosit produsul - se conecteaza la wireless foarte repede, nu pica conexiunea sau alte probleme. functionare ireprosabila, dar....  tp-link hs 110 - monitorizeaza si consumul! ceea e un mare plus. pentru 20 ron in plus face asta. hs 110 vs hs 100 - nu consider ca merita 100 de ron hs 100. am modelul hs 110 de peste 2 ani si functioneaza ireprosabil. hs 100 - pare un produs bun, doar ca e scump tare pentru ce face!;0
2942;dupa aprox 1 luna nu mai incarca, am trimis-o la garantie. o alta cumparata pentru un alt telefon se inchide pe la 30 % si ocazional se reseteaza telefonul, lucru care nu se intampla cu vechea baterie.;0
2943;gigantica! e o caramida uriasa!  si mi s-ar fi parut acceptabila marimea daca nu as fi vazut la colegii mei baterii externe de aceiasi dimensiuni mult, mult, mult, mult mai mici.  deci da, isi face treaba, insa e ca si cum ai avea la propriu o caramida in ghiozdan.  horror!;0
2944;pro si contra acelasi lucru  pro:: merge 6 luni  contra:: merge 6 luni;0
2945;"faorte fragil, o constructie aparent buna insa... nu este capabil sa tina pe trepied ""selfie stick monopod extensibil yunteng 1288 pentru camere foto sau telefoane"". l-am folosit de 2 ori si am renuntat la el.";0
2946;am avut 2 bucati de 16 gb, in 2 telefoane samsung diferite ca model, si s-au defectat in mai putin de un an!;0
2947;ca si celelalte incarcatoare pe care le tot cumpar de luni intregi s a stricat dupa 2 saptamani   nu s a rupt pur si simplu nu face contact si miroase a ars....;0
2948;nu e buna de nimic. nu merita nici bani care iam platit pentru livrare.;0
2949;tine incarcata exact cat cea veche dupa 1 an jumatate. nu recomand!;0
2950;o mare porcarie, am reusit sa rup o grila de ventilatie la o astra h gtc, e foarte batos, nu recomanda riscati sa aveti aceiasi surpriza ca si mine;0
2951;la mine nu functioneaza functia quick charge pe un telefon lenovo vibe p1. portul din telefon este microusb, asa ca am folosit un cablu usb a la microusb. cablul este quick charge, il folosesc la incarcatorul de priza unde functioneaza corect, adica functia quick charge functioneaza. telefonul are tehnologia quick charge 2.0. din cate sti eu incarcatoarele care au quick charge 3.0 sunt compatibile si cu telefoanele quick charge 2.0 si 1.0. nu inteleg de ce nu se activeaza functia de incarcare rapida pe telefon.;0
2952;am primit cablul acum o saptaman deja e stricat. din prima zi facea contact doar intr'o anumita pozitie acum nu mai incarca deloc. absolut jalnic, orientati'va spre un incarcator original chiar daca costa mai mult.;0
2953;sunt construite ok... dar nu se aude bine.  foarte infundat si uneori au un zumzet ingrozitor.  nuuuu recomand.!!!;0
2954;un produs prost am facut comanda pentru camuflaj mi-au trimis rosu telefonul nu merge incarcat la ea cum se spune in descriere se aude slab nici 5 w nare nu recomand;0
2955;calitate foarte slaba si o gramada de probleme.  in primul rand, la setup-ul initial a dat foarte multe erori (am reusit dupa multe incercari). in all doilea rand, probleme mari de conectivitate cu telefonul (se conecta/deconecta de 4-5 ori pe minut).  sa nu mai zic ca bateria dura foarte putin fata de ce ziceau ei in specificatii.  am facut retur la aceat produs dupa aproximativ 4-5 zile.;0
2956;nu recomand aceasta baterie externa nimanui deoarece mi-a incarcat tableta lenovo in 2 ore 2% si nu e deloc convenabila... nu o cumparati(in plus pe ea scrie made in china)..;0
2957;"sunet foarte prost, mult mai slab decat al celor care au venit cu telefonul (tot samsung). bas inexistent, volum puternic dar ""dogit"" spre maxim. returnate a doua zi.";0
2958;daca citeam review-urile nu il comandam.  azi l-am primit. cine l-a primit incarcat 85% e norocos. la mine a ajuns un exemplar incarcat 0%. nu am stiut ca nu are adaptor pentru priza si acum astept sa se incarce 27 ore la laptop:-(. azi am comandat si adaptor, dar cred ca am facut o eroare, acumulatorul e de 2. 1 a si adaptorul de 2. 4 a. nu stiu daca se vor intelege...;0
2959;nu mai sta lipit a-2a oara!;0
2960;total nemultumit, la 200 de ron poti sa ti iei alta boxa cu mult mai buna... nu recomand!!!;0
2961;tine cat acumulatorul original dupa 2 ani de utilizare (maxim 16 ore). nu recomand;0
2962;o porcarie de folie bani aruncati la gunoi nu se lipeste cum trebuie arata oribil aplicata pe ecran;0
2963;folie de plastic de proasta calitate zgariata din fabrica stramba si lipici prost, foarte subtire nu merita nici un leu nu recomand la nimeni asa folie nu e cea ce scrie in descriere;1
2964;am comandat 2 baterii tocmai ca pe site era trecuta “baterie originala” si in foto la fel ( are sigla apple pe ea), dar am primit 2 copii prost facute. chiar si asa am fost la un service gsm sa le montez pe telefoane si pe langa faptul ca baiatul de acolo mi-a spus ca nu sunt originale ( nu aveau sigla apple), dupa ce a montat una dintre ele, telefonul nu se incarca, in meniu in loc de nivel baterie imi scria “service” si dupa circa un minut telefonul sa inchis singur, dupa care sa deschis si tot asa timp de 10 minute. am revenit la bateria veche care inca are curent sa pot scrie acest review. sper ca emag ( care nu m-a dezamagit pana acum) sa rezolve problema si sa-mi primesc banii inapoi, iar pe viitor sa fie mai atent la ce produse vand colaboratorii sai. sper sa fii fost de folos ce am scris, o zi buna!;0
2965;"as da 3 stele pentru ambalajul original al castilor, dar calitatea si originalitatea lor lasa de dorit.    in comparatie cu o pereche de casti  genuine, acestea primite de la bibilel sunt replici bine realizate, dar totusi pretul integral dar si cel redus este exagerat.  castile in carcasa nu au fost impachetate corespunzator, firele au fost indoite.  butonul de volum este teapan si nu tot timpul functioneaza, face un click zgomotos in comparatie cu cele originale, microfonul nu functioneaza, iar rederea sunetului este inacceptabil. materialul de invelis al firelor este un plastic dur, si este mai subtire decat cel al originalului, lungimea castilor  primite nici pe departe nu au de aface cu cele originale.  concluzie: descriptie falsa pentru originalitate, pret exagerat in comparatie cu calitatea produsului.  ca o sugestie pentru bibilel, dar mai ales pentru emag: descriptia articolului nu are nimic de a face cu ""original apple"" in afara de ambalaj, induce in eroare si provoaca dezamagire pentru clienti.";1
2966;nu-l pot formata, nu pot sterge nimic dupa el, am aruncat 2 bucati;0
2967;manualul de instalare este execrabil.am vazut ca multi se plang de asta pe forumurile de specialitate.se pare ca de acest lucru sunt vinovati cei de la pni, o firma din neamt care importa acest sistem.;0
2968;"dupa a-2 a deschidere s-au rupt urechiusele de la capacul cartelei, iar dupa nici o luna de folosire s-a desprins o jumatate din cureaua ceasului devenind astfel de nefolosit...  am incercat sa lipesc partile inapoi dar nu a tinut deoarece cureaua este din silicon si suportul e dintr-un fel de plastic.  intre ecran si rama galbena din plastic este un spatiu destul de mare in care se aduna mizerie.  cureaua nu este ca cea din imaginea de prezentare; este cu catarama clasica.  am mai citit pe undeva pe aici ca produsul primit nu pare a fi “original”, mie mi se pare o chinezarie ieftina.";1
2969;folia nu este de 9.7 inchi. este mai lata;1
2970;nu se potriveste cu telefonul xcover3. folia nu are degajare pentru camera frontala. folia primita de mine nu arata ca cea din poza.;0
2971;cea mai proasta folie posibila;0
2972;asa pret -asa calitate  se aude relativ bine, dar pe volum la maxim, tine cam maxim 50 minute;0
2973;pe factura scrie pineng, pn 999, exact ce credeam ca comand, dar in realitate am primit o facatura de 2 lei, ceva asemanator la carcasa, dar nu original. carcasa e de plastic nu de aluminiu ca in descriere, iar in momentul de fata telefonul sta la incarcat deja de 4 ore si a ajuns doar la 86% pe usb-ul de 2a (incarcare rapida). totodata acumulatorul extern a ajuns la 50% de la 100%, ce e inadmisibil pentru un acumulator de 20000 mah. am solicitat returnarea.;0
2974;am achizitionat acest produs in ian.2017. cu toate ca pe cutie scrie made in germany si te astepti la un anumit standard, materiale din care este facuta boxa si microfonul nu puteau fi de mai proasta calitate. si imbinarile lasa de dorit.  sunetul nu este dintre cele mai grozave.  nu as recomanda.;0
2975;pro: baterie de durata sunet foarte bun atat pt apel cat si pentru muzica incarcare rapida.   contra: firul cartilor nereglabil si prea scurte - tot ies din ureche, desi materiale premium am avut ghinionul sa se defecteze dupa 3 saptamani -partea de cauciuc flexibil s a desfacut de plasticul ce formeaza bratul dur.  la solicitarea mea de a repara sau inlocui produsul cei de la ilex cu greu au acceptat sa l primeasca in service apoi au sustinut ca eu l am rupt. in urma verificarilor am aflat ca nu cumpara marfa de la samsung si aveti slabe sanse sa se repare ceva in garantie. nu mai cumparati de la ei sunt teapa.  pacat ca emag se asociaza cu ei. datorita acestei asocieri am cumparat lucru care acum ma face sa ma indoiesc de partenerii emag.;1
2976;scoate sunete ciudate cand nu este nimic bagat in el.  merge doar pentru incarcare, pt transfer de date nu recunoaste nimic.;0
2977;azi am primit 2 bucati cand le-am dat folia jos... surpriza!!!!! ecranele zgariate la ambele produse. atasez poza. eu nu mai comand de la ei.le-am facut retut .;0
2978;incarca greu;0
2979;este cel mai prost produs pe care l-am intalnit vreodata, frige cand umbli pe ea se blocheaza din minut in minut, si nu tine bateria mai mult de o ora, se testeaza incontinu;0
2980;am primit bratara fara incarcator iar dupa cateva zile nu mai functioneaza si trebuie s-o returnez. nu recomand.;0
2981;nu pare sa aiba 3a. se comporta exact ca un incarcator de 1a.   dupa ce am cumparat am plecat din tara imediat iar acum trebuie sa ma descurc cu incarcatorul de 2 a de la telefonul mobil la laptop.;0
2982;incarcatorul incarca extrem de greu si nu este de la adaptorul de priza deoarece am incercat alt cablu la acelasi fir, nici telefonul nu este de vina, am incercat cu alt incarcator si mergea de minune. in prima saptamana sa rupt. nu merita nici o stea:(;0
2983;se strica in mai putin de o luna..;0
2984;nu recomand daca ai telefon negru, se vad marginile urat;0
2985;bateria nu este originala si nici cablul, iar bateria a venit stramba. noroc ca am avut martor curierul cand am desfacut-o;0
2986;am aruncat banii in vant. am incercat in zadar sa conectez ceasul la telefon. nu am reusit. spune ca device-ul e offline si nu poate primi comenzi. am urmat toti pasii de pe asa-numitele instructiuni de utilizare, dar degeaba. din pacate, nu l-am returnat in timp util, iar acum e prea tarziu. l-am tinut in cutie din lipsa de timp, iar acum, cand mi-am dat seama ca nu functioneaza, nu il mai pot returna. dezamagitor, mai ales pt ca era un cadou pt baietelul meu.;0
2987;nu recomand. produsul chinezesc nu este fiabil. retur.;0
2988;este de unica folosinta, dupa vreo 4h de tinut la mana nu se mai inchide bine, nu recomand acest produs.;0
2989;varza. am luat o asemenea boxa pe 14.08. ca sa fiu scurt... telecomana nu merge decat daca intorci boxa cu spatele si te duci cu telecomanda langa boxa. partea si mai nasoala este ca radioul nu merge deloc. dar deloc. bani aruncati pe fereastra. o sa ii dau retur.;0
2990;material foarte prost calitativ;1
2991;incarca un iphone 7 o singura data.;0
2992;cu ceasul in casa, pus la incarcat, pe harta imi arata ca se plimba copilul prin cartier pe o raza de 1-2km. altfel face ceea ce spune, dar faptul ca cea mai importanta functie da erori atat de mari ma face sa spun: nu cumparati! este o alta chinezarie jalnica.;0
2993;produsul nu a fost functionat in parametri normali;0
2994;am cumparat in februarie acest produs si acum in august cand scriu review-ul deja trebuie sa schimb bateria din nou. ma tinea mai mult cea pe care am schimbat-o decat actuala. acum pun telefonul la incarcat cu 2-3% baterie si vezi cum creste instantaneu la 80-90%. ajunge in cateva min la 100% si cand il scoti de la incarcat il folosesti 5-10 min si se inchide. nu m-a tinut nici macar un an, in conditiile in care nu folosesc telefonul prea mult. nici la inceput nu ma tinea macar o zi.;0
2995;se strica foarte repede incarcatorul de iphone... nu recomand!  daca era vandut de emag, macar puteam sa-l dau retur.  acum stau dupa cei de la arsis sa mi-l repare.;0
2996;nu functioneaza cu samsung galaxy s8  mufa tip c este prea scurta, nu intra in telefon.;0
2997;foarte dezamagit!! nu isi merita banii.. am cumparat 2 carduri si amandoua nu au fost folosite mult timp.. nu imi functiona in telefon laptop nici pc.. hama nu prea le are cu cardurile..;0
2998;nu recomand in niciun caz. bateria nu tine nici macar cat tinea cea veche de trei ani. bateria originala de trei ani tinea cam 30 de ore, cand am cumparat aceasta baterie ”noua”. aceasta baterie nici macar 24 de ore nu tine. 80 de lei cat a costat cu transport bateria a fost dat afara degeaba. pacat ca pe siteul emag sunt furnizori neseriosi care vand astfel de produse. (vad din alte review-uri ca nu eu sunt primul care a patit la fel);0
2999;in descriere este specificat ca bratul este flexibil, adevarul este ca bratul nu este flexibil si nu se poate fixa pe parbriz;1
3000;fratilor... fara nici o suparare... dao naibi de treaba.. imi pare rau ca nu pot posta print screen... am instalat cartela tot... culmea pe orange.. cum a recomandat ca a fost probat produsul... cum naiba sa fiu la miciurini... iar locatia cand imi da sms inapoi sa imi arate ca sunt in parcul kiseleff la 1 km distanta... laso dr... regret enorm...;0
3001;"1. incarcatorul a fost incercat pe mai multe produse, nu functioneaza de fel.  2. produsul vine intr-un plic de hartie care nu are insemne samsung.  3. logo-ul samsung este imprimat prost pe produs. se sterge la frecare.  4. tinand cont de argumentele de mai sus, produsul nu este original. nu inteleg review-urile din categoria ""100% original"". nu e adevarat.";0
3002;nu acopera nici macar total nici macar zona display-ului. nu contine pachetul laveta umeda.;0
3003;a functionat doar sa incarc doua telefoane, dar sa-l incarc nu am mai reusit. prin urmare am apelat la retur.;0
3004;nu recomand, e incompatibil cu huawei p10 lite.....;0
3005;nu recomand deoarece e foarte slaba, tine mai putin decat cea pe care o am de 2 ani, foarte slaba.;0
3006;steicat in 2 zile;0
3007;varza! primul card nu a mai putut fi citit dupa o luna de utilizare. l-am trimis in garantie si am primit altul nou. dupa 3 saptamani de utilizare pe alt telefon din nou aceeasi problema! deja nu mai e coincidenta si ghinion pt mine! e clar ca tot lotul sau chiar firma asta lasa de dorit!;0
3008;dupa o luna a trebuit sa o schimb. nu recomand!;0
3009;nu recomand. produsul pe care il vedem cu totii in poze nu arata nici pe jumatate cu cel pe care il primesti. nu mai zic de functii... pierde foarte repede conexiunea bluetooth, camera merge dezgustator, se aude foarte incet, ecranul are pixeli morti. mai pe scurt *nu recomand* ieftin si prost;0
3010;vine cu instructiuni in chineza si fara incarcator.   bratele de blocare sunt din plastic, nu inspira o incredere deosebita.;1
3011;sunt foarte memultumit de durata de viata a acestuia, in conditii normale de utilizare, de cele mai multe ori foloseam doar doar o mufa, dupa 2 luni s-au defectat ambele intrari.. jalnic;0
3012;boxa defecta. ambalaj rupt. probabil a mai fost returnata.. nu recomand.  am returnat-o si eu;0
3013;incarcarea unei baterii de 2000 dureaza undeva la 3,5 ore. deci nici vorba de 2,4 amperi asa cum apare in specificatii. singurul lucru bun e ca nu se incalzeste.;0
3014;calitate proasta desi am platit un pret mai mare in speranta ca am sa obtin calitate. mufa pentru telefon iese din telefon chiar si la atingeri mai usoare, inelul argintiu din dreptul telefonului s-a deslipit in ziua a doua. mai mult, daca este conectat la un dac pentru casti (in cazul meu un fiio q1 mark ii) accesoriul nu este recunoscut. in concluzie, produs foarte prost pentru pretul cerut (l-am achizitionat cu 89 de lei).;0
3015;calitatea video este foarte slaba. am luat-o sa ma uit intr-un catalizartor si nu am reusit sa vad nimic. lumina este foarte slaba.;0
3016;nu incarca. nu dati banii degeaba;0
3017;nu a functionat nici o secunda. dupa discutii repetate, ultimul operator telefonic mi-a recomandat sa returnez produsul la departamentul tehnic. astept cu interes rezultatul.;0
3018;am achizitionat acest incarcator si l-am testat... nu incarca 2 amperi... nici macar 1 amper;0
3019;ca sa se incarce complet, trebuie sa o tin la incarcat 5 6 ore;0
3020;e teapa! scrie made in korea si trimit made in china, iar la banii pe care ii cer nu se merita!;0
3021;nu recomand sub nici o forma. incarca doar 10% din bateria smart phone. sunt totusi multumit de lanterna( atat, nimic mai mult).;0
3022;am cumparat 2 bucati. una merge bine, dar cealalta la 2 zile dupa achizitie a ramas cu lanterna aprinsa, fara posibilitatea de a o opri. am trimis-o in service. sa vedem ce o fi.;0
3023;nu cumparati!!!!!! este un produs de unica folosinta! va trebui sa va cumparati altul dupa 2-3 zile!;0
3024;"la exact 7 minute de cand am montat (corect!) suportul asta pentru prima oara, la o denivelare banala, elementul care tine telefonul a zburat, cu tot cu telefon!    am avut noroc ca nu mi s-a spart ecranul sau indoit nasol telefonul, si asta doar pentru ca il tin intr-o husa buna, anti-soc! prinderea de ghidon e foarte buna, la fel si prinderea partii care da mobilitate, de partea care sta pe ghidon.     dar prinderea partii care tine telefonul propriu-zis e slaba si prost gandita! este exact acelasi tip de prindere (cu 4 orificii mici, in forma de ""l"") care se foloseste si la suporturi de pus in parbrizul masinii. problema e ca la bicicleta, socurile sunt mai puternice daca ce resimte suportul de parbriz, minus situatia cand esti cu cursiera pe sosele impecabile, ceea ce in bucuresti clar nu e cazul! asadar, e chestiune doar de timp sa dai cu telefonul de asfalt. pentru ca bumbii aceia mici ies din orificiile ""l"" cu usurinta, la un soc (care e inevitabil, cum spuneam).    daca te plimbi pe alee prin parc cu 5 km/h sau exclusiv pe sosea buna, poti sa-ti iei suportul asta. daca nu, sunt bani aruncati (+ timp, daca ti-l ridici personal cum am facut eu).";1
3025;cea mai mare teapa..... are touch-ul blocat..... trebuie rescris rom-ul..... slab. sw;0
3026;total dezamagitor!    pro:  -notificarile sunt ok, usor configurabile pentru orice aplicatie de pe telefon  -aspest frumos    contra:  - pe partea de fitness e zero, nu citeste corect puls, pasi, etaje, distante... e o gluma proasta pe langa fitbit (am facut 2 antrenamente la sala de intensitati total diferite, in 60 min mi-a dat acelasi consum de calorii)  -nu recunoaste exercitii   -bateria tine 2 zile cu functia always on  -putine aplicatii utile  -fetele frumoase sunt pe bani:)   -nu poti platii prin nfc;0
3027;mai prosta ca originala  dupa doua luni de folosire, telefonul se inchide cand baterie are 56%, iar cand il bagi la incarcat bateria se incarca doar de la 50%;0
3028;o chinezarie ieftina. plastic de proasta calitate. nu recomand!;1
3029;nici nu l-am mai probat este foarte mare...;0
3030;detin aceasta bratara de 4 zile si pana acum nu as putea sa o recomand nimanui din urmatoarele motive:    1. cum cureaua este din cauciuc iti transpira mana in locul respectiv foarte tare, tot incerci sa muti bratara cand mai sus cand mai jos.  2. softul acestei bratari este foarte prost. traducerea parca este facuta de un copil de clasa a3a care a auzit limba engleza in desene animate. la unele optiuni abia daca intelegi la ce se refera. inteleg ca sunt chinezi producatorii, dar totusi.. le-am trimis si un feedback insa nu am primit niciun raspuns.  3. se conecteaza la bluetooth foarte greu (folosesc un samsung cu android 8.0), insa de deconectat se deconecteaza foarte usor... si din nou trebuie sa o iei de la capat sa activezi de 15 ori bluetooth-ul pana se conecteaza automat (nu o poti conecta manual pt ca de fiecare data cand dai pair cu bratara primesti eroare cu eroare pin sau passkey.. din nou producatorii sunt de vina, dar puteau sa faca conectarea sa fie mult mai usoara si manuala.  4. nu am facut o comparatie cu alte dispozitive sa spun daca masoara cat de cat precis ritmul cardiac si restul, insa pasii 100% nu-i masoara corect. la finalul zilei ai cel putin 1.000 de pasi in plus.  5. unele functii ale acestei bratari nu functioneaza precum,, do not disturb'' sau evolutia saptamanala.  6. notificarile pe bratara sunt super ok pana cand primesti mai multe pe un site de socializare (whatsapp sau facebook) si vibreaza enervant de mult. ar fi putut avea un timer setat acolo pt notificarile multe intr-un timp scurt.. cum do not disturb nu fucntioneaza trebuie sa-ti dezactivezi notificarile.  7. touch screenul mult prea sensibil, daca suflii putin mai tare pe el se activeaza.  8. alarma nu functioneaza tot timpul. cateodata functioneaza fara sa fie conectata bratara la telefon, alte ori nu fucntioneaza nici cu bluetoothul si wi-fi activat pe telefon  9. aplicatia da rateuri de foarte multe ori facand sincronizarea cu bratara imposibila asa ca trebuie sa tot o instalezi si dezinstalezi, functia de reset din optiunile acesteia nu fucntioneaza.  10. aplicatia bratarii, inca o data, este dezastru, totul este pe invers. fiecare buton care poate fi activat sau dezactivat functioneaza fix invers.   11. singurul lucru pozitiv de la aceasta bratara mi se pare autonomia bateriei care tine foarte mult, in 4 zile s-a descarcat undeva de la 60% la 40% si pot sa spun ca arata decent    concluzia: nu recomand  sper sa-i pot face retur deoarece am mai auzit experiente neplacute cu firmele colaboratoare si in recenzii vad lume patita.;0
3031;mare atentie, este marfa romaneasca! brandul este romanesc si ca tot ce este romanesc este prost!  nu a reusit sa incarce pina la 100% acumulatorul unui telefon de 3000ma! am incercat apoi si cu alte telefoane de capacitate mai mica si cu toate ca imi arata ca incarcarea a fost completa, apoi descarcarea s-a produs mai repede! am incercat sa incarc si o tableta de 5000ma dar incarcarea s-a oprit pina la 97%!  o alta observatie a fost si faptul ca in timpul incarcaturi, acumulatorii dispozitivelor, nu s-au incalzit ca de obicei, acest fapt denota ca incarcatorul tellur nu debiteaza suficient amperaj!  mentionez ca am efectuat incarcarile cu un cablu tellur fast charge care spunea ca suporta 3a dar in monitorizarea din softul android, incarcarea nu depasea 1,5a!  deci teapa!  il voi returna;0
3032;folia nu se lipeste cum trebuie desi am urmat intocmai toate instructiunile.;0
3033;revin cu scuze asupra reviewului bun dat anterior pentru acest smartwatch... nu e bun de loc, la prima impresie e ok. spre exemplu am vrut sa schimb cartela sim si cand am tras cu unghia de orificiul special din capac, acesta din urma sa rupt. localizarea nu mai functineaza:-( cu produsele chinezesti e o loterie, cred ca 50% functioneaza o perioada, iar 50% nu. in principiu nu pot sa ma adresez cu el la garantie pentru ca i sa rupt urechiusa capacului, desi presupunem ca acrst capacel a fost proiectat sa reziste la mai multe deschideri si inchideri, ceea ce nu sa intamplat. sunt dezamagit 130 ron aruncati la gunoi dupa 1 luna de utilizare a produsului.;0
3034;eu nu am fost multumita de aceasta baterie externa deoarece cea pe care am avut-o eu incarca cand vroia. poate am avut eu ghinionul sa prind o baterie nu tocmai ok.;0
3035;calitate proasta se inchide tot timpul am vrut sal retrimit dar nu vreau sa ma complic;0
3036;ceasul in sine e ok pentru pretul sau insa imediat ce am deschis coletul si am vrut sa pun ceasul la mana cureaua sa rupt (fara sa il fortez);0
3037;nu isi merita banii, nu arata cirect pasii facuti, nu se sincronizeaza tit timpul pe telefom... etc nu se merita!;0
3038;l-am incarcat pana la 100% la ora 10 dimineata... la ora 15 a ajuns la 55%. si dupa un restart imediat dupa a ajuns la 15%. o bataie de joc.  specific ca notificarile au fost off, quick view tot pe off, heart rate pe auto si fara reminder to move, nu am folosit exercitiul de breathing intre timp si nici nu am verificat des evolutia. nu recomand deloc, mai ales la pretul la care se si vinde.;0
3039;calitate extrem extrem de proasta...;0
3040;jalnic, dupa o luna deja nu mai face bine atingere mufa;0
3041;nu este buna de nimic bateria nu tine se blocheaza din jumatate in jumatate de ora.;0
3042;nu merita foarte slab;0
3043;nu poate sustine greutatea unui telefon mobil;0
3044;este inutilizabil. nu are functia de learning;0
3045;data fabricatiei de pe blister este luna ianuarie 2016, pe acumulator e luna decembrie 2015, a venit incarcata la 64%... stiam ca acumulatoarele noi vin incarcate 50%, sigiliul ambalajului nu tocmai in regula.;0
3046;nu este compatibil cu android 9 si nici nu o sa fie niciodata conform raspusului primit de la suport. compania a fost cumparata de catre fitbit si nu o sa dezvolte software-ul necesar pentru compatibilitatea cu modelele mai noi de telefoane.;0
3047;foarte slaba, se misca foarte incet, mai ales la navigare cat si aplicatiile se misca greu.  este adevarat ca reprezinta un avantaj faptul ca are 200gb pe card sd, insa daca atunci cand ai nevoie sa te misti repede, doar te enerveaza privind cum incarca si asteptand sa-ti faci treaba.  nu recomand decat daca esti pensionar si ai o gramada de timp la dispozitie pentru fiecare clik.  am sa o returnez si sa adaug o suma pentru un produs mai eficient.;0
3048;transportul prin fan curier este jalnic!!!;0
3049;se misca foarte prost;0
3050;l-am achizitionat inainte de blackfriday. livrare ok si rapida. + pt emag.  probleme dupa nici 4 zile cu touch-ul displayului. nu mai reactiona la atingere intr-o prima faza, apoi nici nu mai inregistra activitatea (pasi, puls, etc)  aplicatia garmin super friendly si cu multe informatii.  retur catre emag - echipa de acolo (timisoara -sagului/rebreanu) foarte prietenoasa si serviabila.;0
3051;regret ca am cumparat-o, folia nu este 2,5d ca in descriere, nu acopera tot ecranul;0
3052;i-am cumparat pentru avea recenzii bune, dar imi pare rau. pierde usor semnalul ca telefonul in buzunar. ii trimit inapoi.;0
3053;calitate foarte proasta si performante scazute. abia daca se aude, iar daca doua persoane vorbesc boxa aproape nu se mai aude.  se aude mai incet decat un iphone 7+;0
3054;probabil cel mai prost produs achizitionat de pe emag. s-a blocat un buton de la prima apasare, nu se aude nici pe departe asa cum e specificat la descrierea produsului. daca vrei sa arunci pe geam 40 lei, poti sa comanzi boxa aceasta. nu recomand.;0
3055;nu functioneaza prin fir de noua.;0
3056;nu indica valori reale, mereu intra singur in meniu, se inchide si se deschide singur, nu-si merita deloc banii, sunt foarte dezamagit de acest ceas. nu recomand!!!!;0
3057;nu este vizibil pe orice device, l-am returnat.;0
3058;folia nu acopera intregul ecran pe un a7 dual sim, model 2016. deci aceasta folie nu este pentru acest model!;0
3059;a mers bine o perioada. nu stiu ce are ca nu mai il citeste;0
3060;nu recomand clar.... am comandat 2, alba si neagra... nu avea spatiu dupa 2 jocuri mici instalate!!!!! plus ca se blocheaza mereu si merge ff greu.;0
3061;e prima data cand sunt cu adevarat dezamagit, pe langa ca mi-a ajuns doar dupa 3 zile, acesta mai vine si nefunctionabil, plus ca nu are loc de mufa jack cum se vede in imagine;0
3062;am luat in octombrie pt cadou de craciun pt sotul. arata bine, dar functinarea lasa de dorit, sotul are un iphone8, daca se pune la incarcat cu sa fara husa sunt monente cand se incarca si sunt momente cand nu se incarca. dupa craciun m-am mai putut sa teimit inapoi pt ca s-au tercut cele 30 de zile. nu-l recomand deloc, nu merita niciun banut...;2
3063;daca esti obisnuit cu un smartwatch in adevaratul sens al cuvantului vei fi dezamagit de acest produs. ca ex-posesor al samsung galaxy gear, moto 360, samsung gear s si lg watch urbane va pot spune ca vector luna este un banal ceas lipsit de functionalitati. cea mai dezamagitoare investitie. singurul lucru pro este autonomia bateriei, in rest e execrabil.;0
3064;este o boxa mica care nu corespunde cu cerintele de mai sus am returnat-o imediat ce am primit-o iar bani nu mai mi-a dat cat a trebuit vre-o 100 lei am pierdut e o mare teapa cu firma aceasta celsius nici nu raspund la telefon sfatul meu sa nu cumparati nimic de la celsius.;0
3065;nu inteleg de ce e atat de popular acest produs.  am luat 2, 1 pentru mine si 1 pentru prietena mea si pot sa spun ca sunt niste porcarii. e buna pentru alerte si ceas dar monitorizare pasi / ritm cardiac si somn, datele nu sunt precise. e un ceas digital cu pret ridicat si atat.   ca sa beneficiezi de alerte trebuie sa ai in permanenta bt pornit care evident iti va suge energia din bateria telefonului imediat si la fel si bateria din bratara altfel e doar un ceas cu touchscreen si atat.  nu recomand asa ceva.;0
3066;o luna a tinut nu merita bani... nici nu mai pot sa incarc, numai incalzeste;0
3067;bateria cumparata se descarca mai repede decat cea initiala (veche de 2 ani).;0
3068;este facuta din material prost si pe deasupra larga, daca nu esti atent cade tableta din husa. nu recomand!!;1
3069;nu stiu de ce dar butonul on off parca era degeaba.. ramanea non stop pornita ca si cum ai vrea sa te conectezi la ea... plus ca ledul albastru era pornit mereu... primul meu retur de pe emag!!!!;0
3070;foarte proasta nu are incarcator, mufa de incarcare e cazuta in interior, 300w??? nu recomand bataie de joc. o fac retur.;0
3071;am bateria aceasta de circa o saptamana si in aceasta perioada i-am facut cateva teste. primul este cu un iphone 7 plus(baterie de 2900 mah) pe care il incarca in 3 ore si 10 min de la 0 la 100%, face 2 incarcari complete si una pana la 30% apoi bateria este moarta. telefonul l-am o data pe iesirea de 2,1a si o data pe cea de 1a si ca prin minune, a durat la fel..., am tinut-o la incarcat 8-9 ore pana s-a incarcat complet(cele 4 leduri) apoi am facut alt test cu un samsung galaxy s4(baterie de 2600 mah), pe acesta il incarca de 3 ori complet si bateria ramane cu 2 led-uri aprinse, insa, la a patra incarcare daca folosesc si telefonul in acelasi timp(vorbit la el cu o casca bluetooth) bateria nu mai devine incarcator, ci descarcator... in loc sa imi creasca procentajul bateriei de la telefon, acesta scade... sau pur si simplu se opreste si nu mai incarca.  o voi da retur zilele astea si o schimb cu alta de aceeasi capacitate, fac un test asemanator si revin cu un review.    toate bune,  liviu!;0
3072;foarte prost! dau o steluta din simplu motiv ca mai putin nu se poate. zoom destul de prost, aproape inexistent, prinderea pe telefon - la fel de proasta (este exact peste butonul on/off).;0
3073;penibil de slab audio;0
3074;este slaba ca si calitate a sunetului. plus ca suportul de sustinere este din plastic si este extrem de fragil. recomand o casca cu suport din silicon, cel de plastic produce si un usor disconfort dupa o zi de utilizare;1
3075;probleme cu incarcarea;0
3076;nu recomand am luat 2!! sunt varza;0
3077;am vrut sa i-l fac cadou sotului de ziua lui. special, l-am comandat mai devreme. am sunat dupa o saptamana sa intreb ce se intampla, de ce nu mai vine ceasul. mi s-a spus o poveste cum ca m-a sunat curierul si eu nu am raspuns. evident, nu a fost asa. in fine, pentru ca il voiam mult, am zis sa mi-l trimita repede. a venit dupa 9 zile de la data comenzii, un ceas negru, in loc de unul argintiu precum comandasem eu. ambalajul arata deplorabil, “ideal” pentru un cadou. si tot eram dispusa sa il pastrez, daca s-ar fi conectat la telefon. am incercat de 4-5 ori.. nimic. efectiv era doar un ceas obisnuit de 400 de lei, care nici macar nu avea culoarea dorita. a fost prea mult. l-am returnat. returul a fost ok si rapid, insa evident am pierdut banii de transport. in concluzie, nu recomand. timp, bani si mai ales nervi pierduti.;1
3078;produsul primit nu este acela din anunt. o calitate foarte slaba a mufelor si cel mai grav este ca nu are ledul indicator si nici orificiul prevazut pentru microfon. pe prospectul din ambalajul in care am primit produsul, ledul si orificul microfonului sunt prezente si chiar indicate pe schema de prezentare dar la produsul primit ele lipsesc. deci in concluzie am primit alt produs decat cel prezentat. urmeaza sa il testez dar nu cred ca microfonul o sa functioneze prea bine tinand cont ca nu este prevazut cu orificiul de captare sunet;0
3079;la ora 12 spune ca mai sunt 2 ore si 30 de minute pina la incarcare totala. peste o jumatate de ora spune ca mai sint 3 ore. incarcatorul nu este functional pentru tableta asus, asa cum promite.;0
3080;mi-a fost livrat in 12.07.2018. incarca foarte prost nici vorba de fast charging nu e pentru s6 edge.;0
3081;am pierdut toate pozele si filmarile originale de pe card, s-a prajit cred noroc cu bk... nu merita, uneori credeam ca fac afacere cand vedeam oferte, dar, defapt nu exista oferta ci calitate inferioara.;0
3082;nu l recomand ventuza e proasta calitate e strimba si nu sta pe parbriz deci e varza;0
3083;calitate extrem de proasta.  capacul din spate, plastic ieftin, casabil.  dispozitivul de incarcare se monteaza greu si se desface si mai greu, aplicatia se intaleaza pe mobil foarte greu.  cartela pre pay a sosit demagnetizata asa ca singura optiune oferita de emag a fost sa achizitionez pe banii mei eu alta cartela-acelasi raspuns primit si de la orange.  evitati........ evitati............... evitati;1
3084;foarte proasta nu recomand asa ceva astazi mia ajns acasa daca o dai la maxim se stinge se deconecteazade la bluetooth bazie nu se aude clar forte dezamagit;0
3085;-  pro:: -  contra:: am achizitionat acest ghid si am ramas profund dezamagita! de obicei cumparam top 10 insa in momentul comenzii nu exista pe stoc asadar am luat acest ghid. nu l-am putut utiliza deoarece contine un amalagam de detalii inutile, fara poze, fara o harta clara, fara nici o informatie transparenta care sa fie inteleasa usor-doar alineate.. prea mult text. in excursii oamenii nu au timp sa citeasca prea multe detalii, vor pur si simplu o poza, locatia si 2 max. 3 propozitii despre acel obiectiv. cine a redactat acest ghid a fost complet neinspirat atat la modul de a il structura cat si informatiile oferite. in plus extrem de putinele poze pe care le contine sunt de prin anii 80-'90, nefiind actualizate si deloc relevante. de harta nu mai vorbesc, nu am reusit sa deslusim nici o locatie. cu parere de rau nu recomand acest ghid.;0
3086;descrierea produsului este incompleta. modelul comercializat este pentru j5 (2015/ 2016). nu este compatibil cu 2017.;0
3087;ceasul arata foarte bine, este foarte usor (nici nu-l simti la mana), are baterie buna care tine 3-4 zile dar, asta e tot.   eu l-am cumparat in ziua in care a aparut pentru ca m-a incantat foarte mult descrierea lui! de atunci, mereu ma enervez cu el. ba nu se sincronizeaza, ba nu primesc notificarile, ba le primesc, dar aleator, ba nu imi inregistreaza datele in aplicatie, etc.   acum, incepand de pe 20 august nu se mai sincronizeaza deloc cu telefonul, iar cu aplicatia fitbit doar partial (se sincronizeaza doar pasii), plus ca a ramas in urma, cu 7 minute. deci, varza, ce sa zic!   imi pare rau ca am dat banii pe el si ca nu am avut rabdare sa vad pareri despre el. nu recomand!;2
3088;cele mai proaste casti   se aude de parca ar fii o boxa din 1990. cred ca si aia de auze mai bine;0
3089;nu recomand! am achizitionat aceasta tableta de la un alt magazin, era pt un copil de 3 ani, nu e buna deloc. se misca foarte greu, s blocheaza, dupa fiecare joc descarcat trebuie restartata pt a mai putea descarca alt joc.;0
3090;pentru cadou... ce cadou! nu se conecteaza la nimic.;0
3091;am fost o naiva sa cred ca va fi bun de ceva, la pretul acesta! da... a fost bun prima saptamana, pe urma nu a mai incarcat deloc!!!;0
3092;nu face niciun ban.;0
3093;cel mai prost ceas... zici ca e de jucarie pt copii;0
3094;nu recomand... calitate proasta, f proasta;0
3095;mda.. am luat acest ceas si din motive ca e produs romanesc. dupa ce au vandut afacerea nu mai intereseza pe nimeni. foarte fain conceptul, produsul... dar azi, la zi nu recomand. proiectul a fost practic abandonat. nu mai functioneaza ca la inceput. nu mai ai update.. e in aer. au facut profit si atat...;0
3096;am comandat acest ceas si a venit fara baterie;0
3097;dezamagit la maxim;0
3098;am cumparat doua perechi si nu se merita nici un leu.    prima pereche: s-a desprins capacul de la casca dreapta, pur si simplu fara sa le lovesc sau sa le scap pe jos.    dupa ceva timp am crezut ca eu le-am stricat si am mai cumparat o pereche dar alta problema, dupa 1-2 saptamani cablul a iesit si se vad firele, sigur o sa se rupa firul curand.    nu recomand!;0
3099;de cand le-am luat, un canal se aude mai tare decat celalalt.;0
3100;este absolut degeaba, s-a crapat in aceeasi zi, raport pret calitate inexistent!;0
3101;foarte proaste, pe site scrie ca vine si jocul jenga si nu a venit nimic  castile au o calitate foarte slaba si merge doar cate una;0
3102;bateria s-a umflat dupa aproape 2 luni.;0
3103;am cumparat 2 bratari. una din ele s a aprins in momentul in care am scos o din cutie, dar cealalta functioneaza doar cand este la incarcat. m am conectat etc dar daca o scot nu se aprinde display ul.. ce ar trebui sa fac acum?!;0
3104;la acest pret si mai ales nici nu merge... am incercat sa il conectez cu alt dispozitiv dar nimic... nici macar o notificare... nu recomand;0
3105;a mers doar doua incarcari... de la a 3-a a cedat mufa de micro usb si nu incarca decit daca il tineai in anumita pozitie. l-am returnat. e o chinezarie prost realizata.;0
3106;nu stiu daca am reusit sa incarc ceva cu el vreodata...  cand conectam telefonul se oprea singur dupa 2-3 minute.  dupa cateva luni, l-am trimis in service, iar cei de la depanero, neavand ce sa-i faca mi-au dat banii inapoi pe el.;0
3107;nu merge in nici un fel la s8+ doar la s8... desi in descriere scrie ca e compatibil...;0
3108;foarte proasta la un s7 edge nu imi incarca nici 5% si abia la un j5 2015 20%;0
3109;nu exista un certificat de calitate, nu sta lipit pe suprafata bordului, de pe parbriz cade foarte repede.   la prima utilizare ( deschisere ) partea care tine telefonul s-a dezmembrat. sarind in grila de ventilatie parbriz   este din cel mai slab plastic, de ultima calitate  va rog sa nu mai comercializati produse fara certificare.;1
3110;autonomia este foarte mica daca il folosesti nu tine mai mult de 2 ore;0
3111;slaba calitatea sunetului pt emitator si foarte slaba pt receptor, voi incerca sa o dau retur.;0
3112;este ok, raportat pret-calitate, doar o sg data poti incarca un tf de dimensiune mare.;0
3113;jalnice pacat ca cei de la emag lasa produse de priasta calitate sa se vanda pe pagina lor;0
3114;ffff slab nu merita la pretul asta. nu functioneaza cu sim orange sau vodafone deci nu pot sa-l folosesc. atentie, in descrierea produsului nu este specificat ca functioneaza doar cu cartela telekom.;0
3115;de 3 ori intro un drum a casut;0
3116;nu merge conectat la niciun telefon nu recomand cumpararea acestui produs, rusine emag;0
3117;nu merita nici macar 1 lei;0
3118;nu merita banii, s-a stricat dupa 2 ore de stat in soare.;0
3119;incarca cu cablul fast charger dar la wireles charger nu merge   cam nasol nu e de banii astia un adaptor ordinar china cu usb merge la wireles charger;0
3120;produsul este unul de low cost cu toate ca la capitolul pret nu prea pare si de f proasta calitate. mare, greu, incapabil, materiale de proasta calitate. l-am incarcat o singura data dupa care nu a mai functionat. nu are un alimentator propriu... nu stiu de ce. l-am trimis la service, iar acolo am avut alta surpriza. mi-au stornat valoarea lui la cea de black friday nu cea de pe site, fara promotie! si asta fara sa ma intrebe ce vreau sa se intample mai departe cu produsul meu. uita domnii de la emag ca noi suntem proprietarii produselor comandate? am anuntat anpc pentru rezolvarea situatiei! mi s-a propus dupa o ora de discutii cu cineva de la emag sa mi se ofere alte produse similare. dupa alte doua zile nu mi s-a oferit nimic. cine mai crede in povestea bf in romania.. la emag are o problema.;0
3121;foarte foarte dezamagit  am scos produsul din cutie... arata bine, se simte bine pe mana....2 ore a durat primul update...(sa spunem ca trebuia sa isi downloadeze tot internetul).... totul ok pana cand am observat pasii:  fumat o tigara-30 de pasi..... impaturit haine 80 de pasi...500 de pasi in somn.... in casa am reusit sa fac mai multi pasi in cateva ore decat intr-o zi aglomerata inregistrata de samsung gear s2 sau de samsung s9...  dupa ce am citit tot forumul de fitbit si toate solutiile moderatorilor oferite oamenilor care au aceeasi problema ca si mine(foarte multi)... sa schimbi mana dominanta sa-ti schimbi marimea pasului.... nu schimba cu nimic faptul ca iti inregistreaza un pas faptul ca respiri cu el la mana.... am decis sa returnez acest produs.....  din nou...... foarte foarte dezamagit... bad fitbit;0
3122;se desprinde cauciucul de pe picioruse, se pierd foarte usor si apoi nu se mai poate fixa.;1
3123;nu este buna. cand mia ajuns am probato si dupa 10 minute sa stins si nici nu se aude 20w se aude undeva pe la 10w;0
3124;astazi l-am primit prin fancurier si dupa setup, update etc, dupa ce l-am lasat la incarcat o ora si jumatate, mi-a incarcat nr de pasi cu 6000 (in timpul incarcarii)... care este acuratetea datelor?...  fac retur...;0
3125;dupa nici jumatate de an de folosire si aia foarte rar (doar cand eram la costum)... s-a rupt. poate ca pretul e pe masura calitatii.;0
3126;produs primit gratuit la achizitionarea unui smartphone, dar nu merita nici atatia bani:-)  la prima incercare de incarcare, la introducerea cablului in portul micro usb, portul s-a rupt pur si simplu.  ce sa mai vorbim despre fiabilitate daca la prima utilizare se rupe in bucati...;0
3127;a functionat doar o saptamana, dupa care nu mai incarca, ledurile palpaie cand este conectat ceva la ea. cea mai mare problema e ca este vandut de alta firma decat emag si nu au date de contact, deci greu returul sau service. nu recomand (poate fii un caz izolat, dar asta e punctul de vedere al unui pagubit);0
3128;nu sunt multumita o sa o schimb haraie...;0
3129;foarte proasta. am returnat-o si cei de la celsius nici macar nu se sinchisesc sa raspunda la telefon.;0
3130;boxa f mica   trimisa fara factura fiscala!!!;0
3131;decat sa scoti in 2017 asa o camera slaba, mai bine nu scoti. pozele 360 apar blurry si duble, parca mi-ar fi tremurat mana, desi tineam camera stabil in aer. rezolutie slaba si foarte mult noise. pozele facute cu camera telefonului in aplicatia de cardboard camera sau in aplicatia de streetview sunt muuuult peste.  nici macar nu ma gandesc sa iau camera cu mine in concediu. are aplicatie doar pentru telefoane samsung high-end, dar merge si fara telefon. practic bagi un microsd si salveaza pozele acolo, dupa care le copiezi pe calculator si le stitch-ui cu aplicatia lor actiondirector. nu recomand sub nicio forma!;0
3132;decedeaza subit. nu mai pot scrie/sterge/formata. am incercat tot ce se putea incerca. o stea, nu recomand.;0
3133;functia gps e foarte slaba, arata o pozitie prin zona in care se afla, dar nicidecum pozitia exacta. functiile audio si microfon functioneaza bine dar bateria tine maxim 2-3 ore, iar daca in acest timp copilul initiaza 3-4 apeluri, ramane fara baterie si mai repede. dupa 4 utilizari capacul din spate a cazut.;1
3134;adaptorul este destul de gros, intr-o husa subtire nu incape.  cateodata merge, cateodata nu, trebuie sa stea nemiscat si doar intr o anumita pozitie.  nu recomand!;1
3135;nu este un produs bun, nu l-am putut folosi;0
3136;nu recomand!!! de cea mai proasta calitate, se aud prost, nu se conecteaza simultan, auzi doar cu o casca! abia asteptam sa le primesc!!! dezamagire!!!;0
3137;produs de calitate inferioara, ceasul mi-a fost livrat cu incarcator stricat. mai bine alegeti un alt model, cu incarcator usb. nici cu returul nu au fost foarte flexibili: am contactat vanzatorul la ora 10 dimineata, dar tot nu am putut sa predau curierului produsul astazi, mi-au zis ca trimit maine pe altcineva. nu recomand;0
3138;ma asteptam la o calitate mai buna a sunetului, ca built quality cam slab, mi s au stricat imediat, nu recomand;0
3139;incarca foarte foarte incet! nu recomand;0
3140;cel mai naspa ceas!!! oamenii sunt neserioso, am retrimis acest ceas ptr ca nu era bun si dupa 2 zile imi aduc acelasi ceas!! nu se merita, nu cumparati.;0
3141;in primul rand ca nu se potriveste pe tot ecranul! in al doilea rand vine cu foarte putin lichid. pentru a doua folie nu iti mai ajunge daca nu reusesti sa o pui pe prima cum trebuie. chinezarie!!!!;0
3142;nu recomand!  l-am tinut toata noaptea la incarcat si abia am facut 2 poze ca s-a si terminat bateria. nu tine deloc!  pe ambalaj sau instructiuni nu scrie nimic de capacitatea bateriei sau de metodele de incarcare!;0
3143;la o saptamana de folosinta a inceput sa se umfle.;0
3144;bateria a incetat sa mai functioneze dupa doar cateva utilizari. la garantie nu a putut fi reparata. ( mentionez ca bateria nu a fost lovita, zgariata, fortata, etc., a fost tinuta in conditii optime);0
3145;nu recomand se blocheaza bateria nu tine nici macar o zii se ia vopseaua de pe el foarte repede.;0
3146;foarte prost.... s-a rupt la prima utilizare... parca ar fi din hartie.... rusine, la banii astia.... este bataie de joc si escrocherie curata.... foarte dezamagita... pacaleala pe fata.....;0
3147;nu e ceea ce pare... adica are ecranul cat moneda de 50 de bani! nu poti raspunde sau inchide la apeluri, chiar daca apar pe ecran toate optiunile   nu se merita banii!;0
3148;jucarie. nu recomand.;0
3149;jalnic. am vazut o reducere destul de mare, ma asteptam sa nu fie un cablu original (desi am cumparat un cablu original de 2m dintr-un magazin la un pret de 50 de lei ). cablul nu incarca telefonul. pur si simplu jalnic!!! nu recomand;0
3150;la priza merge, la soare nu..... prost.....;0
3151;-proasta sincronizarea cu telefonul  -bateria tine putin   +aspect frumos;2
3152;ceas ieftin. cat dai atat face. ma asteptam sa tina mai mult de 3 zile. a mers la inceput, dar si-a dat sfarsitul in cele din urma. l-am imperecheat cu un p8 lite cu android 5, dar pe android mai nou nu este compatibil. il luasem pentru fiica-mea, care mai mult a fost incantata cand ne-am primit banii inapoi.;0
3153;calitate foarte proasta. un plastic oribil.;1
3154;cred ca am nimerit o unitate proasta. nu incarca rapid si nici normal. doar slow. un s8 are nevoie de 5 ore pentru o incarcare totala. nu recomand.;0
3155;apare pentru samsung note edge cu ecran curbat si nu are legatura cu el, bani aruncati pe fereastra.;0
3156;calitate chinezeasca ff proasta!! nu recomand!;0
3157;nu recomand deloc, dupa o luna a stricat si nu incarca nimic!!!;0
3158;nu arata temperatura reala!;0
3159;magnetul este foarte prost...;0
3160;ceasul este de cea mai proasta calitate. nu va lasati influentati de pretul scazut.;0
3161;o prostie se aude prost rau de tau, mai buna o boxa la 10 lei din obor, am dat si 53 de lei pe ea degeaba;0
3162;cutia in care se afla folia nu era sigilata, iar folia este mai mica decat telefonul;0
3163;nu are cei 8gb ram, nu are autonomia care este scrisa in specificatii conectat la o casca bluetooth nu tine sa vorbesti mai mult de 30 minute, capacul de pe spate este foarte instabil si cade, nu este prins bine. aplicatiile facebook si watsapp suntbpuse doar comercial nici una nu e functionabila.;0
3164;o chinezarie, da foarte putina pasta, trebuie sa pompezi de cel putin 7-8 ori sa iti dea cantitatea de pasta dorita. nu recomand.;0
3165;nu se conecteaza la nici un telefon;0
3166;slaba prestatia partenerilor din emag marketplace. nici un raspuns de la momentul comenzii, care a fost si anulata intre timp.;0
3167;foarte incomode;0
3168;plastic ieftin, mecanismul de eliberare telefon dupa 3 zile scartaia si freca urat. dupa 3 luni s-a rupt ventuza de pe bratul suportului.;1
3169;in primul rand telefonul nu se va incarca rapid (fast charging) fara un alt incarcator care se vinde separat, desi practic mufa de pe dex este o prelungire de 5cm pt cablu. nu poti sa il folosesti fara sa il bagi in priza, multe aplicatii nu se descurca foarte bine, sunetul iese din telefon, nu din televizor( in cazul meu) desi hdmi -ul suporta audio, iar pentru final, dex ul are in ventilator care nu poate fi controlat, eu as vrea sa functioneze non-stop dar el face ce vrea.;0
3170;fake, 1% in 7 minute, fara fast charging.;0
3171;un produs de cea mai slaba calitate.;0
3172;nu recunoaste dispozitivele cu bluetooth 4.1 si am dubii ca este 4.1. recunoaste doar dispozitivele bluetooth de la 4.0 in jos deci ma indoiesc de reclama facuta, am dat banii astia degeaba.;0
3173;e cea mai proasta folie achizitionata vreodata. telefonul avand marginile curbate nu se lipeste deloc vreo 7 mm pe toate marginile. nu recomand nici gratis sa fie;0
3174;frumos.... si atat. ceasul este super elegant si relativ fin pt un smartwatch, dar se conecteaza foarte greu si se se deconecteaza..... foarte usor. returnat;2
3175;l-am pus si nici macar nu se imbina cu telefonul, e taiat prost, extrem de prost, arata jalnic, bani irositi degeaba;1
3176;buna, azi am primit si eu un ceas pt copii, sunt dezamagit, desii scria ca primesc manual in limba romana, nu am primit, se configureaza f greu.. dezamagit total si nu-l recomand deloc;0
3177;se pierde conexiunea cu telefonul in timpul conversatiei. si uite asa trebuie sa vorbesc la telefon fara casti. sonorul se seteaza de la sine putere pe ce volum vrea el chiar daca eu l-am setat anterior pe alt nivel. nu recunoaste comanda vocala. nu scrie mesaje. nu citeste mesaje. am instalat castile si tts-ul dar rezultatul este zero. doar bani cheltuiti si atat. macar daca nu pierdea conexiunea era bine.  am o casca pe care am dat 80 lei care nu pierde conexiunea cu telefonul.;0
3178;calitate sunet buna dar pozitionarea lor in urechi lasa de dorit, casca. dreapta iese din ureche in timp ce merg, ce sa mai vorbesc despre chestii legate de fitness..;0
3179;nu recomand, se defecteaza foarte repede!;0
3180;un produs relativ ok, dar mare atentie daca aveti telefon cu spate de sticla. sitemul de prindere al telefonului e jenant, lipici, ce-i drept, un lipici destul de bun. la prima utilizare, cand am vrut sa dezlipesc telefonul, s-a crapat tot spatele. de asemenaea, capacul din fata se deschide foarte foarte usor, am patit sa ma uit in jos si sa se deschida, apropape sa cada telenonul, dar noroc cu lipicul super bun.;1
3181;proasta calitate l am facut retur;0
3182;nu recomand!!! are aproape dimensiunile unei boxe de calculator - este foarte mica, parca ar fi de jucarie, se aude incet, iar pretul este exagerat... plus ca se schimba pretul de la o saptamana la alta, in unele cazuri cu majorari mai mari de 50%. o prostie;0
3183;"stiu ca nu sunt primul si, probabil, nici ultimul care se va plange de acest produs.    totusi am simtit nevoia sa-mi exprim nemultumirea, mai ales ca este a 3-a pereche de casti hs130 schimbata in mai putin de 3 luni.     dupa ce s-au stricat castile originale, am cumparat o pereche de la emag, albe, s-au stricat dupa mai putin de o luna, aruncasem cutia si implicit garantia.... mare greseala. dupa o saptamana am cumparat a 2-a pereche, albastre, sperand ca poate culoarea imi va purtaa noroc.    surpriza, dupa, nici 2 luni, deja casca stanga nu se mai aude (la fel ca la prima pereche), iar cu ""garantia la producator"" mi-e si teama sa ma gandesc prin ce trebuie sa trec pentru o pereche amarata de casti.    acum inteleg de ce asculta copiii manele pe speaker in autobuz, probabil ca li se defecteaza castile samsung prea des...";0
3184;cea mai proasta calitate posibila! se aud ca si cum ar fi undeva scufundate intr-un canal! nu va recomand sa le cumparati! se deconecteaza singure, bateria tine 3-4 melodii... momente cand se aude doar una din ele... cu toate ca au fost sincronizate ambele... si foaaartee incomode! nu faceti prostia sa le cumparati, iar pentru “faimosul magazin emag” nu mai puneti preturi anterioare astronomice... e imposibil ca aceste casti sa fi costat 400 lei!;0
3185;nu sunt deloc multumita de produs, telefonul il conectez f greu sau deloc si am samsung a5. sta produsul in cutie.;0
3186;l-am achizitionat din alta magazin si pot spune ca este el mai rau modelul. incarca foarte greu.;0
3187;"produsul este de calitate inferioara. nu rezulta de nicaieri (nici din ambalajul nesigilat in care a fost primit, nici din vreun document insotitor) fabricantul sau originea produsului, denumirea si tipul/ modelul (conform descrierii din prezentare). produsul nu este insotit de instructiuni de utilizare care sa poata fi valorificate: cele existente in cutie sunt o xero-copie ilizibila din punct de vedere al dimensiunii caracterelor si al calitatii codului qr, redactata probabil in chineza si engleza.   am incercat o proba de utilizare pe baza intuitiva, pornind de la pictogramele afisate in meniu, dar nu m-a convins ca are calitatile enumerate in prezentare (sau sunt atat de bine ""ascunse"" incat nu poate oricine sa le gaseasca).  nici din partea comerciantului - pe care l-am contactat telefonic - nu am primit informatii utile suplimentare, asa incat am decis ca e mai bine sa il returnez.";0
3188;l-am folosit decat de doua ori si se incinge foarte rau. imi e teama sa il las in priza peste noapte.      nu are nicio treaba cu fast charge-ul!!    am sa il returnez zilele urmatoare!;0
3189;o porcarie, nu cumparati, am luat eu si nu se potriveste mufa la telefon nu se aude nimic;0
3190;nu sunt ce trebuie. nu sunt deloc multumita. sunt prea mari, nu se aud bine, iar cand sun pe cineva se aude doar una si aia ingrozitor, iar persoana pe care o sun nu ma aude deloc.  nu recomand!;0
3191;nu a mers nici macar o zi. cele mai proaste.;0
3192;functioneaza foarte greu. conectat la telefon imi arata ca incarca complet in 6 ore....;0
3193;cutia a venit intr-o punga, iar cutia era destul de deteriorata care parea a fi fost deschisa inainte prinsa partial cu 2 bucatele de scoch. nu pare a fi ambalaj de la samsung, ci doar o imitatie ieftina dintr-un plastic cu niste stickere in chineza lipite, iar unde scria samsung, nu arata de parca ar fi un produs facut de ei. pe incarcator era o folie de plastic care nu arata deloc a noua lipita parca in sila. telefonul se incinge foarte tare iar o incarcare dureaza undeva la circa 2h pe modul fast charge. nu recomand;1
3194;s-a rupt bratara de sustinere de la prima purtare, cand inca il reglam.  pe un telefon 4k de 5.5 inch nu se poate regla in nicio aplicatie sa se vada clar. pierdere de timp si bani;0
3195;cablu foarte prost din punct de vedere al incarcarii. dupa o luna de folosire pur si simplu nu mai incarca rapid pe s8+;0
3196;-mini-trepiedul este foarte fragil si mai usor chiar si decat un telefon - de aceea nici nu il poate sustine (pur si simplu cade trepiedul cu tot cu telefon).  -telefonul nu sta asezat in pozitie verticala (desi are cap rotativ pt asta), deoarece este prea greu si nu poate fi sustinut pe cele 3 picioare ale trepiedului - lucru ce nu ar fi trebuit sa se intample (testat pe un iphone 7 - deci model mai mic si usor comparativ cu alte modele de telefoane).  -picioarele trepiedului sunt instabile si nici nu pot fi prinse pe alte elemente asa cum este prezentat in descrierea produsului deoarece sunt greu de manevrat.;1
3197;sunt uimit de faptul ca sunt adaugate review-uri de catre unii pentru a creste ratingul acestei casti si acum meditez daca mai pot lua in considerare opiniile cumparatorilor atunci cand vreau sa mai cumpar ceva de pe emag.   ca sa fiu scurt si la obiect:  1. am casca de 1 an si ceva si sunt foarte sincer cand spun ca nu sunt multumit deloc. scumpa, nu sunt auzit de interlocutori si este sensibila (am lipit-o deja in 2 locuri cu loctite).   2. bateria nu tine f mult iar faptul ca s-a introdus un accesoriu suplimentar care trebuie atasat la mini usb-ul clasic pentru a o incarca este o mare prostie. am fost nevoit sa comand unul nou pe care am platit 60 lei + curier in ideea de a-l lasa la birou pentru situatiile cand raman fara baterie in timpul programului. nu inteleg de ce s-a renuntat la modalitatea de incarcare cu mini usb-ul clasic de la versiunile anterioare.  3. concluzie personala: pret prea mare pentru un produs de calitate slaba.;0
3198;am un telefon samsung galaxy s6 edge si am incercat pe cele 4 usb smart si in nici unul nu merge incarcarea rapida, ar trebui specificat undeva pt. ce telefoane merg cu incarcare rapida, o sa-l returnez lam cumparat mai mult pt. incarcare rapida;0
3199;cum sa iti bati joc de clienti? vinzi o folie care acopera 75% din ecran. sa nu o cumparati, e minciuna, nu se potriveste pe htc u ultra.;0
3200;baterie cumparata in iulie 2017, fabricata in apr 2017 care a tinut cu greu o zi la inceput, dupa 4 luni moare cand ajunge la 47%. cea originala a tinut 2 ani si se descarca pana la 0 de fiecare data.;0
3201;o baterie foarte slab calitativa, nu tine deloc, este mult mai slaba  ca cea pe care o aveam. nu recomand.;0
3202;praf... dupa 2 incarcari mai are 5%;0
3203;nu recomand aceasta casca... da, este foarte confortabila, dar cel mai mare minus il prezinta microfonul. multi prieteni mi-au spus ca nu reusesc sa ma auda bine, ca se aud distorsiuni in fundal, iar vocea mea se aude incet.  probabil o voi returna, asta daca mai pot.;2
3204;in 6 ore nu s-au incarcat nici macar 2 leduri. cred ca in vreo doua zile ajunge la maxim....;0
3205;calitatea lasa de dorit, abia primite s-a blocat o casca,     nu le recomand;0
3206;este o boxa foarte naspa;0
3207;nu recomand. mai mult de 5 a nu are!;0
3208;am comandat aceasta boxa, iar pe cand sa o pornesc sa vad si eu ca tot omul cum se aude, cum functioneaza, nu tu baterie nici in boxa nici in pachet, ea find sigilata de catre producator!   asa ceva:(;0
3209;un prosus foarte prost -nu este fiabil asa cum prezinta furnizorul., o mare teapa!;0
3210;nu recoma d... nu merge nici macar um joc...  se blocheaza si se incarca foarte greu;0
3211;nu se potriveste cum trebuie la a5 2016... nu intra deloc in locasul acela al telefonului. sta un pic in afara;0
3212;in realitate bateria nu stiu daca imi incarca telefonul de doua ori. nici vorba de 16800 de mha. e ca si cum as cumpara un kg de rosii si as primi 200 de grame. inteleg ca e ieftina, dar trebuia sa scrie ca are 5000 sau cat poate avea. cineva ar trebui sa se sesizeze, asta e inselatorie.;0
3213;timp de 2 zile s-a comportat ok dupa care a inceput sa se descarce in 4-5 ore de la 100% la 0, fara a solicita telefonul foarte mult     o porcarie care nu merita banii.;0
3214;subscriu si eu unor comentarii de pe aici. am incercat sa il folosesc pentru un note 3 si intra in suport fara probleme. insa fixarea intre suportul de ghidon si husa este de toata jena. cel mai mic soc si telefonul zboara pe jos. nu mai vorbesc de borduri... per total o achizitie nefericita si regret ca au trecut cele treizeci de zile in care puteam sa-l returnez;0
3215;foarte proasta;0
3216;am cumparat aceasta boxa a mers bine dar dupa 2 saptamani a inceput sa baraie si sa mearga cand da cand nu.. de mentionat ca dupa ce o incarcam nici 10 min disparea becul rosu  am sunat la ei, mi-au schimbat boxa, se incarca, a mers bine, dar acum dupa 3 saptamani aproape a inceput sa baraie si asta si sa nu se mai auda... nu recomand;0
3217;am copiat pe el niste fisiere mici. a dat eroare. apoi nu a mai vrur sa scrie nimic. zicw ca e blocat la scriere. am incercat si sub linux si nimic... pacat. pretul era foarte vun...;0
3218;nu detecteaza miscarea pe intuneric;0
3219;"acest smartwatch merita 5 stele atunci cand samsung are sa permita utilizatorului/cumparatorului sa isi schimbe singur si acasa bateria din ceas.  de ce versiunea lte nu se aduce pentru vanzare si in romania? sunt clienti interesati de acest produs.  ce se intampla cu ceasul iesit din garantie la care acumulatorul ""a murit""? si cat costa serviciile postgarantie la samsung fiindca ei nu furnizeaza nici o componenta originala decat prin service-ul autorizat care ""te frige"" la buzunar prin preturile exagerat de mari pe care le cer pentru piese si manopera. gasiti pe undeva baterii chinezesti pentru acest ceas? cat credeti ca vor rezista bateriile echivalente inlocuite?  a intrebat cieva de curioxitate cate este si ce este cu ""politica samsung"" postgarantie? cimperi un ceas asa de scump doar sa-l folosesti 2-3 ani pana iti moare bateria?";0
3220;proasta. sub orice critica.;0
3221;la o saptamana de la achizitie nu mai functioneaza cablul!;0
3222;desi peste tot apare ca este original, este o mare minciuna. nu incarca numai cand vrea el, calitatea asta am obtinut-o si la cabluri de 9 lei de la jumbo. este inadmisibil ca sa se strice in 2-3 saptamani!;0
3223;nu tine bateria mai mult de 4 ore, fara sa fie folosit  il dau retur!;0
3224;e mai proasta decat cea veche. made in china. se descarca in cateva ore.   am vrut sa o returnez dar nu mai am ambalajul.;0
3225;castile sunt mult prea mici si capacele de plaatic care sunt oferite pica extrem de usor, doar daca le porti. in rest calitatea sunetului este buna dar degeaba daca nu stau in ureche. daca incercati sa le purtati fara capace va raniti urechile si aveti dureri continue.;1
3226;nu cumparati asa ceva, este doar un abtipild care jici nu o sa stea bine;0
3227;e slab.;0
3228;are doar o fata. se prinde magnetic care e slab. nu recomand.;0
3229;o sa il returnez. pentru un telefon cu bateria de 3000mah, abia se poate asigura reincarcarea de 3 ori.;0
3230;am cumparat ceasul nu ie bun cand vrei sa intri pe net nu iti intra si iti scrie in chineza nici facebook nu merge nici watapul nu merge si nici twiter cand vrei sa te loghezi nu te lasa ii bun duar daca il iei sa vb pe el pentru atat ii bun;0
3231;e o chinezarie. nu merge fast charging.;0
3232;am comandat acesta baterie pe care scrie ca este facuta in china. nu este nici o diferenta intre bateria asta si bateria mea de 4 ani. cred ca o sa o returnez.;0
3233;calitate proasta.... nu functioneaza;0
3234;nu recomand se incarca intre 5 si 9 ore;0
3235;cablul nu face contact ferm la mufa usb, de aceea la incarcare se incalzeste foarte tare incarcatorul...;0
3236;deceptie totala. dupa 3 utilizari a luat foc ceva inauntru acumulatorului. incarca un sony z3. telefonul e in regula dar acumulatorul e distrus.  nuuuuu recomand!!!!;0
3237;"mare porcariee. mi s a crapat ecranul fara sa l folosesc iar cand am apasat pe ecran (fiindca are touchscreen) s a crapat si mai tare si nu mai functioneaza nici display-ul. mentionez ca ecranul e spart, nu display-ul iar cu toate acestea nu functioneaza. precizez ca are si bule de aer in ecran ceea ce inseamna ca nici macar nu a fost lipit bine, iar asa zisa ""sticla"" pare un plastic ca la ceasurile de jucarie. acest produs nu este la ce m am asteptat. nu arata dupa cum este prezentat!!!! un ceas de nota 1 de la o scara de la 1 la 100. nici macar garantia nu este in cutie! sunt foarte dezamagita!!";1
3238;la doua luni dupa achizitie casca stanga a cedat;0
3239;a functionat un minut.;0
3240;s-a umflat bateria dupa nici o luna. se descarca mai repede decat acumulatorul vechi, care era deja folosit de 2 ani si doua luni. am sa cer banii inapoi.;0
3241;1 se deconecteaza   2 se misca  3 telefonul nu il recunoaste  in concluzie nu isi merita banii;0
3242;slabutz! foarte slabutz!;0
3243;acumulator a+ 10.000 nefunctional;0
3244;din punct de vedere calitativ este departe de descrierea oferita. la 5 minute dupa ce am primit-o am observat ca in zona decupajelor pentru alimentare este pocnita/rupta. probabil ca producatorul chinez nu pune pret pe verificarea calitativa... si nici furnizorul din romania. nu ma mai chinuiesc cu returul... ma costa aproape cat husa. o sa mai caut alternative.    nu recomand...;1
3245;foarte slab calitativ    a venit zgariata     atentie, nu are 2 straturi, ca alte folii calitative, are doar 1 strat care se da jos ca sa o poti lipii pe display si atat     claritate dupa aplicarea foliei este execrabila     de evitat;1
3246;baterie fake! nu recomand;0
3247;pentru standard 10.1 este prea mica....;0
3248;surubul ar trebui strans cu un cleste pentru a sustine un s7.  o sa il returnez.;0
3249;e inte-adevar de unica folosinta. l-am folosit o singura data pentru a-mi incarca iphone-ul. a doua oara s-a desprins mufa din incarcator si a ramas infipta in telefon. tin sa precizez ca nu l-am fortat sau bruscat.  super produs! photos.app.goo.gl/psgmxp1zmndvyhrs2;0
3250;nu recomand sub nici o forma! nu deschide nici o aplicatie de pe telefonul iphone! il poti folosi doar la preluarea apelurilor telefonice si sa ti contorizeze pasii pe care i faci zilnic! nu merita banii pt ceea ce face!;0
3251;nu o recomand. acum un an am retrimis-o in service imediat ce am primit-o iar acum sunt nevoit sa o trimit din nou;0
3252;nu ma pot conecta la bec folosind aplicatia sugerata. in plus, eu unul am primit un bec smart bulb nu cel din anunt.;0
3253;la prima vedere arata exact ca si castile earpods de la apple, dar acestea sunt fake. calitate audio slaba, microfon de proasta calitate, butoanele fac fite uneori.  nu se compara cu castile earpods originale. nu recomand!;0
3254;dupa ce a stat toata noaptea la incarcat, a doua zi, mi-a incarcat un amarat de j5 pana la 50% si a murit. eu cunosc produsul pentru ca am mai avut unul la fel dar acesta este un rebut pe care emag l-a bagat la resigilate.;0
3255;am primit acest produs destul de greu (o saptamana). nu este deloc ce ma asteptam sa fie. e doar o sticla neagra care reduce foarte mult din luminozitate. in soare slab nu vezi nimic. din lateral vezi tot (nu stiu ce inseamna la ei 30 de grade, probabil calculat din spatele telefonului). sticla are o deformare pe lateral care e din fabricatie deoarece are o forma zici ca este topita, logic ca nu s-a lipit in zona aceea si a ramas o bula de aer dedesubt. dezamagit total de produs. nu recomand asa ceva.;1
3256;boxa am lasato la incarcat 12 ore si dimineata am vrut sa ascult muzica dar nu merge sau merge doar daca o tin la incarcat nu merita. nu are mufa aux prin jack 3,5 mm. am cumparat 3 bucati si toate sunt la fel nu se incarca.;0
3257;produsul este slab, nu functioneaza asa cum ar trebui.  il incarci, faci 2 poze si nu mai are baterie.  nu recomand.   la o temperatura de -10 grade nu a mai pornit! trebuie sa stai cu el conectat la baterie externa non-stop pentru a-l putea folosi!;0
3258;de obicei nu sunt asa de vocal la review-uri dar boxa asta chiar m a enervat, se aude destul de incet, in comparatie cu telefonul avea doar putin bass volumul nu era mai mare.   nu stiu daca asa sunt toate modelele phillips dar asta e pur si simplu o mizerie, am returnat o in aceiasi zi.  nu o recomand.;0
3259;ceasul nu este bun de absolut nimik este o chinezarie care nu isi merita bani nici umpic;0
3260;in cazul meu experienta este una foarte neplacuta cu acest produs. am un samsung s6 iar dupa primele gropi sau hopuri deja ventuza se dezlipeste fie ca este lipita pe bord fie parbriz, ca sa nu mai spunem ca suportul cade cu tot cu telefon existand riscul ca ecranul sa se sparga.... problema cea mai mare este ca am facut proba de a lasa suportul lipit fara telefon si nici asa nu sta lipit.... poate este o problema stric la suportul achizitionat de mine pentru ca vad foarte multe pareri bune, ceea ce m-a facut si pe mine sa il achiziontionez. dar mai pe scurt nu recomand acest produs datorita ventuzei care este de o calitate foarte, foarte, slaba.;1
3261;am cumparat acest acumulator in luna aprilie si pot sa spun ca doar prima data cand l-am utilizat mi-a incarcat rapid telefonul pe portul de 2.1 a. de atunci abia incarca telefonul si se descarca si 70% dupa o incarcare.;0
3262;scuze chiar n-am vrut zic niciodata ceva rau despre vre-un produs de pe emag. dar dupa 4 luni de utilizare cardu a cedat o data cu el si datele mele.;0
3263;slaba. foarte incomoda.;1
3264;nu recomand!... dupa prima incarcare ( mentionez ca sesizorul la incarcare nu este functional) de 20 ore, am ascultat un stik cu muzica, aproximativ o ora si 40 minute, dupa care ”power of”, si s-a inchis, daca se asculta cu volumul aproape de maxim, nu are autonomie nici macar o ora. puterea nu cred ca depaseste 10 w. deplorabila... ma gindesc sa o returnez.;0
3265;rusine, nu merge;0
3266;aceste casti sunt foarte proaste din toate punctele de vedere. in afara faptului ca sunetul se aude foarte prost (mai rau ca din canal), nu functioneaza microfonul..., ce sa mai zic. foarte dezamagit de alegerea facuta. problema e ca am dat 7 lei pe casti si 16 lei pe transport. sper sa recuperez si banii de pe transport.;0
3267;nemultumita!;0
3268;si-a facut treaba doua cicluri. la a treia incarcare a murit! maine il voi ingropa... pardon, returna!;0
3269;"il folosesc de trei luni deja si nu sunt deloc multumita.  nu are acuratete la inregistrarea somnului (daca stai nemiscat o perioada, inregistreaza ca dormi) - spre deosebire de fitbit, care este mai acurat din acest punct de vedere.   nu masoara bine caloriile arse si ritmul cardiac - la acceasi activitate, in zile diferite, a inregistrat un consum de 4 ori mai mic de calorii arse (200 si ceva in prima zi, vs vreo 50 in ziua urmatoare pt 30 minute de efort).  am patit de cateva ori sa se inchida de la sine si sa nu il mai pot porni decat resetandu-l.  nu se sincronizeaza cu aplicatia de pe telefon (deloc de mai bine de 6 saptamani, si pana atunci, mai mult era desincronizat decat sincronizat). pana de curand se sincroniza la calculator in momentul cand il puneam la incarcat. mai nou nici asa nu vrea.  un motiv pentru care l-am luat a fost ca puteam sa imi personalizez activitatile, si sa adaug altceva fata de lista lor predefinita; din pacate nu a durat, pentru ca le citea drept fisiere virusate si nu le deschidea. am ""pierdut"" multe activitati in felul acesta. pentru cineva care chiar isi monitorizeaza alimentatia si activitatea fizica, nu e prea placut.  astfel ca, sa dai si o gramada de bani pe el, si nici sa nu il poti folosi decat ca ceas, mai bine nu!!!";0
3270;foarte dezamagita! o am de o luna si deja nu o mai pot folosi. telefonul se opreste cand am 50 % baterie, nu tine incarcat nici 2 ore.;0
3271;nu recomand. bateria se descarca in 3-4 zile, se reseteaza singur, se blocheaza touchscreen-ul.;0
3272;o mare prostie de acumulator, are o viteza de incarcare execrabila(atat sa se incarce acumulatorul cat si la incarcarea vreunui dispozitiv cu acumulatorul)    mai bine va bagati un bat in fund decat sa cumparati porcaria asta;0
3273;pro: a fost cadou la comandarea unui alte bratari fitnes, indica ora  contra: nu prea functionaza nimic din cele incluse in descriere, cade foarte usor, nu arata bine deloc.  nu merita nici 15 lei;1
3274;nu incarca cum scrie in specificatii.;0
3275;cele mai proaste castii pe care le-am cumparat in viata mea, no bass, no sincron.;0
3276;se aude gajait. nu recomand. bateria tine cam 5 ore in continuu de redare muzica;0
3277;mizerie de produs.  nu merge pe google pixel xl 2, razer phone, nexus 6p (facut de hhuawei) chiar daca in specificatii scrie universal!;0
3278;boxa in sine este relativ ok, dar este o chinezarie ieftina care nu are nicio treaba cu detaliile tehnice prezentate pe site, respectiv putere 300 w. din discutia purtata anterior cu reprezentantul selling depot a rezultat ca nuscoate 300 dar 150 sunt garantati. in realitate scoate maxim 30 w, iar volumul este instabil (scade independent la 0), fiind necesara folosirea repetata a telecomenzii. cred ca ar trebui mai multa atentie din partea e-mag si a anpc fata de colaboratorii care fac reclame false produselor.;0
3279;dezamagit totat de chinezi sau japonezi, cine o fi facut castile astea...;0
3280;nu incarca;0
3281;produsul este de slaba calitate.  contra:   -dupa 4 zile de utilizare a aparut o gaura la 3mm de margine (fara sa il fi lovit).  -la lumina soaelui are o tenta de alb, pur si simplu reflecta lumina.  -marginea este abaziva.  pro:  -protejaza ecranul.  concluzie:  mai bine mai pui 10 lei si iei ceva de calitate.;1
3282;slaba calitativ;0
3283;am cumparat unul la fel, nu de pe emag, dar la un pret ok. am crezut ca specificatiile sunt reale, minciuni. este o jucarie. s-a stricat dupa o perioada scurta si nefiind folosit decat o data pe luna. nu cumparati niciun ceas din gama aceasta, sunt niste facaturi.;0
3284;nu mai primeste semnal pentru cartela sim! cartela sim este in reteaua vodafone! a functionat timp de o luna si pe urma gata, am sunat la firma care la vandut si mi sa spus ca o sa fiu sunata inapoi!intrebarea cand?;0
3285;sunt extrem de proaste calitativ. nu se conecteaza simultan (pairing). iar una se aude mai tare decat cealalta.;0
3286;este o porcarie.  nu se potriveste in ureche.   bateria nu rezista nici 4 ore.  coletul a fost sigilat de catre firma de curierat. in interior cutia a fost rupta, deci nu pot face retur.;0
3287;in descriere se precizeaza incarcare rapida, nu are incarcare rapida (fast charger), nu are iesire de 5v, 9v, 12v doar de 5v cu 1a desi are si o iesire de 2a tot 1a scoate.;0
3288;sistemul de prindere foarte prost. kindle-ul iese foarte usor din husa. am comandat alta husa, la un pret simtitor mai mic, iar sistemul de prindere e ceea ce trebuie. are un design frumos, dar doat atat. dezamagita!;2
3289;desi in descrierea produsului este specificat ca magnetul ii foarte tare si poate sa tina si o tableta, va zic din experienta ca nici un oneplus 5t nu poate sa tina drept.;0
3290;nu are 10000, abia apuc sa incarc telefonul o data si mai putin de jumatate (telefonul are vreo 3200). nu recomand;0
3291;foarta slaba tine doar cateva ore;0
3292;adaptorul nu este bun. lacasul in care se pune micro simul trebuia sa fie putin mai adanc, iar grosimea adaptorului putin mai mica. din cauza asta nu intra adaptorul in telefon.;1
3293;la o saptamana de la cumparare, modulul pentru pasagerii din spate nu mai functioneaza.;0
3294;foarte slab bateria tine cateva ore nu recomand;0
3295;nu e ca si prezentarea, e o oglinda prin care nu poti sa vezi, reflectia imaginii de pe telefon e de slaba calitate si daca ai ghinionul sa fie soare, te si orbeste. eu l-am dat jos de pe bord.;0
3296;l-am achizitionat acum 3 zile.  iar astazi s-a stricat.  pretul isi zice parerea.;0
3297;casti foarte proaste se aude mai mult inaltele bass mai deloc am loat altele la 10 lei si se aud de 100 de ori mai bine. bani aruncati aiurea;0
3298;in descriere soune ca mareste de 35 x, in realitate mareste mai putin decat o luneta de 9x.  cred ca marste de 2-3x;0
3299;acesta nu este un smartwatch, este o jucarie din pungile cu pufuleti. ecranul este penibil, iluminarea e o gluma - in caz de apel sau sms clipeste pictograma de pe ceas de trei ori ( mi-ar fi placut sa clipeasca pana ajungeam la telefon sa vad apelul ratat / sms necitit ). daca vrei sa-i inlocuiesti bateria trebuie sa mergi la sala ca sa-i poti pune capacul la loc. pretul intreg de 404 ron este exagerat pentru un asemenea produs penibil, a fost achizitionat la reducere cu 114 ron, pret care mi se pare mare pentru un produs penibil. va fi o jucarie ideala pentru copii.  nu recomand produsul.  arata mult mai bine in poza decat in realitate.;0
3300;acumulatorul de 10000 mah (cum scrie pe el) nu este in stare sa incarce wireless un telefon cu o baterie de 3500mah nici macar 70%. inca de la inceput mi s-a parut dubios pentru ca dupa prima incarcare a ajuns la un 45% si a murit. apoi viteza de incarcare este extrem de mica. cei 70% se incarca in cca 2 h  am incercat si folosirea cablului propriu pe usbul care zic ei ca este de 2 a. nici acolo nu se incarca mai repede si nici semnificativ mai mult.   oricum am incercat nu am reusit din 10.000 mah sa incarc o beterie de 3500mah... judecati voi mai departe!;0
3301;acum 6 luni(~15 decembrie 2017) mi-a venit aceasta tableta, dupa 5 luni de folosire s-a stricat si am trimis-o sa o repare, transportul a fost achitat de ei. iar a doua oara cand s-a stricat, am procedat la fel, dar a fost respinsa de catre cei de la vonino deoarece nu am achitat transportul in conditiile in care prima oara nu a avut nicio problema. vreau sa mentionez ca la momentul respectiv tableta era vanduta de vonino.;0
3302;pro: bateria tine 2-3 zile, semnal bt bun, putin lag la comenzi (de soft chinezesc)  contra: sunet foarte slab (in ambele sensuri)  cel mai grav: dupa doua luni i s -a rupt cureaua. defect de fabricatie. cureaua este fixata prin lipire (are un adaos de plastic cu doua gaurele care se fixeaza pe doi pini din carcasa) pur si simplu a crapat acel adaos. imposibil de reparat.;1
3303;"o sa ma limitez strict la lucruri concrete pentru ca daca o sa scriu amanuntit parerea mea o sa arunc prea multa frustrare pe internet. unul din principalele motive pentru care am achizitionat acest ceas a constat in compatibilitatea sa cu windows 10 mobile. un alt motiv a fost bucuria ca un astfel produs de calitate s-a nascut in romania. primele doua luni de utilizare ceasul a functionat cu un android si interactiunea a fost impecabila. ulterior am trecut pe lumia 950 (imi place w10) si interactiunea a functionat. mai anvoios, dar a functionat. ulterior am aflat de preluarea vector de catre fitbit si ca proiectul nu va continua dar ca, in principiu, se va acorda suport in continuare. problema critica a intervenit cand w10 a primit creators update, iar de atunci ceasul nu mai poate interactiona deloc cu telefonul, partea smart a disparut complet. cei de la vector au promis un update al aplicatiei care sa rezolve problema, cu eta sfarsitul lui mai iar astazi au anuntat ca aceasta rezolvare este amanata pe termen nedeterminat, din motive tehnice. tot ceea ce afirm aici este probat si de postarile din forumul de pe situl vector, cei interesati pot sa vada ca sunt foarte multi nemultumiti acolo. opinia mea este ca e doar o problema de timp pana cand si un update de android va provoca o problema similara. in concluzie nu recomand achizitionarea acestui ceas. este un obiect excelent finisat, solid si fiabil, ar fi putut fi smartwatch-ul perfect pentru mine si pentru multi altii dar acum ramane doar un ceas care nu mai merita componenta ""smart"". ma consider mintit de producator implicit de cei care afiseaza vechile caracteristici ale acestui produs.";2
3304;este o folie mult mai mica decat suprafata ecranului ramane nelipita pe contur, in concluzie o tzeapa;1
3305;am achizitionat acest acumulator pentru ca se lauda ca incarca cu 2.1 a... incarca cu max. 1a... asta conform masuratorilor facute cu aplicatia ampere. cu cablul original incarca cu max.0.5a. pentru a ajunge la performanta de 1a am folosit un cablu mai bun.;0
3306;am acordat o stea doar pt. design.  - se conecteaza foarte greu cu aplicatia prin bluetooth chiar devine enervanta  - vremea o arata cu decalaj de 4-6 ore fata de fusul orar setat pe bratara  - masuratorile sunt aproximative, tensiunea arteriala arata total eronat (nu recomand pt. asa ceva)  - bateria tine foarte putin, o zi jumatate cel mult, in standby cam 5 zile fara sa aprinzi ecranul.  - contactele de incarcare s-au oxidat si nu mai merge incarcata bratara.  am incercat sa fac retur dar nu raspunde nimeni la telefoon, rusine emag ca lucrati cu astfel de firme de apartament.;0
3307;nu stiu altimetrul sau alti senzori, cel de puls imi arata cand 31 cand 105, iar eu sunt la calculator. noaptea nu inregistreaza detaliile somnului. toate acestea desi am schimbat in service senzorul o data, la depanero. fisa de service spune ca au schimbat: baterie, capac si placa de baza.. aceleasi probleme... nu inteleg. daca nu ar fi trecut cele 30 de zile, as returna produsul.;0
3308;aplicatia este foarte slaba, nici macar nu are limba romana, si localizarea merge foarte prost.;0
3309;"sunt client emag de mult timp. penrru prima data nu sunt satisfacut de produs. desi constructia lui e buna, firul e solid, prin usb la calculator nu incarca deloc un nexus5x, e conectat pus pe modul de incarcare nu transfer poze, dar am afisat ""not charging"" si chiar vazusem un comentariu de la cineva care are tot nexus 5x si e multumit. cablul are 1m.";2
3310;sensorii sunt inconsistenti  ecranul este dreptunghiular.;1
3311;[priza cu afisare a consumului, 3680w, ip20, alba]  denunirea produsului este o minciuna, nu afiseaza consumul, este o banala priza programabila cu display;0
3312;"emag, daca nu-mi autorizati review-urile negative le voi posta pe facebook unde sunt sanse mari sa le vada mai multa lume decat aici.  review-urile pozitive ati binevoit sa le postati, cele negative inca asteapta ""aprobare"". serios?   asta numai transparenta nu este! e chiar lipsa de respect!     revenind, urmeaza review-ul.    dupa ce l-am comandat in data de 21.07.2017 si a ajuns in showroom abia in data de 08.08 (deci aproape 3 saptamani) fara sa fiu anuntat (am dat vreo 10 telefoane si am primit multe scuze... scuze cu care o sa fac... nimic), surpriza! cred ca este singurul incarcator cu care iti... descarci telefonul. super tare!   l-am cuplat la telefon, s-au aprins beculetele, 2 din 4 (albastre, foarte frumoase de altfel... 4 in total, dispuse usor in diagonala, intr-o maniera oarecum stilata, sunt discrete, nu te orbesc... ce mai, un adevarat spectacol de lumini acolo, nota 10).   problema e ca e un incarcator ci nu un stroboscop. ma bucur ca led-urile sunt ""marfa"" dar nu pentru asta am comandat incarcatorul!:)))    revenind, dupa cateva minute de utilizare a telefonului ma uit la statusul bateriei si vad ca are mai putina decat avea cand l-am pus la incarcat... dupa ce ma mir un pic, ma uit la acumulatorul extern si surpriza, nu mai functionau beculetele! oh, nu! nu beculetele!:)))  din pacate nu functiona nici incarcarea.   ca o persoana normala, am apasat pe butonul de power al acumulatorului si miracol, asta a facut sa ""se"" repare... ati ghicit, beculetele led! super tare! ataaaat (vorba aia...)!:)))  din intamplare ma uit si la statusul bateriei telefonului si... aparuse un fulger acolo, semn ca se incarca...   dupa ce ma bucur, dar nu mai mult de 10 minute glorioase (deh, functionau led-urile, stiti cum zic?:))) ), surpriza... no more leds! why me, why??:)))     serios acum, cand il porneam erau cel putin 2 beculete aprinse constant, ce inseamna, in mod normal, ca are stocata undeva la cel putin 2.000-3.000mah presupunand ca are in total ~8.000mah. dupa 10-15 minute incarcarea se opreste si incarcatorul se inchide de la sine (repet, cu primele 2 beculete fiind aprinse in mod constant).    in alta ordine de idei, arata frumos, combinatia de culori imi place dar plasticul din care este realizata carcasa se murdareste foarte usor si parca ""tine"" urmele de orice fel.    mare atentie, are doar o iesire de incarcare (out) si doua intrari (in) (desi nu inteleg de ce, ar fi fost logic sa fie invers... speram sa fie o eroare in descriere dar aparent nu este).    o sa incerc o ""formatare"" si revin cu modificarile de rigoare daca va fi cazul iar daca nu, pastrez review-ul asa cum este si il voi returna sa incerc unul dark gray, arata si mai bine si sper sa nu prind tot unul cu probleme.";0
3313;nu arata temperatura corespunzatoare;0
3314;mecanismul de inchidere al curelei este prea sensibi si se deschide accidental foarte repede.    pentru mine a fost imposibil de folosit si drept urmare am facut retur.;1
3315;o mizerie de plastic de foarte proasta calitate ce nu sta in pozitie de nici o culoare cum mergi putin incepe si cade in jos nu cumparati asa ceva;1
3316;dupa aprox. 5 incarcari nu se mai incarca.. obiectul garantiei nu-l mai face pt. ca l-am scapat o data, nu foarte tare, si s-a crapat carcasa.. cocluzia: ghinion!;0
3317;dupa doua luni de folosire s-a blocat l am trimis in service si nu mai putut fi reparat, bateria tine foarte putin cam o zi, apelurile preluate pe ceas se aud foarte rau, am fost foarte dezamagit de el;0
3318;este mai mica decat telefonul. pusa aliniat la marginea din dreapta ramane aproape 3mm pana la cea din stanga.;0
3319;slab, nu recomand pentru telefon sau tableta, nu il vede tot timpul.  produs testat pe telefon si tableta, aceiasi problema!;0
3320;nu e ok.   bratara se deconecteaza des de la telefon.   bani aruncati degeaba.;0
3321;am comandat 2 bucati dintre care unul are cablul defect. sunt dintr-un plastic ieftin care pare sa se strice in orice moment, iar cablurile sunt foarte firave. astept sa-mi raspunda cineva pentru retur.;1
3322;incarca foarte greu. daca vrei sa stai si pe telefon in acelasi timp ramane nivelul baterii la fel ( macar nu scade).   nu recomand! am luat si 2:));0
3323;folia de sticla nu acopera tot ecranul, la fiecare latura ramane un spatiu de aproximativ 1,5 mm.;1
3324;nu a functionat inca de la inceput avand probleme cu conectarea la aplicatie, tel folosit asus;0
3325;dupa 3 utilizari, una dintre casti nu mai functioneaza. nu recomand!;0
3326;nu are putere sa incarce... stau cu gps-ul pornit pe telefon si incarcatorul nu face fata... pana la destinatie s-a descarcat...;0
3327;produsul are un adaos de cel putin 300 %. nu calitatea este problema, ci pretul! pretul reflecta calitatea reala a produsului dar nu cel afisat.. ci cel real;0
3328;ecranul este foarte sensibil si lasa urme. catarama se inchide foarte greu. dupa aprox. o luna ceasul s a inchis pur si simplu si nu sa mai deschis. la inceput am crezut ca sa descarcat si l am bagat la incarcat dar degeaba, nu sa mai deschis.:( nu sunt deloc multumita!;1
3329;nu clipseaza bine in telefon, nu incarca rapid. nu pare nici pe departe original. il returnez.;0
3330;cardul vine formatat ca si fat32 iar cu aceasta optiune cardul acesta ori este o gluma proasta, ori am prins eu un produs defect. insa la mine, testat pe doua dispozitive distincte, cu adaptor si fara adaptor, vizeta de scriere nu a depasit niciodata 700 kb/s (kilobytes pe secunda) la scriere si 9 mb/s la citire.    asta inseamna ca un fisier de 1gb ia mai mult decat 20 de minute sa se transfere si ca sa umpli cardul complet iti trebuie 50 (!!!) de ore.   daca faci poze cu un aparat foto de 24 mp ii trebuie cca. jumatate de minut sa scrie o poza in format raw pe card sau 8 secunde pt un jpeg, ceea ce il face total inutil.    l-am reformatat exfat (la ntfs dadea eroare) si nici asa nu a crescut viteza deloc. scrie 7-10 secunde cu 4 mb/s si apoi scade la 600 kb/s si tot asa ramane.    l-as returna instant, dar am rupt si aruncat ambalajul original (cine s-ar fi gandit ca e chiar atat de slab...).;0
3331;daca e made in china...3 saptamini a functionat...si s-a umflat...;0
3332;este o porcarie l-am primit azi doar ceasul functioneaza nu se conecteaza la niciun tel 3 telefoane am incercat nu recomand la nimeni;0
3333;nu s-a incarcat nici in decursul a doua nopti.... nu recomand!!!!!!!!!!!!!!!!!!;0
3334;durata de viata a dispozitivului este destul de scurta. l-am bagat in priza si am conectat un cablu usb fara nici un dispozitiv atasat la el. in clipa urmatoare a facut scurt si s-a ars.;0
3335;o mizerie de casti, ideea e sa-ti stea pe ureche cand faci miscare, nu stau cum trebuie nici cand stai pe loc, pur si simplu iti cad din ureche indiferent ce marime de cauciuc ii infingi in capat.;1
3336;produs achizitionat de la flanco prin intermediul emag. a functionat 6 zile!!! grija mare pentru pfa-uri - nu se poate returna doar repara!!!! omg!!!!;0
3337;l-am utilizat o singura data si nu mai functioneaza.  nu gasesc conditii de garantie pentru alimentatorul cumparat cu 11.72 lei.;0
3338;este acel produs care de la prima utilizare iti lasa de inteles cat de proasta a fost alegerea facuta din punct de vedere atat financiar dar si calitativ. daca de la prima utilizare -doar un mic test- prezinta semne vizibile de deteriorare, iti dai seama ce se va intampla la utilizare zilnica, cred ca dupa prima saptamana deja la gunoi unde ii este de altfel locul. si ca sa fie un deliciu complet vei plati si transportul retur pentru ca partenerul emag considera ca ti-a vandut un produs de calitate numai tu -clientul esti un pretentios si jumatate. si mai trist e ca emag iti pune vina in carca ca sa spun asa ca nu ai verificat ca produsul nu apartine emag ci unuia din parteneri.;0
3339;am tinut o la incarcat 12 ore a mers 10-15 minute;0
3340;am un telefon cu o baterie de 4.000 mah..... teoretic ar trebui sa imi incarce bateria de 2 ori si jumatate.... de abia imi incarca aproximativ o singura tura toata bateria externa...;0
3341;am primit produsul, l-am pus la incarcat, dar cum il deconectez de la priza imi arata ca nu este incarcat deloc.. sunt f dezamagita!!!!;0
3342;update: la o luna dupa ce a iesit din garantie s-a stricat. nu se mai incarca.  acceptabil. nu se poate incarca telefonul in timp ce se incarca acumulatorul;0
3343;folie contrafacuta!  nu acoperata toata suprafata si nici vorba sa fie modelul original (produs de asus).  am si dat-o jos si aruncat la gunoi, mai bine fara pana gasesc ceva mai bun.;0
3344;un produs de cea mai slaba calitate. se descarca in doua- trei ore. nu recomand deloc.;0
3345;am pus suportul pe bord si cand am actionat clapa de prondere s-a rupt!   este un produs ce nu merita cumparat!!!;0
3346;nici macar nu a pornit. si am ales sa primesc alta in loc sa fac retur. mare greseala. nici a doua nu a mers.;0
3347;am achizitionat acest cablu acum cateva zile!  magnetul este f slab, trebuie asezat in pozitie cu mana, singur nu trage cablul, iar cele doua cabluri (auriu si argintiu) nu sunt compatibile!  mentionez ca mai am cabluri magnetice de la alte firme si sunt f bune! acesta ar merita 0 stele!  nu recomand!!;0
3348;am cumparat boxa acu 5 luni la inceput mergea foarte bine ma tinea bateria 6 ore dar acu dupa un timp la volum minim bateria ma tine 2 - 3 ore maxim;0
3349;o porcarie de ceas am dat bani degeaba materiale de proasta calitate fiind pentru copii ar trebui sa fie mai rezistente iar gps nu este bun de nimic;0
3350;calitate proasta!!;0
3351;l-am folosit de 1 an de zile. plasticul casabil - s-a rupt un piciorus dupa 4 luni, desi nu a cazut (a stat prins mereu in geam). dupa 2 luni dupa ce a iesit din garantia de la emag s-a rupt sustinerea de la ventuza. acum e bun de aruncat;1
3352;nu sunt bune! la jocurile care trebuie sa folosesti microfonul nu merg deoarece se aude doar sunetul de pe fundal si tu nu te auzi!!! total dezamagitor;0
3353;am luat in alt magazin acest card, dar nici 10 lei nu merita... l-am luat in martie... l-am folosit in telefon, am copiat rar pe card, am stocat datele pe el... in iunie a crapat. mai are 3 gb loc liber, dar nu pot sa copiez nimic pe card, nu-l pot formata... s-a dus in.... cand un card devine read only, ca si asta al meu, atunci urmeaza si moartea cardului in scurt timp... deci 50-60 de lei, ca sa ai un card de memorie 4 luni, pe care abia ai copiat ceva.... tre sa fi prost sa alegi cardul asta.....;0
3354;dragi compatrioti nu ati invatat nici acum ca samsung trebuia sa ramana la mixere si periute de dinti! incercati don gama apple, dati un ban in plus dar nu se va bloca niciodata nici chiar peste 5 ani;0
3355;groaznica, nu este precum descrierea;0
3356;"sunt extrem de proaste! dupa doua melodii ascultate pe yt ""batery low"". bateria tine 10 minute maxim, una dintre cele doua casti gajaie, nu merita niciun leu. le am primit azi dimineata iar acum merg sa le dau retur. plus ca au un buton care nu merge, dar asta am vazut ca e valabil pt toate, nu au ale mele un defect, nu stiu de ce au mai pus acel buton pe ele daca nu e functional.   dezamagita total de aceste porcarii, nu crede ca emag vinde toate prostiile chinezesti.";0
3357;am achizionat una dar am returnat-o la 3 zile de proba. sunetul era bun, dar cand porneam microfonul se oprea muzica si scotea un miros foarte urat de plastic incins.;0
3358;nu se conecteaza amandoua simultan. se aude foarte rau si nu ar pot folosi cu orice telefon. nu pot fi folosite deloc;0
3359;am cumparat 3 incarcatoare pe data de 5 ianuarie. in nici 2 luni toate 3 sunt stricate nici unul nu mai incarca. nu recomand sunt extrem de slabe calitativ.;0
3360;dupa prima utilizare ventuza s-a dezlipit de pe suport telefonul se misca.;0
3361;cea mai proasta baterie pe care am avut-o, s-a umflat dupa 2 saptamani si s-a dus dupa o luna, nu recomand!;0
3362;m-am lamurit singura, nu functioneaza in toate retelele din romania!!! doar orange, vodafone si mai apare cosmote dar nu cred ca mai exista reteaua..... ceasul nu functioneaza decat ca si telefon, pt aplicatii, poze sau altceva trebuie un card de memorie! iar gps nu exista decat daca tii bluetooth pornit si nu te departezi mai mult de 2 metri de telefon, ca altfel pierde conexiunea!;0
3363;este o boxa fake care nu seamana deloc cu ce este in imagini iar membrana de la boxa nu se misca deloc este doar de forma iar boxa este din foarte proasta calitate;0
3364;nu il recomand. a functionat pana la prima incarcare.;0
3365;are o luna de zile de cand am cumparat-o si de ja nu mai merge sa blocat ecranul pe un desen care se juca fiul meu;0
3366;nu se asociaza cu telefonul nu este vizibil am sa-l trimit inapoi o chinezarie de doi lei.;0
3367;pentru android aplicatia nu mai exista (nu stiu pt ios).... cu toate ca pe site, pe cutie ai atat qr code pt descarcare cat si adresa web.  se conecteaza prin bt la telefon si atat. nu poti vedea nimic.;0
3368;foarte dezamagit! l-am cumparat cadou de craciun si nu am reusit sa il sincronizez cu telefonul. a trebuit sa il returnez.;0
3369;se strica foarte repede!;0
3370;huza este de o calitate indoelnica, s-a cojit toata dupa doua zile si a lasat si multa culoate pe tableta cea noua!;0
3371;nu recomand. nu poate sa tina un lg v20, cade orice i-ai face.  am inlocuit partea cu magnet cu clema de sustinere de la un alt suport samsung care avea ventuza si a carei ventuza se desprindea de parbriz.;0
3372;cel mai prost ceas, dupa 3 luni de functionare nu mai incarca, deci prin urmare pot sa l arunc! nu recomand;0
3373;- pe portul usb din laptop nu detecteaza iphone-ul de fiecare data (50% din cazuri)  - ca si bratara, are un element metalic care agata firele de par de pe mana incontinuu si e aproape imposibil de scos fara sa deteriorezi cablul pe care il inveleste  - cablul conectat la incarcatorul de masina nu functioneaza niciodata.    concluzie: l-am returnat si nici nu recomand;1
3374;are probleme cu data si ora, nu pot fi reglate. am vazut ca au mai intampinat si alti aceeasi problema. nu am reusit sa ii setam ora si data.;0
3375;este foarte slaba, se aude foarte incet.  nu o recomand;0
3376;cel mai slab ceas posibil, intr-o saptamana mi sa rupt capsa cu care se inchide, bateria a venit cu ea umflata, facebook, whatsapp, nu merg. daca primesti mai multe mesaje se blocheaza. nu recomand face aceleasi lucruri ca un ceas la 50 de lei.;0
3377;"nu recomand! sunt niste casti lowcost, cu toate ca ele costa 56 de lei. in primul rand pe cutie scrie ca ar fi trebuit sa primesc si o ""carrying case"" acest lucru nu s-a intamplat. dar, ce mai deranjat cel mai tare a fost faptul ca una din casti nu avea acea membrana protectoare de praf... pur si simplu este o gaura, unde poate intra fara grija orice impuritati!    cel mai bine, cumparati de la o firma cunoscuta chiar daca platiti putin mai mult!";0
3378;am achizitionat un incarcator pentru samsung j5 2015 acu. cateva luni si s-a ars la prima incercare si era sa imi ard telefonul. este in garantie dar nu se merita.;0
3379;dupa un timp ventuza s-a topit de la soare!;0
3380;nu mi merge casca dreapta!!!! nu am primit nici incarcatorul si au ajuns dupa 3 saptamani de cand le am comandata!!! nu recomand!!;0
3381;nu cumparati, incarcatorul nu stan in bricheta masinii, nu se potriveste la nici o masina la care l-am incercat, efectiv iese afara din bricheta...;0
3382;foarte prost, nu are nici un fel de lipici si prinderea nu trage deloc, nu recomand o risipa de banii;0
3383;a venit fara fir-ul type c cum fals este prezentat in poze sau in descriere ( interfata de iesire type c );0
3384;dupa 3 luni de folosinta butonul de deschidere a clapetelor se blocheaza astfel incat la fiecare asezare a tel in suport trebuie sa-l deblochezi manual pentru a reveni la pozitia initiala.;0
3385;"memoria nevolatila este impartita in 2:   - 0. 89gb pentru instalare aplicatii ( deja 1/3 ocupat)  - restul pentru diverse documente;  nu vei putea nici macar sa faci un update complet pentru aplicatiile deja oferite (ex.: sygic), la cateva harti; nu vei putea sa iti instalezi aplicatii pe ea, decat numai cateva porcarii de 20-50mb, sau una singura mare, pentru ca ai numai ~500mb disponibili. nu se poate muta nimic pe cealalta partitie sau pe un eventual usd.  in consecinta, nu va recomand sa o cumparati, asa cum, din neatentie, am facut eu.  lipsa grava memorie (!!). viteza ok. calitate sunet execrabila. autonomie medie. suport tehnic la importator allview (visual fan brasov) execrabil (mi-au ""pastrat""(!!) sdcardul meu de 32 cu care am trimis-o la ei la diagnostic, nerezolvand nimic cu memoria). wifi mediu. calitate camere slaba. calitate display medie.";0
3386;incarcator de retea anker powerport 60w 6 porturi usb poweri... incarcator de retea anker powerport 60w 6 porturi usb poweriq alb - 2 ani garantie 1 buc 147 76 lei 103 43 lei 30% reducere;0
3387;1. cutia era desfacuta.  2. nu se incarca, nu incarca.;0
3388;o incarcare de iphone (cu o baterie de aproape 2000mah) si deja e 75%. nu cumparati, sunt doar niste acumulatori ieftini. atata dai, mai putin face.;0
3389;crapat cand a-m dat tipla    jos  , calitate slaba la rezistenta ,,;1
3390;din 5 acumulatori pe care ii are in cutie pentru greutate, 2 sunt neconectati. mai mult de 3000 ma nu cred ca are. recomand sa nu cumparati.;0
3391;produsul nu corespunde prezentarii de pe site! s a conectat la telefon prima oara si apoi nu a mai mers!;0
3392;husa arata ca si cum ar fi fost folosita 2 ani inainte. evitati;1
3393;un produs de foarte proasta calitate... eu l-am primit defect nu incarca bateria..;0
3394;am incarcat telefonul s7 de la 80 la 100% si bateria a scazut vreo 40 %... nemultumit ne descarca prea repede.;0
3395;sistem dificil de introducere extragere telefon. nu poate fi folosit cu o mana;0
3396;aceasta baterie este de 20.000 in realitate si nu este din piele cusuta doar un plastic negru, nu recomand! este o pacaleala;0
3397;casti slabe, bass-ul nu se aude decat atunci cand este apasata tasta de control. nu recomand;0
3398;am cumparat acest acumulator in urma cu o luna si capacitatea lui continua sa scada. la prima lui incarcare a dat un randament maxim urmand ca mai apoi sa se limiteze la un interval de 3000 - 4500 mah.;0
3399;trist foarte trist, nu a venit nici maca ce am comandat e o chinezerie ieftina, teapa bine rau planuita, va multumesc;0
3400;cea mai proasta boxa din toate nu tine bateria si se deconecteaza singura in timpul muzici foarte slab;0
3401;nu recomand!!! nu este bun de nimic.;0
3402;asta e o bataie de joc, nu-si merita banii, le am de 2 saptamani, le-am tinut in stare buna si tot s-a stricat o casca.;0
3403;dupa 3 luni nu mai are aceleasi performante ca in prima zi. cand o incarc scoate un sunet bizar.;0
3404;nu se ridica la nivelul asteptarilor.  nu se conecteaza cu samsung j2016, astfel incat nu se pot folosi aplicatiile preinstalate! probabil cu alte telefoane.... functioneaza!;0
3405;foarte nemultumita de produse. nu se potrivesc cu samsung s6 edge, am primit lentilele fisurate pe margine si nici macar nu se infiletau bine pe suport. nu recomand. sunt chinezarii.;0
3406;foarte proasta.  incarca cu 300 ma pe ora, adica ii trebuie aproape o zi intreaga sa imi incarce telefonul, am mai citit prin review-uri ca trebuie sa ii cumperi alt cablu, nu stiu daca era de la cablu si plus de alta, pai eu nu cumpar un produs sa ii achizitionez alte accesorii, de aici iti dai seama de calitatea produsului.  deci fffff prost.  nu recomand si pentru asta l-am dus inapoi.;0
3407;arata bine, cam ca o bricheta zippo. si a functionat ok la 4 _ 5 aprinderi, dupa care a murit. am pus o la incarcat pentru 12 ore dar nimic, nu se aprinde nimic. deci bani irositi. nu o sa o trimit inapoi pentru ca mi e lene, si ca mi a trecut de ea.;2
3408;"m-am luat dupa review-uri si am comandat acest telefon. a venit, l-am montat si atat. nu am putut sa ma bucur de el decat 4-5- ore cat au tinut bateriile cu care a venit si care erau putin incarcate. se aude bine, nu suna tare( desi asta cautam la un telefon fix) e lucios si negru. al meu nu incarca si nici nu recunoaste acumulatorii incarcati daca ii pui altii. am cumparat inca 2 randuri in afara celor cu care a venit si nimic. ii pui in el si vede bateria descarcata si se opreste. si ca sa evitam pe ""desteptul"" care o sa intrebe de care am luat ii spun de acum: daia care scrie in carte. il dau retur si cumpar ceva mai scump.";2
3409;"nici nu am apucat sa-l folosesc; cand sa-l montez, modulul albastru (in care intra firele) s-a desprins de restul releului. constructie defectuoasa, avand in vedere ca acel modul trebuie sa tina contra rigiditatii firelor, atunci cand se introduc in doza! 160 ron aruncati pe fereastra!";1
3410;calitate foarte slaba.   nu poate fi folosit decat la o singura incarcare a unui telefon normal. desi este prevazuta cu mai multe orificii usb, aceasta nu permite incarcarea simultana a mai multor telefoane. clar puterea indicata nu este cea reala.   nu recomand!;0
3411;din pacate sunetul este foarte slab. in conditii de liniste este ok dar in momentele de galagie medie cu greu poti auzi ceva. la galagie mare pur si simplu l-am inchis si am vorbit la telefon.;0
3412;un produs slab....;0
3413;intr-adevar arata foarte bine castile. dar nu se aude casca stanga se tot intrerupe. nu recomand!!!;0
3414;slab... de tot.. instalare zero(nu reusesc).. baterie foarte slaba tine maxim o 8ore.. regret banii dati pe el... m-am luat dupa recenzii si mi-am luat teapa..  as fi vrut sa il returnez dar din pacate a fost cadou de mos pt copil... asa ca ghinionul meu..  ps. a fost primul si ultimul produs cumparat de aici.;0
3415;nu recomand am mai cautat si pe alte site. uri si am gasit la pret original de 45 de lei internetul nu merge este doar de forma bateria tine putin si sa nu mai spun ca este firma neserioasa am facut plata cu cardul mi. au luat banii am anulat. o acolo au ramas nici ca ii interrseaza sa nu mai spun ca am avut ceva asemanator si cureaua nu tine prea bine se desface;0
3416;foarte slab. nu mai merge bine touch-ul. nu se lipeste bine. foarte proasta;0
3417;nu recomand. au venit rupti. nu sta pe cap. pt cei ce au telefoane de 6 inch nu recomand. capacul care tine telefonul se dechide greu. daca apleci capul se distanteaza.;1
3418;scrie nokia 1020 pe ea dar nu se potriveste, e cat jumatate de ecran.;0
3419;nu recomand am returnat.;0
3420;nu merge sa instalez aplicatii;0
3421;cumparat de la iphone gsm shop srl de sotia mea. o mizerie de cablu. nu e original!!! il voi returna.;0
3422;prost calitativa;0
3423;calitate slaba, incarcare grea. dupa 2 saptamani s-a stricat si nu a putut fi reparata.;1
3424;e chinezarie originala. se descarca foarte repede, maxim 2 zile daca sta incarcata. nu recomand.;0
3425;al patrulea acumulator in nici 2 ani si dupa 3 luni telefonul iara da simptome ca bateria s-a deteriorat (telefonul se restarteaza cand iti e lumea mai draga si se supraincinge). samsung are mari probleme cu acumulatoarele dar si cu partile hardware de la telefoane. cu parere de rau si dupa ce am avut si primele doua generatii de note, m-am hotorat sa renunt la telefoanele samsung.;0
3426;la 10 pasi facuti el inregistreaza 49, pulsul e pe langa, tensiunea oricum nu se masoara la incheietura, deci valoarea indicata nu e cea corecta.  daca ai transpirat putin, pulsul aratat e total eronat.;0
3427;folia nu e buna de nimic, nu se lipeste pe margini. nu recomand!!!;1
3428;mare pacaleala nu are instructiuni de folosire, nici incarcator si se aude ffff rau;0
3429;"am cumparat produsul in principal pentru ca am tensiune oscilanta si am avut recent si unele complicatii medicale pe aceeasi tema si am sperat ca avand pe mana o bratara care sa-mi masoare tensiunea oricind, voi putea avea o monitorizare mai buna a acesteia. in baza experientei personale, insa, nu l-as recomanda altora.     motive:  1. ceasul in sine e relativ ok, cu observatia ca butonul de navigare merge uneori destul de greu.  2. la partea de monitorizare a tensiunii arteriale pare sa aiba o problema cu algoritmul de calcul. avand in vedere ca am tensiune oscilanta, masuratorile imi aratau 117/77, 118/78, 120/80, 115/75, care par sa urmeze un pattern si o tensiune relativ stabile. care nu e cazul. am facut si comparatii cu un aparat standard, chiar daca stiu ca nu e la fel de exact, mai mult de curiozitate. in unele cazuri nu a fost de parte de el, dar de cele mai multe ori a fost. la fel la puls.  3. aplicatia in sine e cel putin aiurea. pe google play are un rating de 2.7 (screenshot atasat), cu multe minusuri. aplicatia nu e mentionata nicaieri in descrierea produsului si am avut suprize neplacute cu ea: consumul bateriei ceasului, sincronizari aiurea (lipsa date, date sincronizate cu intirziere), aplicatia reactioneaza greu la comenzile de pe touchscreen-ul telefonului, informatiile de pe telefon sint afisate cu o logica ciudata (de ex, la partea de monitorizare a calitatii somnului se afiseaza timpii ceva de genul ""ai dormit 5.87ore"" - as vedea mai util ""ai dormit 5hr 51min"").      dupa toate cele de mai sus, am decis sa returnez bratara.";0
3430;are bateria foarte proasta, nici 10 minute nu tine si se descarca.;0
3431;baterie de proasta calitate    din pacate pe mine m-a tinut bateria doar 5-7 ore;0
3432;cele mai proaste casti;0
3433;nu merita un pret asa mare. nu recomand sub nici o forma, plus ca stau de 10zile sa o dau retur si nu am primit nici un semn.;0
3434;l-am schimbat de 2 ori in cateva luni... pana la urma am renuntat si mi-am luat cabluri identice la 7 lei bucata.... nu am avut nicio problema cu ele pana acum si imi pot lua destule incat sa nu fac drumuri la depanero si sa astept 2 saptamani pana mi se schimba un cablu.;0
3435;pe post de obiect decorativ arata bine.  incarca maxim cu 550ma imediat ce il pui la incarcat si apoi oscileaza intre 10ma si 380ma.  folosit fara husa. telefonul are nativ incarcare inductiva.  se incarca mai rapid la pc prin usb2.0.  am incercat cu incarcator de 2a, de 1a si prin usb2.0 la pc. am schimbat si cablul de alimentare. incarca la fel.  se bazeaza pe faptul ca este ieftin si nu se merita sa il returnezi, platind transportul.;2
3436;incarca foarte greu, aproape deloc!;0
3437;bateria a functionat pana cand s a descarcat complet. apoi telefonul nu a mai incarcat o, afisand pe ecran un mesaj ca nu recunoaste bateria si ca accepta numai baterii originale lg.   acesta a fost cazul telefonului meu.... poate pe alt aparat functioneaza.....;0
3438;am cumparat aceasta boxa de blak fraiday, este de proasta calitate, am facut retur si din data de 23.11.2018 astept sa imi restituie boxa ca mi s-a refuzat reurul dar nu stiu cauza si tot sun si nu primesc decat raspunsuri de gradinita. multumesc emag cea mai serioasa firma;0
3439;nu se conecteaza cu allview-ul fetei  capacul negru cu switchul se misca,  a fost prafuit, parca a stat in cala la vapor 20 de ani  nu recomand, o sa-i fac retur;0
3440;nu merita si cardul pentru memorie nu merge!;0
3441;nu incarca mai mult de 1.7 a (telefon samsung s7 cu bateria la 3%)  nu recomand.;0
3442;tableta voastra nu o recomand la efectiv nimeni, se blocheaza mereu si trebuie sa o inchid ca sa isi revina si merge foarte greu. nu respecta comenzile cum trebuie si sigur cat de curand o voi trimite la voi pentru a remedia problema care o are. multumesc pentru sansa de a-mi exprima parerea si nemultumirea. o zi buna;0
3443;am un xs max, l-am prins si am plecat la drum, la nici jumatate de kilometru a picat telefonul.     magnetul nu este destul de puternic pentru telefoane mai grele.;0
3444;panarama de incarcator! cand incarca cand nu incarca.. daca incarca.. incarca greu;0
3445;am cumparat bratara si teapa.... nu se conecteaza cu samsung a8 2018, nu poti macar sa i reglezi ceasul. sfatul meu este sa nu dati 200 de roni ca altii sa faca avere pe seama noastra.;0
3446;povestea standard, prezentata si de altii: card > telefon > merge bine pana cand incepe sa aiba imagini corupte pe el > dat jos si de lucrat prin pc. ceva miraculos: daca stergi, iti arata ca sterge tot, dar apoi continutul e tot acolo! incerc formatare - write protected (cei care cred ca era zavorul pus, pot sa se opreasca din ras - nu era, si nici alte vraji de formatare joasa, schimbat proprietati readonly volum sau disc etc. nu au functionat). in virtutea garantiei de 4 ani, merg la reprezentata, care ma trimite la emag, pentru ca un card nu se repara (logic, dar asa scria pe garantie!). la emag, amabili - sa le dau cardul sa il trimita in service. logic. dar cand am intrebat cum sa dau un card pe care am date confidentiale - a dat din umeri, ca nu imi poate garanta confidentialitatea datelor. deci, daca vrei sa ti-l repare, risti sa te trezesti cu datele tale pe net. adica, garantie in conditii inacceptabile. adica, fara garantie...;0
3447;- ceasul se deconecteaza de la smartphone cand are chef. in general daca distanta depasea 2 metri.  - contrastul ecranului nu parea a fi ok;0
3448;nu recomand asa ceva daca vreti sa o folositi pentru karaoke...  im momentul in care vorbesti la microfon se reduce automat volumul la muzica si nu are vre-un boton ca sa poata fi dezactivata aceasta functie ca la alte boxe de acest gen...;0
3449;sistemul de prindere a telefonului in suport este foarte bun. sistemul de prindere al suportului in bord este foarte prost. rigid. am rupt o bucatica de plastic de la capacul ventilatiei din cauza lui. daca il labartezi sa intre mai usor, cade.;1
3450;costa prea mult si este de proasta calitate. in 6 luni dupa ce l-am cumparat, a trebuit sa cumpar altul pentru ca s-a stricat!;0
3451;cel mai prost acumulator extern posibil. desi scrie ca are 20000mah dupa numai o incarcare de note8, acumulator afiseaza numai un led de incarcare ( este aproape gol). plasticul este de cea mai proasta calitate ( am cumparat lucruri chinezesti de o calitate net superioara), butonul de pe carcasa pare ca sta sa cada, led-urile lumineaza mai mult decat trebuie, desi sunt 2 aprinse, par ca sunt toate 4 si carcasa. se incarca foarte lent, si dupa o zi chiar daca nu este folosita, pierde deja primul led.;1
3452;produsul nu este compatibil cu lg l90 d405 si d405n, este compatibil cu d410 (varianta dual sim, fara buton hard - cea din imagine). daca aveti l90 d405 sau d405n, cautati in alta parte.;0
3453;are probleme cu mufa de alimentare, returnat dupa 2 ore.;0
3454;casti mai rele nu cred ca se pot face decat astea doamne fereste;0
3455;o bratara feminina care isi face bine treaba. se sincronizeaza foarte bine cu android - samsung. bateria are autonomie 5 zile cu functia pulse ox activata, fara aceasta functie scrie ca ar avea 7 zile, dar nu am incercat. aplicatia garmin friendly. inregistrarea datelor este destul de precisa. functia de move iq nu prea se sesizeaza la activitati, doar la plimbari. iar functia de monitorizare a somnului nu inregistreaza somnul pe timpul zilei, iar daca stai (de ex. sa te uiti la tv) inainte de somn, iti va inregistra ca timp de somn.;0
3456;dezastru, vandut de flanco. trei zile tot a pornit si sa oprit singura. nu functioneaza, incarcarea este aiure, ce sa zic,.... un dezastru.  de mai mult de o saptamana am cerut returul si inca nimic.;0
3457;nu are f multe functii, memoria se incarca repede, displayul este foarte pixelat. avantajul intr-adevar este bateria care tine atat de mult - 3 saptamani spre 4. + designul.;2
3458;calitatea sunetului execrabila, executia gadgetului f. proasta, o contrafacere grosolana sub brandul nokia! returnate a 2-a zi..... nu recomand!;0
3459;foarte slab produsul. am fost nevoit sa il returnez.;0
3460;imi pare foarte rau, nu recomand aceste casti deoarece atunci cand merg si telefonul imi este in buzunar se intrerupe tot timpul. cateodata si cand stau in pat si ascult muzica sau ma uit la seriale, distanta fiind una foarte mica. le-am luat mai mult pentru sala, dar ma indoiesc ca o sa se auda ok din cauza semnalului. sunetul este intr-adevar foarte bun, bass puternic, este exact ce caut d. p. d. v al calitatii sunetului dar nu se pot folosi din cauza ca se pierde semnalul cand iti ie lumea mai draga.;0
3461;foarte slab!! si unde sa mai pun ca avenit in 6 zile!?;0
3462;nici pe departe de ceea ce scrie in descriere!  mai mult de 50-60 de lei nu merita!  ceasul este o chinezarie care nu te tine mai mult de cateva luni!;0
3463;nu recomand nici pentru copii.;0
3464;l-am cumparat azi si se pare ca nu functioneaza. am incercat sa filmez urmand instructiunile in limba romana care a venit pixu pe 2 foi a4 si nimic. cand apas butonul pornit/oprit scurt nu se intampla nimic. daca apas butonul pornit/oprit mai lung se aprind simultan ledurile de culoare galben si albastru circa 3 secunde dupa care se opreste si nimic altceva. un sfat as dori daca stiti cum functioneaza acest pix. daca nu il voi returna;0
3465;produs slab calitativ si descriere falsa.  vibratie jalnica  cand rasucesti mana, ecranul nu se aprinde ca in descriere  imi pare rau ca l-am achizitionat  iar cei de pe site de unde e luat, nici nu raspund la telefon  teapa;0
3466;"dupa 3 luni nu mai merge microfonul si nu pot face nimic pe ea se blocheaza. trebuia sa merg pe ""sunt prea sarac sa cumpar ceva ieftin""";0
3467;dupa doar o luna nu mai incarca... am si aruncato de nervi... bani dati degeaba;0
3468;nu recomand, pentru a pune skinul pe fata telefonului trebuie sa dai jos orice folie ce o ai pe telefon si nu poti sa mai pui alta. deci fata neprotejata.;0
3469;calitatea audio buna, insa nu se mai audea o casca dupa o luna de folosire. slabut..;0
3470;forte slab;0
3471;produsul este de slaba calitate. dupa cateva luni de la achizitionare s-a rupt cureaua. am schimbat-o pentru ca se afla in garantie. dupa alte cateva luni cureaua s-a rupt din nou! problema e ca nici nu am gasit alte curele de vanzare (bratara nu mai este acum in garantie) iar site-ul de la garmin nu are nici macar un formular de reclamatii.;0
3472;trebuie sa incarc aceasta baterie de 4 ori pe zi..;0
3473;folia nu acopera in totalitate ecranul.;0
3474;se incarca foarte greu, folosesc un s6;0
3475;se aude incet, intentionez sa o returnez;0
3476;sub folie a intrat praf mizerie iar marginile foliei nu sunt curbate cum se specifica in descriere la atingere te jeneaza la maini;1
3477;de o 24h incerc sa activez functia de gps... ceasul este configurat bine, are date si minute pe cartela. functioneaza apelarea, mesajele, recompensa... nu functioneaza gps-ul deloc, imi spune sa astept... si astept... iar functia spion ba apare, ba dispare din aplicatie. bateria pare slaba. am tot sunat la kidgps si nu raspunde nimeni. dezamagit de produs.;0
3478;aceasta folie nu este compatibila cu sony xperia xz, fiind mai ingusta cu aproximativ 1 cm. raspunsul celor de la secutrade a fost ca 'este compatibila si nu poate acoperi display ul in totalitate, deoarece suprafata este putin curbata si as insemna ca folia sa se dezlipeasca'.;1
3479;este ieftina si are performante pe masura. foarte slaba calitativ. face zgomot si atat.;0
3480;pedometrul nu inregistreaza corect, conectiune bluetooth foarte slaba.. la mai putin de 1 m se deconecteaza, bateria se incarca greu si se descarca repede. nu recomand!;0
3481;boxa arata dragut dar radioul nu merge adica deloc e mort, bateria tine foarte putin se aude foarte incet bassul se simte doar cand o ti in mana daca o dai tare gajaie adica se aude foarte neclar si am dat comanda pe negru a venit pe rosu. deci este varza nu recomand vreau sa dau retur dar nu merge va cheltuiti bani aiurea am gasit una mai buna si in magazinul de la mine de la tara;2
3482;dupa ce am primit castile, am deschis cutia si am scos prima casca, iar la a doua sa desprins parte de jos prin care se incarca si acum nu o mi pot incarca.;0
3483;deci cu acest ceas nu merge sa faci aproape nimic! ceasul nu se conecteaza la telefon ca sa pot sa il folosesc sa raspund la apeluri sau sa sun de pe el, se conecteaza numai cu aplicatia lui stupida ca si aceasta este foarte proasta, daca ti lung apasat pe butonul de pornire ca nu se poate opri se activeaza sos care suna la salvare, politie etc. nu recomand!;0
3484;dupa mai putin de o jumatate de zi cu telefonul folosit moderat bateria indica aprox. 40%. bateria originala putea fi folosita cel putin o zi si jumatate.;0
3485;nu recomand, incarca foarte lent, nu merita nici 10 lei.;0
3486;ffffffff slab  la primele 2 utilizari a functionat ok  dupa a inceput sa incarce foarte lent 1% din bateria unui samsung s7 in 10 min   am incercat diferite variante pana l am aruncat   descrierea e mincinoasa nu e piele la exterior ci plastic  nepractic este masiv;1
3487;nu va recomand smartwachu acesta deoare-ce acestia de la e-boda ne promit un smartwach super tare cu foarte multe chestii in el si care arata bine dar cand dessigilezi o sa-ti dea alt cv pe langa ca nici nu se aprinde din prima pana si smarttime 200 e mai bun nu va luati acest produs deoare-ce aruncati bani degeaba.;0
3488;"la prima utilizare s-a rupt! pur si simplu, m-am trezit cu telefonul in brate, se rupsese bratul dintre ventuza si nuca. si asta pe o sosea bine asfaltata din italia...  tragedia este ca am vrut sa-l returnez si, dupa ce a fost colectat repede si bine, mi s-a spus (depanero, evident) ca nu am dreptul la nimic deoarece ""a fost gresit utilizat"".";0
3489;nu merge conectat la iphone cu bt notifier;0
3490;sa strricat dupa 3 sapt, mai bine bagati 10 lei in plus si luati samsung;0
3491;am primit azi ceasul si prima impresie e foarte buna. finisaje de foarte buna calitate, setari si aplicatia pentru android destul de buna.  nu am apucat sa testez inca functiile smart.;2
3492;nu are detectie de miscare, acumulatorii tin 15 minute, vibreaza de se aude de la 10 m, si un orb sau surd isi da seama ca ai o camera spion in mana, numai camera spion nu este.;0
3493;foarte slab, daca folosesti telefonul, iti scade bateria, nu incarca decat o data s7, si dureaza foarte mult asta in cazul in care inchizi toate aplicatiile, date mobile, etc;0
3494;nu sta fixa in bricheta;0
3495;o baterie slaba pot spune ca ca imi incarca telefonul in 2 ore si ceva prea mult.... recomand bateria:( acme) foarte buna imi incarca telefonul in 40 min;0
3496;este un produs execrabil, in materie de sport.  singura lui utilitate o reprezinta extensia notificarilor din smartphone.  sport:  -afiseaza valori eronate ale pulsului... (spre exemplu la 28km/h pe bicicleta, el imi afiseaza puls de 80)  -continuous hear rate, in timpul sesiunilor de sport, fie ca vorbim de alergat sau cycling, functioneaza aleatoriu (in 5 ture, am avut de 3 ori heatr rate plat)  -desi are gps incorporat, iti activeaza si gps-ul telefonului pentru a-si pastra acuratetea. really? de ce i-ati mai pus gps, daca trackingul il face cu ajutorul telefonului? care e logica? sa se descarce si ceasul si telefonul?  -bateria, o gluma proasta... cu greu obtii 2 zile, fara functia de ceas permanenta (adica trebuie sa misc bratul pentru a vedea ora)  -sleep tracking- in vreo 2 nopti desi dormeam si nu sunt somnambul, m-a vazut activ in secvente de cate 2 minute...    pro:  -design  -display;0
3497;3 comentarii... cu foarte buna... oamenii astia ori ii fac reclama, ori chiar vand tableta... am luat azi doua ptr fiul meu.. de ce doua? prima pe care am luat o.. nu se incarca cu incarcatorul ei original.. am incarcat o cu un incarcator de la telefon... am instalat cateva jocuri cu vre o 2 restraturi ca altfel nu s a putut.. am zis ca am fost ghinionist si chiar o fi praf din fabrica.. am dus o inapoi sa o schimb.. mi au inlocuit o cu speranta ca o sa am mai mult noroc... ce crede ti.. probabil sunt eu ghinionist cu precizarea ca asta se incarca... am instalat 3 jocuri ptr fiul meu... in 10 min aplicatia nu raspunde si asa a ramas pana la restrat.. in 20 de min (cel mult20) de la 69% procentaj baterie la 15%... atat cat am instalat 3 jocuri... si a apucat sa se joace 5 min.... atat pot sa va zic dupa o experienta de 20 min petrecute pe aceasta tableta myria... deci... doar contra:  1: baterie praf  2: se blocheaza   precizez ca nu am cumparat o de la emag... si sper sa fie util celor care v or sa cumpere asa ceva!!!;0
3498;adezivul este foarte slab si nu se lipeste de bordul masinii chiar daca a fost curatat bine inainte;0
3499;nu este bun, s-a stricat dupa cateva zile.;0
3500;"am decis sa scriu acest review dupa cateva zile de utilizare si am descoperit urmatoarele probleme: castile nu merg cu spotify sau alte servici ""third-party"" de acest gen, cateodata se opresc iar spotify-ul se restarteaza sau daca apas pe casca sa se schimbe melodia, widgetul de muzica da crash, de asemenea daca dau o casca jos muzica se opreste dar daca o pun inapoi nu mai porneste inapoi cum ar trebui. cateodata cand puneam pauza si dupa dadeam play folosind butonul castii, omi oprea spotify-ul si pornea aplucatia de muzica. mentionez ca le-am utilizat la un samsung s9 abia achizitionat, deci nu se pune problema sa am telefonul defect. problemele nu s-au remediat nici dupa restartarea telefonului sau reinstalarea aplicatiei. am citit pe forumuri si aceasta problema exista si la ios, castile functionand bine doar cu apple music. in rest, se aud bine, se conecteaza repede, si bateria tine foarte bine, dar avand in vedere defectul acesta, nu justifica cei 700 de lei dati..";0
3501;despre karaoke nu se pune problema se aude execrabil si nu functioneaza cum trebuie si se aude un tiuit continuu cand introduci microfonul, pacat de microfon ca bun.  se aude foarte bine doar pe stick sau card, pe bluetooth se aude slab cu sonorul dat la maxim. radio se aude un fisiit pe orice post incerci sa il setezi, daca tii antena cu mana este ok;0
3502;am achizitionat acest produs din alt magazin pentru a o da cadou si nu e satisfacator. totusi, pentru ascultat muzica langa laptop e ok. am o alta boxa de 6w luata de la auchan care e mult mai buna si cu autonomie mai mare. a fost si mai ieftina aceea. sunetul nu e unul wow. cu bine.;0
3503;nasol, sub medie!;0
3504;"m-a fascinat ideea de a achizitiona un produs de acest gen, mai ales ca imi place foarte mult sa cant, dar sa incep cu felul in care reda muzica aceasta boxa: nu am notiuni de specialitate, atata stiu ca-mi place sa ascult muzica de calitate si astept si din partea sunetului sa fie pe masura; boxa se aude ca si cum ar reda dintr-o oala (sincer, la cat de mult am asteptat coletul, imi pare rau sa spun acest lucru atat pentru faptul ca am fost dezamagit, cat si pentru a nu supara sau contrazice pe nimeni; e strict parerea mea - cine vrea sa tina cont de ea, bine, cine nu, la fel de bine). la karaoke, deci atunci cand vreau sa cant de pe stick, se intrerupe melodia -poate o fi defect, nu stiu, iar ecoul este nu de karaoke, ci de balci, de muzica de petrecere, de manele (gen botez). telecomanda raspunde greu. deci, daca un prieten mi-ar cere parerea, i-as spune clar ca nu merita! imi pare rau ca am fost nevoit sa fiu negativ in acest mesaj! p. s. daca cineva cunoaste ceva de acest gen, dar sa fie calitate, nu conteaza atat de mult pretul, sau macar raportul calitate/pret sa fie unul adecvat, il rog sa-mi spuna! merci anticipat!";0
3505;este un incarcator foarte practic.  singurul lucru care este de luat in seama este faptul ca ventilatorul integrat face zgomot destul de mare. daca il pozitionezi pe noptiera il auzi toata noaptea.;2
3506;detin acest ceas de aproximativ un an. l-am luat cu scopul de a monitoriza intensitatea unui antrenament la sala, in modul workout isi face treaba bine, puls, calorii, etc.... pana acum 2 zile i-as fi dat 4,5 - 5, insa zilele trecute l-am avut un mine, insa nu la mana, ci in ghiozdan. surpriza, mi-a inregistrat 2 activitati de mers alert ( cei ce il detin stiu ca are si optiunea de walk ca si activitatea daca mergi mai mult de 10 minute si pulsul se ridica).   acum stau si ma gandesc cum si-a dat el seama ca am mers eu 20 minute, cu un puls de 100 in medie, in ghiodan fiind?:))));0
3507;incarca foaaarte greu (8 ore).... nu stiu daca e o problema generala sau doar a mea e asa, dar am incarcat 2 telefoane (un s7 si un htc e9) si a fost aproape epuizata....;0
3508;am dat comanda si bineinteles l-am si primit. am asteptat fara sa-l desfac din cutie pentru al face cadou fetitei mele de mos craciun. dimineata sa constate fata mea ca nu are acumulator. va dati seama ce cadou frumos a primit de la mosul.;0
3509;"am achizitionat tableta de"" black friday"" la pretul de 599 ron si s-a defectat in mai putin de 20 zile! tableta se incarca numai 80-90% iar daca imi aparea 100% cand o deschideam de fapt ea imi indica 15%. am citit cateva review-uri si am observat ca problema persista si la alti utilizatori! sa fie oare problema generala la acest model de tableta?! o am de 12 zile in service, pe aviz scrie ca max 15 zile trebuie reparata;, acum sunt curios daca a se respecta termenul!";0
3510;"am returnat-o a doua zi.   partea din stanga a ecranului avea un ""shade"" de verde, ceea ce inseamna ca nu te puteai uita la nimic pe fond negru, gen un video/film.     acelasi lucru am vazut si la tablete de 200 lei.     pretul a fost corect, 499lei,, nu ma deranja faptul ca nu se poate face update la android, o luasem pentru seriale.     am luat pana la urma, de la un alt magazin, huawei mediapad t3 - mult, mult peste aceasta.";0
3511;nu recomand boxa. ea se aude foarte bine dar bateria e dezamagitoare. incarci boxa 8 ore si bateria nu tine nici 2 ore. slab;0
3512;sistemul de prindere este foarte sensibil. se desprinde foarte usor;1
3513;putere de incarcare variabila pe porturi  durarta de viata scurta (ii scad paramentrii de incarcare in timp)  pro pretul  concluzie nu recomand;0
3514;plastic care se zgarie repede, dupa 2 saptamani nazdravanul a cazut si carcasa fiind casanta sa ciobit langa curea, partea electronica s-a miscat si panglica de la butoane s-a rupt, pozitia gps e foarte relativa, nu prea poti sa iti dai seama daca e acasa sau la 3 strazi distanta la vecini.;1
3515;bateria tine o zi, in conditiile in care il folosesc doar cu cartela sim.  pedometru e mai mult un contor pe baza de timp, nu contorizeaza real daca te misti.;0
3516;slab, nu merita investitia. se gasesc in europa boxe mici mai bune la 30-40 de lei.;0
3517;"deci sa incepem, \r\nacum ceva timp am achizitionat o tableta (asus vivotab smart me400c) in cazul meu din afara. dar dupa o anumita perioada de utilizare iti dai seama ca daca vrei sa stai sa \""lucrezi\"" de exemplu la birou (pt ca nu poti sa faci chiar toate lucrurile stand in pat sau pe canapea), m-am hotarat sa achizitionez aceasta tastatura pt ca altele se pare ca nu se pot gasi, inafara de cele universale. dar cum sunt eu adeptul accesoriilor facute de acelasi producator am zis hai sa fac comanda. astazi am ridicat-o si imi pare rau sa spun ca trebuie sa o returnez,(desi am incercat sa ma uit pe net sa vedem daca nu exista alta posibilitate de a o conecta). pacat de ea pt ca mi-a placut modelul si cum este construita. intre timp am gasit alta tastatura se pare ca pt toate modelele de la asus din seria me400, acum sa vedem ce se intampla.  pro:: materialele din care este fabricata sunt ok, aspect ft placut, utilizare ft simpla.  contra:: imposibilitatea de a conecta tastatura la alt model de tableta (din seria vivotab smart) inafara de vivotab smart me400cl desi pe cutie scrie compatibilitate cu toate tabletele asus";2
3518;este imens si incarca foarte incet. daca foloseam telefonul cat timp era conectat la acumulator, bateria se descarca. l-am returnat.;0
3519;am achizitionat acest produs, si am constatat ca nu a fost o alegere foarte buna. perimetrul este foarte mare, istoricul este aproximativ, pe o distanta de 200 m2. asta inseamna ca are o deviere de traseu foarte mare. utilizare usoara, configurarea simpla. aspect ok. utilitate minima. raspunde foarte bine cand desface ceasul de la mana. am adaugat 2 ** pentru ca am gasit doar 2 functii utile. cea cu indepartarea de la mana si faptul ca poti suna in mod ascuns. livrarea a fost foarte rapida.;2
3520;la prima vedere te incanta, dar dupa ce o folosesti mai des se va observa ca nu functioneaza chiar asa bine si din cand in cand se inchide, nu mai vorbim de faptul ca incarca greu aplicatii, nu mai vorbim de faptul ca daca vrei sa te uiti la un film sau la un meci merge sacadat.;0
3521;abia se scrie pe el....2-4mb/sec;0
3522;depinde mult de tipul de bord. de ex pe bordul de la laguna 3 nu sta sta lipit. lipit de parbriz este excelent... chiar te chinui putin sa. l mai dai jos.  arcul e puternic nu prea poti sa dai telefonul jos cu o singura mana.;0
3523;tare ideea ca se incarca de la inc. bricheta. l-am folosit o sapt. cu un iphone6 la pornire nu prea se conecta si de auzit in oras cand mergi cu 40 singur in masina e ok, la viteze mari nicio sansa.;0
3524;am achizionat produsul la sfarsitul lunii decembrie, la un pret bun. este un produs ok pentru un incepator in fitness asa cum ma consider si eu, insa se pare ca rezistenta sa a fost conforma pretului: dupa 4 luni s-a stricat fara a mai putea fi reparat. am de obiectat si asupra magazinului emag care mi-a transmis ca din pacate nu-mi pot oferi o bratara noua, deoarece produsul nu se mai afla in oferta lor si din cate observ au pe toate culorile si vivofit si vivofit 2. am primit banii inapoi, insa as fi vrut bratara pentru ca ma ajuta in monitorizarea activitatii zilnice.;0
3525;l-am cumparat pentru a inlocui un cablu vechi de mai bine de 2 ani care s-a rupt in spatele mufei. tellur a rezistat doar 1 luna.;0
3526;nu sunt multumita de baterie, se descarca repede.;0
3527;lag foarte mare la display, nu e foarte sensibil la atingere sau la schimbarea directiei, functii de baza ok pentru pret, design-ul ok, insa un fitbit se va descurca mult mai bine atat la capitolul functionalitate, cat si design.;1
3528;desi este foarte practic, acumulatorul are probleme cu celulele. uneori imi pot incarca telefonul de doua ori, alteori de 3 ori. din pacate niciodata nu il poti folosi la potentialul maxim. are si plusuri: lanternele pe care le are sunt foarte practice, indicatorul de incarcare iti arata procente (chiar daca nu sunt foarte precise).  design-ul imi place foarte mult. nu este un baton deranjant la bagaj cum am mai avut.  il voi trimite la garantie, pentru ca aspectul practic nu imi permite sa renunt la el. sunt curios daca va fi inlocuit sau nu.;2
3529;stau foarte greu in ureche;1
3530;l-am folosit de cateva ori, chiar l-am atasat de parbriz intr-o zona protejata (zona superioara) sa nu se incinga... nu se mai lipeste de parbriz, o sa incerc sa spal ventuza si revin cu un review dar asa, la prima parere, m-a cam dezamagit...;0
3531;bateria tine cam 2,3 ore de vorbit nimeni nu sa plans ca nu ma aude bine dar plasticul din ureche este horor o port agatata de ureche si se aude cam slabut se deconecteaza cam des 3,4 ori pe zi. nu prea merita bani;1
3532;nu se potriveste cu cablu bratara de la a+ pentru iphone;0
3533;slab calitativ. reincarcarea dureaza minim 12-14h (fie cu incarcator 2a sau 1a). se descarca destul de repede cand nu este folosit (10-12 zile). deja la 1/4 ramas nu mai incarca telefonul. am returnat deja 1 produs fiindca ajunsese sa se incarce in 24h. nu recomand! mergeti pe anker mai bine!;0
3534;cablul s-a rupt in timp ce incarca o tableta, dupa circa 2 saptamani de utilizare. posibil sa fie din cauza copiilor, dar oricum neplacut ca s-a rupt doar o bucata care a ramas in portul tabletei - din fericire am reusit sa o scot fara alte urmari.;1
3535;un produs foarte slab. baterie la google pixel 2xl de 3520 incarcata de la 5% la 100 si mi-a ramas 10% in bateria externa.;0
3536;sunt destul de mari si pentru urechile unui barbat, iar calitatea lor lasa mult de dorit...;1
3537;nu se potriveste! completati corect anuntul!!!!!!;0
3538;la prima folosire a intrat un contact lateral in interior.;0
3539;daca vreti baterie si medii in sound sa ascultati in rest bass si inalte nu are!;0
3540;nu este bun deloc!!  se incarca greu... si nu incarca telefonul.;0
3541;intra fortat intr-un s6 in comparatie cu originalul.;0
3542;dezamagitor. a fost reparat pe garantie deja de 2 ori in 6 luni. ca si fiabilitate este mult sub asteptari.;0
3543;e mai bun decat nimic, dar nu cu mult.;0
3544;"il folosesc la un canon eos 600d si cand inregistrez imi da eroarea ""movie recording has been stopped automatically"" semn ca puterea de scriere nu este ok.";0
3545;am avut 2 astfel de baterii, in maxim 2 luni s-au defectat, una a fost inlocuita iar la cealalta am primiy banii inapoi. mai bine cumparam ceva mai scump si mai durabil.;2
3546;sunet puternic dar de slaba calitate. nu prea prinde posturi radio, bateria tinea la inceput aprox. 2 ore, acum maxim 15 minute.;0
3547;s-a spart la prima cazatura;1
3548;"husa e construita dintr-un plastic tare, nu foarte placut la atingere. stylus pen e slab calitativ; varful de contact nu este ascutit ci rotund ca o bila, neavand precizie. a trebuit sa platesc si transport separat pentru husa (pe langa ipadul ce l-am achizitionat), deoarece husa e vanduta de un tert, pe emag. per ansamblu, nu as recomanda aceasta husa si pen.";1
3549;am mai testat si alte incarcatoare (normale, nu rapide) si nu vad nicio diferenta. ma asteptam sa fie mai rapid. nu e.;0
3550;nu vad nici o diferenta intre mi band 3 simplu si mi band 3 hr aceleasi functii acelasi afisaj deci nimic diferit, si din punctul meu de vedere a fost conceputa sa fie compatibila doar cu telefoanele din gama lor si anume xiaomi, deci dezamagit complet, pierde conectivitatea chiar si cu telefonul in buzunar nu mai vorbesc de 10 metri! ma gandesc sa o returnez o am de trei zile;0
3551;atentie folia este extrem de inchisa la culoare, in sensul ca cu luminozitatea telefonului la maxim ai impresia ca este la minim si in soare poti avea dificultati de a vedea ecranul.    in ce a ce priveste privacy este foarte ok nu se vede din laterale asa cum este spus in descriere.    o alta chestie buna este faptul ca nu apar mai deloc urme de degete pe ecran deci si aici chiar ok     folia se aplica usor pe telefon.    recomand persoanelor care chiar au nevoie de privacy glass si care nu au probleme de vedere, pentru ceilalti nu merita mai mult osa va enerveze.;1
3552;scria cineva aici ca aceste cati au bass exceptional. aceste casti sunt de o calitate mai slaba decat orice alte casti chinezesti de pe piata. am cumparat pana acum de la emag produse apple, dar asta e cel mai prost pe care l-am achizitionat.   pro: are bara de reglare volum, sunt usoare si confortabile  contra: - nu poti asculta muzica pe ele- nu se aud tare  -constructie proasta, plastic ieftin, daca le-ai scapat pe jos le-ai spart  -fire subtiri  -lipsa totala bass  recomand sa cumparati casti sony, mult mai bune si la un pret cu cel putin 50% mai mic. valoarea reala acestor casti apple ar fi de 20 de lei la ce ofera.;1
3553;am achizitionat acest model de baieti si de fetite, il avem de aproape 1 an si s au stricat. nu au fost lovite sunt ft bn ingrijite. nu mai merg dau error, inca n au iesit din garantie.. plus ca s a rupt curelusa e din cauciuc, nu recomand acest tip de smartwatch.;1
3554;este un produs placut la vedere, insa performanta lasa de dorit. am un iphone 8, l-am pus la incarcat cu 38% baterie la ora 12, este ora 17:49 si este de abia la 83%. din punctul meu de vedere nu merita achizitionat, mai bine achizitionati un cablu fast charge.;0
3555;acest produs functioneaza numai cu 12 v dc voltaj. dar nimeni nu au scris acest informatie care cel important. nu stiu despre produse cum functineaza si calitate fiindca nu am putut incercat.  asta cel mai iresponsabilitate lui care vande acest produs.  ar trebuie se scrie pe pagina cu cat voltaj trebuie. deci gunoi pt. mine. nu pot folosi.;0
3556;este un produs de slaba calitate, se aude incet si sunt telefoane cu care nu este compatibila...... pretul a fost decisiv in achizitionarea acesteia.;0
3557;sunt casti slabe, cu pret putin cam supra apreciat. are bass, dar restul tonurilor sunt puternic distorsionate. nu prea are tonuri fine si inalte. se aud ca din butoi. calitatea sunetului nu reflecta realitatea fonetica a materialului audio. am ascultat interviuri si conferinte si vocea era fie mult mai slaba decat la casti normale, fie mai groasa decat in realitate. la fel era si la melodii, unde nu se auzeau o serie de instrumente.     semnalul este mediocru. se intrerupe din cand in cand, chiar daca intre mine si dispozitiv nu este niciun zid si sunt vreo 3 metri distanta. nu se intampla des, dar se intampla. nu apare problema asta atunci cand folosesc castile normale sau difuzoarele.     nu sunt ergonomice. m-au durut urechile dupa primele 30 de minute.     in fine, bateria este super buna. nu stiu daca am ascultat 8h, dar am crezut ca nu se mai termina. aici se duc toate stelele mele. este perfect, mai ales tinand cont de optiunile pietii.;1
3558;"aplicare usoara, insa nu ""se muleaza"" perfect. pe spate au ramas goluri, nu este perfect pe masura; golurile au cam 2-3mm, nu pare mult, dar se observa). pe fata si laterale, la fel.";1
3559;nu prinde nici un post de radio.;0
3560;100mb pe secunda minciuna am la 7 gb de video full hd pe un asus rog(deci nu e o jucarie:))) ) cam 25mb/sec;0
3561;baterie foarte proasta! a tinut doar 3 luni. acum 3 zile am aruncato la gunoi. tinea pina in 20% si imi facea restart permanent la telefon. pina se epuiza complet. sa umflat pe mijloc... deci, optam pentru baterii originale sau schimbam telefonul integral!;0
3562;am luat doua perechi de casti. ambele s au stricat la fel de repede. intai se duce microfonul si telecomanda si dupa una din casti. am avut mare grija de ele, dar cu toate astea s au stricat imediat.;0
3563;de ce doar 2 stele?  pai, bratara e super faina functiile sunt destul de bine facute din punt de vedere software si hardware, dar mereu exista un dar, asa ca problema vine la constructia ei unde cei de la huawei sau jgarcit si ecranul de protectie a fost facut dintr-un plastic moale si foarte, dar foarte usor de zgariat desi este ip67, am utilizat-o 7 zile luand-o cu mine peste tot si s-a comportat bine cu exceptia zgarieturilor chiar si din simpla stergere cu micro fibra!  bratara din silicon e super ok, comoda si din material bun, incarcarea foarte facila si rapida, bateria tine undeva la 5 zile maxim, luminozitatea ecranului e mediocra in razele soarelui aproape ca nu diclesti nimic.  touch-screen-ul e ok cu un raspuns foarte rapid si poate fi folosit cu manusi chiar si de sudura:))   o recomand doar celor care merg la sala, pentru exterior e mult prea sensibila.  eu am ales sa o returnez pentru ca asa cum spuneam nu lucrez doar la birou ci si pe teren unde praful e la el acasa iar bratara este mult prea sensibila pentru asa ceva!   multumesc emag pentru livrarea rapida si amabilitate!;2
3564;e doar vorba ca tine bateria 4-5 ore daca asculti muzica. abia tine 2 ore, in schimb de auzit se aude bine si clar dar faptul ca nu tine incarcat mai mult de 2 ore e trist!!;0
3565;este destul de mare iar singurul accesoriu este un cablu usb de 30 de cm.;1
3566;dupa 4 zile modulul gsm nu mai functioneaza.  localizarea este in cea mai mare parte a timpului aproximativa deorece inclusiv cand se afla in masina ceasul nu se poate conecta la gps.  cat a functionat modulul gsm asigura o comunicare buna cu ceasul prin intermediul functiei de apelare.;0
3567;ceasul e ok dpdv estetic, cu toate ca ar mai putea fi dezvoltate niste display-uri. si aici intervine nemultumirea: din cauza soft-ului mi se pare inutil. dupa o saptamana de urmarit puls, somn... si cam atat, stai si te intrebi: ok, si acum ce fac cu datele astea astea? colac peste pupaza, nici nu sunt sigur de corectitudinea valorilor (poate din cauza modului in care sta pus pe incheietura), dar clar somnul meu linistit de asta noapte inregistrat cu ceasul pe noptiera nu e real. cand il fixez strans pe incheietura imi lasa urme.  cand suna poti doar respinge apelul. iti mai arata notificarile si cam atat.  o fi util cu functia de gps cand faci jogging sau altele. asta n-am incercat. dar cred ca as putea s-o fac (conducand masina:)) )  pro: misto estetic (cand ecranul e oprit), bateria tine (56% dupa 10 zile, cred)  contra: inutil, din punctul meu de vedere. chiar enervant ca tre' sa aprinzi ecranul cand vrei sa vezi ceva (merge si blocat tot timpul pe aprins, dar cred ca afecteaza bateria).   concluzie: la 999 lei luam un ceas clasic deosebit.;2
3568;dupa o vreme s-a demagnetizat. a tinut sase luni.;0
3569;plusuri:  bateria tine destul cat sa nu te irite faptul ca trebuie sa umbli cu incarcatorul dupa tie. sunetul e destul de puternic.   se conecteaza usor bt  felicitari pentru design!  minusuri:   are un bazait deranjant la volum mic.  controllerul e complicat. folosesti +- si pentru volum si next track. de multe ori nu iese comanda dorita din prima.  volumul alarmei de trezire nu poate fi ajustat si poate trezi cateva apartamente.;2
3570;slabut. se deconecteaza tot timpul de la bt cu telefonul in mana.in rest ii ok;0
3571;suportul nu poate fi folosit cu o tableta de 8 inch. detin un galaxy tab s2 de 8 inch si nu am putut sa o fixez in parbriz. ventuza foarte buna, insa bila de metal din care poti orienta suporttul tabletei in toate directiile este prinsa in doua jumatati de cilindru de plastic. astfel ca oricat ai strange, tableta nu va sta fix in acea pozitie datorita vibratiilor. merita 2 stele deoarece restul suportului este de buna calitate.;1
3572;casca stanga se aude mai tare decat dreapta.  din pacate am aruncat cutia deci nu pot returna.  dezamagit.;0
3573;la o camera auto video.. imi cere sa l formatez... cu un alt card s... a mers ok... cei de la emag ok m au ajutat!;0
3574;am comandat de curand 2 curele, culori diferite. ambele au un defect la prindere, la una defectul este pronuntat si nu o pot folosi... la cealalta e acceptabil! atentie, clemele de prindere sunt din plastic, unul foarte moale din pacate, plasticul acela la mine a venit zgariat si nu intra in ceas... pacat pentru ca arata chiar bine!;1
3575;minusuri:  - dupa numai 1 ora de folosit am observat doua dungi f subtiri verticale cam de 5 cm pe display(nu sunt deranjante).  - calitatea cam foarte slaba a ecranului/imaginii(inca nu i-am dat folia jos).   - unele jocuri se misca putin greoi.  plusuri:  - bateria tine foarte bine.  - 3g-ul testat cu cartela rds de internet a mers ok.  - capac spate din aluminiu.  concluzii:  - dupa o zi de utilizare m-a dezamagit putin, dc. mai face si alte probleme o voi returna.  - allview si serioux au tablete pe masura pretului.  - greu de gasit ceva bunicel sub 700 ron. deja peste aceasta suma pentru mine tableta devine un moft fiindca se aproprie de pretul unui laptop entry level.;0
3576;are doar o singura tema ceea ce este nasol. in poze arata ca tastatura este una de smartphone dar este o tastatura de telefon cu butoane. deci sunt dezamagit de acest smartwatch. nu il recomand;0
3577;mai mult de 5 ore cu wi-fi si un joc deschis, cel mai mult ma tinut 14 ore doar netul deschis si cateva aplicati (fb, messengeer, etc) cam dezamagit;0
3578;isi face treaba daca telefonul nu este utilizat ca gps in timpul incarcarii.     nu sta fixat cum trebuie in priza iar daca drumul este accidentat sau daca este miscat cablul de alimentare se decupleaza destul de usor.;0
3579;o folie destul de nasoala, nu ma asteptam sa fie asa la acest pret. nu elimina bulele de sub ea, ramane orice. cat despre expediere, nota 10, dar de folie, doar 2 stele.;0
3580;baterie slaba, daca e pus pe update every minute (uneori nu poti sa schimbi) nu tine pana la ora 16 cand e gata scoala. de multe ori obtiunile sunt blocate, nu poti folosi softul.;0
3581;nu functioneaza cum trebuie in slotul de card al masinii(am un card de la sony care merge impecabil);0
3582;e super ok. fidelitate excelenta. recomand.;0
3583;slab, nici la banii acestia nu merita!;0
3584;un produs care se vinde mult prea scump si nu m-a tinut nici macar un an. desi am citit o gramada de review-uri ca i se desface bratara am zis ca mie nu. ei totusi, se pare ca e valabila treaba si dupa vreo 8 luni de purtare au inceput sa se dezlipeasca caucicurile la margine. nu sunt absolut deloc utilizator in conditii extreme. in rest mi-a placut, de cele mai multe ori masura totul destul de corect. plus ca e usor de purtat si nu te prea bruieaza, se descurca singur cu majoritatea activitatilor. softul deasemenea e bine lucrat si frumos. rareori am avut miste nici nereguli cu notificarile. in conditiile astea m-am frustrat si mai tare ca nu au fost capabili sa faca cauciucul ala se reziste desi se stie de problema asta de ani de zile. un plus mare pentru emag care s-a ocupat exemplar de garantie si a returnat banii fara probleme.;2
3585;putin dai, putin face! se prinde bine pe parbriz dar partea care tine telefonul este foarte slaba, trebuie sa-i pui ceva dedesubt, altfel nu poate sustine telefonul in pozitia dorita.;1
3586;"a durat o dimineata pana au inceput sa para problemele.. primul a cazut microfonul, am incercat sa dau volumul mai mic prin mesaj si nu a mai mers microfonul (se auzea foarte foarte slab); apoi am incercat sa il aduc la setarile din fabrica si nu mai am mai putut accesa contul, nu am mai putut inregistra telefoanele si nici macar seta alt cont. cartela era deja activata.    cat a tinut avea o locatie buna fata de techone wg-02 care-mi da o deviatie de 500 m... m-au dezamagit amandoua, dar poate n-am avut noroc.";0
3587;am cumparat aceasta camera azi, 19.11.2018, si este oribila.  am un iphone 8 plus, iar conexiunea dintre camera si telefon este groaznica.  conectezi camera la telefon prin intermediul wi-fi-ului, iar aceasta conexiune nu este deloc stabila.  il conectezi, iar dupa un minut, camera se deconecteaza de la telefon, singura.  aplicatia “gear 360” este, dupa parerea mea inca in beta deoarece ca sa intri in setari si meniuri, dureaza ceva, dar imaginea de la camera este perfecta pe telefon.  in concluzie, recomand aceasta camera, doar daca aveti un samsung.;0
3588;+:  - design minimalist, elegant  - autonomie baterie cf. specificatiilor de pe site  - masuratori puls / tensiune foarte apropiate de cele masurate cu un omron  -:  - app (h band) doar pt. android, interfata confuza, preluare imprecisa a datelor din dm68  - masurare pasi / distanta parcursa cu mare, mare aproximatie  - conectare aleatorie si instabila cu multe marci de smartphone (nu reusesc, de ex., sa conectez dm68 la moto g5s,)  - de evitat purtarea continua pe mana, mi-a produs dermatita de contact (deh, bratara silicon)  - raport functionalitate / pret descurajant (sotiei i-am cumparat tot de la emag o y11 care fnctioneaza impecabil, la mai putin de umatate din pretul lui dm68);2
3589;ca performanta castile nu sunt retele chiar ft tare optiunea aia cu magnetul dar imi trebuie foarte mult ca sa imi stea in urechi cum trebuieed asta am decis sa le returnez atentie pt returnare trebuie sa completati formularul de returnare care se gaseste pe sietul emag!!;0
3590;poate este din cauza mea, poate nu inteleg eu cum sa il folosesc, dar trebuie sa specific ca e bun dar nici chiar cum este descris. iar bateria se descarca extraordinar de repede trebuie incarcat de vreo 3 ori pe zi adica sa fim seriosi... si nici nu l-am folosit prea mult;0
3591;pentru rezolvarea problemei am desfacut adaptorul:  e format din 2 placute: una cu mufa microusb una cu mufa lightning. intre ele sunt 4 fire.  am folosit hotglue sa lipesc si sa imobilizez placuta cu mufa microusb si am inchis inapoi adaptorul.  acum totul e ok.  pro:: chip-ul folosit in interior e compatibil cu ios 7. 1. 1, nu am primit avertizare ca folosesc un adaptor neautorizat.  contra:: - dupa 3 folosiri mufa microusb a inceput sa se miste si mi-a fost frica sa mai folosesc adaptorul.  - este mai mare decat adaptorul original apple;1
3592;slabe. rezolutia pozelor scade. poze ca pe vremea lui ceasca. sincer imi pare rau pentru aceasta achizitie.;0
3593;nu sunt.... extraordinare.  se descarca foarte repede... la convorbiri.  acuratete buna la ascultat muzica.;0
3594;s-a stricat in mai putin de 1 luna la utilizare ocazionala, din senin. incarcam simultan 2 telefoane. nu am smuls de el, nu am tras. efectiv nu mai incarca.;0
3595;contra:   localizarea ceasului nu are nicio legatura cu realitatea. bateria nu tine mai mult de o zi. capacul de plastic din spatele ceasului, care acopera sim-ul, a crapat la prima folosire (sau poate asa a fost)  pro:  copilul poate lua legatura telefonic oricand cu parintele sau invers.;1
3596;calitate medie spre slaba. sus are perforatie doar pentru difuzor, adeziv are pe toata marginea, dar nu sta foarte bine pe suprafata telefonului. fiind folie transparenta, se vede adezivul unde face contact. feelingul e unul ieftin. per total: ieftin si prost.;1
3597;nu are vibratie:((. poate am luat stricat:((;0
3598;s-a stricat mult mai repede decat cel primit impreuna cu iphone-ul, iar eu l-am folosit in acelasi fel. a tinut doar 2 luni inainte sa se strice, in schimb cel de la iphone a tinut aproximativ 5 luni.;0
3599;a fost livrata mai tarziu de 48/h, iar la volum mare bazaie si nu se aude clar;0
3600;paraie si cateodata nu se aud, ba o casca, ba alta. nu pot sa zic ca sunt multumit de ele si le folosesc doar la masina ca handsfree.    minusuri. sunt putine, dar destul de importante.  - se aude fasait destul de des (probabil pentru ca sunt detasabile de pe fir)  - cateodata se aude doar o casca, se muta sunetul pe rand de la una la alta. e amuzant cand face asta, dar te poate si ameti un pic.    plusuri:  - mufa de intrare este in unghi de 90 de grade si nu se strica firul asa repede. asta e si motivul pentru care le-am achizitionat dupa alte 2 perechi care s-au rupt firele la mufa.  - in pachet au venit cu o cutiuta simpatica cu fermoar pentru ele.  - fiecare casca se poate scoate de pe fir, probabil ca sa se inverseze intre ele pentru alt avantaj nu vad.;0
3601;descriere incorecta. nu este pentru tablete de 9.7. are 30.5 cm. trebuie prinsa tableta cu holsuruburi, sa nu alerge prin husa.;0
3602;bratara e ok. pare buna pentru pretul ei, dar bateria tine extrem de putin.;2
3603;nu stau bine nici pe iphone 7, nici pe 7+ si nici pe samsung s7 edge. nu le recomand.;0
3604;un produs fara pretentii. pretul corect este de max. 40 lei  amperajul masurat pe ambele iesiri este acelasi: aprox 1a.  se descarca f repede... dupa 2 incarcari galaxy s6    livrarea emag a lasat mult de dorit.;0
3605;performante slabe pentru specificatiile hardware ale acestei tablete.;0
3606;desi bratul metalic este foarte solid, sistemul de prindere al tabletei nu este satisfacator fiind din plastic moale. practic nu poate tine un ipad4, tableta aluneca, deci e total inutil.   poate pentru tablete mai usoare e bun.  nu stiu daca e vorba de un defect de fabricatie al produsului primit. dau retur.;1
3607;este acelasi produs care se poate achizitiona din china, cutie nesigilata, nu are instructiuni in limba romana, carticica cu instructiuni in limba engleza cu care vine este minuscula. contine cablu incarcare usb. ecranul in sine al ceasului este foarte mic.  partea din spate este metalica si este prinsa cu suruburi deci nici vorba sa fie rezistent la stropi de apa.;1
3608;pica telefonu de pe el intr-o veselie... am avut un model asemanator din china cu 4$si tinea de doua ori mai bine ca asta... am mai dat si 40lei pe el  sta cat de cat doar daca nu folosesti husa... dar e subtire husa mea... si tot nu sta deloc!!;1
3609;este foarte buna sunet clar! doar ca are probleme la conectarea cu bluetooth, il gaseste greu sau face nazuri km a conectare trebuie sa caut de multi ori bluetooth_ul. in rest e ok;0
3610;am asteptat mult, 13 zile sa ajunga cardul prin curierat dpd, cat despre card numai de bine, are viteza mai mare decat este specificat atat la scriere cat si la citire.;0
3611;in descriere ceasul este decodat si merge in toate retelele din romania! o minciuna! nu merge in digi. plus ca ceasul are un piciorus rupt de la capacul de la baterie si nu sta prins ok;1
3612;husa imbraca doar partial tableta iar colturile si spatele sunt libere. din pacate, in caz de lovire accidentala tableta este extrem de expusa.;1
3613;nu functioneaza fast charging-ul pe huawei p10.;0
3614;destul de firava prinderea suportului;1
3615;produsul functioneaza foarte bine, insa materialul din care este fabricat este de proasta calitate nu cred ca rezista foarte mult.;1
3616;nu functioneaza la viteza afisata;0
3617;bruiaza sunetul la volum ridicat  se aude destul de incet;0
3618;nu indeplineste aproape nimic din ce e in descriere;0
3619;"bass-ul e prea pronuntat si nici macar nu e bass curat.  mediile sunt infundate.  inaltele se zbat sa se faca auzite.    cred ca doar muzica instrumentala poate fi ascultata fara sa-ti vina sa le returnezi.    comentariile de genul ""bassul e atat de tare incat simt un gol in stomac"" sau ""se aude tare si clar"" sunt probabil de la oameni care asculta muzica in casti pentru prima data.    arata bine intradevar, firul plat previne incalcirea, mufa e aurita.    am avut inainte sennheiser cx 3.0 si probabil sunt prea pretentios.";2
3620;afisajul este aproape inlizibil de mic altfel produsul e ok;0
3621;din pacate am sa acord doar doua stele acestui produs deoarece nu inregistreaza corect valorile, si aici ma refer la pasi. inregistreaza orice miscare a mainii ca pas, prin urmare poti sta toata ziua pe canapea si sa gesticulezi cu mainile si te trezesti cu minim 1000 de pasi intr. o ora, lucru care ma face sa ma intreb si daca celelalte functii sunt relatate corect.   am plecat de la mi band 2, incantata de faptul ca fitbitul are in plus acele functii pt activitate sportiva, insa ma declar dezamagita de acest produs. si mai punem la socoteala si pretul exagerat de mare pe care il ofera fitbitul, in raport cu calitatea. o bratara de jucarie.;0
3622;bateria tine si 2 saptamani, in functie de cat de mult o folosesc. nu are priza prea buna pe ureche. aproape la fiecare convorbire se restarteaza. este mult sub m70, pe care l-am pierdut si din pacate am decis sa incerc altceva.  livrarea prompta, ca de obicei.;0
3623;pe distante scurte, eroarea este mare la numarul de pasi.   tensiunea arteriala nu are eroare mare comparativ cu un tensiometru.   cam mare cadranul, incomod de dormit cu el la mana pentru a monitoriza somnul.;1
3624;nu este chiar un smart(watch), ci doar un ceas cu telefon incorporat.   se inchide mult prea repede de la butonul on/off, astfel ca poti sa-l inchizi fara sa-ti dai seama.  ora nu poate fi setata, ci este preluata de la operatorul gsm. din pacate, mie imi arata mereu cu o ora inainte.  nu are posibilitatea sa setezi volumul soneriei si nici sa-l pui pe mute.  receptorul nu ofera un sunet clar, de multe ori e nevoi sa repeti si sa vorbesti mai incet ca sa se inteleaga. apare si efectul de microfonie, dar cred ca asta se intampla la orice ceas cu telefon la care vorbesti fara casca.   bateria tine 1 zi, daca nu vorbesti mult.  localizarea este o gluma, lbs mode nu este doar mai putin precis decat localizarea prin gps, ci deloc precis. nici vorba sa poti localiza cu adevarat pe cineva. iti arata locatia antenei gsm la care se conecteaza, care poate sa fie la 3-400 m in orice directie.  cu un telefon de 300 ron si cu o aplicatie dedicata, descarcata gratuit din appstore, primesti mult mai mult. sau, daca e sa fie ceas, atunci mai bine sa fie un smartwatch cu adevarat.  singurul punct forte e faptul ca se potriveste bine pe mana unui copil.;0
3625;"in descriere nu este specificat ca, intre casca stanga si cea din dreapta este un cablu de legatura;   la o distanta din buzunar la urechi exista intreruperi repetate a semnalului;   senzatia incomoda la purtat... ma dureau urechile dupa aprox 30min  sunet acceptabil  volum slabut  in concluzie: pretul de 80 de lei este ok pentru ce ofera";0
3626;a mers ok o perioada insa intr-o zi a decis sa nu mai raspunda la comenzi (nu am putut s-o mai resetez, nu mai raspundea nici la comenzile de pe panoul principal). aplicatia care se instaleaza pe telefon este destul de limitata, nu poate fi folosita impreuna cu ifttt, de multe ori nu se putea conecta etc.  din punctul meu de vedere nu prea isi merita banii.;0
3627;am luat-o resigilata. multumesc celui dinaintea mea, era impecabila, nici nu ziceai ca a fost folosita. a venit incarcata 91%. am bagat-o la incarcat folosind incarcatorul original al telefonului, de 2 a (sau 2.1) si mare mi-a fost mirarea sa observ ca a ajuns foarte repede la 100%, chiar in 5-10 minute. seara mi-am incarcat telefonul (redmi 4x, 4100 mah) cu ea. dezamagit total. cu cat scadea procentajul bateriei, cu atat se incarca telefonul. intr-un final a reusit sa-mi incarce complet telefonul de la 20%, bateria ramanand cu 44%. a doua incarcare sigur nu o mai ducea. mentionez ca am oprit toti consumatorii (gps, wifi, date), ba chiar am pus telefonul in mod economisire si nu m-am atins de el cat s-a incarcat (exceptie facand primele minute, cand am verificat incarcarea: 1.3-1.4 ah cu cablul ei scurt, 1.0-1.1 cu cablu a+ de 100 sau 120 cm - valori cu display-ul activ, cu el in standby in mod sigur sunt mai mari). am returnat-o si caut ceva mai potent. i-am luat nevestei mai demult o baterie hame, tot de 10.000 mah. cu aia ne incarcam amandoi telefoanele (4x-ul meu si p9 lite) si tot mai are o liniuta.;0
3628;dupa cateva utilizari s-a defectat;0
3629;-se pierde conexiunea destul de des, chiar si cu telefonul la o distanta de maxim un metru  -microfonul este destul de prost, se aude mai tare zgomotul de fundal decat vorbitorul  -castile estompeaza zgomotul din jur, este putin periculos daca nu esti foarte atent la ce se intampla pe langa tine;0
3630;se aud foarte bine si clar si arata foarte bine finisate etc  nu am indoit cablul sal tin mereu indoit sau sa trag de ele etcc...  dar dupa o luna de folosire normala boxa din stanga cedeaza   si are cablul prea fragil.... firele subtiri in interiorul cablului....... cedeaza repede cablul si boxele in rest se aude bine;2
3631;suportul este oarecum el, destul de greu si masiv ceea ce face ca prinderea de grila de ventilatie in cazul multor masini impreuna cu telefonul sa devina aproape imposibila, intrucat in multe cazuri grila de ventilatie este destul de firava, facand ca telefonul sa se balangane in timpul deplasarii autuvehiculului, existand chiar riscul de a se desprinde de suport, consecintele in acest caz putand fi destul de neplacute.  asadar este un suport nesigur, in multe cazuri fiind imposibil de folosit.  raportat pret/calitate este ok!... material si finisaj nota 8  recomand totusi modelul care se poate lipii de bordul auto cu autoadeziv sau alte modele mai sigure.;2
3632;pro, contra si propria concluzie:  pro  + numara etajele, pasii si pulsul suficient de precis( pulsul cu eroare de maxim 5 b. p. m.)  +afisajul de foarte buna calitate  +sincronizarea notificarilor cu telefon samsung foarte bine realizata.  +fiind produs samsung intrat pe canal oficial beneficiaza de garantie exemplara.  contra:  -daca se seteaza masurarea pulsului continua acumulatorul nu tine mai mult de 55 de ore, asta in conditiile in care luminozitatea ecranului este setata la 5 din 11, fara wi-fi, fara gps..  -dupa cateva ore pierde conexiunea bt.    concluzia mea:  autonomia redusa ma face sa nu o recomand, poate doar daca ar costa in jur de 500 de lei.  -;0
3633;la acest pret am crezut si as fi preferat sa acopere husa si partea din spate al ipad-ului. m-am grabit si nici reprezentantul emag nu m-a informat, a cautat in retea, mi-a confirmat ca exista in stoc si m-a indrumat catre casierie.   nu recomand. dezamagitor;0
3634;"am achizitionat acest ceas si constat ca unele specificatii nu corespund cu descrierea.  nici ca aspect cu corespunde cu pozele, dar sa zicem ca aspectul nu ar conta asa mult.    nu are (sau nu am reusit eu sa gasesc?):  - functionalitatea ""microfon spion pentru monitorizare. fara sa stie copilul poate fi ascultat.""  - camera foto face poze foarte slabe, nu cred ca are nici macar 1 mpx  - nu are ceas analogic  - detecrarea scoaterii ceasului de pe mana functioneaza cand-cum, adica nu ma apeleaza tot timpul. am observat ca setarea ""guardian"" din aplicatie se pierde.  - ma asteptam sa salveze cateva poze in memorie; dar nu tine decat o poza; pozele trebuie uploadate in setracker daca vreau sa nu se piarda.    important e si faptul ca dupa ce l-am configurat si am facut setarile in setracker, au disparut toate iconitele de pe al 2lea ecran (camera, joc, etc). pot sa vad doar iconitele de pe primul ecran, pt apel, contacte, mesaje.    localizarea gps inca nu am verificat.  nici rezistenta la apa nu am verificat-o, dar am indoieli in privinta asta.      pro:  - am reusit sa il setez usor   - apelurile sunt ok  - lanterna  - pozitionarea camerei, frontal si nu lateral    atasez niste poze pt a se vedea realitatea comparativ cu descrierea, si ecranul care nu mai afiseaza iconitele.";0
3635;cati bani dai, atata face.... poate mai putin.  telefonul il vede ca ne-certificat, incarca f incet si dupa multe incercari (conector scos-impins etc etc).;0
3636;confirm ca incarca greu. incarca de 3 ori mai greu cu el (cca 5h in loc de 1,5h cu un alt cablu);0
3637;folie simpla taiata pe cuter intr-un ambalaj frumos. nu recomand!;1
3638;este o diferenta foarte mica intr-e cea noua si cea veche;0
3639;nu prea se merita la banii astia e slaba la volum, dabea de la vol 30 auzi ce canta langa ea si un radio se aude mai tare de 10 ori, scrie ca are 65 w dar mai mult de 20 nu i dau.    pro se aude clar si cam atat;0
3640;nu recomand iuni, slab, foarte slab, material ieftin si prost, apoi unde e mufa pt incarcare zici ca sta sa cada capacul de acolo.  arata binisor, insa plasticul asta e tare deranjant, e adevarat, pretul e ieftin, dar cu toate astea mi-am luat smartwatch aproximativ la acelasi pret si era mult mai bun.  meniul e foarte fain pt el, are whatsapp, facebook, asa e ok (pe interior) dar pe exterior cureaua o inchizi greu, nu e asa flexibila.;1
3641;"salut. am achizitionat in decembrie 2018, un carbon air la aproximativ 750 lei. dupa 2-3 zile de folosire l-am trimis inapoi. motivul: bateria ""a reusit"" performanta de a ma tine 3 ore. mentionez ca aveam cartela sim in ceas si de asemenea ca locuiesc in timisoara, nu in sat, ca sa ""aiba"" alibi-ul de semnal slab.  am convenit cu cei de la poseidon sa accept varianta zen 4g si mi l-au inlocuit (in aceiasi bani, + pt poseidon aici).  suntem in februarie 2019, folosesc ceasul zilnic(fara cartela sim in el) si cu toate astea, de foarte multe ori, bateria a cedat mai repede de 16 ore. acest punctaj este datorat bateriei in proportie de 80%, nu doresc sa vb de aplicatii pentru ca acest review poate deveni poveste.   o zi buna!";0
3642;citind celelalte review-uri ma asteptam la un produs bun, dar am ramas dezamagit.  calitatea sunetului ii cat de cat acceptabila, insa basul este zero.  din punctul meu de vedere nu isi merita banii nici macar cu pretul redus cu 50%.;0
3643;calitate slaba, nu stau bine in ureche, sunetul e alterat, calitatea sunetului e afectata, muzica se aude usor infundat...;0
3644;butoanele parca de la o jucarie de copii, sunetul cu certitudine foarte alb, daca este dat la maxim se aude oribil. cu certitudine o chinezarie care nu merita banii.;0
3645;am un iphone cu mophie case (cu acumulator incorporat) si incarc de obicei dispozitivul prin micro-usb. doar ca, acest anker powerport imi induce un comportament bizar la telefon, mai precis ecranul raspunde aleatoriu la touch (scroll-ul sare sus-jos, abia merge... in timpul jocului pierde semnalul de touch, ca si cum as fi ridicat degetul de pe ecran, sau sare in alta parte, ca si cum as fi apsat in alt colt al ecranului).    pe scurt, in timp ce incarc telefonul, nu prea mai pot folosi telefonul, ceea ce e un mare minus, cu toate ca incarca bine si rapid.;0
3646;dintr-o folie de protectie pentru telefon ordinara cumparata cu 10 lei de la orice gsm shop se pot decupa cu foarfeca 2-3 protectii pentru ceas mult mai calitative, mai ultra hd si mai ultra clear, cu adeziv mai bun si fixare trainica decat aceste ciolofane de 20 lei + 15 lei transport    contra: transparenta mai proasta decat cea mai ieftina folie, aplicare umeda care necesita 12-24h pt uscare, adeziv nu prea stralucit, nu au aspect neted  pro: sunt rotunde...;1
3647;"la ecran de 6 inch nu prea mai reuseste sa focalizeze. cu reglajele la maxim e pe aproape... dar tot ce obtii e o durere groaznica de cap. testat cu un lenovo vibe z2 pro de 6"".";0
3648;cablul usb a fost defect, am folosit unul vechi iar in instructiuni scrie mare cu rosu ca incarca doar pana la 80%, lucru ce nu apare in descriere.  pretul e cinstit, face de cat costa.;0
3649;discul magnetic este dezamagitor. ma tinut doar o saptamana jumatate.;0
3650;aspect placut, calitate slaba nu are incarcare rapida telefonul se incarca destul de greu iar cablul este prea scurt si ineficient;2
3651;inca am boxa functioneaza dar nu merge volumul nu dati banii pe prostii;0
3652;durata maxima de functionare cu internet max 8h, incarcare putin mai lenta, recomand original.;0
3653;am luat ceasul in principal pentru a fi anuntat de apeluri telefonice si sms la o oarecare distanta de telefon. din pacate nu functioneaza decat partea de sms. functie inutila, zic eu, este aceea de vibratie cand inchei un apel telefonic sau cand trimit sms (poate a fost gandita pentru cazuri de furt?). pentru afisaj ai nevoie de lumina ambientala ca sa poti vedea ceva. design frumos, incarcare rapida. un mare minus pentru evolio este acela ca meniul si indicatiile ceasului sunt in engleza. este o firma romaneasca ce produce si pentru romani. mai mult respect!;2
3654;"mi-am cumparat aceasta bratara in speranta de a face un ""upgrade"", eu avand o bratara xiomi mi band ""1"", dar am ramas dezamagit. a 2-a zi am si returnat-o. in primul rand este inconfortbaila daca o porti cum este indicat in manual ptr masuratori corecte., adica la 2-3 cm deasupra osului de unde incepe incheietura mainii. in al doilea rand, mi-a picat conexiunea bluetooth si dupa aceea nu s-a mai reconectat deloc. cand zic deloc, ma refer nici manual, cu reset la bratara, la telefon, la tot. bateria, dupa circa 24 de ore a ajuns la 70-75 la suta, probabil tine 4 5 zile. daca mananci cu mana stanga, la fiecare miscare a mainii bratara afiseaza display ul, probabil un factor ptr care bateria scade asa repede. masuratorile par corecte, in ceea ce priveste pulsul, somnul. in privinta numarului de pasi am dubii. per total, nu recomand.";1
3655;pro: boxa arata bine se aude bine, bateria tine mai bine de 8 h  contra: lipsa butoane volum, nu incarca in timp ce asculti muzica la ea, lipsa indicator baterie;1
3656;nu se ridica la nivelul asteptarilor mele. trimis fara carte tehnica. raport calitate pret foarte slaba. bateria nu se incarca intr-o ora si autonomia este de 1 zi. nu recomand;0
3657;pare cel mai bun este mic, auriu, ieftin si e asus dar dupa cateva utilizari se duce.. acum se incarca in vreo 3 ore si imi incarca foarte putin telefonul.;2
3658;la volum mare boxa gajaie, dar e cat de cat decenta. nu as recomanda dar la pretul asta n-ai ce sa ceri...;0
3659;nu functioneaza, this device is not supported by apple, merge 1-2 min dupa care apare pop`up si nu mai merge sunetul, doar incarca... am vrut sa zic 20 de lei dai 20 face... dar nici macar 20 nu face... plus transport...;0
3660;"am achizitionat de pe alt site aceste casti, personal pentru 300+ lei e prea mult pentru ce ofera.   intr-adevar ambalajul, husa in care poti pune castile sunt de o calitate foarte buna, insa pana aici e drumul ""pro"". sunt potrivite doar in metrou si... atat. nu le-as recomanda deloc pentru gaming, muzica de calitate, studio etc.    pro:  - husa  - bass  - asuprire zgomot de fundal    contra:  - grele  - calitatea sunetului e sub niste casti de 99lei   - foarte stramte   - inconfortabile";1
3661;nu-si face treaba;0
3662;am comandat 3 buc unul dupa o incarcare niki nu mai merge calitatea in functie de pret cablul este destul de tare nu e fliabil;0
3663;salut.  aceasta boxa nu nu scoate nici pe departe 400w cum este in descriere, cei care o lauda asa cred ca sunt cei care o vind. calitatea sunetului este ok nu are nici un fel de distorsiune, am facut comanda pe emag 150 ron si 30 ron curierul, culoare neagra si a venit culoare alba la doua saptamini, mai mult de 100 ron nu merita. sunt dezamagit.;0
3664;"cu toate astea mi-a luat o ora sa-mi dau seama ca vreau sa o returnez. dupa ce am instalat toate aplicatiile a mai ramas disponibil pe cardul intern cam 2 gb. si problema cu kit kit-ul e ca nu poti sa folosesti cardul extern ca si card intern.   pro: bateria tine aprox 3 zile; se misca acceptabil.  contra: rezolutie destul de slaba (dar stii asta cand o cumperi:-) ); memorie interna doar 8 gb ce sunt insuficienti; sistemul de operare nu se poate actualiza (ramai cu kit kat). cei de la emag ar trebui sa modifice descrierea produsului la os din android in android kit kat;   si cu toate astea merita 700 de ron. la intervalul asta de pret nu poti gasi ceva mai bun la 10 toli";0
3665;l-am folosit de cateva ori pe un asus zenfone laser.  la inceput a incarcat destul de ok, dar dupa cateva saptamani si-a pierdut din putere chiar si incarcat full.    l-am primit impreuna cu telefonul, dar nu as fi dat bani pe el.;0
3666;o tableta mediocra.   imi pare rau ca am achizitionat-o.   se blocheaza zilnic de cateva ori, desi nu am cine-stie-ce instalat pe ea, cateva jocuri destul de mici, fb, un e-reader, un program antivirus.   camera este foarte proasta, calitatea pozelor si a clipurilor este execrabila, chiar si cu lumina suficienta. blitz-ul e inutil.   nu recomand acest produs. l-am luat la 429 ron, acum e mai ieftin, dar tot nu cred ca merita.;0
3667;castile au un material subtire, de calitate ieftina care se incalceste foarte usor. sunetul are o calitate proasta, se aude de parca ar veni dintr-un pahar. nu recomand achizitionarea, nu merita pretul.;1
3668;mi-a incarcat galaxy s5 doar de 2 ori si asta de pe la 20-30%.... si a incarcat si foarte greu (in jur de 4 ore per incarcare de la 20-30%). imi facusem sperante mari citind reviewurile de aici insa sincer sunt dezamagita.... nu am observat acei 10. 000 mah si nici ca viteza nu pot sa zic ca m-a dat pe spate. imi pun intrebari daca ce am primit eu o avea vre-un defect pe undeva... daca persista descarcarile asa rapide probabil am sa il duc in service, daca vroiam 2 incarcari si alea asa greoaie imi luam unul mult mai mic mai usor si mai ieftin, nu de 10. 000. in opinia mea, cel putin momentan spun ca nu merita achizitionat.;0
3669;sincer, slab. l-am cumparat ca am nevoie de el la drum. uitandu-ma peste celelalte pareri am zis sa il cumpar ca este bun. insa, m-am inselat, l-am pus pe bordul masinii iar la caldura mi s-a deszlipit din pacate. cu parere de rau pret-calitate foarte prost.;0
3670;am descoperit 4 probleme la aceasta boxa  1. dupa ce am efectuat prima incarcare, am pornit boxa, cu toate cele 4 leduri aprinse, volumul la putin sub jumatate...in 15 secunde, deja, ultimul bec s a stins... bateria terminandu-se total in 4 ore, la acelas volum, sub jumatate...  2. nu poti reda melodiile aleatoriu, (pe sarite)de pe stick  3. nu poti selecta redarea pe foldere de pe stick  4. microfonul face zgomot de fundal daca are chiar si la jumatate volumul.(distanta de boxa fiind de aproximativ 6 metri)   in rest se aude frumos si destul de tare... chiar si radio... prinde cateva posturi  am dat-o retur si astept sa imi ajunga un denver tsp 303;0
3671;"l-am lasat la incarcat folosind un incarcator de 1a in loc de 2a. a incarcat pana la 99% in 4 ore si apoi a stat asa 2 ore. cu greu a facut 100%. cand l-am ridicat de jos, vopseaua de pe carcasa s-a incretit si a inceput sa se decojeasca. ca la masina cand ai vopsit peste cu spray-ul peste vopseaua originala. nu s-a incalzit deloc si l-am verificat de multe ori si oricum nu avea voie sa se increteasca. a si sa nu uit. cablul de ""date"" este doar de incarcare. nu se poate folosi pentru transfer date, daca vrei sa il utilizezi la alte aparate.   am pus la incarcat un telefon care avea 33% si da incarca destul de ok, dar scade repede curentul acumulat.  nu recomand. calitatea materialelor este slaba";1
3672;"viteze comparate cu un card verbatim de 4 gb, clasa 4, pe care il am de aproximativ 5 ani  938 de fisiere - 3, 01gb pe acelasi port usb    5'55"" - verbatim de 4 gb, clasa 4  6'32"" - kingston de 16 gb, clasa 10    in concluzie este mai slab cu aproximativ 10% fata de cardul vechi    pro: garantie pe viata, pret, adaptor  contra: clasa 10 e doar o eticheta frumoasa";0
3673;nu incarca intotdeauna, prima data am crezut ca e problema cu incarcatorul, dar nu, e cablu care refuza sa incarce. tb scos din incarcator si introdus din nou dupa care incarca.;0
3674;dupa o saptamana, la revedere incarcat;0
3675;dupa o luna nu mai functioneaza nu recomand;0
3676;pro: bass-ul bun, cauciucul dopurilor confortabil, am apreciat ca au inclus mai multe dopuri pe diferite marimi, cablu plat   contra: au rezistat 1 luna (exact la fel a patit si un prieten deci nu stiu daca chiar merita cumparate);2
3677;acest ceas pe care am dat 1000 de lei nu imi trimite notificarile aplicatiilor instalate pe telefon si bifate in setarile aplicatiei... deasemenea de deconecteaza des desi ceasul este la mana si telefonul in buzunar, apoi de deconecteaza cand ma departez mai mult de 5 metrii. poseda un telefon xiaomi redmi note 3 care are bluetooth-ul foarte bun, am conectat la el sistemul audio al masinii, boxe pe bluetooth, singurul dispozitiv cu care face probleme este ceasul. nu functioneaza decat foarte rar aprinderea ecranului la scuturarea mainii. daca nu cumva de remediaza in termenul de 30 de zile de la cumparare, adica inainte de 16 februarie il voi returna si voi cere banii inapoi pt acest dispozitiv romanesc de care eram foarte mandru... pana la achizitie...;0
3678;bluetooth este foarte prost, dar se aude frumos.;0
3679;o chinezarie de proasta calitate, sunetul foarte prost. nu merita banii.;0
3680;pro:   - design placut    contra:   - probleme cu sincronizarea datelor pe android  - alarma nu functioneaza mereu;2
3681;"atunci cand spui jbl asteptarile cresc.   doar ca lucrurile stau diferit din anumite puncte de vedere.   pro:  - ambalajul interesant  - simplitatea  - bateria   - nu pare sa distorsioneze la volum ridicat  contra:  - sunet lipsit de medii si inalte  - sunet ""infundat""  - aplicatia mobila se conecteaza greu    boxa probabil este potrivita pentru ""galagie"" si petreceri in aer liber. altfel nu merita nici jumatate din valoarea ei.";2
3682;calitativ le-as plasa aproape de medie in ceea ce priveste sunetul asteptat de la castile moderne.  fiind printre putinele casti tip-c ce chiar pot fi folosite insa, sunt normal mult supraevaluate la pret. casti cu input de 3.5 de acceeasi calitate ar costa in jur de 70-100 de lei.  de departe ce m-a dezamagit cel mai mult a fost modul cdla.  orice melodie, in orice format ai avea, experienta este aceeasi.  sunetul este imprastiat atat de mult incat, parca asculti o boxa stricata dintr-o baie in timp ce esti in alta camera. de asemenea trebuie notat ca este extrem de sensibil cablul. apasat doar putin si se pierde conexiunea. daca tii telefonul in buzunar ca mojoritatea oamenilor, asta se poate intampla la fiecare treapta.  sa adaug si cateva plusuri notabile: ambalajul slick, timpul scurt de livrare, cablul plat de un design foarte bun.;2
3683;culoarea nu este nicidecum cea din poza ci mai degraba duce spre galben  calitatea nu te va lasa cu gura cascata, parerea mea este ca aceasta bratara nu merita mai mult de 50-70 de lei  sub-standard!;0
3684;incarca greu si nu poate incarca un telefon cu acumulator de 3500 mah decat pe jumatate. pretul mic nu justifica punctele slabe.   am citit review-urile inainte dar am crezut ca cei care spun ca nu e bun sunt foarte pretentiosi. nu, cei care spun ca e ok probabil au telefon cu acumulator mai mic.;0
3685;arata poza ca are calculator dar nu are asa ceva nu vil recomand!!!!;0
3686;este foarte buna si nu tine bateria 3 ore tine 10 ore cu tot cu ascultat muzica;0
3687;a functionat timp de un an pe un samsung galaxy s7.;0
3688;"folia nu e taiata corect, mai exact gaura pt microfon se afla in partea stanga (pe aceasi parte cu camera interna), cand de fapt pe device, microfonul e pe partea dreapta (asa cum arata de altfel si poza de pe site).  ""avantajul"" a fost ca folia e si putin mai mica (cam 1-1. 5mm mai mica - atat ca lungime cat si ca latime, fapt ce a permis sa nu acopar microfonul (dar am acoperit usor lentila camerei frontale in partea de jos.. nu se observa insa la ""selfie""-uri)";1
3689;design frumos, baterie trainica, calitatea sunetului slaba. probata cu un samsung galaxy sii plus.;2
3690;"face galagie, sunetul este destul de puternic, dar bass-ul e slab si distorsioneaza la volum ridicat. oricum, nici vorba de 18w cum apare in specificatii.  panoul cu controale (buton on/off, tuner, port usb/micro usb) nu era bine prins, ci era adancit inauntru cativa milimetri.  in pachet am primit doar boxa si un cablu cu mufa usb / micro usb / jack, nici vorba de acele produse ""cadou"" (dar nici nu ma asteptam).  cu aceeasi bani (75 lei + transport) se poate gasi un produs similar mai bun, deci retur.";0
3691;se pare ca nu numa la mine ii aceasta problema, curent intra de configurat se poate configura dar la iesire 0 trebuie sa al trimit inapoi;0
3692;pt pretul sau, se aude cam prost si se tot deconecteaza.....;0
3693;calitate proasta. bateria tine putin, sub capacitatea indicata de 6000.  mufele par fragile.;1
3694;se aud cam prost;0
3695;dupa, o zi nu tine bateria in convorbiro decat maxim o ora;0
3696;bateria tine mai putin de 24h in regim de companie fara cartela sim sau card de memorie. conexiunea bluetooth se pierde peste1,5 m distanta uneori chiar cu telefonul in buzunar. pedometru numara pasii si cand stai.... aspect ok.;2
3697;slab si neperformant!;0
3698;"am achizitionat ceasul de black friday la pretul de 70 lei. nu merita mai mult de atat parerea mea.   se conecteaza repede cu telefonul lg x screen. n am incercat pe alt dispozitiv.  difuzorul si microfonul functioneaza, insa sunetul este de o foarte slaba calitate atat in timpul apelurilor cat si cand reda muzica (de pe card sau prin bluetooth); microfonul, trebuie sa vorbesti tare si tot nu esti auzit clar la celalalt capat.  are 3 interfete/cadrane pt ceas.   poti primi notificari/sms/apeluri de pe telefon atat timp cat ai instalat pe telefon o aplicatie in genul btnotification. poti citi chiar si mesajele de pe facebook messanger ca notificari insa nu poti sa le si raspunzi.  are calendar, alarma, sound recorder (necesita card micro sd), audio player(la fel, card microsd), browser, facebook, whatsapp si twitter(trebuie sim pt a putea fi folosite). sleep monitor sau pedometer sunt total inutile si ar merita dezinstalate dar nu se poate.  nu are rost sa zic ce putea avea in plus, la pretul asta nu poti avea pretentii sincer.   sper ca a fost un review folositor.";0
3699;cand pun la incarcat ceva, imi beuiaza statia si radio-ul. cu alt incarcator nu am problena asta. am pus la incarcat o tableta si un telefon si se incalzeste destul de tare. dezamagitor. ii dau 2 stele pt ca are totusi 3 usb-uri.;0
3700;am cumparat acest produs in urma cu o luna si pana acum doua zile am fost foarte multumit de el. bateria asigura o autonomie de 2-3 zile, finisajele sunt ok, pozitia gps este exacta. sunt foarte curios daca acest review va fi publicat pentru ca este al doile trimis. nu as vrea sa descopa ca doar cele pozitive sunt aprobate si postate;2
3701;afisajul nu se aprinde, sau o trebui ceva setat...;0
3702;la prima vedere arata foarte bine doar ca in momentul folosirii lor am observat ca una dintre casti de una mai tare decat cealalta indiferent de melodia pusa, nu prea redomand aceste perechi de casti.;2
3703;unde gasim acumulatori?   dupa 2 luni s-a umflat si l-am scos din dispozitiv.  nu filmeaza decat 10-15 minute.;0
3704;la o rotire din 3 si anumea cea din mijloc nu se misca deloc....;0
3705;au rezolvat principalele probleme ale lui charge, ecranul minuscul si bratara fixa. consider ca are si un aspect mai placut, bratarile se pot schimba si oferta e generoasa, autonomia a crescut la 5 zile +.  din pacate, senzorul de puls e o gluma, graficul unei plimbari in parc in ritm constant arata ca un meci de fotbal cu ruperi de ritm. ghiceste pulsul in lipsa miscarii dar daca arata puls 105 cand sta pe masa, e clar ca nu are legatura cu realitatea.  aplicatia ptr iphone e foarte diferita de cea ptr android. desi au multe hibe, ambele variante sunt mult peste concurenta.;2
3706;pro: stabilitatea batului atunci cand e intins la maxim e buna, suportul pentru telefon e foarte bun pentru un iphone 6s. pretul este unul bun, transportul in mai putin de 24 h.  contra: butonul pentru poze nu e unde este desenat ci mai jos, capacul unde ai butonul off/on si pe unde il incarci e putin desprins de acolo, iar la prima utilizare facea pozele atunci cand apasam pe buton, dar apoi facea cand il taia capul.   am garantie si trebuie sa vad cum procedez cu acest produs, ori sunt asa toate ori al meu e ceva mai special, avand in vedere celelalte review-uri.;1
3707;este o minciuna cu cartela vine goala fara gb fara minute ceasul este relativ ok.;0
3708;pe ios merg functiile de play/pause/next/volum. in rest nu prea am reusit sa-l folosesc altfel in alte aplicatii.;0
3709;lumina intra inauntru si cqlitatea este foarte rea pt pretul cerut;0
3710;daca ai nevoie de o lumina ambientala este f misto daca ai nevoie de un incarcator portabil nu recomand. pe mufa de 2.1 a dupa 2h de functionare telefonul spune ca mai dureaza in 3 ore si jumatate iar pe cea de 1a inca 4h si jumatate..... acumulatorul telefonului este de 3000mah. cu un uncarcator normal (nu fast) se incarca in 1h si 45 min. daca o conectez si rulez youtube pe telefon, telefonul consuma mai mult decat incarca aceasta baterie. daca rulezi waze reuseste sa mentina nivelul bateriei si chiar sa creasca daca dai luminozitatea mai mica.  lumina lanternei este jenanta adica jenanta rau, dar lumina ambientala mi se pare foarte misto are si 2 nivele de intensitate.;0
3711;nu sunt bune.... bateria tine sub 40 de minute.... dupa 3 ore incarcare.... plus caci cade tot timpul din urechi;0
3712;am comandat aceasta boxa si nu merge microfonul, posturile de radio sar nu stiu cum le pot oprii desii cred ca nu poti, am facut cerere de returnare, si sa primesc alta la fel, sunt curios daca la aceaa va merge micrfonul.;0
3713;foarte firav, din punctul meu de vedere.;0
3714;chiar daca am lat ochelarii de pe un alt magazin online, am zis ca scriu un review deoarece probabil ii va ajuta pe altii ce doresc sa achzitioneze acest produs. intentionez sa retunez ochelarii... imaginea este foarte aiurea, nu este clara. i-am testat cu un s7 edge. intr-adevar senzatia este super wooow dar calitatea imaginii este nasoala rau si iti oboseste ochii. nu merita clar.;0
3715;nu este multipoint, cauciucul din ureche este mare si dur. am si de la huawei si este mare diferenta cu plus pentru huawei.  doar pentru ca am alternativa si din comoditate nu l-am trimis inapoi.  nu stiu cat tine bateria, nu prea l-am folosit.  vine fara cablu de incarcare.  clema de plastic in jurul urechii este deranjanta.;1
3716;"cel mai slab produs pe care l-am vazut vreodata!! se blocheaza fff repede, ""gandeste"" extrem de greu, sunt dezamagita! ma asteptam sa fie slabuta dar nici chiar asa.";0
3717;mare grija cand deschideti capacul in spate pentru a introduce cartela sim pentru ca se deschide greu si la mine a crapat.:( in rest arata bine...;2
3718;atat bateria, cat si telefonul se incarca anevoios.  in plus, este foarte grea, nu prea merge de tinut in geanta.;1
3719;am cumparat si eu de curand. e ok in principiu, dar cea mai mare problema este sistemul de operare android 4.4. nici macar aplicatia emag nu o pot instala, cere android 5 sau mai mult. eu am cumparat. o pentru ca fiica mea sa poata controla de pe ea un robot lego boost. dar si aplicatia lego boost cere android minim 5.0 si nu am putut. o instala. nu recomand, desi e o tableta eleganta si se misca bine.;2
3720;"sunt ca cele cu care a venit telefonul huawei mate 9. nu inteleg de ce inca se produc astfel de accesorii, avand in vedere faptul ca de foarte multa vreme au aparut cele in-ear, care ofera o experienta in utilizare mult mai buna.  exemplific:  - nu au stabilitate in ureche (ies tot timpul, la fiecare rotire a capului se misca pozitia in care stau);  - nu confera izolare fonica fata de mediul inconjurator;  - sunt destul de incomode dupa o anumita perioada de timp (pur si simplu dor urechile din cauza formei lor si a materialului rigid).  ca si concluzie, cautati casti in-ear, mult mai confortabile (prin prisma bumbilor de cauciuc) si care izoleaza fonic mult mai bine.";1
3721;am dat doua stele din cauza autonomiei bateriei (am boxa asta de 2 ani jumate aproape).  1. la autonomie scrie 10 ore...10 ore la volum potrivit poate.... ca asa daca dai volumul la 40% (stiu ca nu arata procente dar iti dai seama cat de cat) tine maxim 2 ore nici de cum 10 ore   2. pe boxa scrie ca sa stea 48 de ore la incarcat.... am tinu-to si 72 de ore si tot in doua ore s-a dus bateria cu volum potrivit nici tare nici incet cam 40-45% in procente  sunt dezamagit de autonomia bateriei in rest e buna.. dar totusi o s-o comand pe cealalta de 50 de watt    am bagat-o la incarcat chiar astazi (4.02.2019 ora 22:09) o tin pana maine la ora 12. nu o mai tin 48 de ore ca nu are rost.    nu stiu cea de 50 watt cum o fi.... fac pariu ca la cealalta boxa de 50 de watt tine bateria mai mult de 2 ore fara oprire..;0
3722;dezamagitor. il pun la telefon si imi da anunt ca e slaba incarcarea.. am acordat 2 stele.;0
3723;curbura este de toata jena, iar geamul este stramb, se vede pe suprafata sa.;1
3724;nu l-am putut face sa functioneze sub nici o forma pe orange (am mai avut unul inaite care l-am folosit pe vodafone deci stiu exact ce trebuie facut).  am respectat toti pasii ce se scriu in documentatie.  desi are setat serverul ok si apn orange (confirmat de mesajul catre telefon pw,123456, ts# care arata ca totul este bine) aplicatia il arata offline deoarece datele mobile nu se activeaza pe ceas.   deci chiar nu recomand acest model.   vanzator prompt si livrare rapida (tot respectul) dar modelul este praf (este modelul cu numarul 5 pentru copilul meu deci cam stiu ce e pe piata).  de fapt nu este nu este modelul afisat ci gw900s.  eu ii fac retur.;0
3725;nu recomand pentru pretul afisat.    foarte slab... partea de multipoint lasa de dorit. cand este conectat la macbook si la iphone 6s in acelasi timp, devine instabil si sacadeaza urat, dand un sunet foarte robotic.   daca este conectat la un singur dispozitiv, isi face treaba destul de bine.  e deranjant ca nu poti dezactiva de tot partea de voice assistance (iti spune tot ce se intampla ori de cate ori se intampla ceva - cand ai un apel, stai cateva secunde bune sa poti raspunde pana casca iti detaliaza in ureche faptuk ca ai un apel si de la cine o ai).  partea de noise cancelling este nemaiantalnit de buna!  bateria tine cam jumatate din timpul estimat in descriere si in cartea ei.    nu recomand.;0
3726;am fost multumit de el insa dupa un an si 5 luni s-a rupt. mi se pare aiurea sa se rupa plasticul dupa aceasta perioada si folosit ocazional in mod normal. totusi, vad ca garantia pentru acest produs este de 1 an in loc de 2 ani. eu am cumparat produsul la 01.06.2017 si pe site scrie ca garantia a expirat la data de 01.06.2018.;0
3727;desi sunt multumit de functionalitate, dupa 3 sapt butonul din stanga nu mai functioneaza, la inceput nu mai facea click apoi se apasa tot mai greu. o sa incerc sa il trimit in garantie sper sa se rezolve.    update:  am trimis ceasul in garantie, ceasul mi-a fost inlocuit. butonul functioneaza la acesta. tot nemultumit sunt pentru ca pe ecranul cesului in stanga jos apare o pata alba cand ecranul este aprins, deranjeaza vizual! am dat 1140lei pe ceas la bani astia nu cred ca e ok sa aiba nici un defect si nici sa se stice dupa 3 sapt. am mai avut bratari garmin niciuna nu a avut probleme, vivoactiv hr e un esec din punctul meu de vedere.;0
3728;este un ceas superb la nivel de aspect si constructie, ca accesoriu este tot ce-ti poti dori.    din pacate este marketat si ca dispozitiv de fitness si aici este slab ptc:  1. pulsul este luat corect doar daca e bine strans pe mana, nu faci nici o activitate (cu exceptia elipticii la sala unde se pare ca masura bine). pt orice altceva, inclusiv ciclism in oras nu masoara deloc bine pulsul.  2. bateria este slaba pt orice activitate sportiva serioasa, de ex. nu ai nici o sansa sa-l folosesti un weekend la munte  3. nu este waterproof;2
3729;sunet slab, intrerupere a legaturii.;0
3730;dupa un an de utilizare ocazionala, s-a rupt piulita de strangere a suportului telefon, fara a depune vreun efort in acest sens. probabil s-a copt de la soare.;1
3731;am dat comanda de unul sigilat, totul a fost ok pana cand am vrut sa maresc luminozitatea ecranului si am constatat cu stupoare ca aceeasi lumina avea si pe nivelul 1 si pe 9. nu am putut vedea pe el asa ca l-am returnat.   aspect 5  performante 3 (as vrea de la un ceas care e smart sa stie ca eu acum alerg, sau ca inot nu sa il setez eu ca fac asta.)  luminozitatea 1 (ma chinuiam sa vad ceva pe el)  calitate pret 3/5    media ar fi cam 2.5....;2
3732;se aude destul de slab. daca dai sonorul tare, iti sare la maxim si bazaie, abia apoi poti sa mai reduci din volum ca sa ai un sunet bun. daca nu esti atent nu auzi avertizarea ca se descarca bateria.  aveam asteptari mai mari de la samsung.;0
3733;poza produsului nu prezinta produsul vandut. suportul de prindere pentru action camera nu exista in pachet. altfel, calitate pe masura pretului.;0
3734;nu sunt multumita deloc. folia se dezlipeste de pe ecran. sub asteptari!!! nu o recomand.;1
3735;"a ""cedat"" dupa 2 sapt!  vine in pachet cu 1 ""arici"" pentru cabluri";0
3736;e foarte buna si la un pret bun. se aude mult mai tare decat un jbl extreme si e spre surprinderea tututor mult mai ieftina.;0
3737;am cumparat si eu aceasta boxa, din alta parte ce-i drept, si nu a mers functia bluetooth. abia reuseam sa conectez telefonul sau laptopul dar de auzit se auzea sacadat, cu intreruperi. ori eu am ghinion ori au defect de fabricatie. restul functiilor merg bine, mai putin microfonul pe care nu l-am testat. iar telecomanda raspunde greu la comenzi. sfat: faceti proba in magazin daca puteti.  ps. am o inregistrare a functionarii sacadate dar nu o pot urca, din pacate, aici.;0
3738;+ un incarcator bun si rezistent pentru a fii folosit la mai multe aparaturi simultan!    - inainte de a cumpara acest produs am consultat site-ul producatorului, care in specifiicatii spune ca are fast charger, l-am folosit pe un s7 edge si din pacate nu este asa,! posibil un defect din fabricatie la incarcatorul primit de mine, sau sa nu aiba fast charger!;0
3739;la mine a functionat doar 1 zi ca reportofon. l-am returnat si mi-au promis ca voi primi unul nou. service bun!  altfel, o placere sa il folosesti!;0
3740;"gps slab.. foarte rar prinde semnal bun. capacul de la sim s-a crepat la prima deschidere. volumul de la sonerie nu se poate da incet chiar daca stii comanda. in manual scrie ca se da volumul mai incet cu comanda "" volume 1 #"" cand defapt comanda care o accepta este ""volume,1#""; oricum nu conteaza pentru ca nu functioneaza.   vocea se aude ok. bateria tine cam o zi.  ca telefon in caz de urgenta este ok.";0
3741;se descarca destul de repede,incarca telefonul doar 50%, la pretul mic, putere mica .;0
3742;calitatea sunetului este buna, in schimb a firului lasa de dorit. le-am avut 8 zile, pur si simplu cand am scos telefonul din buzunar nu a mai facut conexiunea cu castile. deci calitatea firului este extrem de slaba.;0
3743;destul de slabe. pierd semnalul la cca 3-4 m si se descarca foarte repede, cca 2 ore de ascultat muzica.;0
3744;a ramas deschisa lumina laterala, desi este descarcata bateria.;0
3745;dezamagitor, cel putin pe samsung a5 (2016) nu incarca rapid. abia daca incarca 1% in 5 minute.. ceea ce numai quick charge nu il consider.;0
3746;boxa este buna, problema este ca dupa fix 20 de zile difuzorul din partea dreapta are probleme. poate ca este doar produsul meu dar daca n-ar fi avut acest defect ar avea 5 stele;0
3747;slab. plastic casant. eu l-am montant de cateva ori si mi s-a rupt de la ventuza. in timpul mersului orice trepidatie se amplifica pe suport.;1
3748;se deconecteaza constant cu iphone 6s. inchid telefonul si inca ma apeleaza in casca. pacat;0
3749;produs destul de slab la pretul pe care il are. bateria tine foarte putin. pedometrul nu functioneaza cu aplicatia in fundal, doar daca este main screen.  nu recoman.;0
3750;baterie slaba. in 2-3 ore este descarcat.;0
3751;ma asteptam ca produsul sa fie in ambalajul sau original, ori in altceva mai prezentabil, insa a venit intr o punga de plastic si invelit in foarte multa folie din aceea cu bule. la prima vedere pare ce trebuie insa o sa ma conving de calitate in timp. cel original cu care a venit telefonul s-a taiat dupa niciun an de folosire.;1
3752;bratara nu tine nici macar o saptamana in stand-by, nu contorizeaza pasii cum trebuie, optiunile si interfata sunt greu de utilizat fiind o singura zona de touch si nu prea sensibila!;1
3753;o baterie mediocra....;0
3754;se aude foarte slab si nici interlocutorul nu te aude prea bine.  se poate folosi in spatii inchise doar, in liniste deplina.  e de prisos.;0
3755;ma asteptam la altceva, dar ca solutie temporara pentru type c a fost okay. daca vreti sa il conectati la pc o sa aveti nevoie de un cablu usb a-a;0
3756;l-am testat in 2 masini, in una functioneaza, in cealalta nu face deloc contact oricum l-as misca. din pacate il luasem pentru masina in care nu face contact, asa ca o sa il returnez:(;0
3757;ceasul arata bine, functiile mentionate in descriere erau incluse, dar se deconecta constant desi in prezenta telefonului. de asemenea, pe site-ul unui mare retailer din uk/de este 19 gbp, plus transport pentru romania, 130 lei in total.;0
3758;am comandat aceasta bratara si am testat-o timp de 2 saptamani timp in care ma cam dezamagit. 1 - conexiunea cu telefonul foarte slaba. daca nu lasam sa functioneze aplicatia in background-ul telefonului nu primeam nici un fel de notificare. daca era pornita aplicatia in background primeam doar o parte din notificari + ca se tot deconecta si reconecta de 3-4 ori pe minut. 2 - alarma desi am setat-o in fiecare seara nu mi-a vibrat un nici o dimineata bratara. in 4 nopti nici nu mi-a monitorizat somnul. 3 - intr-o zi de condus 12 ore mi-a numarat 8000 de pasi facuti ( probabil am miscat prea mult mana). per total sunt dezamagit de ea. stiind ca garmin face printre cele mai bune smartwatch-uri ( fenix 3 si 5) am sperat ca poate si bratarile sunt mai exacte. am returnat-o si voi incerca una de la fitbit.;0
3759;este ok, doar ca numeste de calitate. dupa putin timp mai exact 1-2 saptamani incepe sa nu mai faca contact ok;0
3760;tipic samsung, calitate joasa la preturi ridicate  materiale si sunet jalnice;0
3761;l-am cumparat pentru a conecta cateva casti audio (am mai multe modeledin care unul pioneer).    e cel mai scump si mai complex dispozitiv usb pe care l-am gasit. are avantajul ca nu ncesita drivere si reduce astfel problemele de incompatibilitate ale unui dongle bluetooth. dezavantajul e ca datorita acestui fapt se poate folosi doar cu un pc (nu si la un tv de exemplu). la inceput parea sa functioneze acceptabil. dupa cateva zile insa a inceput sa faca probleme. se intrerupe foarte frecvent si dureaza peste 60 de secunde sa se reconecteze. e practic inutilizabil.    din pacate aceiasi problema am intalnit-o si alte adaptoare bluetooth pe care le-am cumparat. nimic nu asigura o conexiune stabila cu nici un fel de casti bluetooth (am incercat mai multe modele). toate dispozitivele pierd frecvent semnalul chiar si la cativa centimetri distanta de dispozitiv. majoritatea au probleme grave cu drivele bluetoothstack. acesta nu are drivere dar tot nu functioneaza corespunzator. din experienta avuta nu recomand nimanui folosinta dispozitivelor audio pe bluetooth. pur si simplu sunt o promisiune desarta...;0
3762;se conecteaza doar media, adica sunet, nu se conecteaza pe date, asa ca nu se poate controla din aplicatia de pe mobil (de care, in acest caz nu este nevoie, fiind telecomanda). reducerea de pret, probabil, este din aceasta cauza.   este pretul unei boxe bt cu lumina proprie. cam atat. dau 2 puncte pentru lipsa de informatii in caracteristici tehnice. pretul reflecta cam ceea ce face. copilul va fi incantat, pana se prinde... nu recomand.;0
3763;slab ca putere, daca husa este mai groasa nu incarca;0
3764;in primul rand sunt foarte incomode pt cei care poseda un cap mare:)    in mod normal, castile over-ear ar trebui sa aiba o usoara inclinatie spre partea din fata ca sa acopere in mod natural urechile. acestea au castile paralele si pun presiune mare pe partea din spate a urechii.     sunetul e ok dar nu grozav, bass slab.    ca parti bune: arata bine, sunt usoare, bateria tine decent (in jur de 4 ore la volum mediu)    nu recomand.;2
3765;"l-am luat pe 30.11.2018 si l-a returnat astazi 10.12.2018. l-am descarcat complet prin incarcarea de 4 ori a telefonului de 2900ma. ce sa zic... bun. tine. l-am incarcat o singura data reincarcand iar telefoanele mobile. am vrut sa il reincarc si... surpriza. nu se mai incarca. am crezut initial ca e defect incarcatorul, dar nu. nu mai vroia si pace. l-am returnat in ideea de schimbare, luat de la emag cu 59 lei acu fiind 79,97 redus:)). cel de la ghiseul de retur si service ma intreaba: ""chiar vreti sa-l schimb? nu merita! sunt proaste! mai bine luati un asus. sunt um pic mai subtiri si nu se intorc la garantii ca modelele trust""   toate bune si frumoase... am mers la caserie, am ridicat banii si ma mai gandesc ce mai cumpar pe viitor de la emag.";0
3766;slab, am crezut ca este mai ok din poze dar m-am inselat. meniu un pic greoi, cureaua pare ok, carcasa mai putin dar acceptabil. ecran mult sub asteptari (nici alea foarte mari). capacul de la mufa de incarcare nu se incide:( nu stiu daca merita nici sa-l returnez. voi face un prescolar fericit cu el:);1
3767;microfonul e degeaba. abia daca ma aude persoana cu care vorbesc. trebuie tinut in gura... castile se aud acceptabil pt pretul asta, dar nu sunt prea comode. nu recomand;0
3768;teoretic este prima mea tableta, teoretic deoarece am returnat-o a doua zi.  in general imi place interfata emui a huawei-ului, are o structura mai bine definita decat la alte device-uri android.  ce e drept, am doar iphone prin casa si m-am obisnuit cu meniul lor de aici poae si predispunerea pentru emui.  sa revenim la tableta asta:  cand am comandat tableta, avand multe file deschise, nu am observat ca tableta nu are slot pentru card. mi se pare ca toate au, in afara de cele de la apple.   mi-am luat-o fara 4g fiindca pot da hotspot la nevoie de pe telefon insa nu m-am gandit nici o clipa ca nu are slot pentru card.    din cei 16 gb ai cam 7 liberi. oricum nu ii folosesti la multe, camera nu e atat de faina pentru a face poze, pentru asta ai telefon/dslr/mirrorless sau compacta si poti vedea pozele prin wifi.  insa ii ai nevoie la jocuri si la streaming.   mi-am dat seama cand mi-am pus popcorntime si mi-a zis ca nu am suficient spatiu pentru a descarca un film hd, am scos cardul din gopro, il pun si ciu ciu, nu recunoaste cardul.   dupa ce am deschis pagina specificatiilor mi-am dat seama ca mi-am tras teapa:)    tableta e super ok cu slot de card, fara, e cam inutila, doar daca citesti carti sau ziare...;0
3769;serviciul ireprosabil. din pacate, produsul lasa de dorit. nu se potriveste la incarcarea iphone-ului meu (6s) dupa cum spune pagina oficiala a producatorului, ci doar pentru ipad banuiesc;0
3770;este o minciuna ca se pot incarca doua telefoane odata. nu este nicidecum un incarcator rapid. ar trebui sa se gaseasca in magazin. cu transport cu tot a ajuns la pretul de 100 de lei. sunt dezamagit!;0
3771;o casca se desconecta permanent asa ca le-am inapoiat... voi alege altceva.;0
3772;ventuza slaba, nu tine o tableta tab2 de 7 inch.;0
3773;bateria tine 12-16 ore fata de 72h, la convorbiri distorsiuni si ecou...;0
3774;slaba la sunet si putere. nu e conform asteptarilor;0
3775;autonomie relativ mica, cca. 2 ore.;0
3776;am cumparat acest ceas in urma cu o saptamana si per ansamblu sunt multumita de caracteristicile lui insa am o mare problema cu bateria. am tot citit alte review-uri in care scria ca daca nu este tot timpul sincronizat cu telefonul, bateria poate tine pana la 4/5 zile insa pe mine ma tine doar o zi. doar daca nu il tin sincronizat ma tine maxim 2 zile jumatate. tind sa cred ca ceasul cumparat de mine are o problema si probabil il voi returna.;0
3777;pro:  - lungime  - durabilitate    con:  - la htc one nu functioneaza fast charge, desi scrie in descrierea lui ca asta ar trebui sa faca. inca un cablu inutil prin casa.;2
3778;am achizitionat produsul pentru discurile mangetice deoarece pretul era modic si am un telefon nou.    suportul pentru grila de aerisire este din silicon si il scoti cu tot cu telefon (l-am testat de curiozitate) alegeti ceva cu prindere mai solida.    nu recomand.    plus: unul dintre magneti nici nu avea banda adeziva.;0
3779;se aude putin mai tare decat charge 3 asta fiind singurul plus, in rest e mai jos la orice capitol. calitatea constructiei in comparatie cu charge 3 este mai slaba.   trebuie incarcata la priza, este mare si grea. are un fermoar enervant unde sunt mufele. nu recomand.;1
3780;ma tine la fel de mult ca si bateria originala care are deja 4 ani de utilizare.  bateria e cu juma de mm mai lunga si mai groasa ca si originalul, a trebuit sa o presez putin ca sa intre. ma cam indoiesc ca e o baterie originala lg... si intr-adevar nu vine cu nici o husa...;0
3781;face tot ce trebuie si face bine! gps-ul este foarte performant, prinde satelitii in 5-10 secunde. pulsul e masurat ok, l-am comparat cu un tensionmetru de mana, +- 2 bpm  sunt foarte multumit de el. late edit: dupa un an si ceva de folosire s-a defectat dupa o baie in piscina. am constatat cu stupoare ca nu poate fi reparat in garantie de emag, pentru ca la un moment dat i s-a dezlipit serial-ul,  cu toate ca l-am inregistrat pe situl garmin dupa achizitionare. deh, bunavointa romaneasca!;0
3782;din pacate nu conecteaza cablul de usb pentru incarcare. solar merge. are o problema de contact.;0
3783;una arata in poza si altceva primesti. materialul portocaliu ce se vede in poza de prezentare si pare a fi metal, este de fapt un plastic oribil gen jucarie hiperieftina chinezeasca. ii strica aspectul total. la 5200 mah ar fi trebuit sa imi incarce telefonul de 2 ori si jumatate si nu se intampla acest lucru. maxim odata si jumatate. cat despre a o baga in apa..... capacul nu face fata garantat. nu am incercat dar se vede cu ochiul liber ce capac de protectie are....;1
3784;aspect de ieftin, limbile slab vizibile, nu am gasit nimic la el premium.  putem sa-l gasesc smart si sa-l retin daca notifica macar cand suna telefonul...;1
3785;are magnetul destul de slab.;0
3786;sunet bun, pret80 lei bun, daca avea si stick si incarcator(are numai cablu de date)merita pe deplin 5stele in rest e ok, f multumit (inclusiv echipa emag galati);0
3787;de functionat functioneaza nu am ce sa zic. din pacate ma asteptam ca pe pc sa mearga in rezolutie de 720p dar nu e asa, mai mult de 640x480 nu stie. pana la urma ma descurc si asa. posibil sa fie ceva de la drivere dar am sa mai studiez problema. se cam incalzeste iar plaja de claritate a imaginii e destul de mica dar pana la urma acest aspect a fost asumat. am incercat sa caut ceva detalii despre produs eventual un update de drivere pe siteul lor care bineinteles ca nu merge. cel mai mult ma supara ca nu merge in rezolutia promisa de asta i-am dat si acest calificativ, exceptand acest lucru camera e la limita rezonabilului.;0
3788;la un telefon cu o baterie de peste 3,5 a se pare ca telefonul incarca acumulatorul extern si nu invers;0
3789;cam slabut. am incercat sa vad cate incarcari duce, si mi-au iesit 1,5 incarcari. in conditiile in care are 20 000 mah capaitate, iar telefonul meu, un p9 lite are 3000mah baterie. credeam ca ma tin macar 4 incarcari.   sau trebuie formatata... stie cineva?;0
3790;dupa doua luni deja cablul nu mai functioneaza;0
3791;materiale de calitate, dar in momentul in care il folosesti la capacitate maxima ( 2 porturi active) se supraincalzeste si se opreste.  este ok din punct de vedere buget;2
3792;nemultumita, firul de contact s-a rupt dupa cateva utilizari, lucratura foarte slaba, cauciucul de pe maner se rasuceste foarte usor peste fir si de aceeia firul se rupe usor;1
3793;am dat retur nu am fost multumit de ceas nu merita investitia, doua stele pentru design.;0
3794;destul de multumit ca fitness tracker, desi nu are gps, iti poti personaliza lungimea pasului si cadenta, astfel ca dupa cateva setari devine foarte precisa.  bateria tine 5 zile, e ok. singurul lucru de reprosat e ca bratara s-a rupt dupa cateva luni de utilizare, fara sa fi fost abuzata intr-un fel. in us, chestia asta tine de garantie, deoarece produsul nu poate fi utilizat deloc fara bratara si nici bratari de schimb nu exista. aici, urmeaza sa vad deoarece am trimis-o in service emag. adevarata problema va fi dupa ce iese din garantie. ma asteptam la mai multa fiabilitate din partea garmin.  le: nota 10 pentru emag (prin service-ul lor depanero) si pentru service-ul importator pentru solutionarea problemei.;0
3795;husa acopera doar partea frontala a ipade-ului. nu este practica si se desprinde mult prea usor. daca ar fi fost dubla si ar fi acoperit integral ipade-ul ar fi primit nota 10. pacat de material!;1
3796;se descarca repede;0
3797;a crapat dupa un an;0
3798;se descarca foarte repede.;0
3799;subtire si lung. incarca telefonul cu 0,5a si 4,6v sau 0,77a si 4,48v.;2
3800;la 20$ nu poti cere prea mult! acesta este pretul real, dar ce sa-i faci, noi romanii cu coada pe sus platim dublu! l-am primit intr-o cutie cu o pata de unsoare pe ea, introdus intr-o folie nicidecum ca in prezentare! parerea mea: bani aruncati pe fereastra! o stea pentru ca l-am primit si cealalta pentru ca functioneaza! sorry! p. s. daca vreti ceva cu adevarat, orientati-va spre gama medie sau chiar premium! daca tine buzunarul! hjkk;0
3801;toata lumea la ridicat in slavi, dar nu merita. marti l-am luat, pana vineri deja erau dusi 20% din baterie, si nici macar nu avea toate functiile activate( apeluri si mesaje, si nu am primit mai mult de 5 apeluri si 3 mesaje pe zi). de vineri pana luni l-am tinut deconectat de la telefon, si a consumat doar 5% din baterie. pulsul il ia haotic, cand fac efort si am pulsul mai mare cand il masor imi da intre 40 si 70 bpm, iar cand stau in pat linistita intre 90 si 120 bpm. sincer o dezamagire totala.;0
3802;nu incarca rapid.  18% in 35 de minute, de la 68 la 86%, si asta cu cablul de date original al telefonului si ecran stins - nu rula nici o aplicatie.  pe cutie scrie 2.4 a, pe produs 2.1  teapa;0
3803;il folosesc intr-o tabelta samsung si uneori da rateuri;0
3804;nu cred ca are capacitate 30000, ar trebui sa poti incarca un iphone x de cel putin 10 ori, lucru care nu se intampla(de vreo 7 ori poti incarca telefonul, ceea ce inseamna cam 20000).  ledurile functioneaza aiurea, nu indica nivelul bateriei, bateria se termina din senin, chiar daca in urma cu 5 minute erau aprinse 2 leduri. e aiurea sa nu stii cat curent mai ai la dispozitie!  cat despre incarcarea solara, nimic de comentat la dimensiunile panoului, nu are cum sa incarce foarte mult, e mic!;1
3805;acopera camera frontala in proportie de cel putin 20%. lateralele prea groase... cand esti in full screen acopera marginile ecranului. dupa cum vad comentariile, cred ca s-au vandut 2 modele asemanatoare din care asta e modelul cel mai putin reusit. chiar si eu mai am o varianta pe alb, care e mult mai bine decupata si nu acopera nici camera si nici lateralele ecranului, dar care in rest arata aproape identic cu asta... greu sa le deosebesti fara sa le pui efectiv pe tableta.;1
3806;lenta si uneori se blocheaza. am returnat-o. voi lua alta mai performanta...;0
3807;am luat-o direct de pe site-ul hipoo, nu e deloc ceea ce se crede a fi. abia imi face 2 incarcari pe un iphone 8 plus, deci sigur 10000 mha nu are. mai mult de 5000 nu are.... e un pret mult prea mare pt ce poate.;0
3808;am cautat un cablu care sa isi faca treaba si care sa nu coste chiar mult. am optat intr-un final pt acest model. dupa o luna a inceput sa nu mai faca contact bine. precizez ca am un copil care se joaca cu tableta la incarcat.  am gasit un cablu chinezesc de 5. 8 lei bucata, cu bon fiscal!!! lol. nu vad nicio diferenta in utilizare, in afara aspectelor de marketing.;0
3809;"dimensiunea mica il face foarte portabil, dar atunci cand am introdus cablul in telefon am primit urmatorul mesaj ""this cable or accessory is not certified and may not work reliably with this iphone"".";2
3810;am cumparat doua fiind la o reducere mare. probabil ca erau la reducere fiindca nu se vindeau. la 3 telefoane cu baterii de 2200-2400 incarca doar de doua ori si inca putin.  adica undeva la 50% din descrierea produsului. ceea ce este foarte putin.  vor veni unii sa zica ca nu stiu ce randament..... sa fim seriosi.  ma gandesc sa le returnez si sa iau de la alt producator. dar s-ar putea sa patesc la fel.  referitor la emag, ati inceput sa bagati taxa de transport, desi comanda a fost de peste 100 lei. cauti niste reduceri sa mai faci niste economii si te trezesti ca platesti taxa de transport mai mare decat reducerea gasita la produs. asa ca am preferat sa le ridic din magazin.;0
3811;slabutz;0
3812;am cumparat-o azi, m am bucurat ca este la oferta (550 lei), dar nu este o alegere buna dupa parerea mea. desi am luat-o pt o persoana mai in varsta (navigare, youtube, facebook) se misca destul de greu si cel mai probabil o voi returna.;0
3813;acum 1 zi le am primit!   pro:   -sunet bun  contra:   - probleme pe microfon. vocea este receptionata slab si infundat.;0
3814;"am primit aceste casti de craciun, eu le-am cerut de la ""mosu"", bazandu-ma pe recenziile bune. dar asa se pare ca aceste casti sunt pentru barbati de 1,8 m... eu fiind o femeie de 1,5 m, normal ca am urechi mai mici (ca sa nu arat ca jumbo, elefantul...). ma chinui cu castile de 2 luni:( ar fi bine, daca ar avea dopuri de cauciuc si mai mici.  sunetul e bun, atat la convorbire, cat si la muzica, si bass-ul e acceptabil, daca reusesc sa le introduc ca lumea in urechi. dar deobicei nu intra, si deja ma dor urechile. la inceput n-au stat mai mult de 30 de secunde... dupa o luna de folosire am ajuns la aprox. 2 minute (poate intre timp mi s-au largit urechile...), dar am avut ghinionul sa pierd unul dintre carlige (cad foarte usor), si iarasi nu sta mai mult de 20-30 de secunde... in timp ce ma plimb. nici nu ma gandesc sa le pot folosi in timp ce alerg... nici o sansa! e cam enervant, ca aceste casti de 180 de lei sa devina nefolosibile din cauza lipsei unor carlige micute de cauciuc!   pe langa sistemul de inchidere magnetic ar trebui ceva care sa fixeze castile in pozitia off, de exemplu daca vreau sa pun castile in buzunar, se desface usor magnetul, si automat se conecteaza la telefon.";0
3815;nu calculeaza pasii corect si nici timpul de dormit. bateria tine maxim 2 zile;0
3816;as putea zice atat: bateria este buna, cu 300 mah mai mare pare-se decat cea oem.   totodata si pretul este de 10 ori mai mare, ceea ce ar trebui sa se justifice prin durata de 10 ori mai mare de functionare. nimic mai fals...     dezamagitor...:);0
3817;este buna, utila, dar nu seamana deloc cu cea din prezentare, aveti grija ca o sa platiti un produs si o sa va trimita cu totul altceva.;0
3818;se aude clar dar doar cu putin mai tare decat pe telefon, deci nu-si prea are rost.  in plus, dupa fiecare melodie pe youtube, se deselecteaza una din functii - mp3 sau bluetooth - asa ca tot trebuie selectat mereu.;0
3819;"descriere falsa "" produs original apple "" nu sunt originalele, plasticele sunt turnate si de proasta calitate la fel ca si cauciucurile de la mufa casti si remote de altfel si firul.... sunetuk e ok.. asemanator cu originalele!!!";0
3820;dupa ce l-am deschis (este intr-o cutie nesigilata) avea urme de uzura si zgarieturi. nu imi incarca cu quick charge (am facut diferenta fata de un incarcator de 2. 1a). mobilul meu suporta fast charge (lg flex 2). posibil sa nu fi mers din cauza cablului, chit ca am testat de mai multe ori, cu mai multe cabluri diferite. l-am returnat.;0
3821;cumparata la sfarsitul lui iunie 2018, folosita zilnic, spre dezamagirea mea nu se mai incarca. mai am o casca acelasi brand, aceea inca merge dupa mai bine de 4 ani.;0
3822;am cumparat aceasta boxa pentru a o conecta la laptopul din camera si a putea asculta muzica in baie, in timp ce fac dus. poate ca si asteptarile mele legate de aria semnalului au fost un pic cam mari, insa atunci cand in specificatii spune ca raza de actiune ajunge pana la 10 metri, m-as astepta sa mearga fara probleme la 6 metri (cu un perete intre laptop si boxa). ei bine, nu este asa. daca vrei sa auzi muzica, si nu doar un bazait in boxa ta wireless, atunci trebuie sa fii in aceeasi incapere cu sursa. de asemenea, volumul maxim nu este satisfacator, fiind cam la fel cu cel al laptopului meu. avand in vedere ca oricum trebuie sa car laptopul in aceeasi incapere cu boxa, noul meu gadget a devenit putin inutil. nu l-am folosit decat de cateva ori, si apoi a ramas uitat intr-un colt al camerei.;0
3823;castile sunt prea mari si datorita acestui fapt nici nu stau bine in urechi.   in momentul convorbirilor se aude doar casca stanga si nu are suficient volum astfel incat sa se auda bine.   nu recomand aceste casti. astazi le-am primit astazi am facut cererea de retur!!!;1
3824;slabut.... o recomand pe cea de la lenovo cu aceleasi caracteristici.... este mult peste aceasta. nu am asteptari mari de la ea... dar daca tot am avut cu ce face comparatie..... sunt tablete doar pentru copii.... pe un adult s. ar putea sa. l imbolnaveasca de cap;0
3825;am cumparat aceasta baterie acum 3 zile si sunt foarte dezamagit. am incarcat full acumulatorul si am pus sa incarc prin wireless un samsung s7 edge cu 10% baterie si s-a incarcat 86% si s-au terminat acei 8000mah.  cred ca o trimit inapoi.;0
3826;atentie, folia nu este compatibila cu carcasele originale apple. marginile rotunjite duse la limita sunt fortate de carcasa si se desprinde de pe display. bani aruncati pe fereastra. ca si calitate pare ca este ceea ce spune, imagine clara si executarea ei imiplica si anumita atentie la detalii. la o presiune nu foarte mare s-a spart destul de repede. daca achizitionati e bine cel putin husa sa o cumparati ulterior.;1
3827;ceasul mi-a placut foarte mult insa din pacate merge doar cu cartela telekom;0
3828;sunt foarte firave. ale mele au o zgarietura pe o casa. am zis sa nu le mai returnez pentru 17 lei. in rest se aud ok.;1
3829;"dupa 2 saptamani am hotarat sa o returnez din urmatoarele motive:  -numara pasii aiurea, prin urmare caloriile si distanta parcursa este afisata tot aiurea;   -aplicatia aferenta este destul de saraca.  pro:  -bateria tine foarte mult, la mine dupa 2 saptamani mai avea 72%;  -sta foarte bine pe mana;  -pretul este destul de mic fata de alte branduri.";0
3830;o data deconectat am pierdut complet legatura cu iphon-ul ff greu se conecteaza!!  pasii sunt aiurea;0
3831;magnet slab, nu merita banii!!!!!;0
3832;produsul pica de pe parbriz cu un telefon de 5 inch. nu se lipeste prin vacum.;0
3833;dupa o vreme mufa ce intra la telefon nu mai sta fixa. ca aspect arata bine cablul dar asta nu ajuta la incarcare.;2
3834;slab, nu ii merge netul, nu stie nimeni sa ii faca setarile, tine baterie undeva la 6-8 ore, si nu il poti returna la emag, am fost sa il returnez, si mi-au spus ca trebuie sa sun la firma care produce ceasul, ca ei sunt doar distribuitori, si cei care produc ceasul sunt din brasov si e o intreaga birocratie...;0
3835;incarcatorul, desi sigilat, era zgariat. cablul seamana bine cu un produs apple, insa e facut cam chinezeste. in imagine se poate observa diferenta dintre acesta [partea dreapta a imaginii] si unul original [partea stanga a imaginii].    nu si-a meritat pretul. de 55 de ron.;1
3836;nemultumita!!! se blocheaza ft repede si nu tine bateria!! lucreaza ft greu!;0
3837;s-a stricat, la un telefon samsung s3;0
3838;casca dreapta se intrerupe si in muzica si in convorbire. casca stanga se aude prost fara dreapta.;0
3839;am cumparat acest produs in urma cu 2 saptamani. estetic arata bine. ii ofer doar 2 stele pentru ca eu m-am cumparat ceasul pentru a-mi calcula kilometrii parcursi in timpul unei partide de fotbal, terenul nu avea mai mult de 50 de metri si telefonul cu aplicatia pornita am lasat-o langa poarta. daca treceam de jumatatea terenului se pierdea semnalul si nu mai inregistra. functia cu pulsul si cu somnul functioneaza corect cu numarul de pasi nu stiu deoarece nu am fost interesat. de ce sa ai un ceas care inregistreaza km parcursi, alergarea, ritmul cardiac, pasii daca trebuie sa ai si telefonul cu tine? folia ii degeaba nu ai cum sa o lipsesti. il voi returna;2
3840;"dupa aproximativ 3 luni de utilizare, telefonul a inceput sa se inchida brusc in timpul utilizarii normale. dupa repornire, se inchide brusc din nou iar procentajul bateriei variaza, de la 80% la 16%, apoi in jur de 30% si tot asa in functie de numarul de reporniri. am fost nevoit sa revin la bateria veche, prefer sa o incarc mai des insa saa pot utiliza telefonul.    chiar daca pretul este mic, eticheta de ""acumulator original"" ar trebui sa aiba o legatura cu calitatea. poate am prins eu un batch prost, asta e facuta in china.";0
3841;dupa 1 luna s-a crapat partea de plastic de la mufa. nu as putea zice ca sunt foarte multumit. si sunt 80% sigur ca sunt fake, dar pe partea de upper quality.;0
3842;dupa 2 ore de incercari inutile, m-am lasat batut! nu am reusit sa o conectez la telefon. materiale de slaba calitate, port usb charging la fel de slab! pacat, eram enuziasmat. am dat 2 stelute pentru toate functiile pe care le are (in caz ca merge);1
3843;este un incarcator ok, dar nu il recomand deoarece cablul este plat si nu il poti pune in ce pozitie vrei.;1
3844;produsul nu se ridica la specificatiile, dupa 2 saptamani de folosinta i-a scazut puterea de incarcare;0
3845;azi am primit camera si sunt cam dezamagit. nu functioneaza pe nici un telefon cu android. am incercat-o pe trei telefoane diferite cu android. pe laptop e ok. am intrat pe diferite forum-uri si am gasit o multime de nemultumiti. deoarece o folosesc pentru diferite inspectii in garaj am sa o folosesc pe laptop-ul din dotare. cica cea cu cablu de 3m ar fi mai ok, camera mea are cablu de 5m. sunt sigur ca vanzatorul stie de aceasta problema!!!;0
3846;o bratara care poate fi purtata punctual deoarece materialul se zgaraie foarte usor si se vede neplacut. de asemenea dupa cateva purtari se schimba nuanta.;2
3847;au sunet bun dar dupa 4 luni s-a desprins cu totul carcasa de la controler;0
3848;pune pasi in plus, luminozitate mica cand bate soarele, in loc de diacritce si emoticoane se umple egranul cu patrate si pe android nu imi apare cine ma suna, doar ca suna. slabut...;0
3849;sunt complet nemultumit de ele.  le-am primit de 30 de minute si deja am facut cerere de retur.  calitatea sunetului daca deja te indepartezi cu 1 m e praf, distorsoneaza.  volumul la maxim in apeluri si tot se aud incet.;0
3850;se zgarie f usor si departe de a se regenera............;1
3851;nu se conecteaza la date mobile cu toate setarile facute, aplicatiile preinstalate care functioneaza cu internet, sunt inutile. poti sa suni si sa primesti apeluri, sa trimiti si sa primesti mesaje, se conecteaza prin bluetooth la diferite device-uri dar internetul pe acest smartwatch nu se poate folosi, asa cum este trecut in descriere. am folosit sim telekom cu abonament de date si voce, nu am incercat in alte retele.;0
3852;am cerut retur deoarece fata de fratele sau [telur pulsar] nu se conecteaza la 2 device-uri si nu reda muzica de pe telefon;0
3853;s-a stricat repede si am pierdut multe poze, care nu s-au mai putut recupera;0
3854;am cumparat boxa da acm imi pare rau. frumoasa. dar nu tine bateria decat maxim 2 ore.... la volum mare face urat;2
3855;singurul card cu care mi-a dat eroare aparatul. nici telefonul nu il prea mai vede, decat rar;0
3856;un recomand;0
3857;nu se aude clar;0
3858;face tot ce scrie dar: baterie slaba tine max o zi daca e conectata la telefon, materiale de proasta calitate mi s a rupt cureaua la 2 saptamani dupa ce l am primit nu merita;1
3859;bateria primita de mine a venit cu 2 defecte: 1. plasticul care mascheaza porturile de conectare dezlipit, 2. incarcata la 100% mi-a incarcat telefonul cu baterie de 4000mah o data si a mai ramas cu aproximativ 20%. cam putin din cei 10000mah promisi...;0
3860;nu face ‘click’ cand il bagi in usb-ul aparatului, precum alte cabluri. astfel, nu-ti dai pe moment seama daca incarca sau nu si nici nu este protejata conexiunea astfel incat sa nu se deconecteze in miscare.  in rest, material bun si incarca bine;2
3861;"am dorit sa experimentez conceptul de smartwatch fara a cheltui prea mult, si am primit exact ce am cheltuit: nu prea mult. iata ce am constatat:    dezavantaje:  • este nevoie de software instalat pe telefon;  • conexiunea bluethooth se intrerupe destul de frecvent;  • ecranul este de fapt mult mai mic decat carcasa ceasului;  • rezolutia ecranului este foarte mica, limitand drastic cantitatea de informatii pe care o poti vizualiza;  • firmware-ul telefonului este slab, unele notificari raman afisate defectuos si nu dispar fara sa restartezi telefonul;  • bateria se descarca in cateva ore in mod conectat si in maximum 36 ore daca il utilizezi doar ca ceas/pedometru/etc. (functiile sale incluse)    avantaje:  • touchscreen-ul functioneaza bine;  • poti vorbi la telefon ok cu ceasul in timp ce conduci, se aude bine si microfonul receptioneaza sunetul satisfacator.    precum vedeti, raportul este foarte defavorabil, astfel, nu pot sa spun ca merita cheltuiala altfel decat ca experiment. macar nu este o suma colosala, dar sincer, cred ca maxim 50 de lei ar fi mult mai cinstit. produsul este doar imediat deasupra termenului de ""chinezarie asamblata pe vapor""";0
3862;nu estompeaza zgomotul. daca esti pe strada si trec 2-3 masini nu te mai aude nimeni nu auzi pe nimeni.. doar zgomotul. bateria tine foarte putin.. maxim 4 ore la vorbit..;0
3863;le-am primit in jur de 20 august, azi suntem pe 6 septembrie.  la inceput am fost uimit de cat de bine se aud, si chiar se aud bine, au un bass puternic.  astazi in timp ce ascultam muzica, brusc, casca dreapta s-a oprit si nu se mai aude deloc.  de cateva zile am observat ca se aude un gajait si se intrerupe putin dar am crezut ca e de la telefon, pot spune ca aceste casti nu si-au meritat banii avand in vedere cat de putin m-au tinut.;0
3864;nu e bun pt telefoane mai mari pt ca nu le sustine si se misca la fiecare groapa;0
3865;"dau doua stele pt descrierea facuta de cei care s-au ocupat de asta.  fratilor, e scris pe toate gardurile ca distanta este 10 metri si nu 30 metri.    cel mai important: nu e singlepoint ci multipoint.  era cat p-aci sa n-o cumpar pt asta.  cat de greu poate fi sa se citeasca descrierea de pe site oficial!?  toate srl-urile care vand acelasi produs prin emag au ""stiut"" sa citeasca.";0
3866;mufa s-a rupt in 6 luni de zile.  incercati altul.;0
3867;e un adaptor si poti sa mai salvezi din cablurile vechi din casa, dar daca nu stii cum sa il introduci in telefon... mai bine dai 20-30 lei pe un cablu typec decat sa fortezi mufa in interior.;0
3868;incarca foarte greu, plus ca mufa pe care am primit-o in cutie nu incarca... nu recomand;0
3869;peaudio are delay. pe range extender se pierde conexiunea enervant de des cu routerul sursa. nu recomand;0
3870;imi pare rau c-am cumparat-o... intredevar are capacitate mare, dar are destule probleme. intra in standby cand incarci ceva cu ea, iar porturile nu respecta amperajul scris.. portul de 2 amperi nu ofera in niciun caz atat;0
3871;l-am cumparat de la alt furnizor (era 45 de lei)    pro:  -ieftin   -materiale externe surprinzator de bune   -difuzor puternic     contra:   -imposibil de conectat la iphone cu aplicatia mediatek smartdevice  -microfonul se aude atat de prost incat trebuie sa vorbesti pe telefon   - se deconecteaza bt cand are chef   - are doar limba romana si..... ebraica?   -fetele de ceas analogice arata desenate in paint (super pixelate)  -aprinderea ecranului cu senzorul de miscare e o gluma proasta. cand vrei sa te uiti la ceas. se porneste in 1 din 3 cazuri. in schimb se porneste cand nu vrei     concluzie: mai mult de 40-50 de lei nu merita, nici nu-l poti numi smartwatch, e o jucarie.;0
3872;mai mult de 800 lei nu merita. i-am facut retur imediat datorita sunetului f prost pt banii astia. singurul motiv pentru care merita cumparata este portabilitatea. in rest sunetul prost, la maxim te zgarie pe timpan si este deranjant. persoanele carora le-am aratat boxa au avut aceiasi parere: nu merita 1200 lei si nici nu se aude bine.;0
3873;in primul rand, produsul a venit resigilat (si updatat la utima versiune de firmware), avea deja 5 ore de convorbire. pot auzi clar ce se vorbeste la tv ( sau o alta persoana ) de la o distanta de 4 metri, aplicatia plantronics hub nu ofera multe optiuni, cel putin nu arata starea bateriei pe android asa cum scrie pe site-ul oficial. revin cu detalii referitoare la: durata bateriei, daca ma jeneaza la ureche si daca intampin alte probleme. momentan nu am cum sa dau mai multe de 2 stele.;0
3874;"pro:  - se aude decent (pentru dimensiunea boxei), cand se aude.    contra:  - cand volumul sunetului difuzat este mai mic (pauza intr-un film), se opreste de tot, apoi cand volumul creste, se aude cum porneste si boxa (acel ""poc"" al difuzorului pornit). ce a fost insa deranjant e ca, vizionand un film pe netflix... erau momente cand personajele incepeau sa vorbeasca iar boxa nu mai pornea...    in concluzie am returnat-o rapid.";0
3875;mufa usb de la cablu intra cu forta in incarcator, nu ma deranjeaza asta, e bine ca sta fixa calumea, dar mufa micro usb dupa cateva luni de utilizare imi intra foarte usor in toate dispozitivele mele cu micro usb. atat de usor incat la cea mai mica atingere telefonul sau tableta nu se mai incarca. cablu mi s-a crapat doar intr-un loc dar nu au fost afectate firele, l-am izolat cu banda si in rest arata ok. ma asteptam la mai multa rezistenta avand in vedere cati bani am dat pe el. per total cam dezamagit, pt mine n-a fost un castig prea mare.;2
3876;aceasta baterie asa zis solara, nu are nimic in comun cu soarele.  sunt pe plaja acum. dupa 3 ore de incarcare solara, am cuplat iphone-ul cu o amarata baterie de 2600 mah si mi-a incarcat 2% de la 17 la 19%.  e bine insa ca lanterna incorporata merge.;0
3877;am achizitionat acest ceas si mi-am dat seama ca mai mult decat sa te uiti la ceas si sa calculezi nu poti face nimic pe el;0
3878;praf..................;0
3879;am fost foarte entuziasmata de acest acumulator, citind review-urile pozitive, insa m-a dezamagit total! a venit incarcat 75% si am reusit sa incarc un iphone 5s o singura data. nu recomand.;0
3880;"am achizitionat acest ceas, dar l-am returnat dupa 2 zile  pro:   - se misca foarte bine, ecranul se misca f. f. bine  - senzorul pt ritmul cardiac masoara in ""timp real""  - gps-ul se misca excelent  - apelurile gsm sunt fluide  contra:  - senzorul pt ritmul cardiac mi s-a defectat la 2 zile dupa ce l-am cumparat (ramanea aprins)  - bateria f slaba (arata 60% si dupa 2 minute s-a inchis... fiind de fapt 0%)";0
3881;e foarte incomoda, nu o pot folosi si nici nu se poate returna cica...;1
3882;acest produs nu m-a multumit deloc si nu s-a aliniat deloc la descrierea prezentata.   ecranul este cu mult mai mic decat cel prezentat aici, la fel si afisajul, care poate fi greu de citit, din cauza ecranului minuscul, dar si a rezolutiei care, dupa parerea mea, este destul de proasta.  bratara se inchide foarte greu si nu este potrivita pentru cei care practica mult sport, poate fi foarte inconfortabila. este, de atfel foarte usoara, fiind un acesoriu potrivit pentru o femeie, care insa, nu este adepta sportului.   din punct de vedere al functionalitatii nu pot spune prea multe, nu am avut mult timp la dispozitie sa o testez, intrucat am returnat-o relativ repede, nu ma multumea. ce pot sa spun este ca nu afiseaza pasii imediat dupa inceperea activitatii, eu am mers cu ea prin casa putin, cam 100-200 de pasi, fara ca bratara sa imi numere ceva. am vazut totusi, ca acest aspect este precizat si de distribuitori, in descriere.;1
3883;se adude bine, pacat ca nu se incarca. sper sa am noroc cu returnarea.;0
3884;"ceasul a fost o dezamagire, dar nici nu ai la ce sa te astepti la banii astia. eu l-am ""sincronizat"" cu un iphone 6s, puteam sa fac apeluri si sa primesc apeluri, dar doar cam atat. calitatea ecranului nu este foarte buna, bateria tine doar 2 zile chiar si neutilizat. in schimb nota 10 pentru emag, am returnat produsul in showroom si am primit banii pe loc inapoi, fara nici un comentariu sau vreo mustrare din partea lor.";0
3885;detin tableta de un an jumate si sa defectat de doua ori ( butoanele sunet si power ) dupa 4 luni se defecteaza butoanele in rest iresponsabil;0
3886;pro: la casti se aude destul de bine pentru pret.   con: se deconecteaza una de la alta, calitatea constructiei lasa de dorit. la una dintre casti i sa dezlipit gaura de incarcare dupa prima data cand le am incarcat. (mentionez castile inca mai pot fii folosite dupa ce le am lipit la loc).  tl: dr nu cumparati daca nu sunteti dispusi sa faceti umpic de diy. in rest e ok.;0
3887;slabut>>>la un soc de curent s-a dus tot in el >>irecuperabil;0
3888;a mers foarte bine, aprox 3 incarcari la samsung galaxy s6, insa cu 10 zile inainte de terminarea garantiei, s-a stricat in conditiile in care nu era folosita constant, ci doar in concedii. am primit banii inapoi. ma asteptam sa tina mai mult.;0
3889;"scrie ""acumulator extern samsung fast charging"" dar nu e fast charging... trist";0
3890;foarte prost.. se inchide aleatoriu in timpul incarcarii;0
3891;intr-o zi de stat pe scaun la birou am facut 4000 de pasi!  curea rigida deranjanta.  unica utilizare posibila: sala de sport. il pui si il scoti.;1
3892;experienta neplacuta;0
3893;ramane blocata la 64 %, am golit bateria si imi arata afisajul corect, dar se blocheaza in 64 la suta. o returnez inapoi. cat dai atata face.;0
3894;in specificatii spune ca este 2.5d pe marginii ceea ce nu se intampla. este o folir foarte buna ca material dar nu acopera tot ecranu iar pe margini ramana dezlipita si nu acopera partea indoita a ecranului.;1
3895;s-a rupt dupa cateva luni de folosire;0
3896;castile sunt confortabile si sunetul este bun, dar volumul nu poate fi reglat decat mai incet indiferent de butonul activat (+/-) si dupa mai putin de sase luni de utilizare sporadica si pastrate cu grija, se aude in ele cu intreruperi, fie numai intr-o casca sau deloc. acum sunt in posesia celor de la depanare si ma aflu in asteptarea solutionarii problemei.;2
3897;sau dus dupa 30 si ceva de zile, mere daca esti genul ce tine in cutie si scoate doar cand foloseste.;0
3898;salut.  smartwatchul a cam dat rateuri de cateva ore intregi pana sa pornit pentru incarcarea bateriei ca sa il pot folosi.  deci imbracati-va cu multa rabdare.;0
3899;initial folia s-a lipit initial bine. dupa o saptamana da semne de dezlipire in 2 colturi.;1
3900;"ca experienta generala, partea de ""smart"" este cam slabuta.  pasii nu prea au legatura cu realitatea, uneori cred ca eroarea este si de peste 50%  de asemenea la calitatea somnului nu este deloc precis, am renuntat sa-l mai port noaptea.  pe partea de notificari, merge ok, doar ca uneori schimba culoarea ecranului, daca este setata pe negru. merge doar pentru apeluri si mesaje, nu si pentru alte aplicatii.  singurul aspect pozitiv este bateria, cu bluetooth pornit toata ziua, tine 3 saptamani.  pe partea de ""smart"" am gasit utila alerta de sedentarism, eu lucrez la birou si uneori uit sa mai fac pauza.  in ultima perioada nu prea mai sincronizeaza datele in aplicatia telefonului, dar oricum nu sunt precise, nu prea ma intereseaza.  in concluzie, daca vreti un ceas pentru notificari de apeluri si sms, cu baterie buna, si doar atat, recomand.";0
3901;produsul este bun doar daca ai 3 maini sa iti atasezi telefonul in suport. testat de p20 si note8... cu 2 maini deschizi clema, are un arc foarte tare si cu a treia mana asezi telefonul... eu unul nu sunt multumit de produs... dar pt 13 lei il pastrez pt imagine, nu arata rau de aia dau 2 stele.;0
3902;nu vine cu husa. bateria vine deja incarcata la 95%;0
3903;"am revenit cu detalii, asa cum am promis despre acest acumulator extern;  asadar, nu merita;  concret.... se incarca foarte greu(asa cum am scris si in comentariul anterior, o face in cca 10 ore)si incarca 1 data si jumate samsung s9+.  de pe la 12%, se inchide automat, nu sustine incarcarea pana spre 0.  dezamagit!!!  o returnez.";0
3904;pro. se aude foarte bine, este ergonomic si foarte usor. plus adaptarea pentru bricheta masinii si suportul magnetic de incarcare sunt foarte utile. contra. se descarca foarte repede, tine maxim o ora pe muzica, si se i-si pierde conexiunea cu telefonul cand este in buzunar, nu mai spun de la 2 metri, desi spune la specificatii ca are o raza de actiune de 10 m. poate am nimerit eu unul cu defect.;2
3905;slabute si la sunet si la baterie;0
3906;destul de neplacuta, am crezut ca este un pic mai mare (baza de sustinere care se lipeste, dar si bila cu partea plata), lipiciul dublu adeziv, nu rezista, nu este ce ma asteptam.... in rest este practic, pt acest fapt acord cele doua stelute.  o zi buna tuturor!;1
3907;buna nu stiu pe ce criterii a primit boxa 5 ***** dar e slabut a putin bass tasta de volum e pentru a schimba piesa usb-ul nu functioneaza. doua stele pentru aspect!!;0
3908;"- prea scumpa pentru ce ofera;  - sunet infundat;  - distorsioneaza la volum maxim.";0
3909;am cumparat acea boxa in speranta in care imi voi putea conecta telefonul la ea. are nfc-ul pornit, si telefonul meu la fel, insa prin bluetooth nu mi-o gaseste. prin nfc nu mi se poate conecta desi gasesc dispozitivul. daca imi puteti spune ce as putea sa ii fac as fii recunoscator. multumesc!;0
3910;foarte slab. incarca cam 10% pe ora. ma asteptam la altceva;0
3911;un gunoi, cand incarca cand nu incarca.... si este si extrem de voluminoasa... e buna la pescuit sa bagi un led in ea... atat.;0
3912;aveam asteptari mai mari.     foarte slab pentru iphone x   nu recomand;0
3913;bateria este slaba si incarcatorul abia sta pe magnetii de pe spate.;0
3914;am apucat sa fac 10 poze si sa stricat. oglinda nu este eficace si nu intelegi imaginea;0
3915;inceata, f inceata, merita ddoar pentru citit si browsing;0
3916;pro:  -tine bateria  - arata bine  - pasii sunt reali, comparati cu alte bratari   - aplicatia e usor de folosit  - e confortabil   - rezistent la socuri  - foarte util ca vibreaza cand primesti un mesaj, apel, notificare  dezavantaje:  - e sensibil la caldura ( al meu s-a topit )  - am avut 2 ceasuri, noi. unul tinea bateria o saptana iar altul 3 saptamani ( depinde cum il pici )   - bataile inimii nu sunt precise, iti pot da o data 50 de batai iar peste 10 secunde, 90.;2
3917;salut.  am achizitionat bateria in 06.07.2017.   azi 09.07.2017 am reusit sa o golesc de energie.     rezultate:  - am incarcat un telefon cu o baterie de 3150 map de 2 ori ( 15%-100% ), si o data (0%-100%).   - si de doua ori un telefon cu o baterie de 1560 map ( 20%-100% )  per total in jur de 13000map.    concluzia:    nu merita cumparata.    probabil o returnez si incerc o baterie de 10000, daca imi incarca un telefon de 3150 map de doua ori, sunt multumit.     ideea e sa incarci odata, de doua ori telefonu, ca oricum ajungi la o priza si iti bagi telefonul la incarcat.;0
3918;dupa nici 4 luni de utilizare cu acest cablu de date bateria telefonului nu se mai incarca..;0
3919;dupa 8 ani de plantronics am zis sa incerc si altceva! recunosc, a fost o proasta decizie.  calitatea suntetului lasa de dorit, uneori pe durata apelului bazaie, iar autonomia bateriei tine cam 2 ore. tehnologia noise blackout isi face treaba destul de bine insa atentie, nu are wind canceling, chiar si la un vant usor interlocutorul nu o sa te mai auda.     pro:  - arata bine, pare rezistent  - ramane foarte bine fixat in ureche, este usor si confortabil  - conexiune stabila    contra:  - sunet extrem de slab  - uneori bazaie  - 2 ore de autonomie, si nu 6 cat promite  - lipsa tehnologiei wind canceling    in concluzie, back to plantronics!     ps. emag si-a facut treaba ireprosabil ca de fiecare data.  ps2. emag asteptam versiunea 5200 de la plantronics.;2
3920;cardul l am folosit intr un telefon acer s500, a mers o perioada de timp dupa care brusc s a terminat, bineinteles ca am pierdut tot ce era pe el si nu am pastrat factura si garantia pt ca nu credeam ca voi avea nevoie, dar se pare ca m am ars.  pro:: viteza de transfer;0
3921;se strica repede si bateria tine 1-2 ore in rest sunt ok se incarca in 25-30 min si se aude ok si sunt comode;2
3922;in poza de prezentare apare pe afisaj si data, in realitate nu exista.;0
3923;arata bine, doar ca bluetooth-ul este slab. dupa ce il conectezi o data a doua oara nu il mai gaseste. dar ca si sunet se aude bine la pretul acesta este ok. recomand si nu prea.;2
3924;am primit aceasta tableta joi si duminica nu se mai deschide sa blocat are doar niste dungi.... dezamgita. si acum trebuie sa astept cine site cat sa mio repare.  nu o recomand;0
3925;la inceput e ok, sta bine la mana, incarca bine, dar dupa 3-4 zile- o saptamana, incepe sa cada de la mana deoarece acel butonas din plastic se toceste si nu mai incarca iphone-ul... nu o mai folosesc...;1
3926;e interesant sa il ai dar ai mari probleme. pica de la mana cand nu te astepti. masoara pasi extra ( cam 2000 3000 pasi la 45 km de mers cu masina).  pro:: urmarire pasi  fitness   programe pe web  contra:: cade de la mana  masoara pasi cand mergi cu masina;0
3927;daca il folosesti pentru incarcarea telefonului il incarac de 3 ori mai greu;0
3928;dupa o anumita perioada nu o sa mai incarce aproape deloc. destul de slabuta bateria.;0
3929;tastatura are toate functiile necesare pentru sistemul windows, nu si pt tabletele care functioneaza pe android.  nu este nicio plangere tehnica, din contra, arata bine, se misca bine si chiar este f practica.  din pacate nu a raspuns nevoilor unei tablete pe android (din cauza functiilor limitate pe care le are disponibile) - acesta este motivul pt care rating-ul este atat de jos.;2
3930;- bateria are mult mai putin decat 10000 mah  - niciodata nu furnizeaza 2,4 ah la iesire, asa cum pretinde producatorul. cel mai mult scoate 1 ah (masurat)  - se incarca foarte lent. chiar si cu mai multe alimentatoare de 2 a, nu primeste curent mai mare de 0,5. (masurat) are nevoie de o zi pentru a se incarca total.  - nu este buna pentru telefoane cu incarcare rapida, desi ar trebui, conform specificatiilor tehnice.;0
3931;nu incarca mufa de iphone.;0
3932;am amanat instalarea pt weekend pt ca eram sigura ca va dura. am stat 3 ore continuu, am incercat 3 sim-uri diverse... nu pot introduce apn, nici ip,. nu gasesc nici pe internet ceva. miine incerc iar. daca reusesc ceva o sa actualizez comment-ul;0
3933;dupa 6 luni, boxa nu a mai functionat.;0
3934;arata bine desi e cam greu dar e de inteles.  nu a avut cablu de alimentare. deasemenea a venit doar cu un cablu pt telefon nu si pentru alte dispozitice gen laptop care are usb.  a fost nevoie sa mai cumpar un cablu pt conectare la laptop si un cablu de alimentare.  deasmenea nu il pot conecta la laptop. nu recunoste dispozitivul si nu functioneaza.;1
3935;cumparat de o saptamina acumulatorul, a avut nevoie de 12 ore prima incarcare, a doua incarcare aproape 10 ore.   conectat la un telefon la care bateria avea 50% descarcare, timpul de incarcare 60-90 minute ok.;0
3936;dupa 10 luni de utilizare intr-un s7 a crapat.;0
3937;nu pare a fi un produs original. tine incarcata mai putin decat prima baterie a telefonului.;0
3938;inafara de monitorizarea somnului, nu e bun de nimic. dupa o saptamana de purtare, nu imi mai masoara pulsul, caloriile le calculeaza dupa cati pasi faci, aaa si nici pasii nu ii calculeaza corect. prietenul meu are xiaomi mi1 si e aproape aceeasi chestie, doar ca nu iti dezageste asteptarile. nu va recomand absolut deloc mi2, in schimb recomand mi1!;0
3939;am fost foarte multumit de el pana cand s-a rupt. s-a rupt inainte sa aiba un an de folosire(garantia era pe cutie pe care nu o mai am). l-am folosit doar la drumuri lungi. nu a fost folosit zilnic si cu toate astea partea care tinea telefonul a cedat destul de usor pentru un produs care nu e tocmai ieftin.;1
3940;se aude foarte prost.;0
3941;dupa ce i-am dat knock-out la o persoana am incercat si electrosoc si s-a trezit. nu recomand;0
3942;se lipteste de telefon, e un abtipild care se lipeste pe o parte de suportul magnetic, si pe partea cealalta cand pui telefonul se lipeste, da cand sa il iei, il iei cu tot cu abtipild. trebuie dupa sa dezlipesti abtipildul de pe capacul telefonului.;0
3943;se aude foarte incet. difuzorul unui smartphone normal e mai puternic decat boxa asta. nu recomand.;0
3944;naspa;0
3945;o saptamana a functionat, in special partea pentru casti, a cedat prima.;0
3946;20800 mah sunt de fapt undeva pe la 12500mah. dupa cateva descarcari/incarcari totale ale acumulatoluruli, nu reusesc sa incarc un lg g2 mai mult de 4,5 ori.;0
3947;bateria nu cred ca este originala! pe telefon arata 1420mah nu 1430mah!!! nu tine mai multe de 10 ore... cu datele si 3g oprite... cu 2 sau 3 convorbiri normale.. acum doua zile am cumparat o! hmmm;0
3948;"din pacate mai e mult pina sa atinga calitatea anker. sigur si pretul este altul. din pacate la acest capitol "" acumulatori "" eboda mai are ceva de lucrat. acest eboda pb100 nu incarca in totalitate asa cum era de asteptat la acumulatorii mai ieftini sau mai bine spus chinezisme ieftine, fata de anker care imi incarca intr-un procent uimitor de minim 95 % din capacitatea lui.. apoi mai este o problema,.. se descarca repede si cind sta nefolosita; daca o lasi in sertar 2-3 saptamani nefolosita o gasesti descarcata complet,.. fata de, imi pare rau sa repet iar, anker care dupa 1 luna minim de nefolosire era full, avea 4 leduri aprinse din 4.. recomand, din pacate pentru eboda, la 50-70 ron achizitionarea unui anker de minim 3300 mah,.. firma asta anker m-a uimit cu performanta ei.. pentru eboda sunt bani pierduti din pacate..";0
3949;produsul poate fi bun dar la mine unde este montat in baie nu ma vede mereu sau fiind linga senzor se stinge lumina.;0
3950;daca prima data i-am dat 5 stele datorita infatisarii. revin cu o rectificare nu este de 10000 nici pe departe. am incarcat un samsung a8 2018 de la 10% pana la 100% si a doua oara de la 20% cam la 50-60% si cam atat. asa ca trageti voi concluzia. cred ca nu are mai mult de 5000 pe real. ideea este ca am vrut sa fac retur dar am zgariat carcasa. nu merita banii astia nici daca este redus. multumesc si o zi buna.;0
3951;calitatea microfonului: *  calitatea difuzorului: **  autonoma bateriei: *  ergonomie: *****;2
3952;la inceput parea in ordine, chiar am fost f incantata, incarca repede... era super. acum dupa cateva luni(prin aprilie mai cred ca am luat-o) ii praf, fara motiv, brusc nu mai incarca sau mai bine zis incarca 5%in 10ore. nu recomand;0
3953;– casca este rotunjita frumos la capete, cum ar trebui sa fie orice gadget de acest gen, insa fateta inferioara spate este ascutita la capete, iar aceasta cuprinde exact coltul care iti vine in ureche, respectiv acest colt ascutit te impunge constant in ureche, lucru extrem-extrem de inconfortabil... este vorba de coltul incercuit din poza atasata...  – nu are manual de utilizare. nici on-line nu se gaseste...   – nu are meniu audio. nu auzi cand se conecteaza sau deconecteaza telefonul, nu auzi cand se initiaza un apel, auzi doar cateva bip-uri foarte scurte in anumite cazuri, insa nu stii ce rol au...   – i-am dat doua stele, deoarece in privinta claritatii sunetului si a pretului nu am nimic de comentat, iar cele trei stele pierdute se datoreaza in cea mai mare parte situatiei de la primul paragraf...;1
3954;il am de un an si jumatate si a fost bun pana s-a stricat si nu mai incarca. sa zicem ca am mers cu acest incarcator cuplat la bricheta cred ca adunat vreo 5000 km. cam scump pt cat a tinut. aplicatia zuz nu e nicio branza de ea, arata voltajul bateriei (asta poti face si cu un voltmetru simplu de 25 de lei, macar cu ala mai masori si alte device-uri prin casa), aplicatia mai stie sa memoreze ultimului loc de parcare, parca as fi amnezic sau parchezi masina mort de beat si uiti unde ai lasat-o.. optiune total nefolositoare.  per ansamblu un produs cu caracteristici comerciale si la un pret nejustificat de mare.   cei care cautati un incarcator auto pt telefon, cautati ceva bun (de firma) dar simplu!!;0
3955;nu tine deloc mai mult decat o tinul acumulatorul cel vechi.;0
3956;conexiune proasta daca setezi audio de calitate, se intrerupe si daca duci mana spre ureche - adio semnal!;0
3957;plus:   deviceul incarca repede telefonul.  este micut, materiale de calitate, arata bine.    minus:   pur si simplu nu se incarca cu niciun incarcator, din cele pe care le am si is functionale. am incercat cu unul original htc, incarca 5-10 secunde, apoi se opreste.   am incercat cu unul universal. prima data l-a incarcat complet in aproximativ 16-18 ore, apoi nu a mai vrut sa il incarce deloc.  am incercat cu cel de la masina, nimic.  acum am observat ca se incarca de la laptop(lenovo u310), astept sa vad in cat timp.    nu imi dau seama care ar fi motivul. am avut un powerbank noname cumparat foarte ieftin care primea curent de la absolut orice sursa la care l-am conectat.    daca aveti vreo idee de ce se intampla asta, lasati va rog un comment. poate sunt eu retardat si nu ma prind deloc. pace!;2
3958;a tinut 10 zile bateria bine..... dupa la fel ca cealalta...........;0
3959;este o casca foarte buna. se aude foarte bine. recomand pentru cei care vorbesc mult pe casca.    am revenit cu un comentariu. nu se mai conecteaza la niciun telefon. am incercat pe cel putin 5 telefoane si nu se conecteaza. la cati bani am dat pe ea.....;0
3960;"e ok, singurul minus (absurd din partea samsung) este lipsa cablului si adaptorului pt incarcare. din ce am observat, chargerul incarca rapid si daca il leg cu un cablu de o iesire usb 3.0 la laptop    revin cu o precizare, si 3 stele minus - dupa 3 saptamani de utilizare ma trezesc ca chargerul intra in pauza automat dupa cateva secunde. la inceput sporadic, apoi mai des, iar in final sa ma trezesc ca nu-mi mai pot incarca telefonul cu el. vorbim aici de un note 5. scormonind pe net ( goo. gl/fu6bbl) am aflat ca exista si altii ce au patit acelasi lucru, la mijloc fiind o ""mica"" eroare din partea samsung, intalnita cam pe toate telefoanele lor de top. ca de obicei samsung ofera ceva si distruge altceva, la mine erorile au aparut odata cu patch-urile de securitate pe decembrie si ianuarie. solutii sunt, difera de la telefon la telefon, la mine merge cu activarea permanenta a daydream, am un ecran baltat colorat in permanenta pornit atunci cand se incarca telefonul rapid... sau daca vreau intuneric ii dezactivez fast charge. ar mai exista si varianta de root presupun. solutii normale dealtfel pt un telefon de 30 de milioane!";0
3961;ca si calitate a sunetului este peste tot ce am incercat pana acum (gbl go2, hama, samsung level etc) dar partile bune se incheie aici. a functionat exact cat a tinut garantia, nu mai functioneaza pe bluetooth iar din sd card sau aux sare automat in bluetooth deci iar nu functioneaza. nu recomand. raman la gbl go2.;0
3962;trebuie sa il ti mereu la incarcat. daca nu incarci telefonul imediat dupa ce il scoti de la incarcat, se descarca in geanta;0
3963;functia de citire a pulsului este mai degraba aproximativa, nu poate fi comparata cu o centura de puls.  i-am gasit utilitatea doar in sala, ca sa nu mai car telefonul dupa mine de colo-colo, conectez centura de puls la ceas.    pentru alergare in aer liber nu este foarte util nici macar cu centura de puls atasata, pentru ca nu are gps.;0
3964;azi 6 iulie am primit coletu am schimbat dopurile de cuciuc cu unele mai mici care am primit in pachet la o casca a cazut membrana de la difuzor specific nu am probat castile si sa defectat la 15 ron nu am pretentii;0
3965;"cam dezamagit... ma asteptam sa vina ambalate frumos, intr-o cutie... de fapt acest ""kit"" nu e decat o adunatura de produse, fiecare ambalat in cutie proprie... arata de parca au fost cumparate din dragonul rosu ( mai mult ca sigur)... le-am luat pentru cadou... sper sa fie ok din punct de vedere al calitatii pozelor..";2
3966;cardul s-a blocat in adaptor la prima utilizare si nu mai poate fi extras! deci poate fi utilizat doar in formatul sdcard! dezamagitor!;0
3967;se crapa marginile din plastic ce sustin tableta in cateva zile! nu recomand;1
3968;ca telefon e ok. gps -ul nu indica pozitia corecta a utilizatorului.;0
3969;afiseaza corect data, ora si alertele primite pe telefon.  nu arata corect pulsul si nu monitorizeaza somul. este doar orientativ. daca tragi un pui de somn ziua nici nu il ia in considerare.  nu recomand;0
3970;sunetele inalte exceleaza, ceea ce este obositor si extrem de deranjant. chiar insuportabil asi putea spune.  basul lipseste cu desavarsire.    parca imi chitzaie in urechi doi soareci.  nu recomand.;0
3971;"am primit acest ceas de craciun, acum. nou, sigilat. deci tot ce povestesc acum sunt intamplari out-of-the-box.    un smartwatch interesant si cu destule feature-uri. baterie buna, ui ok si usor de folosit. de ce nota 2/5?     am un huawei p10 lite si mi-a luat undeva de la 3 la 5 ore pentru a reusi pairing-ul cu el. forumurile sunt pline cu probleme legate de pairing-ul cu android 7 (nu doar huawei). si problemele persista de multe luni incoace. garmin nu reuseste sa gaseasca o solutie.    in tot acest proces de pairing (conectat la calculator, deconectat de la caulculator, incarcat pana la maxim, restarturi si factory reseturi, update-uri, etc) am reusit sa ii fac si brick, moment in care mi-a venit sa ma las pagubas. am zis totusi sa mai caut pe internet. si am dat peste un thread unde zicea sa incerc sa tin apasat butonul de pornire timp de 30 de secunde (am gasit variante cu 10, 12, 15 secunde, variante care nu au mers; probabil se aplica la alte modele). am reusit cu aceasta varianta, dupa care am trecut iar la incercarile de pairing. i-am facut pairing din bluetooth intai (direct cu telefonul, desi in manual spune clar ca nu trebuie, ci ca trebuie facut din aplicatia lor, garmin connect). desi mai incercasem solutia asta, deodata am reusit sa il conectez la telefon din aplicatie. pairingul a durat pana a doua zi, cand iar s-a pierdut conexiunea cu telefonul si am stat iar vreo ora-doua sa ii fac pairing. din nou a parut complet random momentul in care s-a hotarat sa accepte conexiunea. deci nu pot sa observ niciun pattern care sa mearga cu siguranta in momentul in care se buseste iar ceva (astept din clipa in clipa momentul).    si colac peste pupaza, gps-ul nu pare sa functioneze... sta in ""waiting for gps"" de vreo 5-10 minute si nu gaseste nimic.     in concluzie, e inadmisibil pentru un produs cu asa un pret sa prezinte atatea probleme, abia scos din cutie. si dupa cum am zis, nu sunt un caz izolat. problemele acestea se prezinta si la produsele lor de top, de 3000+ ron.";0
3972;mi-am comandat-o si mi-a venit prin urgent cargus. totul a fost okay pana am deschis-o, am aprins-o, am dat volumul la maxim si cand vreau sa dau mai incet, ghici ce?? nu mergea, nu se auzea click-ait-ul ala specific unui buton si apasai degeaba, dar oricum o comandasem pentru mama mea, dar pentru ea nu este o problema, isi da volumul la maxim si isi seteaza volumul din tableta, faza cu butonul de - e minora, mai grav era daca nu mergea +-ul, vai, oricum, are un design frumos, se aude binisor iar bass-ul este la fel binisor la pretul de numai 30 ron. isi merita banii pe de oparte, pe de alta parte, nu.;0
3973;nu tine bateria nici doua zile, fara sa fiu conectat la bluetooth.;0
3974;cel putin deocamdata. (daca reusesc sa schimb parerea voi schimba si review-ul.)  touchscreen-ul nu raspunde bine. (in partea de jos a ecranului, mai ales.)  functia cronometru inca nu am gasit-o.   am instalat aplicatia recomandata in descriere. la instalare am dat ignorare la avertismentul antivirusului. am pornit aplicatia, am intrat prin meniul ei, am iesit afara si iarasi m-a avertizat antivirusul. am dezinstalat aplicatia. acum nu imi mai merge e-mailul, nu ma pot conecta. (coincidenta?! ) probabil.   camera desi se anunta de 1.3 mp face poze la rezolutie 240x240. (cu un telefon vechi la camera mai mica aveam poze mai mari.)  meniul de setari are putine optiuni. (dezamagitor de putine.)   deci, t h e, deocamdata, cam slaba parere.   sper sa revin cu vesti mai bune.;0
3975;slabut rau!;0
3976;abia am primit cardul cumparat de la emag si despre performante inca nu am ce zice.  m-a deranjat ca am platit un card de 64 de gb si am primit unul de 58 de gb. am incercat in doua telefoane si l-am si formatat si imi arata aceeasi valoare: card de 64 gb cu 58 gb reali.;0
3977;am achizitionat modelul cu 512 gb. viteza transfer fisiere mici 17 mb/s iar la fisiere mari si arhive 27 mb/s.  astea-s valorile maxime. mentionez ca am copiat de pe ssd pe card. posibil de pe un hdd normal sa se copieze cu viteza mai mica.  cei de la samsung ziceau ca ei garanteaza viteza minima de transfer de 30 mb/s in orice conditii cu pisibilitatea ca aceasta sa atinga chiar 90 mb/s in anumite conditii.... vrajeala de 2 bani.... sunt dezamagit profund.... cumparati-va sandisk extrem de 400 gb mai bine si nu o sa fiti dezamagiti;0
3978;am crezut ca economisesc bani achizitionand acest produs, dar m-am inselat. este foarte foarte fragil, greu potrivit, iar eu nu am reusit sa il fac sa imi sustina telefonul in pozitie verticala (indiferent daca priza a fost facuta pe orizonatala sau verticala). s-a stricat dupa 2 luni, sper sa-l pot returna si sa imi cumpar ceva mai bun,;1
3979;"produsul e impropriu trecut la cele care pot monitoriza curentul. acest model nu poate monitoriza curentul consumat prin el.  in afara de acest ""detaliu"", priza functioneaza ok si se conecteaza (nu fara dificultati...) prin aplicatia dlink.";0
3980;bateria este f. slaba si dupa ce oincarci te tine doar vreo ora!!!! asta cred ca este cel mai mare minus.  altul, mai putin important, este ca nu are mufa de incarcare similara cu cea de la samsung... care cred ca este cea mai des intalnita. asa ca esti limitat la cablul din dotare, care are doar 10 cm.... deci trebuie sa stai cu boxa direct langa priza.    in rest, despre sunet, la banii astia nu poti sa ai pretentii prea mari    overall, o saracie!!!;0
3981;dupa cum se vede si in poza, buretii se desprind, mecanismul s-a stricat. nu recomand...;1
3982;nu are un prospect cu o descriere concreta a functiilor sau al modului de functionare. nu se specifica vreo aplicatie cu care poate functiona. deocamdata nu am avut timp sa sap pe internet ca sa ma lamuresc.;0
3983;castile sunt cat de cat bune, dar au omis sa spuna daca acestea chiar au nevoie de cablul care le conecteaza sau nu. nu zic ca nu mai sunt bune ca au cablul, dar cel mai bine ar fi sa ne anunte, nu sa evite asemenea detalii! despre audio pot sa spun ca e wow ci ok. nu recomand daca vreti casti fara nici un cablu.;0
3984;se aude bine, arata bine, toate bune, mi-a crapat un difuzor dupa nici 5 luni fara sa fi abuzat vreodata boxa in niciun fel. modelul asta are o problema cunoscuta, cautati pe youtube interminabilele comentarii pe tema asta. nu vorbim de boxe contrafacute. never ever jbl;2
3985;"l-am cumparat pentru a il oferi cadou si noroc ca l-am incercat. la mesaje mereu apare ""momentan indisponibil"", iar la notificari ma pune sa refac conexiunea la bluetooth. dupa mai multe incercari am zis ca inseamna ca nu e ok, deci il voi returna. ca aspect arata super, se aude foarte bine, dar degeaba daca are nefunctionalitati.";2
3986;am cumparat aceste lentile si am avut surpriza ca doar una dintre cele trei sa poata fi folosita. wideangle-ul se vede ok, insa fisheye si macro nu focalizeaza nimic. se vede in ceata prin ele. am incercat sa le folosesc pe diferite telefoane si tablete. nicio sansa de imbunatatire.;0
3987;nu se aude foarte bine dc in jur este zgomot. trebuie sa ai liniste deplina sa auzi perfect.;0
3988;se misca foarte incet chiar si la un simplu search pe google, se tasteaza foarte greu. de asemenea mi se pare ca se vede cam neclar, sters. o sa ii dau retur.;0
3989;doar ca dupe cateva utilizari nu mai functioneaza aplicatia... il arata offline.  pot sa sun pe ceas si sa sune de pe el, dar restul de functii nu mai merg:(;0
3990;am achizitionat aceasta tableta tentat de pret si de specificatii.  din pacate vine cu android 4.4.4 si nu exista update-uri pentru ea. ma asteptam sa fie macar android 5.0 dar nici macar.   mai trist este faptul ca versiunea de us are update la android 7.0;0
3991;cablu de conectare la telefon nu are...;0
3992;nu recomand    daca doriti cu adevarat sa va bucurati de ochelari vr achizitionati ceva care sa contina si buton de selectia.     in plus, oricat l-ai calibra se pot vedea marginile ecranului.;0
3993;adaptorul se poate folosi doar pentru a reincarca telefonul cu in cablu micro usb, stick-urile de memorie nj functioneaza, chiar daca telefonul are functia otg.;0
3994;am achizitionat 2 cabluri si 1 s-a stricat in prima saptamana, pur si simplu nu mai incarca.;0
3995;bateria arata bine, dar cam atat. tine mai putin decat cea originala care vine dupa 2 ani jumate de folosire.;2
3996;probabil il voi returna chiar daca este mic si compact;0
3997;am avut aceasta boxe si am returnat-o. bateria slaba, sunet slab! myria e 1 milion dar isi merita fiecare banut! sunet bun si bateria e de calitate;0
3998;prea scumpa pentru ce ofera.  mecanismul de inchidere al curelei este de proasta calitate si se rupe usor.;1
3999;nu o luati! este o minciuna grosolana cum ca bateria tine intre 5 si 10 ore. tine 1-2 ore cel mult!!! nu mai dati date false clientilor. eu am fost prostit cu asta. in rest se aude chiar bine pentru cat costa si cat de mare este.;0
